[0.090s] colcon DEBUG Command line arguments: ['/usr/bin/colcon', 'build', '--symlink-install']
[0.090s] colcon DEBUG Parsed command line arguments: Namespace(log_base=None, log_level=None, verb_name='build', build_base='build', install_base='install', merge_install=False, symlink_install=True, test_result_base=None, continue_on_error=False, executor='parallel', parallel_workers=16, event_handlers=None, ignore_user_meta=False, metas=['./colcon.meta'], base_paths=['.'], packages_ignore=None, packages_ignore_regex=None, paths=None, packages_up_to=None, packages_up_to_regex=None, packages_above=None, packages_above_and_dependencies=None, packages_above_depth=None, packages_select_by_dep=None, packages_skip_by_dep=None, packages_skip_up_to=None, packages_select_build_failed=False, packages_skip_build_finished=False, packages_select_test_failures=False, packages_skip_test_passed=False, packages_select=None, packages_skip=None, packages_select_regex=None, packages_skip_regex=None, packages_start=None, packages_end=None, allow_overriding=[], cmake_args=None, cmake_target=None, cmake_target_skip_unavailable=False, cmake_clean_cache=False, cmake_clean_first=False, cmake_force_configure=False, ament_cmake_args=None, catkin_cmake_args=None, catkin_skip_building_tests=False, mixin_files=None, mixin=None, verb_parser=<colcon_mixin.mixin.mixin_argument.MixinArgumentDecorator object at 0x726b63e531f0>, verb_extension=<colcon_core.verb.build.BuildVerb object at 0x726b63e52c80>, main=<bound method BuildVerb.main of <colcon_core.verb.build.BuildVerb object at 0x726b63e52c80>>, mixin_verb=('build',))
[0.226s] colcon.colcon_core.package_discovery Level 1 discover_packages(colcon_meta) check parameters
[0.226s] colcon.colcon_core.package_discovery Level 1 discover_packages(recursive) check parameters
[0.226s] colcon.colcon_core.package_discovery Level 1 discover_packages(ignore) check parameters
[0.226s] colcon.colcon_core.package_discovery Level 1 discover_packages(path) check parameters
[0.226s] colcon.colcon_core.package_discovery Level 1 discover_packages(colcon_meta) discover
[0.226s] colcon.colcon_core.package_discovery Level 1 discover_packages(recursive) discover
[0.226s] colcon.colcon_core.package_discovery INFO Crawling recursively for packages in '/home/jsmoon/yax_jeju'
[0.227s] colcon.colcon_core.package_identification Level 1 _identify(.) by extensions ['ignore', 'ignore_ament_install']
[0.227s] colcon.colcon_core.package_identification Level 1 _identify(.) by extension 'ignore'
[0.227s] colcon.colcon_core.package_identification Level 1 _identify(.) by extension 'ignore_ament_install'
[0.227s] colcon.colcon_core.package_identification Level 1 _identify(.) by extensions ['colcon_pkg']
[0.227s] colcon.colcon_core.package_identification Level 1 _identify(.) by extension 'colcon_pkg'
[0.227s] colcon.colcon_core.package_identification Level 1 _identify(.) by extensions ['colcon_meta']
[0.227s] colcon.colcon_core.package_identification Level 1 _identify(.) by extension 'colcon_meta'
[0.227s] colcon.colcon_core.package_identification Level 1 _identify(.) by extensions ['ros']
[0.227s] colcon.colcon_core.package_identification Level 1 _identify(.) by extension 'ros'
[0.244s] colcon.colcon_core.package_identification Level 1 _identify(.) by extensions ['cmake', 'python']
[0.244s] colcon.colcon_core.package_identification Level 1 _identify(.) by extension 'cmake'
[0.244s] colcon.colcon_core.package_identification Level 1 _identify(.) by extension 'python'
[0.244s] colcon.colcon_core.package_identification Level 1 _identify(.) by extensions ['python_setup_py']
[0.244s] colcon.colcon_core.package_identification Level 1 _identify(.) by extension 'python_setup_py'
[0.245s] colcon.colcon_core.package_identification Level 1 _identify(build) by extensions ['ignore', 'ignore_ament_install']
[0.245s] colcon.colcon_core.package_identification Level 1 _identify(build) by extension 'ignore'
[0.245s] colcon.colcon_core.package_identification Level 1 _identify(build) ignored
[0.245s] colcon.colcon_core.package_identification Level 1 _identify(install) by extensions ['ignore', 'ignore_ament_install']
[0.245s] colcon.colcon_core.package_identification Level 1 _identify(install) by extension 'ignore'
[0.245s] colcon.colcon_core.package_identification Level 1 _identify(install) ignored
[0.245s] colcon.colcon_core.package_identification Level 1 _identify(log) by extensions ['ignore', 'ignore_ament_install']
[0.245s] colcon.colcon_core.package_identification Level 1 _identify(log) by extension 'ignore'
[0.245s] colcon.colcon_core.package_identification Level 1 _identify(log) ignored
[0.245s] colcon.colcon_core.package_identification Level 1 _identify(src) by extensions ['ignore', 'ignore_ament_install']
[0.245s] colcon.colcon_core.package_identification Level 1 _identify(src) by extension 'ignore'
[0.246s] colcon.colcon_core.package_identification Level 1 _identify(src) by extension 'ignore_ament_install'
[0.246s] colcon.colcon_core.package_identification Level 1 _identify(src) by extensions ['colcon_pkg']
[0.246s] colcon.colcon_core.package_identification Level 1 _identify(src) by extension 'colcon_pkg'
[0.246s] colcon.colcon_core.package_identification Level 1 _identify(src) by extensions ['colcon_meta']
[0.246s] colcon.colcon_core.package_identification Level 1 _identify(src) by extension 'colcon_meta'
[0.246s] colcon.colcon_core.package_identification Level 1 _identify(src) by extensions ['ros']
[0.246s] colcon.colcon_core.package_identification Level 1 _identify(src) by extension 'ros'
[0.246s] colcon.colcon_core.package_identification Level 1 _identify(src) by extensions ['cmake', 'python']
[0.246s] colcon.colcon_core.package_identification Level 1 _identify(src) by extension 'cmake'
[0.246s] colcon.colcon_core.package_identification Level 1 _identify(src) by extension 'python'
[0.246s] colcon.colcon_core.package_identification Level 1 _identify(src) by extensions ['python_setup_py']
[0.246s] colcon.colcon_core.package_identification Level 1 _identify(src) by extension 'python_setup_py'
[0.246s] colcon.colcon_core.package_identification Level 1 _identify(src/RTK_GPS_NTRIP) by extensions ['ignore', 'ignore_ament_install']
[0.246s] colcon.colcon_core.package_identification Level 1 _identify(src/RTK_GPS_NTRIP) by extension 'ignore'
[0.246s] colcon.colcon_core.package_identification Level 1 _identify(src/RTK_GPS_NTRIP) by extension 'ignore_ament_install'
[0.246s] colcon.colcon_core.package_identification Level 1 _identify(src/RTK_GPS_NTRIP) by extensions ['colcon_pkg']
[0.246s] colcon.colcon_core.package_identification Level 1 _identify(src/RTK_GPS_NTRIP) by extension 'colcon_pkg'
[0.246s] colcon.colcon_core.package_identification Level 1 _identify(src/RTK_GPS_NTRIP) by extensions ['colcon_meta']
[0.246s] colcon.colcon_core.package_identification Level 1 _identify(src/RTK_GPS_NTRIP) by extension 'colcon_meta'
[0.246s] colcon.colcon_core.package_identification Level 1 _identify(src/RTK_GPS_NTRIP) by extensions ['ros']
[0.246s] colcon.colcon_core.package_identification Level 1 _identify(src/RTK_GPS_NTRIP) by extension 'ros'
[0.246s] colcon.colcon_core.package_identification Level 1 _identify(src/RTK_GPS_NTRIP) by extensions ['cmake', 'python']
[0.246s] colcon.colcon_core.package_identification Level 1 _identify(src/RTK_GPS_NTRIP) by extension 'cmake'
[0.246s] colcon.colcon_core.package_identification Level 1 _identify(src/RTK_GPS_NTRIP) by extension 'python'
[0.246s] colcon.colcon_core.package_identification Level 1 _identify(src/RTK_GPS_NTRIP) by extensions ['python_setup_py']
[0.246s] colcon.colcon_core.package_identification Level 1 _identify(src/RTK_GPS_NTRIP) by extension 'python_setup_py'
[0.246s] colcon.colcon_core.package_identification Level 1 _identify(src/RTK_GPS_NTRIP/fix2nmea) by extensions ['ignore', 'ignore_ament_install']
[0.246s] colcon.colcon_core.package_identification Level 1 _identify(src/RTK_GPS_NTRIP/fix2nmea) by extension 'ignore'
[0.246s] colcon.colcon_core.package_identification Level 1 _identify(src/RTK_GPS_NTRIP/fix2nmea) by extension 'ignore_ament_install'
[0.246s] colcon.colcon_core.package_identification Level 1 _identify(src/RTK_GPS_NTRIP/fix2nmea) by extensions ['colcon_pkg']
[0.246s] colcon.colcon_core.package_identification Level 1 _identify(src/RTK_GPS_NTRIP/fix2nmea) by extension 'colcon_pkg'
[0.246s] colcon.colcon_core.package_identification Level 1 _identify(src/RTK_GPS_NTRIP/fix2nmea) by extensions ['colcon_meta']
[0.246s] colcon.colcon_core.package_identification Level 1 _identify(src/RTK_GPS_NTRIP/fix2nmea) by extension 'colcon_meta'
[0.246s] colcon.colcon_core.package_identification Level 1 _identify(src/RTK_GPS_NTRIP/fix2nmea) by extensions ['ros']
[0.246s] colcon.colcon_core.package_identification Level 1 _identify(src/RTK_GPS_NTRIP/fix2nmea) by extension 'ros'
[0.250s] colcon.colcon_core.package_identification DEBUG Package 'src/RTK_GPS_NTRIP/fix2nmea' with type 'ros.ament_cmake' and name 'fix2nmea'
[0.250s] colcon.colcon_core.package_identification Level 1 _identify(src/RTK_GPS_NTRIP/ntrip_client) by extensions ['ignore', 'ignore_ament_install']
[0.250s] colcon.colcon_core.package_identification Level 1 _identify(src/RTK_GPS_NTRIP/ntrip_client) by extension 'ignore'
[0.250s] colcon.colcon_core.package_identification Level 1 _identify(src/RTK_GPS_NTRIP/ntrip_client) by extension 'ignore_ament_install'
[0.250s] colcon.colcon_core.package_identification Level 1 _identify(src/RTK_GPS_NTRIP/ntrip_client) by extensions ['colcon_pkg']
[0.250s] colcon.colcon_core.package_identification Level 1 _identify(src/RTK_GPS_NTRIP/ntrip_client) by extension 'colcon_pkg'
[0.250s] colcon.colcon_core.package_identification Level 1 _identify(src/RTK_GPS_NTRIP/ntrip_client) by extensions ['colcon_meta']
[0.250s] colcon.colcon_core.package_identification Level 1 _identify(src/RTK_GPS_NTRIP/ntrip_client) by extension 'colcon_meta'
[0.250s] colcon.colcon_core.package_identification Level 1 _identify(src/RTK_GPS_NTRIP/ntrip_client) by extensions ['ros']
[0.250s] colcon.colcon_core.package_identification Level 1 _identify(src/RTK_GPS_NTRIP/ntrip_client) by extension 'ros'
[0.250s] colcon.colcon_core.package_identification DEBUG Package 'src/RTK_GPS_NTRIP/ntrip_client' with type 'ros.ament_python' and name 'ntrip_client'
[0.251s] colcon.colcon_core.package_identification Level 1 _identify(src/RTK_GPS_NTRIP/rtcm_msgs) by extensions ['ignore', 'ignore_ament_install']
[0.251s] colcon.colcon_core.package_identification Level 1 _identify(src/RTK_GPS_NTRIP/rtcm_msgs) by extension 'ignore'
[0.251s] colcon.colcon_core.package_identification Level 1 _identify(src/RTK_GPS_NTRIP/rtcm_msgs) by extension 'ignore_ament_install'
[0.251s] colcon.colcon_core.package_identification Level 1 _identify(src/RTK_GPS_NTRIP/rtcm_msgs) by extensions ['colcon_pkg']
[0.251s] colcon.colcon_core.package_identification Level 1 _identify(src/RTK_GPS_NTRIP/rtcm_msgs) by extension 'colcon_pkg'
[0.251s] colcon.colcon_core.package_identification Level 1 _identify(src/RTK_GPS_NTRIP/rtcm_msgs) by extensions ['colcon_meta']
[0.251s] colcon.colcon_core.package_identification Level 1 _identify(src/RTK_GPS_NTRIP/rtcm_msgs) by extension 'colcon_meta'
[0.251s] colcon.colcon_core.package_identification Level 1 _identify(src/RTK_GPS_NTRIP/rtcm_msgs) by extensions ['ros']
[0.251s] colcon.colcon_core.package_identification Level 1 _identify(src/RTK_GPS_NTRIP/rtcm_msgs) by extension 'ros'
[0.254s] colcon.colcon_core.package_identification DEBUG Package 'src/RTK_GPS_NTRIP/rtcm_msgs' with type 'ros.ament_cmake' and name 'rtcm_msgs'
[0.254s] colcon.colcon_core.package_identification Level 1 _identify(src/RTK_GPS_NTRIP/ublox) by extensions ['ignore', 'ignore_ament_install']
[0.254s] colcon.colcon_core.package_identification Level 1 _identify(src/RTK_GPS_NTRIP/ublox) by extension 'ignore'
[0.254s] colcon.colcon_core.package_identification Level 1 _identify(src/RTK_GPS_NTRIP/ublox) by extension 'ignore_ament_install'
[0.254s] colcon.colcon_core.package_identification Level 1 _identify(src/RTK_GPS_NTRIP/ublox) by extensions ['colcon_pkg']
[0.255s] colcon.colcon_core.package_identification Level 1 _identify(src/RTK_GPS_NTRIP/ublox) by extension 'colcon_pkg'
[0.255s] colcon.colcon_core.package_identification Level 1 _identify(src/RTK_GPS_NTRIP/ublox) by extensions ['colcon_meta']
[0.255s] colcon.colcon_core.package_identification Level 1 _identify(src/RTK_GPS_NTRIP/ublox) by extension 'colcon_meta'
[0.255s] colcon.colcon_core.package_identification Level 1 _identify(src/RTK_GPS_NTRIP/ublox) by extensions ['ros']
[0.255s] colcon.colcon_core.package_identification Level 1 _identify(src/RTK_GPS_NTRIP/ublox) by extension 'ros'
[0.255s] colcon.colcon_core.package_identification DEBUG Package 'src/RTK_GPS_NTRIP/ublox' with type 'ros.ament_cmake' and name 'ublox'
[0.255s] colcon.colcon_core.package_identification Level 1 _identify(src/RTK_GPS_NTRIP/ublox_gps) by extensions ['ignore', 'ignore_ament_install']
[0.255s] colcon.colcon_core.package_identification Level 1 _identify(src/RTK_GPS_NTRIP/ublox_gps) by extension 'ignore'
[0.255s] colcon.colcon_core.package_identification Level 1 _identify(src/RTK_GPS_NTRIP/ublox_gps) by extension 'ignore_ament_install'
[0.255s] colcon.colcon_core.package_identification Level 1 _identify(src/RTK_GPS_NTRIP/ublox_gps) by extensions ['colcon_pkg']
[0.255s] colcon.colcon_core.package_identification Level 1 _identify(src/RTK_GPS_NTRIP/ublox_gps) by extension 'colcon_pkg'
[0.255s] colcon.colcon_core.package_identification Level 1 _identify(src/RTK_GPS_NTRIP/ublox_gps) by extensions ['colcon_meta']
[0.255s] colcon.colcon_core.package_identification Level 1 _identify(src/RTK_GPS_NTRIP/ublox_gps) by extension 'colcon_meta'
[0.255s] colcon.colcon_core.package_identification Level 1 _identify(src/RTK_GPS_NTRIP/ublox_gps) by extensions ['ros']
[0.255s] colcon.colcon_core.package_identification Level 1 _identify(src/RTK_GPS_NTRIP/ublox_gps) by extension 'ros'
[0.256s] colcon.colcon_core.package_identification DEBUG Package 'src/RTK_GPS_NTRIP/ublox_gps' with type 'ros.ament_cmake' and name 'ublox_gps'
[0.256s] colcon.colcon_core.package_identification Level 1 _identify(src/RTK_GPS_NTRIP/ublox_msgs) by extensions ['ignore', 'ignore_ament_install']
[0.256s] colcon.colcon_core.package_identification Level 1 _identify(src/RTK_GPS_NTRIP/ublox_msgs) by extension 'ignore'
[0.256s] colcon.colcon_core.package_identification Level 1 _identify(src/RTK_GPS_NTRIP/ublox_msgs) by extension 'ignore_ament_install'
[0.256s] colcon.colcon_core.package_identification Level 1 _identify(src/RTK_GPS_NTRIP/ublox_msgs) by extensions ['colcon_pkg']
[0.256s] colcon.colcon_core.package_identification Level 1 _identify(src/RTK_GPS_NTRIP/ublox_msgs) by extension 'colcon_pkg'
[0.256s] colcon.colcon_core.package_identification Level 1 _identify(src/RTK_GPS_NTRIP/ublox_msgs) by extensions ['colcon_meta']
[0.256s] colcon.colcon_core.package_identification Level 1 _identify(src/RTK_GPS_NTRIP/ublox_msgs) by extension 'colcon_meta'
[0.256s] colcon.colcon_core.package_identification Level 1 _identify(src/RTK_GPS_NTRIP/ublox_msgs) by extensions ['ros']
[0.256s] colcon.colcon_core.package_identification Level 1 _identify(src/RTK_GPS_NTRIP/ublox_msgs) by extension 'ros'
[0.257s] colcon.colcon_core.package_identification DEBUG Package 'src/RTK_GPS_NTRIP/ublox_msgs' with type 'ros.ament_cmake' and name 'ublox_msgs'
[0.257s] colcon.colcon_core.package_identification Level 1 _identify(src/RTK_GPS_NTRIP/ublox_serialization) by extensions ['ignore', 'ignore_ament_install']
[0.257s] colcon.colcon_core.package_identification Level 1 _identify(src/RTK_GPS_NTRIP/ublox_serialization) by extension 'ignore'
[0.257s] colcon.colcon_core.package_identification Level 1 _identify(src/RTK_GPS_NTRIP/ublox_serialization) by extension 'ignore_ament_install'
[0.257s] colcon.colcon_core.package_identification Level 1 _identify(src/RTK_GPS_NTRIP/ublox_serialization) by extensions ['colcon_pkg']
[0.257s] colcon.colcon_core.package_identification Level 1 _identify(src/RTK_GPS_NTRIP/ublox_serialization) by extension 'colcon_pkg'
[0.257s] colcon.colcon_core.package_identification Level 1 _identify(src/RTK_GPS_NTRIP/ublox_serialization) by extensions ['colcon_meta']
[0.257s] colcon.colcon_core.package_identification Level 1 _identify(src/RTK_GPS_NTRIP/ublox_serialization) by extension 'colcon_meta'
[0.257s] colcon.colcon_core.package_identification Level 1 _identify(src/RTK_GPS_NTRIP/ublox_serialization) by extensions ['ros']
[0.257s] colcon.colcon_core.package_identification Level 1 _identify(src/RTK_GPS_NTRIP/ublox_serialization) by extension 'ros'
[0.257s] colcon.colcon_core.package_identification DEBUG Package 'src/RTK_GPS_NTRIP/ublox_serialization' with type 'ros.ament_cmake' and name 'ublox_serialization'
[0.257s] colcon.colcon_core.package_identification Level 1 _identify(src/UTM_conversion) by extensions ['ignore', 'ignore_ament_install']
[0.257s] colcon.colcon_core.package_identification Level 1 _identify(src/UTM_conversion) by extension 'ignore'
[0.257s] colcon.colcon_core.package_identification Level 1 _identify(src/UTM_conversion) by extension 'ignore_ament_install'
[0.257s] colcon.colcon_core.package_identification Level 1 _identify(src/UTM_conversion) by extensions ['colcon_pkg']
[0.257s] colcon.colcon_core.package_identification Level 1 _identify(src/UTM_conversion) by extension 'colcon_pkg'
[0.257s] colcon.colcon_core.package_identification Level 1 _identify(src/UTM_conversion) by extensions ['colcon_meta']
[0.257s] colcon.colcon_core.package_identification Level 1 _identify(src/UTM_conversion) by extension 'colcon_meta'
[0.257s] colcon.colcon_core.package_identification Level 1 _identify(src/UTM_conversion) by extensions ['ros']
[0.257s] colcon.colcon_core.package_identification Level 1 _identify(src/UTM_conversion) by extension 'ros'
[0.257s] colcon.colcon_core.package_identification Level 1 _identify(src/UTM_conversion) by extensions ['cmake', 'python']
[0.257s] colcon.colcon_core.package_identification Level 1 _identify(src/UTM_conversion) by extension 'cmake'
[0.258s] colcon.colcon_core.package_identification Level 1 _identify(src/UTM_conversion) by extension 'python'
[0.258s] colcon.colcon_core.package_identification Level 1 _identify(src/UTM_conversion) by extensions ['python_setup_py']
[0.258s] colcon.colcon_core.package_identification Level 1 _identify(src/UTM_conversion) by extension 'python_setup_py'
[0.258s] colcon.colcon_core.package_identification Level 1 _identify(src/UTM_conversion/src) by extensions ['ignore', 'ignore_ament_install']
[0.258s] colcon.colcon_core.package_identification Level 1 _identify(src/UTM_conversion/src) by extension 'ignore'
[0.258s] colcon.colcon_core.package_identification Level 1 _identify(src/UTM_conversion/src) by extension 'ignore_ament_install'
[0.258s] colcon.colcon_core.package_identification Level 1 _identify(src/UTM_conversion/src) by extensions ['colcon_pkg']
[0.258s] colcon.colcon_core.package_identification Level 1 _identify(src/UTM_conversion/src) by extension 'colcon_pkg'
[0.258s] colcon.colcon_core.package_identification Level 1 _identify(src/UTM_conversion/src) by extensions ['colcon_meta']
[0.258s] colcon.colcon_core.package_identification Level 1 _identify(src/UTM_conversion/src) by extension 'colcon_meta'
[0.258s] colcon.colcon_core.package_identification Level 1 _identify(src/UTM_conversion/src) by extensions ['ros']
[0.258s] colcon.colcon_core.package_identification Level 1 _identify(src/UTM_conversion/src) by extension 'ros'
[0.258s] colcon.colcon_core.package_identification Level 1 _identify(src/UTM_conversion/src) by extensions ['cmake', 'python']
[0.258s] colcon.colcon_core.package_identification Level 1 _identify(src/UTM_conversion/src) by extension 'cmake'
[0.258s] colcon.colcon_core.package_identification Level 1 _identify(src/UTM_conversion/src) by extension 'python'
[0.258s] colcon.colcon_core.package_identification Level 1 _identify(src/UTM_conversion/src) by extensions ['python_setup_py']
[0.258s] colcon.colcon_core.package_identification Level 1 _identify(src/UTM_conversion/src) by extension 'python_setup_py'
[0.258s] colcon.colcon_core.package_identification Level 1 _identify(src/UTM_conversion/src/latlong_utm) by extensions ['ignore', 'ignore_ament_install']
[0.258s] colcon.colcon_core.package_identification Level 1 _identify(src/UTM_conversion/src/latlong_utm) by extension 'ignore'
[0.258s] colcon.colcon_core.package_identification Level 1 _identify(src/UTM_conversion/src/latlong_utm) by extension 'ignore_ament_install'
[0.258s] colcon.colcon_core.package_identification Level 1 _identify(src/UTM_conversion/src/latlong_utm) by extensions ['colcon_pkg']
[0.258s] colcon.colcon_core.package_identification Level 1 _identify(src/UTM_conversion/src/latlong_utm) by extension 'colcon_pkg'
[0.258s] colcon.colcon_core.package_identification Level 1 _identify(src/UTM_conversion/src/latlong_utm) by extensions ['colcon_meta']
[0.258s] colcon.colcon_core.package_identification Level 1 _identify(src/UTM_conversion/src/latlong_utm) by extension 'colcon_meta'
[0.258s] colcon.colcon_core.package_identification Level 1 _identify(src/UTM_conversion/src/latlong_utm) by extensions ['ros']
[0.258s] colcon.colcon_core.package_identification Level 1 _identify(src/UTM_conversion/src/latlong_utm) by extension 'ros'
[0.258s] colcon.colcon_core.package_identification DEBUG Package 'src/UTM_conversion/src/latlong_utm' with type 'ros.ament_python' and name 'latlong_utm'
[0.258s] colcon.colcon_core.package_identification Level 1 _identify(src/build) by extensions ['ignore', 'ignore_ament_install']
[0.259s] colcon.colcon_core.package_identification Level 1 _identify(src/build) by extension 'ignore'
[0.259s] colcon.colcon_core.package_identification Level 1 _identify(src/build) ignored
[0.259s] colcon.colcon_core.package_identification Level 1 _identify(src/camera_perception_pkg) by extensions ['ignore', 'ignore_ament_install']
[0.259s] colcon.colcon_core.package_identification Level 1 _identify(src/camera_perception_pkg) by extension 'ignore'
[0.259s] colcon.colcon_core.package_identification Level 1 _identify(src/camera_perception_pkg) by extension 'ignore_ament_install'
[0.259s] colcon.colcon_core.package_identification Level 1 _identify(src/camera_perception_pkg) by extensions ['colcon_pkg']
[0.259s] colcon.colcon_core.package_identification Level 1 _identify(src/camera_perception_pkg) by extension 'colcon_pkg'
[0.259s] colcon.colcon_core.package_identification Level 1 _identify(src/camera_perception_pkg) by extensions ['colcon_meta']
[0.259s] colcon.colcon_core.package_identification Level 1 _identify(src/camera_perception_pkg) by extension 'colcon_meta'
[0.259s] colcon.colcon_core.package_identification Level 1 _identify(src/camera_perception_pkg) by extensions ['ros']
[0.259s] colcon.colcon_core.package_identification Level 1 _identify(src/camera_perception_pkg) by extension 'ros'
[0.259s] colcon.colcon_core.package_identification DEBUG Package 'src/camera_perception_pkg' with type 'ros.ament_python' and name 'camera_perception_pkg'
[0.259s] colcon.colcon_core.package_identification Level 1 _identify(src/control) by extensions ['ignore', 'ignore_ament_install']
[0.259s] colcon.colcon_core.package_identification Level 1 _identify(src/control) by extension 'ignore'
[0.259s] colcon.colcon_core.package_identification Level 1 _identify(src/control) by extension 'ignore_ament_install'
[0.259s] colcon.colcon_core.package_identification Level 1 _identify(src/control) by extensions ['colcon_pkg']
[0.259s] colcon.colcon_core.package_identification Level 1 _identify(src/control) by extension 'colcon_pkg'
[0.259s] colcon.colcon_core.package_identification Level 1 _identify(src/control) by extensions ['colcon_meta']
[0.259s] colcon.colcon_core.package_identification Level 1 _identify(src/control) by extension 'colcon_meta'
[0.259s] colcon.colcon_core.package_identification Level 1 _identify(src/control) by extensions ['ros']
[0.259s] colcon.colcon_core.package_identification Level 1 _identify(src/control) by extension 'ros'
[0.260s] colcon.colcon_core.package_identification Level 1 _identify(src/control) by extensions ['cmake', 'python']
[0.260s] colcon.colcon_core.package_identification Level 1 _identify(src/control) by extension 'cmake'
[0.260s] colcon.colcon_core.package_identification Level 1 _identify(src/control) by extension 'python'
[0.260s] colcon.colcon_core.package_identification Level 1 _identify(src/control) by extensions ['python_setup_py']
[0.260s] colcon.colcon_core.package_identification Level 1 _identify(src/control) by extension 'python_setup_py'
[0.260s] colcon.colcon_core.package_identification Level 1 _identify(src/control/check_variable_resistor) by extensions ['ignore', 'ignore_ament_install']
[0.260s] colcon.colcon_core.package_identification Level 1 _identify(src/control/check_variable_resistor) by extension 'ignore'
[0.260s] colcon.colcon_core.package_identification Level 1 _identify(src/control/check_variable_resistor) by extension 'ignore_ament_install'
[0.260s] colcon.colcon_core.package_identification Level 1 _identify(src/control/check_variable_resistor) by extensions ['colcon_pkg']
[0.260s] colcon.colcon_core.package_identification Level 1 _identify(src/control/check_variable_resistor) by extension 'colcon_pkg'
[0.260s] colcon.colcon_core.package_identification Level 1 _identify(src/control/check_variable_resistor) by extensions ['colcon_meta']
[0.260s] colcon.colcon_core.package_identification Level 1 _identify(src/control/check_variable_resistor) by extension 'colcon_meta'
[0.260s] colcon.colcon_core.package_identification Level 1 _identify(src/control/check_variable_resistor) by extensions ['ros']
[0.260s] colcon.colcon_core.package_identification Level 1 _identify(src/control/check_variable_resistor) by extension 'ros'
[0.260s] colcon.colcon_core.package_identification Level 1 _identify(src/control/check_variable_resistor) by extensions ['cmake', 'python']
[0.260s] colcon.colcon_core.package_identification Level 1 _identify(src/control/check_variable_resistor) by extension 'cmake'
[0.260s] colcon.colcon_core.package_identification Level 1 _identify(src/control/check_variable_resistor) by extension 'python'
[0.260s] colcon.colcon_core.package_identification Level 1 _identify(src/control/check_variable_resistor) by extensions ['python_setup_py']
[0.260s] colcon.colcon_core.package_identification Level 1 _identify(src/control/check_variable_resistor) by extension 'python_setup_py'
[0.260s] colcon.colcon_core.package_identification Level 1 _identify(src/control/driving) by extensions ['ignore', 'ignore_ament_install']
[0.260s] colcon.colcon_core.package_identification Level 1 _identify(src/control/driving) by extension 'ignore'
[0.260s] colcon.colcon_core.package_identification Level 1 _identify(src/control/driving) by extension 'ignore_ament_install'
[0.260s] colcon.colcon_core.package_identification Level 1 _identify(src/control/driving) by extensions ['colcon_pkg']
[0.260s] colcon.colcon_core.package_identification Level 1 _identify(src/control/driving) by extension 'colcon_pkg'
[0.260s] colcon.colcon_core.package_identification Level 1 _identify(src/control/driving) by extensions ['colcon_meta']
[0.260s] colcon.colcon_core.package_identification Level 1 _identify(src/control/driving) by extension 'colcon_meta'
[0.260s] colcon.colcon_core.package_identification Level 1 _identify(src/control/driving) by extensions ['ros']
[0.260s] colcon.colcon_core.package_identification Level 1 _identify(src/control/driving) by extension 'ros'
[0.260s] colcon.colcon_core.package_identification Level 1 _identify(src/control/driving) by extensions ['cmake', 'python']
[0.260s] colcon.colcon_core.package_identification Level 1 _identify(src/control/driving) by extension 'cmake'
[0.260s] colcon.colcon_core.package_identification Level 1 _identify(src/control/driving) by extension 'python'
[0.260s] colcon.colcon_core.package_identification Level 1 _identify(src/control/driving) by extensions ['python_setup_py']
[0.260s] colcon.colcon_core.package_identification Level 1 _identify(src/control/driving) by extension 'python_setup_py'
[0.260s] colcon.colcon_core.package_identification Level 1 _identify(src/control/motor_test) by extensions ['ignore', 'ignore_ament_install']
[0.260s] colcon.colcon_core.package_identification Level 1 _identify(src/control/motor_test) by extension 'ignore'
[0.260s] colcon.colcon_core.package_identification Level 1 _identify(src/control/motor_test) by extension 'ignore_ament_install'
[0.260s] colcon.colcon_core.package_identification Level 1 _identify(src/control/motor_test) by extensions ['colcon_pkg']
[0.260s] colcon.colcon_core.package_identification Level 1 _identify(src/control/motor_test) by extension 'colcon_pkg'
[0.260s] colcon.colcon_core.package_identification Level 1 _identify(src/control/motor_test) by extensions ['colcon_meta']
[0.260s] colcon.colcon_core.package_identification Level 1 _identify(src/control/motor_test) by extension 'colcon_meta'
[0.260s] colcon.colcon_core.package_identification Level 1 _identify(src/control/motor_test) by extensions ['ros']
[0.260s] colcon.colcon_core.package_identification Level 1 _identify(src/control/motor_test) by extension 'ros'
[0.260s] colcon.colcon_core.package_identification Level 1 _identify(src/control/motor_test) by extensions ['cmake', 'python']
[0.260s] colcon.colcon_core.package_identification Level 1 _identify(src/control/motor_test) by extension 'cmake'
[0.260s] colcon.colcon_core.package_identification Level 1 _identify(src/control/motor_test) by extension 'python'
[0.261s] colcon.colcon_core.package_identification Level 1 _identify(src/control/motor_test) by extensions ['python_setup_py']
[0.261s] colcon.colcon_core.package_identification Level 1 _identify(src/control/motor_test) by extension 'python_setup_py'
[0.261s] colcon.colcon_core.package_identification Level 1 _identify(src/control/ultrasonic) by extensions ['ignore', 'ignore_ament_install']
[0.261s] colcon.colcon_core.package_identification Level 1 _identify(src/control/ultrasonic) by extension 'ignore'
[0.261s] colcon.colcon_core.package_identification Level 1 _identify(src/control/ultrasonic) by extension 'ignore_ament_install'
[0.261s] colcon.colcon_core.package_identification Level 1 _identify(src/control/ultrasonic) by extensions ['colcon_pkg']
[0.261s] colcon.colcon_core.package_identification Level 1 _identify(src/control/ultrasonic) by extension 'colcon_pkg'
[0.261s] colcon.colcon_core.package_identification Level 1 _identify(src/control/ultrasonic) by extensions ['colcon_meta']
[0.261s] colcon.colcon_core.package_identification Level 1 _identify(src/control/ultrasonic) by extension 'colcon_meta'
[0.261s] colcon.colcon_core.package_identification Level 1 _identify(src/control/ultrasonic) by extensions ['ros']
[0.261s] colcon.colcon_core.package_identification Level 1 _identify(src/control/ultrasonic) by extension 'ros'
[0.261s] colcon.colcon_core.package_identification Level 1 _identify(src/control/ultrasonic) by extensions ['cmake', 'python']
[0.261s] colcon.colcon_core.package_identification Level 1 _identify(src/control/ultrasonic) by extension 'cmake'
[0.261s] colcon.colcon_core.package_identification Level 1 _identify(src/control/ultrasonic) by extension 'python'
[0.261s] colcon.colcon_core.package_identification Level 1 _identify(src/control/ultrasonic) by extensions ['python_setup_py']
[0.261s] colcon.colcon_core.package_identification Level 1 _identify(src/control/ultrasonic) by extension 'python_setup_py'
[0.261s] colcon.colcon_core.package_identification Level 1 _identify(src/data_collection) by extensions ['ignore', 'ignore_ament_install']
[0.261s] colcon.colcon_core.package_identification Level 1 _identify(src/data_collection) by extension 'ignore'
[0.261s] colcon.colcon_core.package_identification Level 1 _identify(src/data_collection) by extension 'ignore_ament_install'
[0.261s] colcon.colcon_core.package_identification Level 1 _identify(src/data_collection) by extensions ['colcon_pkg']
[0.261s] colcon.colcon_core.package_identification Level 1 _identify(src/data_collection) by extension 'colcon_pkg'
[0.261s] colcon.colcon_core.package_identification Level 1 _identify(src/data_collection) by extensions ['colcon_meta']
[0.261s] colcon.colcon_core.package_identification Level 1 _identify(src/data_collection) by extension 'colcon_meta'
[0.261s] colcon.colcon_core.package_identification Level 1 _identify(src/data_collection) by extensions ['ros']
[0.261s] colcon.colcon_core.package_identification Level 1 _identify(src/data_collection) by extension 'ros'
[0.261s] colcon.colcon_core.package_identification Level 1 _identify(src/data_collection) by extensions ['cmake', 'python']
[0.261s] colcon.colcon_core.package_identification Level 1 _identify(src/data_collection) by extension 'cmake'
[0.261s] colcon.colcon_core.package_identification Level 1 _identify(src/data_collection) by extension 'python'
[0.261s] colcon.colcon_core.package_identification Level 1 _identify(src/data_collection) by extensions ['python_setup_py']
[0.261s] colcon.colcon_core.package_identification Level 1 _identify(src/data_collection) by extension 'python_setup_py'
[0.261s] colcon.colcon_core.package_identification Level 1 _identify(src/debug_pkg) by extensions ['ignore', 'ignore_ament_install']
[0.261s] colcon.colcon_core.package_identification Level 1 _identify(src/debug_pkg) by extension 'ignore'
[0.261s] colcon.colcon_core.package_identification Level 1 _identify(src/debug_pkg) by extension 'ignore_ament_install'
[0.261s] colcon.colcon_core.package_identification Level 1 _identify(src/debug_pkg) by extensions ['colcon_pkg']
[0.261s] colcon.colcon_core.package_identification Level 1 _identify(src/debug_pkg) by extension 'colcon_pkg'
[0.261s] colcon.colcon_core.package_identification Level 1 _identify(src/debug_pkg) by extensions ['colcon_meta']
[0.261s] colcon.colcon_core.package_identification Level 1 _identify(src/debug_pkg) by extension 'colcon_meta'
[0.261s] colcon.colcon_core.package_identification Level 1 _identify(src/debug_pkg) by extensions ['ros']
[0.261s] colcon.colcon_core.package_identification Level 1 _identify(src/debug_pkg) by extension 'ros'
[0.262s] colcon.colcon_core.package_identification DEBUG Package 'src/debug_pkg' with type 'ros.ament_python' and name 'debug_pkg'
[0.262s] colcon.colcon_core.package_identification Level 1 _identify(src/decision_making_pkg) by extensions ['ignore', 'ignore_ament_install']
[0.262s] colcon.colcon_core.package_identification Level 1 _identify(src/decision_making_pkg) by extension 'ignore'
[0.262s] colcon.colcon_core.package_identification Level 1 _identify(src/decision_making_pkg) by extension 'ignore_ament_install'
[0.262s] colcon.colcon_core.package_identification Level 1 _identify(src/decision_making_pkg) by extensions ['colcon_pkg']
[0.262s] colcon.colcon_core.package_identification Level 1 _identify(src/decision_making_pkg) by extension 'colcon_pkg'
[0.262s] colcon.colcon_core.package_identification Level 1 _identify(src/decision_making_pkg) by extensions ['colcon_meta']
[0.262s] colcon.colcon_core.package_identification Level 1 _identify(src/decision_making_pkg) by extension 'colcon_meta'
[0.262s] colcon.colcon_core.package_identification Level 1 _identify(src/decision_making_pkg) by extensions ['ros']
[0.262s] colcon.colcon_core.package_identification Level 1 _identify(src/decision_making_pkg) by extension 'ros'
[0.262s] colcon.colcon_core.package_identification DEBUG Package 'src/decision_making_pkg' with type 'ros.ament_python' and name 'decision_making_pkg'
[0.262s] colcon.colcon_core.package_identification Level 1 _identify(src/install) by extensions ['ignore', 'ignore_ament_install']
[0.262s] colcon.colcon_core.package_identification Level 1 _identify(src/install) by extension 'ignore'
[0.262s] colcon.colcon_core.package_identification Level 1 _identify(src/install) ignored
[0.262s] colcon.colcon_core.package_identification Level 1 _identify(src/interfaces_pkg) by extensions ['ignore', 'ignore_ament_install']
[0.262s] colcon.colcon_core.package_identification Level 1 _identify(src/interfaces_pkg) by extension 'ignore'
[0.262s] colcon.colcon_core.package_identification Level 1 _identify(src/interfaces_pkg) by extension 'ignore_ament_install'
[0.263s] colcon.colcon_core.package_identification Level 1 _identify(src/interfaces_pkg) by extensions ['colcon_pkg']
[0.263s] colcon.colcon_core.package_identification Level 1 _identify(src/interfaces_pkg) by extension 'colcon_pkg'
[0.263s] colcon.colcon_core.package_identification Level 1 _identify(src/interfaces_pkg) by extensions ['colcon_meta']
[0.263s] colcon.colcon_core.package_identification Level 1 _identify(src/interfaces_pkg) by extension 'colcon_meta'
[0.263s] colcon.colcon_core.package_identification Level 1 _identify(src/interfaces_pkg) by extensions ['ros']
[0.263s] colcon.colcon_core.package_identification Level 1 _identify(src/interfaces_pkg) by extension 'ros'
[0.263s] colcon.colcon_core.package_identification DEBUG Package 'src/interfaces_pkg' with type 'ros.ament_cmake' and name 'interfaces_pkg'
[0.263s] colcon.colcon_core.package_identification Level 1 _identify(src/launch_pkg) by extensions ['ignore', 'ignore_ament_install']
[0.263s] colcon.colcon_core.package_identification Level 1 _identify(src/launch_pkg) by extension 'ignore'
[0.263s] colcon.colcon_core.package_identification Level 1 _identify(src/launch_pkg) by extension 'ignore_ament_install'
[0.263s] colcon.colcon_core.package_identification Level 1 _identify(src/launch_pkg) by extensions ['colcon_pkg']
[0.263s] colcon.colcon_core.package_identification Level 1 _identify(src/launch_pkg) by extension 'colcon_pkg'
[0.263s] colcon.colcon_core.package_identification Level 1 _identify(src/launch_pkg) by extensions ['colcon_meta']
[0.263s] colcon.colcon_core.package_identification Level 1 _identify(src/launch_pkg) by extension 'colcon_meta'
[0.263s] colcon.colcon_core.package_identification Level 1 _identify(src/launch_pkg) by extensions ['ros']
[0.263s] colcon.colcon_core.package_identification Level 1 _identify(src/launch_pkg) by extension 'ros'
[0.264s] colcon.colcon_core.package_identification DEBUG Package 'src/launch_pkg' with type 'ros.ament_cmake' and name 'launch_pkg'
[0.264s] colcon.colcon_core.package_identification Level 1 _identify(src/lidar_perception_pkg) by extensions ['ignore', 'ignore_ament_install']
[0.264s] colcon.colcon_core.package_identification Level 1 _identify(src/lidar_perception_pkg) by extension 'ignore'
[0.264s] colcon.colcon_core.package_identification Level 1 _identify(src/lidar_perception_pkg) by extension 'ignore_ament_install'
[0.264s] colcon.colcon_core.package_identification Level 1 _identify(src/lidar_perception_pkg) by extensions ['colcon_pkg']
[0.264s] colcon.colcon_core.package_identification Level 1 _identify(src/lidar_perception_pkg) by extension 'colcon_pkg'
[0.264s] colcon.colcon_core.package_identification Level 1 _identify(src/lidar_perception_pkg) by extensions ['colcon_meta']
[0.264s] colcon.colcon_core.package_identification Level 1 _identify(src/lidar_perception_pkg) by extension 'colcon_meta'
[0.264s] colcon.colcon_core.package_identification Level 1 _identify(src/lidar_perception_pkg) by extensions ['ros']
[0.264s] colcon.colcon_core.package_identification Level 1 _identify(src/lidar_perception_pkg) by extension 'ros'
[0.264s] colcon.colcon_core.package_identification DEBUG Package 'src/lidar_perception_pkg' with type 'ros.ament_python' and name 'lidar_perception_pkg'
[0.264s] colcon.colcon_core.package_identification Level 1 _identify(src/log) by extensions ['ignore', 'ignore_ament_install']
[0.264s] colcon.colcon_core.package_identification Level 1 _identify(src/log) by extension 'ignore'
[0.264s] colcon.colcon_core.package_identification Level 1 _identify(src/log) ignored
[0.264s] colcon.colcon_core.package_identification Level 1 _identify(src/my_custom_pkg) by extensions ['ignore', 'ignore_ament_install']
[0.264s] colcon.colcon_core.package_identification Level 1 _identify(src/my_custom_pkg) by extension 'ignore'
[0.264s] colcon.colcon_core.package_identification Level 1 _identify(src/my_custom_pkg) by extension 'ignore_ament_install'
[0.264s] colcon.colcon_core.package_identification Level 1 _identify(src/my_custom_pkg) by extensions ['colcon_pkg']
[0.264s] colcon.colcon_core.package_identification Level 1 _identify(src/my_custom_pkg) by extension 'colcon_pkg'
[0.264s] colcon.colcon_core.package_identification Level 1 _identify(src/my_custom_pkg) by extensions ['colcon_meta']
[0.264s] colcon.colcon_core.package_identification Level 1 _identify(src/my_custom_pkg) by extension 'colcon_meta'
[0.264s] colcon.colcon_core.package_identification Level 1 _identify(src/my_custom_pkg) by extensions ['ros']
[0.264s] colcon.colcon_core.package_identification Level 1 _identify(src/my_custom_pkg) by extension 'ros'
[0.265s] colcon.colcon_core.package_identification DEBUG Package 'src/my_custom_pkg' with type 'ros.ament_python' and name 'my_custom_pkg'
[0.265s] colcon.colcon_core.package_identification Level 1 _identify(src/serial_communication_pkg) by extensions ['ignore', 'ignore_ament_install']
[0.265s] colcon.colcon_core.package_identification Level 1 _identify(src/serial_communication_pkg) by extension 'ignore'
[0.265s] colcon.colcon_core.package_identification Level 1 _identify(src/serial_communication_pkg) by extension 'ignore_ament_install'
[0.265s] colcon.colcon_core.package_identification Level 1 _identify(src/serial_communication_pkg) by extensions ['colcon_pkg']
[0.265s] colcon.colcon_core.package_identification Level 1 _identify(src/serial_communication_pkg) by extension 'colcon_pkg'
[0.265s] colcon.colcon_core.package_identification Level 1 _identify(src/serial_communication_pkg) by extensions ['colcon_meta']
[0.265s] colcon.colcon_core.package_identification Level 1 _identify(src/serial_communication_pkg) by extension 'colcon_meta'
[0.265s] colcon.colcon_core.package_identification Level 1 _identify(src/serial_communication_pkg) by extensions ['ros']
[0.265s] colcon.colcon_core.package_identification Level 1 _identify(src/serial_communication_pkg) by extension 'ros'
[0.266s] colcon.colcon_core.package_identification DEBUG Package 'src/serial_communication_pkg' with type 'ros.ament_python' and name 'serial_communication_pkg'
[0.266s] colcon.colcon_core.package_identification Level 1 _identify(src/ydlidar_ros2_driver) by extensions ['ignore', 'ignore_ament_install']
[0.266s] colcon.colcon_core.package_identification Level 1 _identify(src/ydlidar_ros2_driver) by extension 'ignore'
[0.266s] colcon.colcon_core.package_identification Level 1 _identify(src/ydlidar_ros2_driver) by extension 'ignore_ament_install'
[0.266s] colcon.colcon_core.package_identification Level 1 _identify(src/ydlidar_ros2_driver) by extensions ['colcon_pkg']
[0.266s] colcon.colcon_core.package_identification Level 1 _identify(src/ydlidar_ros2_driver) by extension 'colcon_pkg'
[0.266s] colcon.colcon_core.package_identification Level 1 _identify(src/ydlidar_ros2_driver) by extensions ['colcon_meta']
[0.266s] colcon.colcon_core.package_identification Level 1 _identify(src/ydlidar_ros2_driver) by extension 'colcon_meta'
[0.266s] colcon.colcon_core.package_identification Level 1 _identify(src/ydlidar_ros2_driver) by extensions ['ros']
[0.266s] colcon.colcon_core.package_identification Level 1 _identify(src/ydlidar_ros2_driver) by extension 'ros'
[0.266s] colcon.colcon_core.package_identification DEBUG Package 'src/ydlidar_ros2_driver' with type 'ros.ament_cmake' and name 'ydlidar_ros2_driver'
[0.266s] colcon.colcon_core.package_discovery Level 1 discover_packages(recursive) using defaults
[0.266s] colcon.colcon_core.package_discovery Level 1 discover_packages(ignore) discover
[0.266s] colcon.colcon_core.package_discovery Level 1 discover_packages(ignore) using defaults
[0.266s] colcon.colcon_core.package_discovery Level 1 discover_packages(path) discover
[0.266s] colcon.colcon_core.package_discovery Level 1 discover_packages(path) using defaults
[0.279s] colcon.colcon_core.package_discovery Level 1 discover_packages(prefix_path) check parameters
[0.279s] colcon.colcon_core.package_discovery Level 1 discover_packages(prefix_path) discover
[0.281s] colcon.colcon_installed_package_information.package_discovery DEBUG Found 17 installed packages in /home/jsmoon/yax_jeju/install
[0.281s] colcon.colcon_installed_package_information.package_discovery DEBUG Found 1 installed packages in /home/jsmoon/ydlidar_ws/install
[0.282s] colcon.colcon_installed_package_information.package_discovery DEBUG Found 275 installed packages in /opt/ros/humble
[0.283s] colcon.colcon_core.package_discovery Level 1 discover_packages(prefix_path) using defaults
[0.305s] colcon.colcon_core.verb Level 5 set package 'camera_perception_pkg' build argument 'cmake_args' from command line to 'None'
[0.305s] colcon.colcon_core.verb Level 5 set package 'camera_perception_pkg' build argument 'cmake_target' from command line to 'None'
[0.305s] colcon.colcon_core.verb Level 5 set package 'camera_perception_pkg' build argument 'cmake_target_skip_unavailable' from command line to 'False'
[0.305s] colcon.colcon_core.verb Level 5 set package 'camera_perception_pkg' build argument 'cmake_clean_cache' from command line to 'False'
[0.305s] colcon.colcon_core.verb Level 5 set package 'camera_perception_pkg' build argument 'cmake_clean_first' from command line to 'False'
[0.305s] colcon.colcon_core.verb Level 5 set package 'camera_perception_pkg' build argument 'cmake_force_configure' from command line to 'False'
[0.305s] colcon.colcon_core.verb Level 5 set package 'camera_perception_pkg' build argument 'ament_cmake_args' from command line to 'None'
[0.305s] colcon.colcon_core.verb Level 5 set package 'camera_perception_pkg' build argument 'catkin_cmake_args' from command line to 'None'
[0.305s] colcon.colcon_core.verb Level 5 set package 'camera_perception_pkg' build argument 'catkin_skip_building_tests' from command line to 'False'
[0.305s] colcon.colcon_core.verb DEBUG Building package 'camera_perception_pkg' with the following arguments: {'ament_cmake_args': None, 'build_base': '/home/jsmoon/yax_jeju/build/camera_perception_pkg', 'catkin_cmake_args': None, 'catkin_skip_building_tests': False, 'cmake_args': None, 'cmake_clean_cache': False, 'cmake_clean_first': False, 'cmake_force_configure': False, 'cmake_target': None, 'cmake_target_skip_unavailable': False, 'install_base': '/home/jsmoon/yax_jeju/install/camera_perception_pkg', 'merge_install': False, 'path': '/home/jsmoon/yax_jeju/src/camera_perception_pkg', 'symlink_install': True, 'test_result_base': None}
[0.305s] colcon.colcon_core.verb Level 5 set package 'debug_pkg' build argument 'cmake_args' from command line to 'None'
[0.305s] colcon.colcon_core.verb Level 5 set package 'debug_pkg' build argument 'cmake_target' from command line to 'None'
[0.306s] colcon.colcon_core.verb Level 5 set package 'debug_pkg' build argument 'cmake_target_skip_unavailable' from command line to 'False'
[0.306s] colcon.colcon_core.verb Level 5 set package 'debug_pkg' build argument 'cmake_clean_cache' from command line to 'False'
[0.306s] colcon.colcon_core.verb Level 5 set package 'debug_pkg' build argument 'cmake_clean_first' from command line to 'False'
[0.306s] colcon.colcon_core.verb Level 5 set package 'debug_pkg' build argument 'cmake_force_configure' from command line to 'False'
[0.306s] colcon.colcon_core.verb Level 5 set package 'debug_pkg' build argument 'ament_cmake_args' from command line to 'None'
[0.306s] colcon.colcon_core.verb Level 5 set package 'debug_pkg' build argument 'catkin_cmake_args' from command line to 'None'
[0.306s] colcon.colcon_core.verb Level 5 set package 'debug_pkg' build argument 'catkin_skip_building_tests' from command line to 'False'
[0.306s] colcon.colcon_core.verb DEBUG Building package 'debug_pkg' with the following arguments: {'ament_cmake_args': None, 'build_base': '/home/jsmoon/yax_jeju/build/debug_pkg', 'catkin_cmake_args': None, 'catkin_skip_building_tests': False, 'cmake_args': None, 'cmake_clean_cache': False, 'cmake_clean_first': False, 'cmake_force_configure': False, 'cmake_target': None, 'cmake_target_skip_unavailable': False, 'install_base': '/home/jsmoon/yax_jeju/install/debug_pkg', 'merge_install': False, 'path': '/home/jsmoon/yax_jeju/src/debug_pkg', 'symlink_install': True, 'test_result_base': None}
[0.306s] colcon.colcon_core.verb Level 5 set package 'decision_making_pkg' build argument 'cmake_args' from command line to 'None'
[0.306s] colcon.colcon_core.verb Level 5 set package 'decision_making_pkg' build argument 'cmake_target' from command line to 'None'
[0.306s] colcon.colcon_core.verb Level 5 set package 'decision_making_pkg' build argument 'cmake_target_skip_unavailable' from command line to 'False'
[0.306s] colcon.colcon_core.verb Level 5 set package 'decision_making_pkg' build argument 'cmake_clean_cache' from command line to 'False'
[0.306s] colcon.colcon_core.verb Level 5 set package 'decision_making_pkg' build argument 'cmake_clean_first' from command line to 'False'
[0.306s] colcon.colcon_core.verb Level 5 set package 'decision_making_pkg' build argument 'cmake_force_configure' from command line to 'False'
[0.306s] colcon.colcon_core.verb Level 5 set package 'decision_making_pkg' build argument 'ament_cmake_args' from command line to 'None'
[0.306s] colcon.colcon_core.verb Level 5 set package 'decision_making_pkg' build argument 'catkin_cmake_args' from command line to 'None'
[0.306s] colcon.colcon_core.verb Level 5 set package 'decision_making_pkg' build argument 'catkin_skip_building_tests' from command line to 'False'
[0.306s] colcon.colcon_core.verb DEBUG Building package 'decision_making_pkg' with the following arguments: {'ament_cmake_args': None, 'build_base': '/home/jsmoon/yax_jeju/build/decision_making_pkg', 'catkin_cmake_args': None, 'catkin_skip_building_tests': False, 'cmake_args': None, 'cmake_clean_cache': False, 'cmake_clean_first': False, 'cmake_force_configure': False, 'cmake_target': None, 'cmake_target_skip_unavailable': False, 'install_base': '/home/jsmoon/yax_jeju/install/decision_making_pkg', 'merge_install': False, 'path': '/home/jsmoon/yax_jeju/src/decision_making_pkg', 'symlink_install': True, 'test_result_base': None}
[0.306s] colcon.colcon_core.verb Level 5 set package 'interfaces_pkg' build argument 'cmake_args' from command line to 'None'
[0.306s] colcon.colcon_core.verb Level 5 set package 'interfaces_pkg' build argument 'cmake_target' from command line to 'None'
[0.306s] colcon.colcon_core.verb Level 5 set package 'interfaces_pkg' build argument 'cmake_target_skip_unavailable' from command line to 'False'
[0.306s] colcon.colcon_core.verb Level 5 set package 'interfaces_pkg' build argument 'cmake_clean_cache' from command line to 'False'
[0.306s] colcon.colcon_core.verb Level 5 set package 'interfaces_pkg' build argument 'cmake_clean_first' from command line to 'False'
[0.306s] colcon.colcon_core.verb Level 5 set package 'interfaces_pkg' build argument 'cmake_force_configure' from command line to 'False'
[0.306s] colcon.colcon_core.verb Level 5 set package 'interfaces_pkg' build argument 'ament_cmake_args' from command line to 'None'
[0.306s] colcon.colcon_core.verb Level 5 set package 'interfaces_pkg' build argument 'catkin_cmake_args' from command line to 'None'
[0.306s] colcon.colcon_core.verb Level 5 set package 'interfaces_pkg' build argument 'catkin_skip_building_tests' from command line to 'False'
[0.306s] colcon.colcon_core.verb DEBUG Building package 'interfaces_pkg' with the following arguments: {'ament_cmake_args': None, 'build_base': '/home/jsmoon/yax_jeju/build/interfaces_pkg', 'catkin_cmake_args': None, 'catkin_skip_building_tests': False, 'cmake_args': None, 'cmake_clean_cache': False, 'cmake_clean_first': False, 'cmake_force_configure': False, 'cmake_target': None, 'cmake_target_skip_unavailable': False, 'install_base': '/home/jsmoon/yax_jeju/install/interfaces_pkg', 'merge_install': False, 'path': '/home/jsmoon/yax_jeju/src/interfaces_pkg', 'symlink_install': True, 'test_result_base': None}
[0.306s] colcon.colcon_core.verb Level 5 set package 'latlong_utm' build argument 'cmake_args' from command line to 'None'
[0.306s] colcon.colcon_core.verb Level 5 set package 'latlong_utm' build argument 'cmake_target' from command line to 'None'
[0.306s] colcon.colcon_core.verb Level 5 set package 'latlong_utm' build argument 'cmake_target_skip_unavailable' from command line to 'False'
[0.306s] colcon.colcon_core.verb Level 5 set package 'latlong_utm' build argument 'cmake_clean_cache' from command line to 'False'
[0.306s] colcon.colcon_core.verb Level 5 set package 'latlong_utm' build argument 'cmake_clean_first' from command line to 'False'
[0.306s] colcon.colcon_core.verb Level 5 set package 'latlong_utm' build argument 'cmake_force_configure' from command line to 'False'
[0.306s] colcon.colcon_core.verb Level 5 set package 'latlong_utm' build argument 'ament_cmake_args' from command line to 'None'
[0.306s] colcon.colcon_core.verb Level 5 set package 'latlong_utm' build argument 'catkin_cmake_args' from command line to 'None'
[0.306s] colcon.colcon_core.verb Level 5 set package 'latlong_utm' build argument 'catkin_skip_building_tests' from command line to 'False'
[0.307s] colcon.colcon_core.verb DEBUG Building package 'latlong_utm' with the following arguments: {'ament_cmake_args': None, 'build_base': '/home/jsmoon/yax_jeju/build/latlong_utm', 'catkin_cmake_args': None, 'catkin_skip_building_tests': False, 'cmake_args': None, 'cmake_clean_cache': False, 'cmake_clean_first': False, 'cmake_force_configure': False, 'cmake_target': None, 'cmake_target_skip_unavailable': False, 'install_base': '/home/jsmoon/yax_jeju/install/latlong_utm', 'merge_install': False, 'path': '/home/jsmoon/yax_jeju/src/UTM_conversion/src/latlong_utm', 'symlink_install': True, 'test_result_base': None}
[0.307s] colcon.colcon_core.verb Level 5 set package 'lidar_perception_pkg' build argument 'cmake_args' from command line to 'None'
[0.307s] colcon.colcon_core.verb Level 5 set package 'lidar_perception_pkg' build argument 'cmake_target' from command line to 'None'
[0.307s] colcon.colcon_core.verb Level 5 set package 'lidar_perception_pkg' build argument 'cmake_target_skip_unavailable' from command line to 'False'
[0.307s] colcon.colcon_core.verb Level 5 set package 'lidar_perception_pkg' build argument 'cmake_clean_cache' from command line to 'False'
[0.307s] colcon.colcon_core.verb Level 5 set package 'lidar_perception_pkg' build argument 'cmake_clean_first' from command line to 'False'
[0.307s] colcon.colcon_core.verb Level 5 set package 'lidar_perception_pkg' build argument 'cmake_force_configure' from command line to 'False'
[0.307s] colcon.colcon_core.verb Level 5 set package 'lidar_perception_pkg' build argument 'ament_cmake_args' from command line to 'None'
[0.307s] colcon.colcon_core.verb Level 5 set package 'lidar_perception_pkg' build argument 'catkin_cmake_args' from command line to 'None'
[0.307s] colcon.colcon_core.verb Level 5 set package 'lidar_perception_pkg' build argument 'catkin_skip_building_tests' from command line to 'False'
[0.307s] colcon.colcon_core.verb DEBUG Building package 'lidar_perception_pkg' with the following arguments: {'ament_cmake_args': None, 'build_base': '/home/jsmoon/yax_jeju/build/lidar_perception_pkg', 'catkin_cmake_args': None, 'catkin_skip_building_tests': False, 'cmake_args': None, 'cmake_clean_cache': False, 'cmake_clean_first': False, 'cmake_force_configure': False, 'cmake_target': None, 'cmake_target_skip_unavailable': False, 'install_base': '/home/jsmoon/yax_jeju/install/lidar_perception_pkg', 'merge_install': False, 'path': '/home/jsmoon/yax_jeju/src/lidar_perception_pkg', 'symlink_install': True, 'test_result_base': None}
[0.307s] colcon.colcon_core.verb Level 5 set package 'ntrip_client' build argument 'cmake_args' from command line to 'None'
[0.307s] colcon.colcon_core.verb Level 5 set package 'ntrip_client' build argument 'cmake_target' from command line to 'None'
[0.307s] colcon.colcon_core.verb Level 5 set package 'ntrip_client' build argument 'cmake_target_skip_unavailable' from command line to 'False'
[0.307s] colcon.colcon_core.verb Level 5 set package 'ntrip_client' build argument 'cmake_clean_cache' from command line to 'False'
[0.307s] colcon.colcon_core.verb Level 5 set package 'ntrip_client' build argument 'cmake_clean_first' from command line to 'False'
[0.307s] colcon.colcon_core.verb Level 5 set package 'ntrip_client' build argument 'cmake_force_configure' from command line to 'False'
[0.307s] colcon.colcon_core.verb Level 5 set package 'ntrip_client' build argument 'ament_cmake_args' from command line to 'None'
[0.307s] colcon.colcon_core.verb Level 5 set package 'ntrip_client' build argument 'catkin_cmake_args' from command line to 'None'
[0.307s] colcon.colcon_core.verb Level 5 set package 'ntrip_client' build argument 'catkin_skip_building_tests' from command line to 'False'
[0.307s] colcon.colcon_core.verb DEBUG Building package 'ntrip_client' with the following arguments: {'ament_cmake_args': None, 'build_base': '/home/jsmoon/yax_jeju/build/ntrip_client', 'catkin_cmake_args': None, 'catkin_skip_building_tests': False, 'cmake_args': None, 'cmake_clean_cache': False, 'cmake_clean_first': False, 'cmake_force_configure': False, 'cmake_target': None, 'cmake_target_skip_unavailable': False, 'install_base': '/home/jsmoon/yax_jeju/install/ntrip_client', 'merge_install': False, 'path': '/home/jsmoon/yax_jeju/src/RTK_GPS_NTRIP/ntrip_client', 'symlink_install': True, 'test_result_base': None}
[0.307s] colcon.colcon_core.verb Level 5 set package 'rtcm_msgs' build argument 'cmake_args' from command line to 'None'
[0.307s] colcon.colcon_core.verb Level 5 set package 'rtcm_msgs' build argument 'cmake_target' from command line to 'None'
[0.307s] colcon.colcon_core.verb Level 5 set package 'rtcm_msgs' build argument 'cmake_target_skip_unavailable' from command line to 'False'
[0.307s] colcon.colcon_core.verb Level 5 set package 'rtcm_msgs' build argument 'cmake_clean_cache' from command line to 'False'
[0.307s] colcon.colcon_core.verb Level 5 set package 'rtcm_msgs' build argument 'cmake_clean_first' from command line to 'False'
[0.307s] colcon.colcon_core.verb Level 5 set package 'rtcm_msgs' build argument 'cmake_force_configure' from command line to 'False'
[0.307s] colcon.colcon_core.verb Level 5 set package 'rtcm_msgs' build argument 'ament_cmake_args' from command line to 'None'
[0.307s] colcon.colcon_core.verb Level 5 set package 'rtcm_msgs' build argument 'catkin_cmake_args' from command line to 'None'
[0.307s] colcon.colcon_core.verb Level 5 set package 'rtcm_msgs' build argument 'catkin_skip_building_tests' from command line to 'False'
[0.307s] colcon.colcon_core.verb DEBUG Building package 'rtcm_msgs' with the following arguments: {'ament_cmake_args': None, 'build_base': '/home/jsmoon/yax_jeju/build/rtcm_msgs', 'catkin_cmake_args': None, 'catkin_skip_building_tests': False, 'cmake_args': None, 'cmake_clean_cache': False, 'cmake_clean_first': False, 'cmake_force_configure': False, 'cmake_target': None, 'cmake_target_skip_unavailable': False, 'install_base': '/home/jsmoon/yax_jeju/install/rtcm_msgs', 'merge_install': False, 'path': '/home/jsmoon/yax_jeju/src/RTK_GPS_NTRIP/rtcm_msgs', 'symlink_install': True, 'test_result_base': None}
[0.307s] colcon.colcon_core.verb Level 5 set package 'serial_communication_pkg' build argument 'cmake_args' from command line to 'None'
[0.308s] colcon.colcon_core.verb Level 5 set package 'serial_communication_pkg' build argument 'cmake_target' from command line to 'None'
[0.308s] colcon.colcon_core.verb Level 5 set package 'serial_communication_pkg' build argument 'cmake_target_skip_unavailable' from command line to 'False'
[0.308s] colcon.colcon_core.verb Level 5 set package 'serial_communication_pkg' build argument 'cmake_clean_cache' from command line to 'False'
[0.308s] colcon.colcon_core.verb Level 5 set package 'serial_communication_pkg' build argument 'cmake_clean_first' from command line to 'False'
[0.308s] colcon.colcon_core.verb Level 5 set package 'serial_communication_pkg' build argument 'cmake_force_configure' from command line to 'False'
[0.308s] colcon.colcon_core.verb Level 5 set package 'serial_communication_pkg' build argument 'ament_cmake_args' from command line to 'None'
[0.308s] colcon.colcon_core.verb Level 5 set package 'serial_communication_pkg' build argument 'catkin_cmake_args' from command line to 'None'
[0.308s] colcon.colcon_core.verb Level 5 set package 'serial_communication_pkg' build argument 'catkin_skip_building_tests' from command line to 'False'
[0.308s] colcon.colcon_core.verb DEBUG Building package 'serial_communication_pkg' with the following arguments: {'ament_cmake_args': None, 'build_base': '/home/jsmoon/yax_jeju/build/serial_communication_pkg', 'catkin_cmake_args': None, 'catkin_skip_building_tests': False, 'cmake_args': None, 'cmake_clean_cache': False, 'cmake_clean_first': False, 'cmake_force_configure': False, 'cmake_target': None, 'cmake_target_skip_unavailable': False, 'install_base': '/home/jsmoon/yax_jeju/install/serial_communication_pkg', 'merge_install': False, 'path': '/home/jsmoon/yax_jeju/src/serial_communication_pkg', 'symlink_install': True, 'test_result_base': None}
[0.308s] colcon.colcon_core.verb Level 5 set package 'ublox_serialization' build argument 'cmake_args' from command line to 'None'
[0.308s] colcon.colcon_core.verb Level 5 set package 'ublox_serialization' build argument 'cmake_target' from command line to 'None'
[0.308s] colcon.colcon_core.verb Level 5 set package 'ublox_serialization' build argument 'cmake_target_skip_unavailable' from command line to 'False'
[0.308s] colcon.colcon_core.verb Level 5 set package 'ublox_serialization' build argument 'cmake_clean_cache' from command line to 'False'
[0.308s] colcon.colcon_core.verb Level 5 set package 'ublox_serialization' build argument 'cmake_clean_first' from command line to 'False'
[0.308s] colcon.colcon_core.verb Level 5 set package 'ublox_serialization' build argument 'cmake_force_configure' from command line to 'False'
[0.308s] colcon.colcon_core.verb Level 5 set package 'ublox_serialization' build argument 'ament_cmake_args' from command line to 'None'
[0.308s] colcon.colcon_core.verb Level 5 set package 'ublox_serialization' build argument 'catkin_cmake_args' from command line to 'None'
[0.308s] colcon.colcon_core.verb Level 5 set package 'ublox_serialization' build argument 'catkin_skip_building_tests' from command line to 'False'
[0.308s] colcon.colcon_core.verb DEBUG Building package 'ublox_serialization' with the following arguments: {'ament_cmake_args': None, 'build_base': '/home/jsmoon/yax_jeju/build/ublox_serialization', 'catkin_cmake_args': None, 'catkin_skip_building_tests': False, 'cmake_args': None, 'cmake_clean_cache': False, 'cmake_clean_first': False, 'cmake_force_configure': False, 'cmake_target': None, 'cmake_target_skip_unavailable': False, 'install_base': '/home/jsmoon/yax_jeju/install/ublox_serialization', 'merge_install': False, 'path': '/home/jsmoon/yax_jeju/src/RTK_GPS_NTRIP/ublox_serialization', 'symlink_install': True, 'test_result_base': None}
[0.308s] colcon.colcon_core.verb Level 5 set package 'ydlidar_ros2_driver' build argument 'cmake_args' from command line to 'None'
[0.308s] colcon.colcon_core.verb Level 5 set package 'ydlidar_ros2_driver' build argument 'cmake_target' from command line to 'None'
[0.308s] colcon.colcon_core.verb Level 5 set package 'ydlidar_ros2_driver' build argument 'cmake_target_skip_unavailable' from command line to 'False'
[0.308s] colcon.colcon_core.verb Level 5 set package 'ydlidar_ros2_driver' build argument 'cmake_clean_cache' from command line to 'False'
[0.308s] colcon.colcon_core.verb Level 5 set package 'ydlidar_ros2_driver' build argument 'cmake_clean_first' from command line to 'False'
[0.308s] colcon.colcon_core.verb Level 5 set package 'ydlidar_ros2_driver' build argument 'cmake_force_configure' from command line to 'False'
[0.308s] colcon.colcon_core.verb Level 5 set package 'ydlidar_ros2_driver' build argument 'ament_cmake_args' from command line to 'None'
[0.308s] colcon.colcon_core.verb Level 5 set package 'ydlidar_ros2_driver' build argument 'catkin_cmake_args' from command line to 'None'
[0.308s] colcon.colcon_core.verb Level 5 set package 'ydlidar_ros2_driver' build argument 'catkin_skip_building_tests' from command line to 'False'
[0.308s] colcon.colcon_core.verb DEBUG Building package 'ydlidar_ros2_driver' with the following arguments: {'ament_cmake_args': None, 'build_base': '/home/jsmoon/yax_jeju/build/ydlidar_ros2_driver', 'catkin_cmake_args': None, 'catkin_skip_building_tests': False, 'cmake_args': None, 'cmake_clean_cache': False, 'cmake_clean_first': False, 'cmake_force_configure': False, 'cmake_target': None, 'cmake_target_skip_unavailable': False, 'install_base': '/home/jsmoon/yax_jeju/install/ydlidar_ros2_driver', 'merge_install': False, 'path': '/home/jsmoon/yax_jeju/src/ydlidar_ros2_driver', 'symlink_install': True, 'test_result_base': None}
[0.308s] colcon.colcon_core.verb Level 5 set package 'ublox_msgs' build argument 'cmake_args' from command line to 'None'
[0.308s] colcon.colcon_core.verb Level 5 set package 'ublox_msgs' build argument 'cmake_target' from command line to 'None'
[0.308s] colcon.colcon_core.verb Level 5 set package 'ublox_msgs' build argument 'cmake_target_skip_unavailable' from command line to 'False'
[0.308s] colcon.colcon_core.verb Level 5 set package 'ublox_msgs' build argument 'cmake_clean_cache' from command line to 'False'
[0.308s] colcon.colcon_core.verb Level 5 set package 'ublox_msgs' build argument 'cmake_clean_first' from command line to 'False'
[0.308s] colcon.colcon_core.verb Level 5 set package 'ublox_msgs' build argument 'cmake_force_configure' from command line to 'False'
[0.308s] colcon.colcon_core.verb Level 5 set package 'ublox_msgs' build argument 'ament_cmake_args' from command line to 'None'
[0.308s] colcon.colcon_core.verb Level 5 set package 'ublox_msgs' build argument 'catkin_cmake_args' from command line to 'None'
[0.308s] colcon.colcon_core.verb Level 5 set package 'ublox_msgs' build argument 'catkin_skip_building_tests' from command line to 'False'
[0.308s] colcon.colcon_core.verb DEBUG Building package 'ublox_msgs' with the following arguments: {'ament_cmake_args': None, 'build_base': '/home/jsmoon/yax_jeju/build/ublox_msgs', 'catkin_cmake_args': None, 'catkin_skip_building_tests': False, 'cmake_args': None, 'cmake_clean_cache': False, 'cmake_clean_first': False, 'cmake_force_configure': False, 'cmake_target': None, 'cmake_target_skip_unavailable': False, 'install_base': '/home/jsmoon/yax_jeju/install/ublox_msgs', 'merge_install': False, 'path': '/home/jsmoon/yax_jeju/src/RTK_GPS_NTRIP/ublox_msgs', 'symlink_install': True, 'test_result_base': None}
[0.309s] colcon.colcon_core.verb Level 5 set package 'fix2nmea' build argument 'cmake_args' from command line to 'None'
[0.309s] colcon.colcon_core.verb Level 5 set package 'fix2nmea' build argument 'cmake_target' from command line to 'None'
[0.309s] colcon.colcon_core.verb Level 5 set package 'fix2nmea' build argument 'cmake_target_skip_unavailable' from command line to 'False'
[0.309s] colcon.colcon_core.verb Level 5 set package 'fix2nmea' build argument 'cmake_clean_cache' from command line to 'False'
[0.309s] colcon.colcon_core.verb Level 5 set package 'fix2nmea' build argument 'cmake_clean_first' from command line to 'False'
[0.309s] colcon.colcon_core.verb Level 5 set package 'fix2nmea' build argument 'cmake_force_configure' from command line to 'False'
[0.309s] colcon.colcon_core.verb Level 5 set package 'fix2nmea' build argument 'ament_cmake_args' from command line to 'None'
[0.309s] colcon.colcon_core.verb Level 5 set package 'fix2nmea' build argument 'catkin_cmake_args' from command line to 'None'
[0.309s] colcon.colcon_core.verb Level 5 set package 'fix2nmea' build argument 'catkin_skip_building_tests' from command line to 'False'
[0.309s] colcon.colcon_core.verb DEBUG Building package 'fix2nmea' with the following arguments: {'ament_cmake_args': None, 'build_base': '/home/jsmoon/yax_jeju/build/fix2nmea', 'catkin_cmake_args': None, 'catkin_skip_building_tests': False, 'cmake_args': None, 'cmake_clean_cache': False, 'cmake_clean_first': False, 'cmake_force_configure': False, 'cmake_target': None, 'cmake_target_skip_unavailable': False, 'install_base': '/home/jsmoon/yax_jeju/install/fix2nmea', 'merge_install': False, 'path': '/home/jsmoon/yax_jeju/src/RTK_GPS_NTRIP/fix2nmea', 'symlink_install': True, 'test_result_base': None}
[0.309s] colcon.colcon_core.verb Level 5 set package 'ublox_gps' build argument 'cmake_args' from command line to 'None'
[0.309s] colcon.colcon_core.verb Level 5 set package 'ublox_gps' build argument 'cmake_target' from command line to 'None'
[0.309s] colcon.colcon_core.verb Level 5 set package 'ublox_gps' build argument 'cmake_target_skip_unavailable' from command line to 'False'
[0.309s] colcon.colcon_core.verb Level 5 set package 'ublox_gps' build argument 'cmake_clean_cache' from command line to 'False'
[0.309s] colcon.colcon_core.verb Level 5 set package 'ublox_gps' build argument 'cmake_clean_first' from command line to 'False'
[0.309s] colcon.colcon_core.verb Level 5 set package 'ublox_gps' build argument 'cmake_force_configure' from command line to 'False'
[0.309s] colcon.colcon_core.verb Level 5 set package 'ublox_gps' build argument 'ament_cmake_args' from command line to 'None'
[0.309s] colcon.colcon_core.verb Level 5 set package 'ublox_gps' build argument 'catkin_cmake_args' from command line to 'None'
[0.309s] colcon.colcon_core.verb Level 5 set package 'ublox_gps' build argument 'catkin_skip_building_tests' from command line to 'False'
[0.309s] colcon.colcon_core.verb DEBUG Building package 'ublox_gps' with the following arguments: {'ament_cmake_args': None, 'build_base': '/home/jsmoon/yax_jeju/build/ublox_gps', 'catkin_cmake_args': None, 'catkin_skip_building_tests': False, 'cmake_args': None, 'cmake_clean_cache': False, 'cmake_clean_first': False, 'cmake_force_configure': False, 'cmake_target': None, 'cmake_target_skip_unavailable': False, 'install_base': '/home/jsmoon/yax_jeju/install/ublox_gps', 'merge_install': False, 'path': '/home/jsmoon/yax_jeju/src/RTK_GPS_NTRIP/ublox_gps', 'symlink_install': True, 'test_result_base': None}
[0.309s] colcon.colcon_core.verb Level 5 set package 'my_custom_pkg' build argument 'cmake_args' from command line to 'None'
[0.309s] colcon.colcon_core.verb Level 5 set package 'my_custom_pkg' build argument 'cmake_target' from command line to 'None'
[0.309s] colcon.colcon_core.verb Level 5 set package 'my_custom_pkg' build argument 'cmake_target_skip_unavailable' from command line to 'False'
[0.309s] colcon.colcon_core.verb Level 5 set package 'my_custom_pkg' build argument 'cmake_clean_cache' from command line to 'False'
[0.309s] colcon.colcon_core.verb Level 5 set package 'my_custom_pkg' build argument 'cmake_clean_first' from command line to 'False'
[0.309s] colcon.colcon_core.verb Level 5 set package 'my_custom_pkg' build argument 'cmake_force_configure' from command line to 'False'
[0.309s] colcon.colcon_core.verb Level 5 set package 'my_custom_pkg' build argument 'ament_cmake_args' from command line to 'None'
[0.309s] colcon.colcon_core.verb Level 5 set package 'my_custom_pkg' build argument 'catkin_cmake_args' from command line to 'None'
[0.309s] colcon.colcon_core.verb Level 5 set package 'my_custom_pkg' build argument 'catkin_skip_building_tests' from command line to 'False'
[0.309s] colcon.colcon_core.verb DEBUG Building package 'my_custom_pkg' with the following arguments: {'ament_cmake_args': None, 'build_base': '/home/jsmoon/yax_jeju/build/my_custom_pkg', 'catkin_cmake_args': None, 'catkin_skip_building_tests': False, 'cmake_args': None, 'cmake_clean_cache': False, 'cmake_clean_first': False, 'cmake_force_configure': False, 'cmake_target': None, 'cmake_target_skip_unavailable': False, 'install_base': '/home/jsmoon/yax_jeju/install/my_custom_pkg', 'merge_install': False, 'path': '/home/jsmoon/yax_jeju/src/my_custom_pkg', 'symlink_install': True, 'test_result_base': None}
[0.309s] colcon.colcon_core.verb Level 5 set package 'ublox' build argument 'cmake_args' from command line to 'None'
[0.309s] colcon.colcon_core.verb Level 5 set package 'ublox' build argument 'cmake_target' from command line to 'None'
[0.309s] colcon.colcon_core.verb Level 5 set package 'ublox' build argument 'cmake_target_skip_unavailable' from command line to 'False'
[0.309s] colcon.colcon_core.verb Level 5 set package 'ublox' build argument 'cmake_clean_cache' from command line to 'False'
[0.309s] colcon.colcon_core.verb Level 5 set package 'ublox' build argument 'cmake_clean_first' from command line to 'False'
[0.309s] colcon.colcon_core.verb Level 5 set package 'ublox' build argument 'cmake_force_configure' from command line to 'False'
[0.309s] colcon.colcon_core.verb Level 5 set package 'ublox' build argument 'ament_cmake_args' from command line to 'None'
[0.310s] colcon.colcon_core.verb Level 5 set package 'ublox' build argument 'catkin_cmake_args' from command line to 'None'
[0.310s] colcon.colcon_core.verb Level 5 set package 'ublox' build argument 'catkin_skip_building_tests' from command line to 'False'
[0.310s] colcon.colcon_core.verb DEBUG Building package 'ublox' with the following arguments: {'ament_cmake_args': None, 'build_base': '/home/jsmoon/yax_jeju/build/ublox', 'catkin_cmake_args': None, 'catkin_skip_building_tests': False, 'cmake_args': None, 'cmake_clean_cache': False, 'cmake_clean_first': False, 'cmake_force_configure': False, 'cmake_target': None, 'cmake_target_skip_unavailable': False, 'install_base': '/home/jsmoon/yax_jeju/install/ublox', 'merge_install': False, 'path': '/home/jsmoon/yax_jeju/src/RTK_GPS_NTRIP/ublox', 'symlink_install': True, 'test_result_base': None}
[0.310s] colcon.colcon_core.verb Level 5 set package 'launch_pkg' build argument 'cmake_args' from command line to 'None'
[0.310s] colcon.colcon_core.verb Level 5 set package 'launch_pkg' build argument 'cmake_target' from command line to 'None'
[0.310s] colcon.colcon_core.verb Level 5 set package 'launch_pkg' build argument 'cmake_target_skip_unavailable' from command line to 'False'
[0.310s] colcon.colcon_core.verb Level 5 set package 'launch_pkg' build argument 'cmake_clean_cache' from command line to 'False'
[0.310s] colcon.colcon_core.verb Level 5 set package 'launch_pkg' build argument 'cmake_clean_first' from command line to 'False'
[0.310s] colcon.colcon_core.verb Level 5 set package 'launch_pkg' build argument 'cmake_force_configure' from command line to 'False'
[0.310s] colcon.colcon_core.verb Level 5 set package 'launch_pkg' build argument 'ament_cmake_args' from command line to 'None'
[0.310s] colcon.colcon_core.verb Level 5 set package 'launch_pkg' build argument 'catkin_cmake_args' from command line to 'None'
[0.310s] colcon.colcon_core.verb Level 5 set package 'launch_pkg' build argument 'catkin_skip_building_tests' from command line to 'False'
[0.310s] colcon.colcon_core.verb DEBUG Building package 'launch_pkg' with the following arguments: {'ament_cmake_args': None, 'build_base': '/home/jsmoon/yax_jeju/build/launch_pkg', 'catkin_cmake_args': None, 'catkin_skip_building_tests': False, 'cmake_args': None, 'cmake_clean_cache': False, 'cmake_clean_first': False, 'cmake_force_configure': False, 'cmake_target': None, 'cmake_target_skip_unavailable': False, 'install_base': '/home/jsmoon/yax_jeju/install/launch_pkg', 'merge_install': False, 'path': '/home/jsmoon/yax_jeju/src/launch_pkg', 'symlink_install': True, 'test_result_base': None}
[0.310s] colcon.colcon_core.executor INFO Executing jobs using 'parallel' executor
[0.311s] colcon.colcon_parallel_executor.executor.parallel DEBUG run_until_complete
[0.311s] colcon.colcon_ros.task.ament_cmake.build INFO Building ROS package in '/home/jsmoon/yax_jeju/src/RTK_GPS_NTRIP/ublox_serialization' with build type 'ament_cmake'
[0.311s] colcon.colcon_cmake.task.cmake.build INFO Building CMake package in '/home/jsmoon/yax_jeju/src/RTK_GPS_NTRIP/ublox_serialization'
[0.313s] colcon.colcon_core.plugin_system INFO Skipping extension 'colcon_core.shell.bat': Not used on non-Windows systems
[0.313s] colcon.colcon_core.shell INFO Skip shell extension 'powershell' for command environment: Not usable outside of PowerShell
[0.313s] colcon.colcon_core.shell DEBUG Skip shell extension 'dsv' for command environment
[0.316s] colcon.colcon_ros.task.ament_cmake.build INFO Building ROS package in '/home/jsmoon/yax_jeju/src/RTK_GPS_NTRIP/rtcm_msgs' with build type 'ament_cmake'
[0.316s] colcon.colcon_cmake.task.cmake.build INFO Building CMake package in '/home/jsmoon/yax_jeju/src/RTK_GPS_NTRIP/rtcm_msgs'
[0.316s] colcon.colcon_core.shell INFO Skip shell extension 'powershell' for command environment: Not usable outside of PowerShell
[0.316s] colcon.colcon_core.shell DEBUG Skip shell extension 'dsv' for command environment
[0.320s] colcon.colcon_ros.task.ament_python.build INFO Building ROS package in '/home/jsmoon/yax_jeju/src/camera_perception_pkg' with build type 'ament_python'
[0.320s] colcon.colcon_core.shell Level 1 create_environment_hook('camera_perception_pkg', 'ament_prefix_path')
[0.320s] colcon.colcon_core.shell INFO Creating environment hook '/home/jsmoon/yax_jeju/install/camera_perception_pkg/share/camera_perception_pkg/hook/ament_prefix_path.ps1'
[0.320s] colcon.colcon_core.shell INFO Creating environment descriptor '/home/jsmoon/yax_jeju/install/camera_perception_pkg/share/camera_perception_pkg/hook/ament_prefix_path.dsv'
[0.321s] colcon.colcon_core.shell INFO Creating environment hook '/home/jsmoon/yax_jeju/install/camera_perception_pkg/share/camera_perception_pkg/hook/ament_prefix_path.sh'
[0.321s] colcon.colcon_core.shell INFO Skip shell extension 'powershell' for command environment: Not usable outside of PowerShell
[0.321s] colcon.colcon_core.shell DEBUG Skip shell extension 'dsv' for command environment
[0.324s] colcon.colcon_ros.task.ament_python.build INFO Building ROS package in '/home/jsmoon/yax_jeju/src/decision_making_pkg' with build type 'ament_python'
[0.324s] colcon.colcon_core.shell Level 1 create_environment_hook('decision_making_pkg', 'ament_prefix_path')
[0.324s] colcon.colcon_core.shell INFO Creating environment hook '/home/jsmoon/yax_jeju/install/decision_making_pkg/share/decision_making_pkg/hook/ament_prefix_path.ps1'
[0.325s] colcon.colcon_core.shell INFO Creating environment descriptor '/home/jsmoon/yax_jeju/install/decision_making_pkg/share/decision_making_pkg/hook/ament_prefix_path.dsv'
[0.325s] colcon.colcon_core.shell INFO Creating environment hook '/home/jsmoon/yax_jeju/install/decision_making_pkg/share/decision_making_pkg/hook/ament_prefix_path.sh'
[0.325s] colcon.colcon_core.shell INFO Skip shell extension 'powershell' for command environment: Not usable outside of PowerShell
[0.325s] colcon.colcon_core.shell DEBUG Skip shell extension 'dsv' for command environment
[0.328s] colcon.colcon_ros.task.ament_cmake.build INFO Building ROS package in '/home/jsmoon/yax_jeju/src/interfaces_pkg' with build type 'ament_cmake'
[0.328s] colcon.colcon_cmake.task.cmake.build INFO Building CMake package in '/home/jsmoon/yax_jeju/src/interfaces_pkg'
[0.328s] colcon.colcon_core.shell INFO Skip shell extension 'powershell' for command environment: Not usable outside of PowerShell
[0.328s] colcon.colcon_core.shell DEBUG Skip shell extension 'dsv' for command environment
[0.332s] colcon.colcon_ros.task.ament_python.build INFO Building ROS package in '/home/jsmoon/yax_jeju/src/serial_communication_pkg' with build type 'ament_python'
[0.332s] colcon.colcon_core.shell Level 1 create_environment_hook('serial_communication_pkg', 'ament_prefix_path')
[0.332s] colcon.colcon_core.shell INFO Creating environment hook '/home/jsmoon/yax_jeju/install/serial_communication_pkg/share/serial_communication_pkg/hook/ament_prefix_path.ps1'
[0.332s] colcon.colcon_core.shell INFO Creating environment descriptor '/home/jsmoon/yax_jeju/install/serial_communication_pkg/share/serial_communication_pkg/hook/ament_prefix_path.dsv'
[0.332s] colcon.colcon_core.shell INFO Creating environment hook '/home/jsmoon/yax_jeju/install/serial_communication_pkg/share/serial_communication_pkg/hook/ament_prefix_path.sh'
[0.333s] colcon.colcon_core.shell INFO Skip shell extension 'powershell' for command environment: Not usable outside of PowerShell
[0.333s] colcon.colcon_core.shell DEBUG Skip shell extension 'dsv' for command environment
[0.336s] colcon.colcon_ros.task.ament_cmake.build INFO Building ROS package in '/home/jsmoon/yax_jeju/src/ydlidar_ros2_driver' with build type 'ament_cmake'
[0.336s] colcon.colcon_cmake.task.cmake.build INFO Building CMake package in '/home/jsmoon/yax_jeju/src/ydlidar_ros2_driver'
[0.336s] colcon.colcon_core.shell INFO Skip shell extension 'powershell' for command environment: Not usable outside of PowerShell
[0.336s] colcon.colcon_core.shell DEBUG Skip shell extension 'dsv' for command environment
[0.339s] colcon.colcon_ros.task.ament_python.build INFO Building ROS package in '/home/jsmoon/yax_jeju/src/lidar_perception_pkg' with build type 'ament_python'
[0.339s] colcon.colcon_core.shell Level 1 create_environment_hook('lidar_perception_pkg', 'ament_prefix_path')
[0.340s] colcon.colcon_core.shell INFO Creating environment hook '/home/jsmoon/yax_jeju/install/lidar_perception_pkg/share/lidar_perception_pkg/hook/ament_prefix_path.ps1'
[0.340s] colcon.colcon_core.shell INFO Creating environment descriptor '/home/jsmoon/yax_jeju/install/lidar_perception_pkg/share/lidar_perception_pkg/hook/ament_prefix_path.dsv'
[0.340s] colcon.colcon_core.shell INFO Creating environment hook '/home/jsmoon/yax_jeju/install/lidar_perception_pkg/share/lidar_perception_pkg/hook/ament_prefix_path.sh'
[0.341s] colcon.colcon_core.shell INFO Skip shell extension 'powershell' for command environment: Not usable outside of PowerShell
[0.341s] colcon.colcon_core.shell DEBUG Skip shell extension 'dsv' for command environment
[0.344s] colcon.colcon_ros.task.ament_python.build INFO Building ROS package in '/home/jsmoon/yax_jeju/src/RTK_GPS_NTRIP/ntrip_client' with build type 'ament_python'
[0.344s] colcon.colcon_core.shell Level 1 create_environment_hook('ntrip_client', 'ament_prefix_path')
[0.344s] colcon.colcon_core.shell INFO Creating environment hook '/home/jsmoon/yax_jeju/install/ntrip_client/share/ntrip_client/hook/ament_prefix_path.ps1'
[0.344s] colcon.colcon_core.shell INFO Creating environment descriptor '/home/jsmoon/yax_jeju/install/ntrip_client/share/ntrip_client/hook/ament_prefix_path.dsv'
[0.345s] colcon.colcon_core.shell INFO Creating environment hook '/home/jsmoon/yax_jeju/install/ntrip_client/share/ntrip_client/hook/ament_prefix_path.sh'
[0.345s] colcon.colcon_core.shell INFO Skip shell extension 'powershell' for command environment: Not usable outside of PowerShell
[0.345s] colcon.colcon_core.shell DEBUG Skip shell extension 'dsv' for command environment
[0.348s] colcon.colcon_ros.task.ament_python.build INFO Building ROS package in '/home/jsmoon/yax_jeju/src/debug_pkg' with build type 'ament_python'
[0.348s] colcon.colcon_core.shell Level 1 create_environment_hook('debug_pkg', 'ament_prefix_path')
[0.348s] colcon.colcon_core.shell INFO Creating environment hook '/home/jsmoon/yax_jeju/install/debug_pkg/share/debug_pkg/hook/ament_prefix_path.ps1'
[0.348s] colcon.colcon_core.shell INFO Creating environment descriptor '/home/jsmoon/yax_jeju/install/debug_pkg/share/debug_pkg/hook/ament_prefix_path.dsv'
[0.349s] colcon.colcon_core.shell INFO Creating environment hook '/home/jsmoon/yax_jeju/install/debug_pkg/share/debug_pkg/hook/ament_prefix_path.sh'
[0.349s] colcon.colcon_core.shell INFO Skip shell extension 'powershell' for command environment: Not usable outside of PowerShell
[0.349s] colcon.colcon_core.shell DEBUG Skip shell extension 'dsv' for command environment
[0.352s] colcon.colcon_ros.task.ament_python.build INFO Building ROS package in '/home/jsmoon/yax_jeju/src/UTM_conversion/src/latlong_utm' with build type 'ament_python'
[0.352s] colcon.colcon_core.shell Level 1 create_environment_hook('latlong_utm', 'ament_prefix_path')
[0.352s] colcon.colcon_core.shell INFO Creating environment hook '/home/jsmoon/yax_jeju/install/latlong_utm/share/latlong_utm/hook/ament_prefix_path.ps1'
[0.352s] colcon.colcon_core.shell INFO Creating environment descriptor '/home/jsmoon/yax_jeju/install/latlong_utm/share/latlong_utm/hook/ament_prefix_path.dsv'
[0.353s] colcon.colcon_core.shell INFO Creating environment hook '/home/jsmoon/yax_jeju/install/latlong_utm/share/latlong_utm/hook/ament_prefix_path.sh'
[0.353s] colcon.colcon_core.shell INFO Skip shell extension 'powershell' for command environment: Not usable outside of PowerShell
[0.353s] colcon.colcon_core.shell DEBUG Skip shell extension 'dsv' for command environment
[0.360s] colcon.colcon_core.event_handler.log_command DEBUG Invoking command in '/home/jsmoon/yax_jeju/build/ublox_serialization': CMAKE_PREFIX_PATH=${CMAKE_PREFIX_PATH}:/home/jsmoon/yax_jeju/install/my_custom_pkg:/home/jsmoon/yax_jeju/install/serial_communication_pkg:/home/jsmoon/yax_jeju/install/ntrip_client:/home/jsmoon/yax_jeju/install/lidar_perception_pkg:/home/jsmoon/yax_jeju/install/latlong_utm:/home/jsmoon/yax_jeju/install/decision_making_pkg:/home/jsmoon/yax_jeju/install/debug_pkg:/home/jsmoon/yax_jeju/install/camera_perception_pkg:/opt/ros/humble /usr/bin/cmake --build /home/jsmoon/yax_jeju/build/ublox_serialization -- -j16 -l16
[0.361s] colcon.colcon_core.event_handler.log_command DEBUG Invoking command in '/home/jsmoon/yax_jeju/build/rtcm_msgs': CMAKE_PREFIX_PATH=${CMAKE_PREFIX_PATH}:/home/jsmoon/yax_jeju/install/my_custom_pkg:/home/jsmoon/yax_jeju/install/serial_communication_pkg:/home/jsmoon/yax_jeju/install/ntrip_client:/home/jsmoon/yax_jeju/install/lidar_perception_pkg:/home/jsmoon/yax_jeju/install/latlong_utm:/home/jsmoon/yax_jeju/install/decision_making_pkg:/home/jsmoon/yax_jeju/install/debug_pkg:/home/jsmoon/yax_jeju/install/camera_perception_pkg:/opt/ros/humble /usr/bin/cmake --build /home/jsmoon/yax_jeju/build/rtcm_msgs -- -j16 -l16
[0.597s] colcon.colcon_core.task.python.build INFO Building Python package in '/home/jsmoon/yax_jeju/src/camera_perception_pkg'
[0.597s] colcon.colcon_core.shell INFO Skip shell extension 'powershell' for command environment: Not usable outside of PowerShell
[0.597s] colcon.colcon_core.shell DEBUG Skip shell extension 'dsv' for command environment
[0.810s] colcon.colcon_core.task.python.build INFO Building Python package in '/home/jsmoon/yax_jeju/src/decision_making_pkg'
[0.810s] colcon.colcon_core.shell INFO Skip shell extension 'powershell' for command environment: Not usable outside of PowerShell
[0.810s] colcon.colcon_core.shell DEBUG Skip shell extension 'dsv' for command environment
[0.817s] colcon.colcon_core.event_handler.log_command DEBUG Invoking command in '/home/jsmoon/yax_jeju/build/interfaces_pkg': CMAKE_PREFIX_PATH=${CMAKE_PREFIX_PATH}:/home/jsmoon/yax_jeju/install/my_custom_pkg:/home/jsmoon/yax_jeju/install/serial_communication_pkg:/home/jsmoon/yax_jeju/install/ntrip_client:/home/jsmoon/yax_jeju/install/lidar_perception_pkg:/home/jsmoon/yax_jeju/install/latlong_utm:/home/jsmoon/yax_jeju/install/decision_making_pkg:/home/jsmoon/yax_jeju/install/debug_pkg:/home/jsmoon/yax_jeju/install/camera_perception_pkg:/opt/ros/humble /usr/bin/cmake --build /home/jsmoon/yax_jeju/build/interfaces_pkg -- -j16 -l16
[1.022s] colcon.colcon_core.task.python.build INFO Building Python package in '/home/jsmoon/yax_jeju/src/serial_communication_pkg'
[1.022s] colcon.colcon_core.shell INFO Skip shell extension 'powershell' for command environment: Not usable outside of PowerShell
[1.022s] colcon.colcon_core.shell DEBUG Skip shell extension 'dsv' for command environment
[1.029s] colcon.colcon_core.event_handler.log_command DEBUG Invoking command in '/home/jsmoon/yax_jeju/build/ydlidar_ros2_driver': CMAKE_PREFIX_PATH=${CMAKE_PREFIX_PATH}:/home/jsmoon/yax_jeju/install/my_custom_pkg:/home/jsmoon/yax_jeju/install/serial_communication_pkg:/home/jsmoon/yax_jeju/install/ntrip_client:/home/jsmoon/yax_jeju/install/lidar_perception_pkg:/home/jsmoon/yax_jeju/install/latlong_utm:/home/jsmoon/yax_jeju/install/decision_making_pkg:/home/jsmoon/yax_jeju/install/debug_pkg:/home/jsmoon/yax_jeju/install/camera_perception_pkg:/opt/ros/humble /usr/bin/cmake --build /home/jsmoon/yax_jeju/build/ydlidar_ros2_driver -- -j16 -l16
[1.236s] colcon.colcon_core.task.python.build INFO Building Python package in '/home/jsmoon/yax_jeju/src/lidar_perception_pkg'
[1.236s] colcon.colcon_core.shell INFO Skip shell extension 'powershell' for command environment: Not usable outside of PowerShell
[1.236s] colcon.colcon_core.shell DEBUG Skip shell extension 'dsv' for command environment
[1.448s] colcon.colcon_core.task.python.build INFO Building Python package in '/home/jsmoon/yax_jeju/src/RTK_GPS_NTRIP/ntrip_client'
[1.449s] colcon.colcon_core.shell INFO Skip shell extension 'powershell' for command environment: Not usable outside of PowerShell
[1.449s] colcon.colcon_core.shell DEBUG Skip shell extension 'dsv' for command environment
[1.656s] colcon.colcon_core.task.python.build INFO Building Python package in '/home/jsmoon/yax_jeju/src/debug_pkg'
[1.656s] colcon.colcon_core.shell INFO Skip shell extension 'powershell' for command environment: Not usable outside of PowerShell
[1.656s] colcon.colcon_core.shell DEBUG Skip shell extension 'dsv' for command environment
[1.889s] colcon.colcon_core.task.python.build INFO Building Python package in '/home/jsmoon/yax_jeju/src/UTM_conversion/src/latlong_utm'
[1.889s] colcon.colcon_core.shell INFO Skip shell extension 'powershell' for command environment: Not usable outside of PowerShell
[1.889s] colcon.colcon_core.shell DEBUG Skip shell extension 'dsv' for command environment
[1.894s] colcon.colcon_core.event_handler.log_command DEBUG Invoked command in '/home/jsmoon/yax_jeju/build/ublox_serialization' returned '0': CMAKE_PREFIX_PATH=${CMAKE_PREFIX_PATH}:/home/jsmoon/yax_jeju/install/my_custom_pkg:/home/jsmoon/yax_jeju/install/serial_communication_pkg:/home/jsmoon/yax_jeju/install/ntrip_client:/home/jsmoon/yax_jeju/install/lidar_perception_pkg:/home/jsmoon/yax_jeju/install/latlong_utm:/home/jsmoon/yax_jeju/install/decision_making_pkg:/home/jsmoon/yax_jeju/install/debug_pkg:/home/jsmoon/yax_jeju/install/camera_perception_pkg:/opt/ros/humble /usr/bin/cmake --build /home/jsmoon/yax_jeju/build/ublox_serialization -- -j16 -l16
[1.905s] colcon.colcon_core.event_handler.log_command DEBUG Invoking command in '/home/jsmoon/yax_jeju/build/ublox_serialization': CMAKE_PREFIX_PATH=${CMAKE_PREFIX_PATH}:/home/jsmoon/yax_jeju/install/my_custom_pkg:/home/jsmoon/yax_jeju/install/serial_communication_pkg:/home/jsmoon/yax_jeju/install/ntrip_client:/home/jsmoon/yax_jeju/install/lidar_perception_pkg:/home/jsmoon/yax_jeju/install/latlong_utm:/home/jsmoon/yax_jeju/install/decision_making_pkg:/home/jsmoon/yax_jeju/install/debug_pkg:/home/jsmoon/yax_jeju/install/camera_perception_pkg:/opt/ros/humble /usr/bin/cmake --install /home/jsmoon/yax_jeju/build/ublox_serialization
[1.906s] colcon.colcon_core.event_handler.log_command DEBUG Invoked command in '/home/jsmoon/yax_jeju/build/rtcm_msgs' returned '0': CMAKE_PREFIX_PATH=${CMAKE_PREFIX_PATH}:/home/jsmoon/yax_jeju/install/my_custom_pkg:/home/jsmoon/yax_jeju/install/serial_communication_pkg:/home/jsmoon/yax_jeju/install/ntrip_client:/home/jsmoon/yax_jeju/install/lidar_perception_pkg:/home/jsmoon/yax_jeju/install/latlong_utm:/home/jsmoon/yax_jeju/install/decision_making_pkg:/home/jsmoon/yax_jeju/install/debug_pkg:/home/jsmoon/yax_jeju/install/camera_perception_pkg:/opt/ros/humble /usr/bin/cmake --build /home/jsmoon/yax_jeju/build/rtcm_msgs -- -j16 -l16
[1.908s] colcon.colcon_core.event_handler.log_command DEBUG Invoking command in '/home/jsmoon/yax_jeju/build/rtcm_msgs': CMAKE_PREFIX_PATH=${CMAKE_PREFIX_PATH}:/home/jsmoon/yax_jeju/install/my_custom_pkg:/home/jsmoon/yax_jeju/install/serial_communication_pkg:/home/jsmoon/yax_jeju/install/ntrip_client:/home/jsmoon/yax_jeju/install/lidar_perception_pkg:/home/jsmoon/yax_jeju/install/latlong_utm:/home/jsmoon/yax_jeju/install/decision_making_pkg:/home/jsmoon/yax_jeju/install/debug_pkg:/home/jsmoon/yax_jeju/install/camera_perception_pkg:/opt/ros/humble /usr/bin/cmake --install /home/jsmoon/yax_jeju/build/rtcm_msgs
[1.909s] colcon.colcon_core.event_handler.log_command DEBUG Invoked command in '/home/jsmoon/yax_jeju/build/interfaces_pkg' returned '0': CMAKE_PREFIX_PATH=${CMAKE_PREFIX_PATH}:/home/jsmoon/yax_jeju/install/my_custom_pkg:/home/jsmoon/yax_jeju/install/serial_communication_pkg:/home/jsmoon/yax_jeju/install/ntrip_client:/home/jsmoon/yax_jeju/install/lidar_perception_pkg:/home/jsmoon/yax_jeju/install/latlong_utm:/home/jsmoon/yax_jeju/install/decision_making_pkg:/home/jsmoon/yax_jeju/install/debug_pkg:/home/jsmoon/yax_jeju/install/camera_perception_pkg:/opt/ros/humble /usr/bin/cmake --build /home/jsmoon/yax_jeju/build/interfaces_pkg -- -j16 -l16
[1.911s] colcon.colcon_core.event_handler.log_command DEBUG Invoking command in '/home/jsmoon/yax_jeju/build/interfaces_pkg': CMAKE_PREFIX_PATH=${CMAKE_PREFIX_PATH}:/home/jsmoon/yax_jeju/install/my_custom_pkg:/home/jsmoon/yax_jeju/install/serial_communication_pkg:/home/jsmoon/yax_jeju/install/ntrip_client:/home/jsmoon/yax_jeju/install/lidar_perception_pkg:/home/jsmoon/yax_jeju/install/latlong_utm:/home/jsmoon/yax_jeju/install/decision_making_pkg:/home/jsmoon/yax_jeju/install/debug_pkg:/home/jsmoon/yax_jeju/install/camera_perception_pkg:/opt/ros/humble /usr/bin/cmake --install /home/jsmoon/yax_jeju/build/interfaces_pkg
[1.911s] colcon.colcon_core.event_handler.log_command DEBUG Invoked command in '/home/jsmoon/yax_jeju/build/ydlidar_ros2_driver' returned '0': CMAKE_PREFIX_PATH=${CMAKE_PREFIX_PATH}:/home/jsmoon/yax_jeju/install/my_custom_pkg:/home/jsmoon/yax_jeju/install/serial_communication_pkg:/home/jsmoon/yax_jeju/install/ntrip_client:/home/jsmoon/yax_jeju/install/lidar_perception_pkg:/home/jsmoon/yax_jeju/install/latlong_utm:/home/jsmoon/yax_jeju/install/decision_making_pkg:/home/jsmoon/yax_jeju/install/debug_pkg:/home/jsmoon/yax_jeju/install/camera_perception_pkg:/opt/ros/humble /usr/bin/cmake --build /home/jsmoon/yax_jeju/build/ydlidar_ros2_driver -- -j16 -l16
[1.912s] colcon.colcon_core.event_handler.log_command DEBUG Invoking command in '/home/jsmoon/yax_jeju/build/ydlidar_ros2_driver': CMAKE_PREFIX_PATH=${CMAKE_PREFIX_PATH}:/home/jsmoon/yax_jeju/install/my_custom_pkg:/home/jsmoon/yax_jeju/install/serial_communication_pkg:/home/jsmoon/yax_jeju/install/ntrip_client:/home/jsmoon/yax_jeju/install/lidar_perception_pkg:/home/jsmoon/yax_jeju/install/latlong_utm:/home/jsmoon/yax_jeju/install/decision_making_pkg:/home/jsmoon/yax_jeju/install/debug_pkg:/home/jsmoon/yax_jeju/install/camera_perception_pkg:/opt/ros/humble /usr/bin/cmake --install /home/jsmoon/yax_jeju/build/ydlidar_ros2_driver
[1.939s] colcon.colcon_core.environment Level 1 create_environment_scripts_only(ublox_serialization)
[1.946s] colcon.colcon_core.event_handler.log_command DEBUG Invoked command in '/home/jsmoon/yax_jeju/build/ublox_serialization' returned '0': CMAKE_PREFIX_PATH=${CMAKE_PREFIX_PATH}:/home/jsmoon/yax_jeju/install/my_custom_pkg:/home/jsmoon/yax_jeju/install/serial_communication_pkg:/home/jsmoon/yax_jeju/install/ntrip_client:/home/jsmoon/yax_jeju/install/lidar_perception_pkg:/home/jsmoon/yax_jeju/install/latlong_utm:/home/jsmoon/yax_jeju/install/decision_making_pkg:/home/jsmoon/yax_jeju/install/debug_pkg:/home/jsmoon/yax_jeju/install/camera_perception_pkg:/opt/ros/humble /usr/bin/cmake --install /home/jsmoon/yax_jeju/build/ublox_serialization
[1.947s] colcon.colcon_core.environment Level 1 checking '/home/jsmoon/yax_jeju/install/ublox_serialization' for CMake module files
[1.947s] colcon.colcon_core.environment Level 1 checking '/home/jsmoon/yax_jeju/install/ublox_serialization' for CMake config files
[1.948s] colcon.colcon_core.shell Level 1 create_environment_hook('ublox_serialization', 'cmake_prefix_path')
[1.948s] colcon.colcon_core.shell INFO Creating environment hook '/home/jsmoon/yax_jeju/install/ublox_serialization/share/ublox_serialization/hook/cmake_prefix_path.ps1'
[1.948s] colcon.colcon_core.shell INFO Creating environment descriptor '/home/jsmoon/yax_jeju/install/ublox_serialization/share/ublox_serialization/hook/cmake_prefix_path.dsv'
[1.949s] colcon.colcon_core.shell INFO Creating environment hook '/home/jsmoon/yax_jeju/install/ublox_serialization/share/ublox_serialization/hook/cmake_prefix_path.sh'
[1.949s] colcon.colcon_core.environment Level 1 checking '/home/jsmoon/yax_jeju/install/ublox_serialization/bin'
[1.949s] colcon.colcon_core.environment Level 1 checking '/home/jsmoon/yax_jeju/install/ublox_serialization/lib/pkgconfig/ublox_serialization.pc'
[1.950s] colcon.colcon_core.environment Level 1 checking '/home/jsmoon/yax_jeju/install/ublox_serialization/lib/python3.10/site-packages'
[1.950s] colcon.colcon_core.environment Level 1 checking '/home/jsmoon/yax_jeju/install/ublox_serialization/bin'
[1.950s] colcon.colcon_core.shell INFO Creating package script '/home/jsmoon/yax_jeju/install/ublox_serialization/share/ublox_serialization/package.ps1'
[1.951s] colcon.colcon_core.shell INFO Creating package descriptor '/home/jsmoon/yax_jeju/install/ublox_serialization/share/ublox_serialization/package.dsv'
[1.952s] colcon.colcon_core.shell INFO Creating package script '/home/jsmoon/yax_jeju/install/ublox_serialization/share/ublox_serialization/package.sh'
[1.952s] colcon.colcon_core.shell INFO Creating package script '/home/jsmoon/yax_jeju/install/ublox_serialization/share/ublox_serialization/package.bash'
[1.953s] colcon.colcon_core.shell INFO Creating package script '/home/jsmoon/yax_jeju/install/ublox_serialization/share/ublox_serialization/package.zsh'
[1.954s] colcon.colcon_core.environment Level 1 create_file_with_runtime_dependencies(/home/jsmoon/yax_jeju/install/ublox_serialization/share/colcon-core/packages/ublox_serialization)
[1.954s] colcon.colcon_core.environment Level 1 create_environment_scripts_only(ublox_serialization)
[1.954s] colcon.colcon_core.environment Level 1 checking '/home/jsmoon/yax_jeju/install/ublox_serialization' for CMake module files
[1.955s] colcon.colcon_core.environment Level 1 checking '/home/jsmoon/yax_jeju/install/ublox_serialization' for CMake config files
[1.955s] colcon.colcon_core.shell Level 1 create_environment_hook('ublox_serialization', 'cmake_prefix_path')
[1.956s] colcon.colcon_core.shell INFO Creating environment hook '/home/jsmoon/yax_jeju/install/ublox_serialization/share/ublox_serialization/hook/cmake_prefix_path.ps1'
[1.956s] colcon.colcon_core.shell INFO Creating environment descriptor '/home/jsmoon/yax_jeju/install/ublox_serialization/share/ublox_serialization/hook/cmake_prefix_path.dsv'
[1.956s] colcon.colcon_core.shell INFO Creating environment hook '/home/jsmoon/yax_jeju/install/ublox_serialization/share/ublox_serialization/hook/cmake_prefix_path.sh'
[1.957s] colcon.colcon_core.environment Level 1 checking '/home/jsmoon/yax_jeju/install/ublox_serialization/bin'
[1.957s] colcon.colcon_core.environment Level 1 checking '/home/jsmoon/yax_jeju/install/ublox_serialization/lib/pkgconfig/ublox_serialization.pc'
[1.957s] colcon.colcon_core.environment Level 1 checking '/home/jsmoon/yax_jeju/install/ublox_serialization/lib/python3.10/site-packages'
[1.957s] colcon.colcon_core.environment Level 1 checking '/home/jsmoon/yax_jeju/install/ublox_serialization/bin'
[1.958s] colcon.colcon_core.shell INFO Creating package script '/home/jsmoon/yax_jeju/install/ublox_serialization/share/ublox_serialization/package.ps1'
[1.958s] colcon.colcon_core.shell INFO Creating package descriptor '/home/jsmoon/yax_jeju/install/ublox_serialization/share/ublox_serialization/package.dsv'
[1.959s] colcon.colcon_core.shell INFO Creating package script '/home/jsmoon/yax_jeju/install/ublox_serialization/share/ublox_serialization/package.sh'
[1.959s] colcon.colcon_core.shell INFO Creating package script '/home/jsmoon/yax_jeju/install/ublox_serialization/share/ublox_serialization/package.bash'
[1.959s] colcon.colcon_core.shell INFO Creating package script '/home/jsmoon/yax_jeju/install/ublox_serialization/share/ublox_serialization/package.zsh'
[1.960s] colcon.colcon_core.environment Level 1 create_file_with_runtime_dependencies(/home/jsmoon/yax_jeju/install/ublox_serialization/share/colcon-core/packages/ublox_serialization)
[1.960s] colcon.colcon_core.environment Level 1 create_environment_scripts_only(ydlidar_ros2_driver)
[1.961s] colcon.colcon_core.environment Level 1 checking '/home/jsmoon/yax_jeju/install/ydlidar_ros2_driver' for CMake module files
[1.962s] colcon.colcon_core.event_handler.log_command DEBUG Invoked command in '/home/jsmoon/yax_jeju/build/ydlidar_ros2_driver' returned '0': CMAKE_PREFIX_PATH=${CMAKE_PREFIX_PATH}:/home/jsmoon/yax_jeju/install/my_custom_pkg:/home/jsmoon/yax_jeju/install/serial_communication_pkg:/home/jsmoon/yax_jeju/install/ntrip_client:/home/jsmoon/yax_jeju/install/lidar_perception_pkg:/home/jsmoon/yax_jeju/install/latlong_utm:/home/jsmoon/yax_jeju/install/decision_making_pkg:/home/jsmoon/yax_jeju/install/debug_pkg:/home/jsmoon/yax_jeju/install/camera_perception_pkg:/opt/ros/humble /usr/bin/cmake --install /home/jsmoon/yax_jeju/build/ydlidar_ros2_driver
[1.962s] colcon.colcon_core.environment Level 1 checking '/home/jsmoon/yax_jeju/install/ydlidar_ros2_driver' for CMake config files
[1.963s] colcon.colcon_core.shell Level 1 create_environment_hook('ydlidar_ros2_driver', 'cmake_prefix_path')
[1.963s] colcon.colcon_core.shell INFO Creating environment hook '/home/jsmoon/yax_jeju/install/ydlidar_ros2_driver/share/ydlidar_ros2_driver/hook/cmake_prefix_path.ps1'
[1.963s] colcon.colcon_core.shell INFO Creating environment descriptor '/home/jsmoon/yax_jeju/install/ydlidar_ros2_driver/share/ydlidar_ros2_driver/hook/cmake_prefix_path.dsv'
[1.964s] colcon.colcon_core.shell INFO Creating environment hook '/home/jsmoon/yax_jeju/install/ydlidar_ros2_driver/share/ydlidar_ros2_driver/hook/cmake_prefix_path.sh'
[1.964s] colcon.colcon_core.environment Level 1 checking '/home/jsmoon/yax_jeju/install/ydlidar_ros2_driver/lib'
[1.965s] colcon.colcon_core.environment Level 1 checking '/home/jsmoon/yax_jeju/install/ydlidar_ros2_driver/bin'
[1.965s] colcon.colcon_core.environment Level 1 checking '/home/jsmoon/yax_jeju/install/ydlidar_ros2_driver/lib/pkgconfig/ydlidar_ros2_driver.pc'
[1.965s] colcon.colcon_core.environment Level 1 checking '/home/jsmoon/yax_jeju/install/ydlidar_ros2_driver/lib/python3.10/site-packages'
[1.965s] colcon.colcon_core.environment Level 1 checking '/home/jsmoon/yax_jeju/install/ydlidar_ros2_driver/bin'
[1.966s] colcon.colcon_core.shell INFO Creating package script '/home/jsmoon/yax_jeju/install/ydlidar_ros2_driver/share/ydlidar_ros2_driver/package.ps1'
[1.966s] colcon.colcon_core.shell INFO Creating package descriptor '/home/jsmoon/yax_jeju/install/ydlidar_ros2_driver/share/ydlidar_ros2_driver/package.dsv'
[1.967s] colcon.colcon_core.shell INFO Creating package script '/home/jsmoon/yax_jeju/install/ydlidar_ros2_driver/share/ydlidar_ros2_driver/package.sh'
[1.967s] colcon.colcon_core.shell INFO Creating package script '/home/jsmoon/yax_jeju/install/ydlidar_ros2_driver/share/ydlidar_ros2_driver/package.bash'
[1.967s] colcon.colcon_core.shell INFO Creating package script '/home/jsmoon/yax_jeju/install/ydlidar_ros2_driver/share/ydlidar_ros2_driver/package.zsh'
[1.968s] colcon.colcon_core.environment Level 1 create_file_with_runtime_dependencies(/home/jsmoon/yax_jeju/install/ydlidar_ros2_driver/share/colcon-core/packages/ydlidar_ros2_driver)
[1.968s] colcon.colcon_core.environment Level 1 create_environment_scripts_only(ydlidar_ros2_driver)
[1.968s] colcon.colcon_core.environment Level 1 checking '/home/jsmoon/yax_jeju/install/ydlidar_ros2_driver' for CMake module files
[1.969s] colcon.colcon_core.environment Level 1 checking '/home/jsmoon/yax_jeju/install/ydlidar_ros2_driver' for CMake config files
[1.969s] colcon.colcon_core.shell Level 1 create_environment_hook('ydlidar_ros2_driver', 'cmake_prefix_path')
[1.970s] colcon.colcon_core.shell INFO Creating environment hook '/home/jsmoon/yax_jeju/install/ydlidar_ros2_driver/share/ydlidar_ros2_driver/hook/cmake_prefix_path.ps1'
[1.970s] colcon.colcon_core.shell INFO Creating environment descriptor '/home/jsmoon/yax_jeju/install/ydlidar_ros2_driver/share/ydlidar_ros2_driver/hook/cmake_prefix_path.dsv'
[1.970s] colcon.colcon_core.shell INFO Creating environment hook '/home/jsmoon/yax_jeju/install/ydlidar_ros2_driver/share/ydlidar_ros2_driver/hook/cmake_prefix_path.sh'
[1.971s] colcon.colcon_core.environment Level 1 checking '/home/jsmoon/yax_jeju/install/ydlidar_ros2_driver/lib'
[1.971s] colcon.colcon_core.environment Level 1 checking '/home/jsmoon/yax_jeju/install/ydlidar_ros2_driver/bin'
[1.971s] colcon.colcon_core.environment Level 1 checking '/home/jsmoon/yax_jeju/install/ydlidar_ros2_driver/lib/pkgconfig/ydlidar_ros2_driver.pc'
[1.971s] colcon.colcon_core.environment Level 1 checking '/home/jsmoon/yax_jeju/install/ydlidar_ros2_driver/lib/python3.10/site-packages'
[1.972s] colcon.colcon_core.environment Level 1 checking '/home/jsmoon/yax_jeju/install/ydlidar_ros2_driver/bin'
[1.972s] colcon.colcon_core.shell INFO Creating package script '/home/jsmoon/yax_jeju/install/ydlidar_ros2_driver/share/ydlidar_ros2_driver/package.ps1'
[1.973s] colcon.colcon_core.shell INFO Creating package descriptor '/home/jsmoon/yax_jeju/install/ydlidar_ros2_driver/share/ydlidar_ros2_driver/package.dsv'
[1.973s] colcon.colcon_core.shell INFO Creating package script '/home/jsmoon/yax_jeju/install/ydlidar_ros2_driver/share/ydlidar_ros2_driver/package.sh'
[1.973s] colcon.colcon_core.shell INFO Creating package script '/home/jsmoon/yax_jeju/install/ydlidar_ros2_driver/share/ydlidar_ros2_driver/package.bash'
[1.974s] colcon.colcon_core.shell INFO Creating package script '/home/jsmoon/yax_jeju/install/ydlidar_ros2_driver/share/ydlidar_ros2_driver/package.zsh'
[1.974s] colcon.colcon_core.environment Level 1 create_file_with_runtime_dependencies(/home/jsmoon/yax_jeju/install/ydlidar_ros2_driver/share/colcon-core/packages/ydlidar_ros2_driver)
[1.975s] colcon.colcon_ros.task.ament_cmake.build INFO Building ROS package in '/home/jsmoon/yax_jeju/src/RTK_GPS_NTRIP/ublox_msgs' with build type 'ament_cmake'
[1.975s] colcon.colcon_cmake.task.cmake.build INFO Building CMake package in '/home/jsmoon/yax_jeju/src/RTK_GPS_NTRIP/ublox_msgs'
[1.976s] colcon.colcon_core.shell INFO Skip shell extension 'powershell' for command environment: Not usable outside of PowerShell
[1.976s] colcon.colcon_core.shell DEBUG Skip shell extension 'dsv' for command environment
[1.998s] colcon.colcon_core.event_handler.log_command DEBUG Invoking command in '/home/jsmoon/yax_jeju/build/ublox_msgs': CMAKE_PREFIX_PATH=/home/jsmoon/yax_jeju/install/ublox_serialization:/home/jsmoon/yax_jeju/install/launch_pkg:/home/jsmoon/yax_jeju/install/ydlidar_ros2_driver:/home/jsmoon/yax_jeju/install/ublox:/home/jsmoon/yax_jeju/install/ublox_gps:/home/jsmoon/yax_jeju/install/fix2nmea:/home/jsmoon/yax_jeju/install/ublox_msgs:/home/jsmoon/yax_jeju/install/rtcm_msgs:/home/jsmoon/yax_jeju/install/interfaces_pkg:/home/jsmoon/ydlidar_ws/install/ydlidar_ros2_driver:/home/jsmoon/yax_jeju/install/my_custom_pkg:/home/jsmoon/yax_jeju/install/serial_communication_pkg:/home/jsmoon/yax_jeju/install/ntrip_client:/home/jsmoon/yax_jeju/install/lidar_perception_pkg:/home/jsmoon/yax_jeju/install/latlong_utm:/home/jsmoon/yax_jeju/install/decision_making_pkg:/home/jsmoon/yax_jeju/install/debug_pkg:/home/jsmoon/yax_jeju/install/camera_perception_pkg:/opt/ros/humble /usr/bin/cmake --build /home/jsmoon/yax_jeju/build/ublox_msgs -- -j16 -l16
[2.042s] colcon.colcon_core.environment Level 1 create_environment_scripts_only(rtcm_msgs)
[2.043s] colcon.colcon_core.environment Level 1 checking '/home/jsmoon/yax_jeju/install/rtcm_msgs' for CMake module files
[2.043s] colcon.colcon_core.event_handler.log_command DEBUG Invoked command in '/home/jsmoon/yax_jeju/build/rtcm_msgs' returned '0': CMAKE_PREFIX_PATH=${CMAKE_PREFIX_PATH}:/home/jsmoon/yax_jeju/install/my_custom_pkg:/home/jsmoon/yax_jeju/install/serial_communication_pkg:/home/jsmoon/yax_jeju/install/ntrip_client:/home/jsmoon/yax_jeju/install/lidar_perception_pkg:/home/jsmoon/yax_jeju/install/latlong_utm:/home/jsmoon/yax_jeju/install/decision_making_pkg:/home/jsmoon/yax_jeju/install/debug_pkg:/home/jsmoon/yax_jeju/install/camera_perception_pkg:/opt/ros/humble /usr/bin/cmake --install /home/jsmoon/yax_jeju/build/rtcm_msgs
[2.044s] colcon.colcon_core.environment Level 1 checking '/home/jsmoon/yax_jeju/install/rtcm_msgs' for CMake config files
[2.044s] colcon.colcon_core.shell Level 1 create_environment_hook('rtcm_msgs', 'cmake_prefix_path')
[2.044s] colcon.colcon_core.shell INFO Creating environment hook '/home/jsmoon/yax_jeju/install/rtcm_msgs/share/rtcm_msgs/hook/cmake_prefix_path.ps1'
[2.045s] colcon.colcon_core.shell INFO Creating environment descriptor '/home/jsmoon/yax_jeju/install/rtcm_msgs/share/rtcm_msgs/hook/cmake_prefix_path.dsv'
[2.045s] colcon.colcon_core.shell INFO Creating environment hook '/home/jsmoon/yax_jeju/install/rtcm_msgs/share/rtcm_msgs/hook/cmake_prefix_path.sh'
[2.045s] colcon.colcon_core.environment Level 1 checking '/home/jsmoon/yax_jeju/install/rtcm_msgs/lib'
[2.045s] colcon.colcon_core.shell Level 1 create_environment_hook('rtcm_msgs', 'ld_library_path_lib')
[2.046s] colcon.colcon_core.shell INFO Creating environment hook '/home/jsmoon/yax_jeju/install/rtcm_msgs/share/rtcm_msgs/hook/ld_library_path_lib.ps1'
[2.046s] colcon.colcon_core.shell INFO Creating environment descriptor '/home/jsmoon/yax_jeju/install/rtcm_msgs/share/rtcm_msgs/hook/ld_library_path_lib.dsv'
[2.046s] colcon.colcon_core.shell INFO Creating environment hook '/home/jsmoon/yax_jeju/install/rtcm_msgs/share/rtcm_msgs/hook/ld_library_path_lib.sh'
[2.046s] colcon.colcon_core.environment Level 1 checking '/home/jsmoon/yax_jeju/install/rtcm_msgs/bin'
[2.046s] colcon.colcon_core.environment Level 1 checking '/home/jsmoon/yax_jeju/install/rtcm_msgs/lib/pkgconfig/rtcm_msgs.pc'
[2.047s] colcon.colcon_core.environment Level 1 checking '/home/jsmoon/yax_jeju/install/rtcm_msgs/lib/python3.10/site-packages'
[2.047s] colcon.colcon_core.environment Level 1 checking '/home/jsmoon/yax_jeju/install/rtcm_msgs/bin'
[2.047s] colcon.colcon_core.shell INFO Creating package script '/home/jsmoon/yax_jeju/install/rtcm_msgs/share/rtcm_msgs/package.ps1'
[2.048s] colcon.colcon_core.shell INFO Creating package descriptor '/home/jsmoon/yax_jeju/install/rtcm_msgs/share/rtcm_msgs/package.dsv'
[2.048s] colcon.colcon_core.shell INFO Creating package script '/home/jsmoon/yax_jeju/install/rtcm_msgs/share/rtcm_msgs/package.sh'
[2.048s] colcon.colcon_core.shell INFO Creating package script '/home/jsmoon/yax_jeju/install/rtcm_msgs/share/rtcm_msgs/package.bash'
[2.049s] colcon.colcon_core.shell INFO Creating package script '/home/jsmoon/yax_jeju/install/rtcm_msgs/share/rtcm_msgs/package.zsh'
[2.049s] colcon.colcon_core.environment Level 1 create_file_with_runtime_dependencies(/home/jsmoon/yax_jeju/install/rtcm_msgs/share/colcon-core/packages/rtcm_msgs)
[2.050s] colcon.colcon_core.environment Level 1 create_environment_scripts_only(rtcm_msgs)
[2.050s] colcon.colcon_core.environment Level 1 checking '/home/jsmoon/yax_jeju/install/rtcm_msgs' for CMake module files
[2.050s] colcon.colcon_core.environment Level 1 checking '/home/jsmoon/yax_jeju/install/rtcm_msgs' for CMake config files
[2.051s] colcon.colcon_core.shell Level 1 create_environment_hook('rtcm_msgs', 'cmake_prefix_path')
[2.051s] colcon.colcon_core.shell INFO Creating environment hook '/home/jsmoon/yax_jeju/install/rtcm_msgs/share/rtcm_msgs/hook/cmake_prefix_path.ps1'
[2.052s] colcon.colcon_core.shell INFO Creating environment descriptor '/home/jsmoon/yax_jeju/install/rtcm_msgs/share/rtcm_msgs/hook/cmake_prefix_path.dsv'
[2.052s] colcon.colcon_core.shell INFO Creating environment hook '/home/jsmoon/yax_jeju/install/rtcm_msgs/share/rtcm_msgs/hook/cmake_prefix_path.sh'
[2.053s] colcon.colcon_core.environment Level 1 checking '/home/jsmoon/yax_jeju/install/rtcm_msgs/lib'
[2.053s] colcon.colcon_core.shell Level 1 create_environment_hook('rtcm_msgs', 'ld_library_path_lib')
[2.053s] colcon.colcon_core.shell INFO Creating environment hook '/home/jsmoon/yax_jeju/install/rtcm_msgs/share/rtcm_msgs/hook/ld_library_path_lib.ps1'
[2.053s] colcon.colcon_core.shell INFO Creating environment descriptor '/home/jsmoon/yax_jeju/install/rtcm_msgs/share/rtcm_msgs/hook/ld_library_path_lib.dsv'
[2.054s] colcon.colcon_core.shell INFO Creating environment hook '/home/jsmoon/yax_jeju/install/rtcm_msgs/share/rtcm_msgs/hook/ld_library_path_lib.sh'
[2.054s] colcon.colcon_core.environment Level 1 checking '/home/jsmoon/yax_jeju/install/rtcm_msgs/bin'
[2.054s] colcon.colcon_core.environment Level 1 checking '/home/jsmoon/yax_jeju/install/rtcm_msgs/lib/pkgconfig/rtcm_msgs.pc'
[2.054s] colcon.colcon_core.environment Level 1 checking '/home/jsmoon/yax_jeju/install/rtcm_msgs/lib/python3.10/site-packages'
[2.055s] colcon.colcon_core.environment Level 1 checking '/home/jsmoon/yax_jeju/install/rtcm_msgs/bin'
[2.055s] colcon.colcon_core.shell INFO Creating package script '/home/jsmoon/yax_jeju/install/rtcm_msgs/share/rtcm_msgs/package.ps1'
[2.055s] colcon.colcon_core.shell INFO Creating package descriptor '/home/jsmoon/yax_jeju/install/rtcm_msgs/share/rtcm_msgs/package.dsv'
[2.056s] colcon.colcon_core.shell INFO Creating package script '/home/jsmoon/yax_jeju/install/rtcm_msgs/share/rtcm_msgs/package.sh'
[2.056s] colcon.colcon_core.shell INFO Creating package script '/home/jsmoon/yax_jeju/install/rtcm_msgs/share/rtcm_msgs/package.bash'
[2.056s] colcon.colcon_core.shell INFO Creating package script '/home/jsmoon/yax_jeju/install/rtcm_msgs/share/rtcm_msgs/package.zsh'
[2.057s] colcon.colcon_core.environment Level 1 create_file_with_runtime_dependencies(/home/jsmoon/yax_jeju/install/rtcm_msgs/share/colcon-core/packages/rtcm_msgs)
[2.095s] colcon.colcon_core.environment Level 1 create_environment_scripts_only(interfaces_pkg)
[2.095s] colcon.colcon_core.environment Level 1 checking '/home/jsmoon/yax_jeju/install/interfaces_pkg' for CMake module files
[2.096s] colcon.colcon_core.environment Level 1 checking '/home/jsmoon/yax_jeju/install/interfaces_pkg' for CMake config files
[2.097s] colcon.colcon_core.shell Level 1 create_environment_hook('interfaces_pkg', 'cmake_prefix_path')
[2.098s] colcon.colcon_core.shell INFO Creating environment hook '/home/jsmoon/yax_jeju/install/interfaces_pkg/share/interfaces_pkg/hook/cmake_prefix_path.ps1'
[2.098s] colcon.colcon_core.event_handler.log_command DEBUG Invoked command in '/home/jsmoon/yax_jeju/build/interfaces_pkg' returned '0': CMAKE_PREFIX_PATH=${CMAKE_PREFIX_PATH}:/home/jsmoon/yax_jeju/install/my_custom_pkg:/home/jsmoon/yax_jeju/install/serial_communication_pkg:/home/jsmoon/yax_jeju/install/ntrip_client:/home/jsmoon/yax_jeju/install/lidar_perception_pkg:/home/jsmoon/yax_jeju/install/latlong_utm:/home/jsmoon/yax_jeju/install/decision_making_pkg:/home/jsmoon/yax_jeju/install/debug_pkg:/home/jsmoon/yax_jeju/install/camera_perception_pkg:/opt/ros/humble /usr/bin/cmake --install /home/jsmoon/yax_jeju/build/interfaces_pkg
[2.099s] colcon.colcon_core.shell INFO Creating environment descriptor '/home/jsmoon/yax_jeju/install/interfaces_pkg/share/interfaces_pkg/hook/cmake_prefix_path.dsv'
[2.099s] colcon.colcon_core.shell INFO Creating environment hook '/home/jsmoon/yax_jeju/install/interfaces_pkg/share/interfaces_pkg/hook/cmake_prefix_path.sh'
[2.100s] colcon.colcon_core.environment Level 1 checking '/home/jsmoon/yax_jeju/install/interfaces_pkg/lib'
[2.100s] colcon.colcon_core.shell Level 1 create_environment_hook('interfaces_pkg', 'ld_library_path_lib')
[2.100s] colcon.colcon_core.shell INFO Creating environment hook '/home/jsmoon/yax_jeju/install/interfaces_pkg/share/interfaces_pkg/hook/ld_library_path_lib.ps1'
[2.100s] colcon.colcon_core.shell INFO Creating environment descriptor '/home/jsmoon/yax_jeju/install/interfaces_pkg/share/interfaces_pkg/hook/ld_library_path_lib.dsv'
[2.100s] colcon.colcon_core.shell INFO Creating environment hook '/home/jsmoon/yax_jeju/install/interfaces_pkg/share/interfaces_pkg/hook/ld_library_path_lib.sh'
[2.101s] colcon.colcon_core.environment Level 1 checking '/home/jsmoon/yax_jeju/install/interfaces_pkg/bin'
[2.101s] colcon.colcon_core.environment Level 1 checking '/home/jsmoon/yax_jeju/install/interfaces_pkg/lib/pkgconfig/interfaces_pkg.pc'
[2.101s] colcon.colcon_core.environment Level 1 checking '/home/jsmoon/yax_jeju/install/interfaces_pkg/lib/python3.10/site-packages'
[2.101s] colcon.colcon_core.environment Level 1 checking '/home/jsmoon/yax_jeju/install/interfaces_pkg/bin'
[2.102s] colcon.colcon_core.shell INFO Creating package script '/home/jsmoon/yax_jeju/install/interfaces_pkg/share/interfaces_pkg/package.ps1'
[2.102s] colcon.colcon_core.shell INFO Creating package descriptor '/home/jsmoon/yax_jeju/install/interfaces_pkg/share/interfaces_pkg/package.dsv'
[2.103s] colcon.colcon_core.shell INFO Creating package script '/home/jsmoon/yax_jeju/install/interfaces_pkg/share/interfaces_pkg/package.sh'
[2.103s] colcon.colcon_core.shell INFO Creating package script '/home/jsmoon/yax_jeju/install/interfaces_pkg/share/interfaces_pkg/package.bash'
[2.103s] colcon.colcon_core.shell INFO Creating package script '/home/jsmoon/yax_jeju/install/interfaces_pkg/share/interfaces_pkg/package.zsh'
[2.104s] colcon.colcon_core.environment Level 1 create_file_with_runtime_dependencies(/home/jsmoon/yax_jeju/install/interfaces_pkg/share/colcon-core/packages/interfaces_pkg)
[2.104s] colcon.colcon_core.environment Level 1 create_environment_scripts_only(interfaces_pkg)
[2.104s] colcon.colcon_core.environment Level 1 checking '/home/jsmoon/yax_jeju/install/interfaces_pkg' for CMake module files
[2.105s] colcon.colcon_core.environment Level 1 checking '/home/jsmoon/yax_jeju/install/interfaces_pkg' for CMake config files
[2.107s] colcon.colcon_core.shell Level 1 create_environment_hook('interfaces_pkg', 'cmake_prefix_path')
[2.107s] colcon.colcon_core.shell INFO Creating environment hook '/home/jsmoon/yax_jeju/install/interfaces_pkg/share/interfaces_pkg/hook/cmake_prefix_path.ps1'
[2.108s] colcon.colcon_core.shell INFO Creating environment descriptor '/home/jsmoon/yax_jeju/install/interfaces_pkg/share/interfaces_pkg/hook/cmake_prefix_path.dsv'
[2.108s] colcon.colcon_core.shell INFO Creating environment hook '/home/jsmoon/yax_jeju/install/interfaces_pkg/share/interfaces_pkg/hook/cmake_prefix_path.sh'
[2.108s] colcon.colcon_core.environment Level 1 checking '/home/jsmoon/yax_jeju/install/interfaces_pkg/lib'
[2.108s] colcon.colcon_core.shell Level 1 create_environment_hook('interfaces_pkg', 'ld_library_path_lib')
[2.109s] colcon.colcon_core.shell INFO Creating environment hook '/home/jsmoon/yax_jeju/install/interfaces_pkg/share/interfaces_pkg/hook/ld_library_path_lib.ps1'
[2.109s] colcon.colcon_core.shell INFO Creating environment descriptor '/home/jsmoon/yax_jeju/install/interfaces_pkg/share/interfaces_pkg/hook/ld_library_path_lib.dsv'
[2.109s] colcon.colcon_core.shell INFO Creating environment hook '/home/jsmoon/yax_jeju/install/interfaces_pkg/share/interfaces_pkg/hook/ld_library_path_lib.sh'
[2.110s] colcon.colcon_core.environment Level 1 checking '/home/jsmoon/yax_jeju/install/interfaces_pkg/bin'
[2.110s] colcon.colcon_core.environment Level 1 checking '/home/jsmoon/yax_jeju/install/interfaces_pkg/lib/pkgconfig/interfaces_pkg.pc'
[2.110s] colcon.colcon_core.environment Level 1 checking '/home/jsmoon/yax_jeju/install/interfaces_pkg/lib/python3.10/site-packages'
[2.110s] colcon.colcon_core.environment Level 1 checking '/home/jsmoon/yax_jeju/install/interfaces_pkg/bin'
[2.111s] colcon.colcon_core.shell INFO Creating package script '/home/jsmoon/yax_jeju/install/interfaces_pkg/share/interfaces_pkg/package.ps1'
[2.111s] colcon.colcon_core.shell INFO Creating package descriptor '/home/jsmoon/yax_jeju/install/interfaces_pkg/share/interfaces_pkg/package.dsv'
[2.112s] colcon.colcon_core.shell INFO Creating package script '/home/jsmoon/yax_jeju/install/interfaces_pkg/share/interfaces_pkg/package.sh'
[2.112s] colcon.colcon_core.shell INFO Creating package script '/home/jsmoon/yax_jeju/install/interfaces_pkg/share/interfaces_pkg/package.bash'
[2.112s] colcon.colcon_core.shell INFO Creating package script '/home/jsmoon/yax_jeju/install/interfaces_pkg/share/interfaces_pkg/package.zsh'
[2.113s] colcon.colcon_core.environment Level 1 create_file_with_runtime_dependencies(/home/jsmoon/yax_jeju/install/interfaces_pkg/share/colcon-core/packages/interfaces_pkg)
[2.352s] colcon.colcon_core.event_handler.log_command DEBUG Invoking command in '/home/jsmoon/yax_jeju/build/latlong_utm': PYTHONPATH=/home/jsmoon/yax_jeju/build/latlong_utm/prefix_override:/usr/lib/python3/dist-packages/colcon_core/task/python/colcon_distutils_commands:/home/jsmoon/yax_jeju/install/latlong_utm/lib/python3.10/site-packages:${PYTHONPATH} /usr/bin/python3 -W ignore:setup.py install is deprecated -W ignore:easy_install command is deprecated setup.py develop --editable --build-directory /home/jsmoon/yax_jeju/build/latlong_utm/build --no-deps symlink_data
[2.356s] colcon.colcon_core.event_handler.log_command DEBUG Invoking command in '/home/jsmoon/yax_jeju/build/lidar_perception_pkg': PYTHONPATH=/home/jsmoon/yax_jeju/build/lidar_perception_pkg/prefix_override:/usr/lib/python3/dist-packages/colcon_core/task/python/colcon_distutils_commands:/home/jsmoon/yax_jeju/install/lidar_perception_pkg/lib/python3.10/site-packages:${PYTHONPATH} /usr/bin/python3 -W ignore:setup.py install is deprecated -W ignore:easy_install command is deprecated setup.py develop --editable --build-directory /home/jsmoon/yax_jeju/build/lidar_perception_pkg/build --no-deps symlink_data
[2.372s] colcon.colcon_core.event_handler.log_command DEBUG Invoking command in '/home/jsmoon/yax_jeju/build/serial_communication_pkg': PYTHONPATH=/home/jsmoon/yax_jeju/build/serial_communication_pkg/prefix_override:/usr/lib/python3/dist-packages/colcon_core/task/python/colcon_distutils_commands:/home/jsmoon/yax_jeju/install/serial_communication_pkg/lib/python3.10/site-packages:${PYTHONPATH} /usr/bin/python3 -W ignore:setup.py install is deprecated -W ignore:easy_install command is deprecated setup.py develop --editable --build-directory /home/jsmoon/yax_jeju/build/serial_communication_pkg/build --no-deps symlink_data
[2.390s] colcon.colcon_core.event_handler.log_command DEBUG Invoking command in '/home/jsmoon/yax_jeju/build/debug_pkg': PYTHONPATH=/home/jsmoon/yax_jeju/build/debug_pkg/prefix_override:/usr/lib/python3/dist-packages/colcon_core/task/python/colcon_distutils_commands:/home/jsmoon/yax_jeju/install/debug_pkg/lib/python3.10/site-packages:${PYTHONPATH} /usr/bin/python3 -W ignore:setup.py install is deprecated -W ignore:easy_install command is deprecated setup.py develop --editable --build-directory /home/jsmoon/yax_jeju/build/debug_pkg/build --no-deps symlink_data
[2.392s] colcon.colcon_core.event_handler.log_command DEBUG Invoking command in '/home/jsmoon/yax_jeju/build/decision_making_pkg': PYTHONPATH=/home/jsmoon/yax_jeju/build/decision_making_pkg/prefix_override:/usr/lib/python3/dist-packages/colcon_core/task/python/colcon_distutils_commands:/home/jsmoon/yax_jeju/install/decision_making_pkg/lib/python3.10/site-packages:${PYTHONPATH} /usr/bin/python3 -W ignore:setup.py install is deprecated -W ignore:easy_install command is deprecated setup.py develop --editable --build-directory /home/jsmoon/yax_jeju/build/decision_making_pkg/build --no-deps symlink_data
[2.422s] colcon.colcon_core.event_handler.log_command DEBUG Invoking command in '/home/jsmoon/yax_jeju/build/camera_perception_pkg': PYTHONPATH=/home/jsmoon/yax_jeju/build/camera_perception_pkg/prefix_override:/usr/lib/python3/dist-packages/colcon_core/task/python/colcon_distutils_commands:/home/jsmoon/yax_jeju/install/camera_perception_pkg/lib/python3.10/site-packages:${PYTHONPATH} /usr/bin/python3 -W ignore:setup.py install is deprecated -W ignore:easy_install command is deprecated setup.py develop --editable --build-directory /home/jsmoon/yax_jeju/build/camera_perception_pkg/build --no-deps symlink_data
[2.428s] colcon.colcon_core.event_handler.log_command DEBUG Invoking command in '/home/jsmoon/yax_jeju/build/ntrip_client': PYTHONPATH=/home/jsmoon/yax_jeju/build/ntrip_client/prefix_override:/usr/lib/python3/dist-packages/colcon_core/task/python/colcon_distutils_commands:/home/jsmoon/yax_jeju/install/ntrip_client/lib/python3.10/site-packages:${PYTHONPATH} /usr/bin/python3 -W ignore:setup.py install is deprecated -W ignore:easy_install command is deprecated setup.py develop --editable --build-directory /home/jsmoon/yax_jeju/build/ntrip_client/build --no-deps symlink_data
[2.502s] colcon.colcon_core.event_handler.log_command DEBUG Invoked command in '/home/jsmoon/yax_jeju/build/ublox_msgs' returned '0': CMAKE_PREFIX_PATH=/home/jsmoon/yax_jeju/install/ublox_serialization:/home/jsmoon/yax_jeju/install/launch_pkg:/home/jsmoon/yax_jeju/install/ydlidar_ros2_driver:/home/jsmoon/yax_jeju/install/ublox:/home/jsmoon/yax_jeju/install/ublox_gps:/home/jsmoon/yax_jeju/install/fix2nmea:/home/jsmoon/yax_jeju/install/ublox_msgs:/home/jsmoon/yax_jeju/install/rtcm_msgs:/home/jsmoon/yax_jeju/install/interfaces_pkg:/home/jsmoon/ydlidar_ws/install/ydlidar_ros2_driver:/home/jsmoon/yax_jeju/install/my_custom_pkg:/home/jsmoon/yax_jeju/install/serial_communication_pkg:/home/jsmoon/yax_jeju/install/ntrip_client:/home/jsmoon/yax_jeju/install/lidar_perception_pkg:/home/jsmoon/yax_jeju/install/latlong_utm:/home/jsmoon/yax_jeju/install/decision_making_pkg:/home/jsmoon/yax_jeju/install/debug_pkg:/home/jsmoon/yax_jeju/install/camera_perception_pkg:/opt/ros/humble /usr/bin/cmake --build /home/jsmoon/yax_jeju/build/ublox_msgs -- -j16 -l16
[2.504s] colcon.colcon_core.event_handler.log_command DEBUG Invoking command in '/home/jsmoon/yax_jeju/build/ublox_msgs': CMAKE_PREFIX_PATH=/home/jsmoon/yax_jeju/install/ublox_serialization:/home/jsmoon/yax_jeju/install/launch_pkg:/home/jsmoon/yax_jeju/install/ydlidar_ros2_driver:/home/jsmoon/yax_jeju/install/ublox:/home/jsmoon/yax_jeju/install/ublox_gps:/home/jsmoon/yax_jeju/install/fix2nmea:/home/jsmoon/yax_jeju/install/ublox_msgs:/home/jsmoon/yax_jeju/install/rtcm_msgs:/home/jsmoon/yax_jeju/install/interfaces_pkg:/home/jsmoon/ydlidar_ws/install/ydlidar_ros2_driver:/home/jsmoon/yax_jeju/install/my_custom_pkg:/home/jsmoon/yax_jeju/install/serial_communication_pkg:/home/jsmoon/yax_jeju/install/ntrip_client:/home/jsmoon/yax_jeju/install/lidar_perception_pkg:/home/jsmoon/yax_jeju/install/latlong_utm:/home/jsmoon/yax_jeju/install/decision_making_pkg:/home/jsmoon/yax_jeju/install/debug_pkg:/home/jsmoon/yax_jeju/install/camera_perception_pkg:/opt/ros/humble /usr/bin/cmake --install /home/jsmoon/yax_jeju/build/ublox_msgs
[2.826s] colcon.colcon_core.environment Level 1 create_environment_scripts_only(ublox_msgs)
[2.827s] colcon.colcon_core.environment Level 1 checking '/home/jsmoon/yax_jeju/install/ublox_msgs' for CMake module files
[2.827s] colcon.colcon_core.event_handler.log_command DEBUG Invoked command in '/home/jsmoon/yax_jeju/build/ublox_msgs' returned '0': CMAKE_PREFIX_PATH=/home/jsmoon/yax_jeju/install/ublox_serialization:/home/jsmoon/yax_jeju/install/launch_pkg:/home/jsmoon/yax_jeju/install/ydlidar_ros2_driver:/home/jsmoon/yax_jeju/install/ublox:/home/jsmoon/yax_jeju/install/ublox_gps:/home/jsmoon/yax_jeju/install/fix2nmea:/home/jsmoon/yax_jeju/install/ublox_msgs:/home/jsmoon/yax_jeju/install/rtcm_msgs:/home/jsmoon/yax_jeju/install/interfaces_pkg:/home/jsmoon/ydlidar_ws/install/ydlidar_ros2_driver:/home/jsmoon/yax_jeju/install/my_custom_pkg:/home/jsmoon/yax_jeju/install/serial_communication_pkg:/home/jsmoon/yax_jeju/install/ntrip_client:/home/jsmoon/yax_jeju/install/lidar_perception_pkg:/home/jsmoon/yax_jeju/install/latlong_utm:/home/jsmoon/yax_jeju/install/decision_making_pkg:/home/jsmoon/yax_jeju/install/debug_pkg:/home/jsmoon/yax_jeju/install/camera_perception_pkg:/opt/ros/humble /usr/bin/cmake --install /home/jsmoon/yax_jeju/build/ublox_msgs
[2.828s] colcon.colcon_core.environment Level 1 checking '/home/jsmoon/yax_jeju/install/ublox_msgs' for CMake config files
[2.835s] colcon.colcon_core.shell Level 1 create_environment_hook('ublox_msgs', 'cmake_prefix_path')
[2.836s] colcon.colcon_core.shell INFO Creating environment hook '/home/jsmoon/yax_jeju/install/ublox_msgs/share/ublox_msgs/hook/cmake_prefix_path.ps1'
[2.836s] colcon.colcon_core.shell INFO Creating environment descriptor '/home/jsmoon/yax_jeju/install/ublox_msgs/share/ublox_msgs/hook/cmake_prefix_path.dsv'
[2.837s] colcon.colcon_core.shell INFO Creating environment hook '/home/jsmoon/yax_jeju/install/ublox_msgs/share/ublox_msgs/hook/cmake_prefix_path.sh'
[2.837s] colcon.colcon_core.environment Level 1 checking '/home/jsmoon/yax_jeju/install/ublox_msgs/lib'
[2.837s] colcon.colcon_core.shell Level 1 create_environment_hook('ublox_msgs', 'ld_library_path_lib')
[2.838s] colcon.colcon_core.shell INFO Creating environment hook '/home/jsmoon/yax_jeju/install/ublox_msgs/share/ublox_msgs/hook/ld_library_path_lib.ps1'
[2.838s] colcon.colcon_core.shell INFO Creating environment descriptor '/home/jsmoon/yax_jeju/install/ublox_msgs/share/ublox_msgs/hook/ld_library_path_lib.dsv'
[2.838s] colcon.colcon_core.shell INFO Creating environment hook '/home/jsmoon/yax_jeju/install/ublox_msgs/share/ublox_msgs/hook/ld_library_path_lib.sh'
[2.839s] colcon.colcon_core.environment Level 1 checking '/home/jsmoon/yax_jeju/install/ublox_msgs/bin'
[2.839s] colcon.colcon_core.environment Level 1 checking '/home/jsmoon/yax_jeju/install/ublox_msgs/lib/pkgconfig/ublox_msgs.pc'
[2.839s] colcon.colcon_core.environment Level 1 checking '/home/jsmoon/yax_jeju/install/ublox_msgs/lib/python3.10/site-packages'
[2.839s] colcon.colcon_core.environment Level 1 checking '/home/jsmoon/yax_jeju/install/ublox_msgs/bin'
[2.839s] colcon.colcon_core.shell INFO Creating package script '/home/jsmoon/yax_jeju/install/ublox_msgs/share/ublox_msgs/package.ps1'
[2.840s] colcon.colcon_core.shell INFO Creating package descriptor '/home/jsmoon/yax_jeju/install/ublox_msgs/share/ublox_msgs/package.dsv'
[2.840s] colcon.colcon_core.shell INFO Creating package script '/home/jsmoon/yax_jeju/install/ublox_msgs/share/ublox_msgs/package.sh'
[2.841s] colcon.colcon_core.shell INFO Creating package script '/home/jsmoon/yax_jeju/install/ublox_msgs/share/ublox_msgs/package.bash'
[2.841s] colcon.colcon_core.shell INFO Creating package script '/home/jsmoon/yax_jeju/install/ublox_msgs/share/ublox_msgs/package.zsh'
[2.841s] colcon.colcon_core.environment Level 1 create_file_with_runtime_dependencies(/home/jsmoon/yax_jeju/install/ublox_msgs/share/colcon-core/packages/ublox_msgs)
[2.842s] colcon.colcon_core.environment Level 1 create_environment_scripts_only(ublox_msgs)
[2.842s] colcon.colcon_core.environment Level 1 checking '/home/jsmoon/yax_jeju/install/ublox_msgs' for CMake module files
[2.843s] colcon.colcon_core.environment Level 1 checking '/home/jsmoon/yax_jeju/install/ublox_msgs' for CMake config files
[2.849s] colcon.colcon_core.shell Level 1 create_environment_hook('ublox_msgs', 'cmake_prefix_path')
[2.850s] colcon.colcon_core.shell INFO Creating environment hook '/home/jsmoon/yax_jeju/install/ublox_msgs/share/ublox_msgs/hook/cmake_prefix_path.ps1'
[2.850s] colcon.colcon_core.shell INFO Creating environment descriptor '/home/jsmoon/yax_jeju/install/ublox_msgs/share/ublox_msgs/hook/cmake_prefix_path.dsv'
[2.850s] colcon.colcon_core.shell INFO Creating environment hook '/home/jsmoon/yax_jeju/install/ublox_msgs/share/ublox_msgs/hook/cmake_prefix_path.sh'
[2.851s] colcon.colcon_core.environment Level 1 checking '/home/jsmoon/yax_jeju/install/ublox_msgs/lib'
[2.851s] colcon.colcon_core.shell Level 1 create_environment_hook('ublox_msgs', 'ld_library_path_lib')
[2.851s] colcon.colcon_core.shell INFO Creating environment hook '/home/jsmoon/yax_jeju/install/ublox_msgs/share/ublox_msgs/hook/ld_library_path_lib.ps1'
[2.851s] colcon.colcon_core.shell INFO Creating environment descriptor '/home/jsmoon/yax_jeju/install/ublox_msgs/share/ublox_msgs/hook/ld_library_path_lib.dsv'
[2.852s] colcon.colcon_core.shell INFO Creating environment hook '/home/jsmoon/yax_jeju/install/ublox_msgs/share/ublox_msgs/hook/ld_library_path_lib.sh'
[2.852s] colcon.colcon_core.environment Level 1 checking '/home/jsmoon/yax_jeju/install/ublox_msgs/bin'
[2.852s] colcon.colcon_core.environment Level 1 checking '/home/jsmoon/yax_jeju/install/ublox_msgs/lib/pkgconfig/ublox_msgs.pc'
[2.853s] colcon.colcon_core.environment Level 1 checking '/home/jsmoon/yax_jeju/install/ublox_msgs/lib/python3.10/site-packages'
[2.853s] colcon.colcon_core.environment Level 1 checking '/home/jsmoon/yax_jeju/install/ublox_msgs/bin'
[2.853s] colcon.colcon_core.shell INFO Creating package script '/home/jsmoon/yax_jeju/install/ublox_msgs/share/ublox_msgs/package.ps1'
[2.854s] colcon.colcon_core.shell INFO Creating package descriptor '/home/jsmoon/yax_jeju/install/ublox_msgs/share/ublox_msgs/package.dsv'
[2.854s] colcon.colcon_core.shell INFO Creating package script '/home/jsmoon/yax_jeju/install/ublox_msgs/share/ublox_msgs/package.sh'
[2.854s] colcon.colcon_core.shell INFO Creating package script '/home/jsmoon/yax_jeju/install/ublox_msgs/share/ublox_msgs/package.bash'
[2.854s] colcon.colcon_core.shell INFO Creating package script '/home/jsmoon/yax_jeju/install/ublox_msgs/share/ublox_msgs/package.zsh'
[2.855s] colcon.colcon_core.environment Level 1 create_file_with_runtime_dependencies(/home/jsmoon/yax_jeju/install/ublox_msgs/share/colcon-core/packages/ublox_msgs)
[2.855s] colcon.colcon_ros.task.ament_cmake.build INFO Building ROS package in '/home/jsmoon/yax_jeju/src/RTK_GPS_NTRIP/ublox_gps' with build type 'ament_cmake'
[2.855s] colcon.colcon_cmake.task.cmake.build INFO Building CMake package in '/home/jsmoon/yax_jeju/src/RTK_GPS_NTRIP/ublox_gps'
[2.855s] colcon.colcon_core.shell INFO Skip shell extension 'powershell' for command environment: Not usable outside of PowerShell
[2.856s] colcon.colcon_core.shell DEBUG Skip shell extension 'dsv' for command environment
[2.859s] colcon.colcon_ros.task.ament_cmake.build INFO Building ROS package in '/home/jsmoon/yax_jeju/src/RTK_GPS_NTRIP/fix2nmea' with build type 'ament_cmake'
[2.860s] colcon.colcon_cmake.task.cmake.build INFO Building CMake package in '/home/jsmoon/yax_jeju/src/RTK_GPS_NTRIP/fix2nmea'
[2.860s] colcon.colcon_core.shell INFO Skip shell extension 'powershell' for command environment: Not usable outside of PowerShell
[2.860s] colcon.colcon_core.shell DEBUG Skip shell extension 'dsv' for command environment
[2.865s] colcon.colcon_core.shell Level 1 create_environment_hook('latlong_utm', 'pythonpath_develop')
[2.866s] colcon.colcon_core.shell INFO Creating environment hook '/home/jsmoon/yax_jeju/build/latlong_utm/share/latlong_utm/hook/pythonpath_develop.ps1'
[2.867s] colcon.colcon_core.shell INFO Creating environment descriptor '/home/jsmoon/yax_jeju/build/latlong_utm/share/latlong_utm/hook/pythonpath_develop.dsv'
[2.868s] colcon.colcon_core.event_handler.log_command DEBUG Invoked command in '/home/jsmoon/yax_jeju/build/latlong_utm' returned '0': PYTHONPATH=/home/jsmoon/yax_jeju/build/latlong_utm/prefix_override:/usr/lib/python3/dist-packages/colcon_core/task/python/colcon_distutils_commands:/home/jsmoon/yax_jeju/install/latlong_utm/lib/python3.10/site-packages:${PYTHONPATH} /usr/bin/python3 -W ignore:setup.py install is deprecated -W ignore:easy_install command is deprecated setup.py develop --editable --build-directory /home/jsmoon/yax_jeju/build/latlong_utm/build --no-deps symlink_data
[2.869s] colcon.colcon_core.shell INFO Creating environment hook '/home/jsmoon/yax_jeju/build/latlong_utm/share/latlong_utm/hook/pythonpath_develop.sh'
[2.869s] colcon.colcon_core.environment Level 1 checking '/home/jsmoon/yax_jeju/install/latlong_utm' for CMake module files
[2.870s] colcon.colcon_core.environment Level 1 checking '/home/jsmoon/yax_jeju/install/latlong_utm' for CMake config files
[2.870s] colcon.colcon_core.environment Level 1 checking '/home/jsmoon/yax_jeju/install/latlong_utm/lib'
[2.870s] colcon.colcon_core.environment Level 1 checking '/home/jsmoon/yax_jeju/install/latlong_utm/bin'
[2.870s] colcon.colcon_core.environment Level 1 checking '/home/jsmoon/yax_jeju/install/latlong_utm/lib/pkgconfig/latlong_utm.pc'
[2.871s] colcon.colcon_core.environment Level 1 checking '/home/jsmoon/yax_jeju/install/latlong_utm/lib/python3.10/site-packages'
[2.871s] colcon.colcon_core.shell Level 1 create_environment_hook('latlong_utm', 'pythonpath')
[2.871s] colcon.colcon_core.shell INFO Creating environment hook '/home/jsmoon/yax_jeju/install/latlong_utm/share/latlong_utm/hook/pythonpath.ps1'
[2.871s] colcon.colcon_core.shell INFO Creating environment descriptor '/home/jsmoon/yax_jeju/install/latlong_utm/share/latlong_utm/hook/pythonpath.dsv'
[2.872s] colcon.colcon_core.shell INFO Creating environment hook '/home/jsmoon/yax_jeju/install/latlong_utm/share/latlong_utm/hook/pythonpath.sh'
[2.872s] colcon.colcon_core.environment Level 1 checking '/home/jsmoon/yax_jeju/install/latlong_utm/bin'
[2.872s] colcon.colcon_core.environment Level 1 create_environment_scripts_only(latlong_utm)
[2.873s] colcon.colcon_core.shell INFO Creating package script '/home/jsmoon/yax_jeju/install/latlong_utm/share/latlong_utm/package.ps1'
[2.873s] colcon.colcon_core.shell INFO Creating package descriptor '/home/jsmoon/yax_jeju/install/latlong_utm/share/latlong_utm/package.dsv'
[2.874s] colcon.colcon_core.shell INFO Creating package script '/home/jsmoon/yax_jeju/install/latlong_utm/share/latlong_utm/package.sh'
[2.874s] colcon.colcon_core.shell INFO Creating package script '/home/jsmoon/yax_jeju/install/latlong_utm/share/latlong_utm/package.bash'
[2.874s] colcon.colcon_core.shell INFO Creating package script '/home/jsmoon/yax_jeju/install/latlong_utm/share/latlong_utm/package.zsh'
[2.875s] colcon.colcon_core.environment Level 1 create_file_with_runtime_dependencies(/home/jsmoon/yax_jeju/install/latlong_utm/share/colcon-core/packages/latlong_utm)
[2.879s] colcon.colcon_core.event_handler.log_command DEBUG Invoking command in '/home/jsmoon/yax_jeju/build/ublox_gps': CMAKE_PREFIX_PATH=/home/jsmoon/yax_jeju/install/ublox_msgs:/home/jsmoon/yax_jeju/install/ublox_serialization:/home/jsmoon/yax_jeju/install/rtcm_msgs:/home/jsmoon/yax_jeju/install/launch_pkg:/home/jsmoon/yax_jeju/install/ydlidar_ros2_driver:/home/jsmoon/yax_jeju/install/ublox:/home/jsmoon/yax_jeju/install/ublox_gps:/home/jsmoon/yax_jeju/install/fix2nmea:/home/jsmoon/yax_jeju/install/interfaces_pkg:/home/jsmoon/ydlidar_ws/install/ydlidar_ros2_driver:/home/jsmoon/yax_jeju/install/my_custom_pkg:/home/jsmoon/yax_jeju/install/serial_communication_pkg:/home/jsmoon/yax_jeju/install/ntrip_client:/home/jsmoon/yax_jeju/install/lidar_perception_pkg:/home/jsmoon/yax_jeju/install/latlong_utm:/home/jsmoon/yax_jeju/install/decision_making_pkg:/home/jsmoon/yax_jeju/install/debug_pkg:/home/jsmoon/yax_jeju/install/camera_perception_pkg:/opt/ros/humble LD_LIBRARY_PATH=/home/jsmoon/yax_jeju/install/ublox_msgs/lib:/home/jsmoon/yax_jeju/install/rtcm_msgs/lib:/home/jsmoon/yax_jeju/install/ublox_gps/lib:/home/jsmoon/yax_jeju/install/interfaces_pkg/lib:/opt/ros/humble/opt/rviz_ogre_vendor/lib:/opt/ros/humble/lib/x86_64-linux-gnu:/opt/ros/humble/lib:/home/jsmoon/Desktop/JSMOON/MLCS/project1/Personalized-Adaptive-Cruise/external/acados/lib /usr/bin/cmake --build /home/jsmoon/yax_jeju/build/ublox_gps -- -j16 -l16
[2.881s] colcon.colcon_core.event_handler.log_command DEBUG Invoking command in '/home/jsmoon/yax_jeju/build/fix2nmea': CMAKE_PREFIX_PATH=/home/jsmoon/yax_jeju/install/ublox_msgs:/home/jsmoon/yax_jeju/install/ublox_serialization:/home/jsmoon/yax_jeju/install/launch_pkg:/home/jsmoon/yax_jeju/install/ydlidar_ros2_driver:/home/jsmoon/yax_jeju/install/ublox:/home/jsmoon/yax_jeju/install/ublox_gps:/home/jsmoon/yax_jeju/install/fix2nmea:/home/jsmoon/yax_jeju/install/rtcm_msgs:/home/jsmoon/yax_jeju/install/interfaces_pkg:/home/jsmoon/ydlidar_ws/install/ydlidar_ros2_driver:/home/jsmoon/yax_jeju/install/my_custom_pkg:/home/jsmoon/yax_jeju/install/serial_communication_pkg:/home/jsmoon/yax_jeju/install/ntrip_client:/home/jsmoon/yax_jeju/install/lidar_perception_pkg:/home/jsmoon/yax_jeju/install/latlong_utm:/home/jsmoon/yax_jeju/install/decision_making_pkg:/home/jsmoon/yax_jeju/install/debug_pkg:/home/jsmoon/yax_jeju/install/camera_perception_pkg:/opt/ros/humble LD_LIBRARY_PATH=/home/jsmoon/yax_jeju/install/ublox_msgs/lib:/home/jsmoon/yax_jeju/install/ublox_gps/lib:/home/jsmoon/yax_jeju/install/rtcm_msgs/lib:/home/jsmoon/yax_jeju/install/interfaces_pkg/lib:/opt/ros/humble/opt/rviz_ogre_vendor/lib:/opt/ros/humble/lib/x86_64-linux-gnu:/opt/ros/humble/lib:/home/jsmoon/Desktop/JSMOON/MLCS/project1/Personalized-Adaptive-Cruise/external/acados/lib /usr/bin/cmake --build /home/jsmoon/yax_jeju/build/fix2nmea -- -j16 -l16
[2.889s] colcon.colcon_core.shell Level 1 create_environment_hook('lidar_perception_pkg', 'pythonpath_develop')
[2.889s] colcon.colcon_core.shell INFO Creating environment hook '/home/jsmoon/yax_jeju/build/lidar_perception_pkg/share/lidar_perception_pkg/hook/pythonpath_develop.ps1'
[2.889s] colcon.colcon_core.event_handler.log_command DEBUG Invoked command in '/home/jsmoon/yax_jeju/build/lidar_perception_pkg' returned '0': PYTHONPATH=/home/jsmoon/yax_jeju/build/lidar_perception_pkg/prefix_override:/usr/lib/python3/dist-packages/colcon_core/task/python/colcon_distutils_commands:/home/jsmoon/yax_jeju/install/lidar_perception_pkg/lib/python3.10/site-packages:${PYTHONPATH} /usr/bin/python3 -W ignore:setup.py install is deprecated -W ignore:easy_install command is deprecated setup.py develop --editable --build-directory /home/jsmoon/yax_jeju/build/lidar_perception_pkg/build --no-deps symlink_data
[2.890s] colcon.colcon_core.shell INFO Creating environment descriptor '/home/jsmoon/yax_jeju/build/lidar_perception_pkg/share/lidar_perception_pkg/hook/pythonpath_develop.dsv'
[2.890s] colcon.colcon_core.shell INFO Creating environment hook '/home/jsmoon/yax_jeju/build/lidar_perception_pkg/share/lidar_perception_pkg/hook/pythonpath_develop.sh'
[2.891s] colcon.colcon_core.environment Level 1 checking '/home/jsmoon/yax_jeju/install/lidar_perception_pkg' for CMake module files
[2.891s] colcon.colcon_core.environment Level 1 checking '/home/jsmoon/yax_jeju/install/lidar_perception_pkg' for CMake config files
[2.891s] colcon.colcon_core.environment Level 1 checking '/home/jsmoon/yax_jeju/install/lidar_perception_pkg/lib'
[2.892s] colcon.colcon_core.environment Level 1 checking '/home/jsmoon/yax_jeju/install/lidar_perception_pkg/bin'
[2.892s] colcon.colcon_core.environment Level 1 checking '/home/jsmoon/yax_jeju/install/lidar_perception_pkg/lib/pkgconfig/lidar_perception_pkg.pc'
[2.892s] colcon.colcon_core.environment Level 1 checking '/home/jsmoon/yax_jeju/install/lidar_perception_pkg/lib/python3.10/site-packages'
[2.892s] colcon.colcon_core.shell Level 1 create_environment_hook('lidar_perception_pkg', 'pythonpath')
[2.892s] colcon.colcon_core.shell INFO Creating environment hook '/home/jsmoon/yax_jeju/install/lidar_perception_pkg/share/lidar_perception_pkg/hook/pythonpath.ps1'
[2.892s] colcon.colcon_core.shell INFO Creating environment descriptor '/home/jsmoon/yax_jeju/install/lidar_perception_pkg/share/lidar_perception_pkg/hook/pythonpath.dsv'
[2.893s] colcon.colcon_core.shell INFO Creating environment hook '/home/jsmoon/yax_jeju/install/lidar_perception_pkg/share/lidar_perception_pkg/hook/pythonpath.sh'
[2.893s] colcon.colcon_core.environment Level 1 checking '/home/jsmoon/yax_jeju/install/lidar_perception_pkg/bin'
[2.893s] colcon.colcon_core.environment Level 1 create_environment_scripts_only(lidar_perception_pkg)
[2.894s] colcon.colcon_core.shell INFO Creating package script '/home/jsmoon/yax_jeju/install/lidar_perception_pkg/share/lidar_perception_pkg/package.ps1'
[2.894s] colcon.colcon_core.shell INFO Creating package descriptor '/home/jsmoon/yax_jeju/install/lidar_perception_pkg/share/lidar_perception_pkg/package.dsv'
[2.895s] colcon.colcon_core.shell INFO Creating package script '/home/jsmoon/yax_jeju/install/lidar_perception_pkg/share/lidar_perception_pkg/package.sh'
[2.895s] colcon.colcon_core.shell INFO Creating package script '/home/jsmoon/yax_jeju/install/lidar_perception_pkg/share/lidar_perception_pkg/package.bash'
[2.895s] colcon.colcon_core.shell INFO Creating package script '/home/jsmoon/yax_jeju/install/lidar_perception_pkg/share/lidar_perception_pkg/package.zsh'
[2.896s] colcon.colcon_core.environment Level 1 create_file_with_runtime_dependencies(/home/jsmoon/yax_jeju/install/lidar_perception_pkg/share/colcon-core/packages/lidar_perception_pkg)
[2.896s] colcon.colcon_core.shell Level 1 create_environment_hook('decision_making_pkg', 'pythonpath_develop')
[2.897s] colcon.colcon_core.shell INFO Creating environment hook '/home/jsmoon/yax_jeju/build/decision_making_pkg/share/decision_making_pkg/hook/pythonpath_develop.ps1'
[2.897s] colcon.colcon_core.shell INFO Creating environment descriptor '/home/jsmoon/yax_jeju/build/decision_making_pkg/share/decision_making_pkg/hook/pythonpath_develop.dsv'
[2.897s] colcon.colcon_core.event_handler.log_command DEBUG Invoked command in '/home/jsmoon/yax_jeju/build/decision_making_pkg' returned '0': PYTHONPATH=/home/jsmoon/yax_jeju/build/decision_making_pkg/prefix_override:/usr/lib/python3/dist-packages/colcon_core/task/python/colcon_distutils_commands:/home/jsmoon/yax_jeju/install/decision_making_pkg/lib/python3.10/site-packages:${PYTHONPATH} /usr/bin/python3 -W ignore:setup.py install is deprecated -W ignore:easy_install command is deprecated setup.py develop --editable --build-directory /home/jsmoon/yax_jeju/build/decision_making_pkg/build --no-deps symlink_data
[2.898s] colcon.colcon_core.shell INFO Creating environment hook '/home/jsmoon/yax_jeju/build/decision_making_pkg/share/decision_making_pkg/hook/pythonpath_develop.sh'
[2.898s] colcon.colcon_core.environment Level 1 checking '/home/jsmoon/yax_jeju/install/decision_making_pkg' for CMake module files
[2.899s] colcon.colcon_core.environment Level 1 checking '/home/jsmoon/yax_jeju/install/decision_making_pkg' for CMake config files
[2.899s] colcon.colcon_core.environment Level 1 checking '/home/jsmoon/yax_jeju/install/decision_making_pkg/lib'
[2.899s] colcon.colcon_core.environment Level 1 checking '/home/jsmoon/yax_jeju/install/decision_making_pkg/bin'
[2.899s] colcon.colcon_core.environment Level 1 checking '/home/jsmoon/yax_jeju/install/decision_making_pkg/lib/pkgconfig/decision_making_pkg.pc'
[2.899s] colcon.colcon_core.environment Level 1 checking '/home/jsmoon/yax_jeju/install/decision_making_pkg/lib/python3.10/site-packages'
[2.899s] colcon.colcon_core.shell Level 1 create_environment_hook('decision_making_pkg', 'pythonpath')
[2.900s] colcon.colcon_core.shell INFO Creating environment hook '/home/jsmoon/yax_jeju/install/decision_making_pkg/share/decision_making_pkg/hook/pythonpath.ps1'
[2.900s] colcon.colcon_core.shell INFO Creating environment descriptor '/home/jsmoon/yax_jeju/install/decision_making_pkg/share/decision_making_pkg/hook/pythonpath.dsv'
[2.900s] colcon.colcon_core.shell INFO Creating environment hook '/home/jsmoon/yax_jeju/install/decision_making_pkg/share/decision_making_pkg/hook/pythonpath.sh'
[2.901s] colcon.colcon_core.environment Level 1 checking '/home/jsmoon/yax_jeju/install/decision_making_pkg/bin'
[2.901s] colcon.colcon_core.environment Level 1 create_environment_scripts_only(decision_making_pkg)
[2.901s] colcon.colcon_core.shell INFO Creating package script '/home/jsmoon/yax_jeju/install/decision_making_pkg/share/decision_making_pkg/package.ps1'
[2.901s] colcon.colcon_core.shell INFO Creating package descriptor '/home/jsmoon/yax_jeju/install/decision_making_pkg/share/decision_making_pkg/package.dsv'
[2.902s] colcon.colcon_core.shell INFO Creating package script '/home/jsmoon/yax_jeju/install/decision_making_pkg/share/decision_making_pkg/package.sh'
[2.902s] colcon.colcon_core.shell INFO Creating package script '/home/jsmoon/yax_jeju/install/decision_making_pkg/share/decision_making_pkg/package.bash'
[2.902s] colcon.colcon_core.shell INFO Creating package script '/home/jsmoon/yax_jeju/install/decision_making_pkg/share/decision_making_pkg/package.zsh'
[2.903s] colcon.colcon_core.environment Level 1 create_file_with_runtime_dependencies(/home/jsmoon/yax_jeju/install/decision_making_pkg/share/colcon-core/packages/decision_making_pkg)
[2.903s] colcon.colcon_core.shell Level 1 create_environment_hook('serial_communication_pkg', 'pythonpath_develop')
[2.903s] colcon.colcon_core.shell INFO Creating environment hook '/home/jsmoon/yax_jeju/build/serial_communication_pkg/share/serial_communication_pkg/hook/pythonpath_develop.ps1'
[2.904s] colcon.colcon_core.shell INFO Creating environment descriptor '/home/jsmoon/yax_jeju/build/serial_communication_pkg/share/serial_communication_pkg/hook/pythonpath_develop.dsv'
[2.904s] colcon.colcon_core.event_handler.log_command DEBUG Invoked command in '/home/jsmoon/yax_jeju/build/serial_communication_pkg' returned '0': PYTHONPATH=/home/jsmoon/yax_jeju/build/serial_communication_pkg/prefix_override:/usr/lib/python3/dist-packages/colcon_core/task/python/colcon_distutils_commands:/home/jsmoon/yax_jeju/install/serial_communication_pkg/lib/python3.10/site-packages:${PYTHONPATH} /usr/bin/python3 -W ignore:setup.py install is deprecated -W ignore:easy_install command is deprecated setup.py develop --editable --build-directory /home/jsmoon/yax_jeju/build/serial_communication_pkg/build --no-deps symlink_data
[2.905s] colcon.colcon_core.shell INFO Creating environment hook '/home/jsmoon/yax_jeju/build/serial_communication_pkg/share/serial_communication_pkg/hook/pythonpath_develop.sh'
[2.905s] colcon.colcon_core.environment Level 1 checking '/home/jsmoon/yax_jeju/install/serial_communication_pkg' for CMake module files
[2.906s] colcon.colcon_core.environment Level 1 checking '/home/jsmoon/yax_jeju/install/serial_communication_pkg' for CMake config files
[2.906s] colcon.colcon_core.environment Level 1 checking '/home/jsmoon/yax_jeju/install/serial_communication_pkg/lib'
[2.906s] colcon.colcon_core.environment Level 1 checking '/home/jsmoon/yax_jeju/install/serial_communication_pkg/bin'
[2.906s] colcon.colcon_core.environment Level 1 checking '/home/jsmoon/yax_jeju/install/serial_communication_pkg/lib/pkgconfig/serial_communication_pkg.pc'
[2.906s] colcon.colcon_core.environment Level 1 checking '/home/jsmoon/yax_jeju/install/serial_communication_pkg/lib/python3.10/site-packages'
[2.906s] colcon.colcon_core.shell Level 1 create_environment_hook('serial_communication_pkg', 'pythonpath')
[2.907s] colcon.colcon_core.shell INFO Creating environment hook '/home/jsmoon/yax_jeju/install/serial_communication_pkg/share/serial_communication_pkg/hook/pythonpath.ps1'
[2.908s] colcon.colcon_core.shell INFO Creating environment descriptor '/home/jsmoon/yax_jeju/install/serial_communication_pkg/share/serial_communication_pkg/hook/pythonpath.dsv'
[2.909s] colcon.colcon_core.shell INFO Creating environment hook '/home/jsmoon/yax_jeju/install/serial_communication_pkg/share/serial_communication_pkg/hook/pythonpath.sh'
[2.909s] colcon.colcon_core.environment Level 1 checking '/home/jsmoon/yax_jeju/install/serial_communication_pkg/bin'
[2.909s] colcon.colcon_core.environment Level 1 create_environment_scripts_only(serial_communication_pkg)
[2.910s] colcon.colcon_core.shell INFO Creating package script '/home/jsmoon/yax_jeju/install/serial_communication_pkg/share/serial_communication_pkg/package.ps1'
[2.910s] colcon.colcon_core.shell INFO Creating package descriptor '/home/jsmoon/yax_jeju/install/serial_communication_pkg/share/serial_communication_pkg/package.dsv'
[2.911s] colcon.colcon_core.shell INFO Creating package script '/home/jsmoon/yax_jeju/install/serial_communication_pkg/share/serial_communication_pkg/package.sh'
[2.911s] colcon.colcon_core.shell INFO Creating package script '/home/jsmoon/yax_jeju/install/serial_communication_pkg/share/serial_communication_pkg/package.bash'
[2.912s] colcon.colcon_core.shell INFO Creating package script '/home/jsmoon/yax_jeju/install/serial_communication_pkg/share/serial_communication_pkg/package.zsh'
[2.912s] colcon.colcon_core.environment Level 1 create_file_with_runtime_dependencies(/home/jsmoon/yax_jeju/install/serial_communication_pkg/share/colcon-core/packages/serial_communication_pkg)
[2.921s] colcon.colcon_core.shell Level 1 create_environment_hook('debug_pkg', 'pythonpath_develop')
[2.921s] colcon.colcon_core.shell INFO Creating environment hook '/home/jsmoon/yax_jeju/build/debug_pkg/share/debug_pkg/hook/pythonpath_develop.ps1'
[2.922s] colcon.colcon_core.event_handler.log_command DEBUG Invoked command in '/home/jsmoon/yax_jeju/build/debug_pkg' returned '0': PYTHONPATH=/home/jsmoon/yax_jeju/build/debug_pkg/prefix_override:/usr/lib/python3/dist-packages/colcon_core/task/python/colcon_distutils_commands:/home/jsmoon/yax_jeju/install/debug_pkg/lib/python3.10/site-packages:${PYTHONPATH} /usr/bin/python3 -W ignore:setup.py install is deprecated -W ignore:easy_install command is deprecated setup.py develop --editable --build-directory /home/jsmoon/yax_jeju/build/debug_pkg/build --no-deps symlink_data
[2.922s] colcon.colcon_core.shell INFO Creating environment descriptor '/home/jsmoon/yax_jeju/build/debug_pkg/share/debug_pkg/hook/pythonpath_develop.dsv'
[2.923s] colcon.colcon_core.shell INFO Creating environment hook '/home/jsmoon/yax_jeju/build/debug_pkg/share/debug_pkg/hook/pythonpath_develop.sh'
[2.923s] colcon.colcon_core.environment Level 1 checking '/home/jsmoon/yax_jeju/install/debug_pkg' for CMake module files
[2.923s] colcon.colcon_core.environment Level 1 checking '/home/jsmoon/yax_jeju/install/debug_pkg' for CMake config files
[2.924s] colcon.colcon_core.environment Level 1 checking '/home/jsmoon/yax_jeju/install/debug_pkg/lib'
[2.924s] colcon.colcon_core.environment Level 1 checking '/home/jsmoon/yax_jeju/install/debug_pkg/bin'
[2.924s] colcon.colcon_core.environment Level 1 checking '/home/jsmoon/yax_jeju/install/debug_pkg/lib/pkgconfig/debug_pkg.pc'
[2.924s] colcon.colcon_core.environment Level 1 checking '/home/jsmoon/yax_jeju/install/debug_pkg/lib/python3.10/site-packages'
[2.924s] colcon.colcon_core.shell Level 1 create_environment_hook('debug_pkg', 'pythonpath')
[2.924s] colcon.colcon_core.shell INFO Creating environment hook '/home/jsmoon/yax_jeju/install/debug_pkg/share/debug_pkg/hook/pythonpath.ps1'
[2.924s] colcon.colcon_core.shell INFO Creating environment descriptor '/home/jsmoon/yax_jeju/install/debug_pkg/share/debug_pkg/hook/pythonpath.dsv'
[2.925s] colcon.colcon_core.shell INFO Creating environment hook '/home/jsmoon/yax_jeju/install/debug_pkg/share/debug_pkg/hook/pythonpath.sh'
[2.925s] colcon.colcon_core.environment Level 1 checking '/home/jsmoon/yax_jeju/install/debug_pkg/bin'
[2.925s] colcon.colcon_core.environment Level 1 create_environment_scripts_only(debug_pkg)
[2.926s] colcon.colcon_core.shell INFO Creating package script '/home/jsmoon/yax_jeju/install/debug_pkg/share/debug_pkg/package.ps1'
[2.926s] colcon.colcon_core.shell INFO Creating package descriptor '/home/jsmoon/yax_jeju/install/debug_pkg/share/debug_pkg/package.dsv'
[2.926s] colcon.colcon_core.shell INFO Creating package script '/home/jsmoon/yax_jeju/install/debug_pkg/share/debug_pkg/package.sh'
[2.927s] colcon.colcon_core.shell INFO Creating package script '/home/jsmoon/yax_jeju/install/debug_pkg/share/debug_pkg/package.bash'
[2.927s] colcon.colcon_core.shell INFO Creating package script '/home/jsmoon/yax_jeju/install/debug_pkg/share/debug_pkg/package.zsh'
[2.927s] colcon.colcon_core.environment Level 1 create_file_with_runtime_dependencies(/home/jsmoon/yax_jeju/install/debug_pkg/share/colcon-core/packages/debug_pkg)
[2.962s] colcon.colcon_core.event_handler.log_command DEBUG Invoked command in '/home/jsmoon/yax_jeju/build/fix2nmea' returned '0': CMAKE_PREFIX_PATH=/home/jsmoon/yax_jeju/install/ublox_msgs:/home/jsmoon/yax_jeju/install/ublox_serialization:/home/jsmoon/yax_jeju/install/launch_pkg:/home/jsmoon/yax_jeju/install/ydlidar_ros2_driver:/home/jsmoon/yax_jeju/install/ublox:/home/jsmoon/yax_jeju/install/ublox_gps:/home/jsmoon/yax_jeju/install/fix2nmea:/home/jsmoon/yax_jeju/install/rtcm_msgs:/home/jsmoon/yax_jeju/install/interfaces_pkg:/home/jsmoon/ydlidar_ws/install/ydlidar_ros2_driver:/home/jsmoon/yax_jeju/install/my_custom_pkg:/home/jsmoon/yax_jeju/install/serial_communication_pkg:/home/jsmoon/yax_jeju/install/ntrip_client:/home/jsmoon/yax_jeju/install/lidar_perception_pkg:/home/jsmoon/yax_jeju/install/latlong_utm:/home/jsmoon/yax_jeju/install/decision_making_pkg:/home/jsmoon/yax_jeju/install/debug_pkg:/home/jsmoon/yax_jeju/install/camera_perception_pkg:/opt/ros/humble LD_LIBRARY_PATH=/home/jsmoon/yax_jeju/install/ublox_msgs/lib:/home/jsmoon/yax_jeju/install/ublox_gps/lib:/home/jsmoon/yax_jeju/install/rtcm_msgs/lib:/home/jsmoon/yax_jeju/install/interfaces_pkg/lib:/opt/ros/humble/opt/rviz_ogre_vendor/lib:/opt/ros/humble/lib/x86_64-linux-gnu:/opt/ros/humble/lib:/home/jsmoon/Desktop/JSMOON/MLCS/project1/Personalized-Adaptive-Cruise/external/acados/lib /usr/bin/cmake --build /home/jsmoon/yax_jeju/build/fix2nmea -- -j16 -l16
[2.964s] colcon.colcon_core.event_handler.log_command DEBUG Invoking command in '/home/jsmoon/yax_jeju/build/fix2nmea': CMAKE_PREFIX_PATH=/home/jsmoon/yax_jeju/install/ublox_msgs:/home/jsmoon/yax_jeju/install/ublox_serialization:/home/jsmoon/yax_jeju/install/launch_pkg:/home/jsmoon/yax_jeju/install/ydlidar_ros2_driver:/home/jsmoon/yax_jeju/install/ublox:/home/jsmoon/yax_jeju/install/ublox_gps:/home/jsmoon/yax_jeju/install/fix2nmea:/home/jsmoon/yax_jeju/install/rtcm_msgs:/home/jsmoon/yax_jeju/install/interfaces_pkg:/home/jsmoon/ydlidar_ws/install/ydlidar_ros2_driver:/home/jsmoon/yax_jeju/install/my_custom_pkg:/home/jsmoon/yax_jeju/install/serial_communication_pkg:/home/jsmoon/yax_jeju/install/ntrip_client:/home/jsmoon/yax_jeju/install/lidar_perception_pkg:/home/jsmoon/yax_jeju/install/latlong_utm:/home/jsmoon/yax_jeju/install/decision_making_pkg:/home/jsmoon/yax_jeju/install/debug_pkg:/home/jsmoon/yax_jeju/install/camera_perception_pkg:/opt/ros/humble LD_LIBRARY_PATH=/home/jsmoon/yax_jeju/install/ublox_msgs/lib:/home/jsmoon/yax_jeju/install/ublox_gps/lib:/home/jsmoon/yax_jeju/install/rtcm_msgs/lib:/home/jsmoon/yax_jeju/install/interfaces_pkg/lib:/opt/ros/humble/opt/rviz_ogre_vendor/lib:/opt/ros/humble/lib/x86_64-linux-gnu:/opt/ros/humble/lib:/home/jsmoon/Desktop/JSMOON/MLCS/project1/Personalized-Adaptive-Cruise/external/acados/lib /usr/bin/cmake --install /home/jsmoon/yax_jeju/build/fix2nmea
[2.985s] colcon.colcon_core.environment Level 1 create_environment_scripts_only(fix2nmea)
[2.985s] colcon.colcon_core.environment Level 1 checking '/home/jsmoon/yax_jeju/install/fix2nmea' for CMake module files
[2.986s] colcon.colcon_core.event_handler.log_command DEBUG Invoked command in '/home/jsmoon/yax_jeju/build/fix2nmea' returned '0': CMAKE_PREFIX_PATH=/home/jsmoon/yax_jeju/install/ublox_msgs:/home/jsmoon/yax_jeju/install/ublox_serialization:/home/jsmoon/yax_jeju/install/launch_pkg:/home/jsmoon/yax_jeju/install/ydlidar_ros2_driver:/home/jsmoon/yax_jeju/install/ublox:/home/jsmoon/yax_jeju/install/ublox_gps:/home/jsmoon/yax_jeju/install/fix2nmea:/home/jsmoon/yax_jeju/install/rtcm_msgs:/home/jsmoon/yax_jeju/install/interfaces_pkg:/home/jsmoon/ydlidar_ws/install/ydlidar_ros2_driver:/home/jsmoon/yax_jeju/install/my_custom_pkg:/home/jsmoon/yax_jeju/install/serial_communication_pkg:/home/jsmoon/yax_jeju/install/ntrip_client:/home/jsmoon/yax_jeju/install/lidar_perception_pkg:/home/jsmoon/yax_jeju/install/latlong_utm:/home/jsmoon/yax_jeju/install/decision_making_pkg:/home/jsmoon/yax_jeju/install/debug_pkg:/home/jsmoon/yax_jeju/install/camera_perception_pkg:/opt/ros/humble LD_LIBRARY_PATH=/home/jsmoon/yax_jeju/install/ublox_msgs/lib:/home/jsmoon/yax_jeju/install/ublox_gps/lib:/home/jsmoon/yax_jeju/install/rtcm_msgs/lib:/home/jsmoon/yax_jeju/install/interfaces_pkg/lib:/opt/ros/humble/opt/rviz_ogre_vendor/lib:/opt/ros/humble/lib/x86_64-linux-gnu:/opt/ros/humble/lib:/home/jsmoon/Desktop/JSMOON/MLCS/project1/Personalized-Adaptive-Cruise/external/acados/lib /usr/bin/cmake --install /home/jsmoon/yax_jeju/build/fix2nmea
[2.986s] colcon.colcon_core.environment Level 1 checking '/home/jsmoon/yax_jeju/install/fix2nmea' for CMake config files
[2.986s] colcon.colcon_core.shell Level 1 create_environment_hook('fix2nmea', 'cmake_prefix_path')
[2.987s] colcon.colcon_core.shell INFO Creating environment hook '/home/jsmoon/yax_jeju/install/fix2nmea/share/fix2nmea/hook/cmake_prefix_path.ps1'
[2.987s] colcon.colcon_core.shell INFO Creating environment descriptor '/home/jsmoon/yax_jeju/install/fix2nmea/share/fix2nmea/hook/cmake_prefix_path.dsv'
[2.987s] colcon.colcon_core.shell INFO Creating environment hook '/home/jsmoon/yax_jeju/install/fix2nmea/share/fix2nmea/hook/cmake_prefix_path.sh'
[2.988s] colcon.colcon_core.environment Level 1 checking '/home/jsmoon/yax_jeju/install/fix2nmea/lib'
[2.988s] colcon.colcon_core.environment Level 1 checking '/home/jsmoon/yax_jeju/install/fix2nmea/bin'
[2.988s] colcon.colcon_core.environment Level 1 checking '/home/jsmoon/yax_jeju/install/fix2nmea/lib/pkgconfig/fix2nmea.pc'
[2.988s] colcon.colcon_core.environment Level 1 checking '/home/jsmoon/yax_jeju/install/fix2nmea/lib/python3.10/site-packages'
[2.988s] colcon.colcon_core.environment Level 1 checking '/home/jsmoon/yax_jeju/install/fix2nmea/bin'
[2.988s] colcon.colcon_core.shell INFO Creating package script '/home/jsmoon/yax_jeju/install/fix2nmea/share/fix2nmea/package.ps1'
[2.989s] colcon.colcon_core.shell INFO Creating package descriptor '/home/jsmoon/yax_jeju/install/fix2nmea/share/fix2nmea/package.dsv'
[2.989s] colcon.colcon_core.shell INFO Creating package script '/home/jsmoon/yax_jeju/install/fix2nmea/share/fix2nmea/package.sh'
[2.989s] colcon.colcon_core.shell INFO Creating package script '/home/jsmoon/yax_jeju/install/fix2nmea/share/fix2nmea/package.bash'
[2.990s] colcon.colcon_core.shell INFO Creating package script '/home/jsmoon/yax_jeju/install/fix2nmea/share/fix2nmea/package.zsh'
[2.990s] colcon.colcon_core.environment Level 1 create_file_with_runtime_dependencies(/home/jsmoon/yax_jeju/install/fix2nmea/share/colcon-core/packages/fix2nmea)
[2.991s] colcon.colcon_core.environment Level 1 create_environment_scripts_only(fix2nmea)
[2.991s] colcon.colcon_core.environment Level 1 checking '/home/jsmoon/yax_jeju/install/fix2nmea' for CMake module files
[2.991s] colcon.colcon_core.environment Level 1 checking '/home/jsmoon/yax_jeju/install/fix2nmea' for CMake config files
[2.991s] colcon.colcon_core.shell Level 1 create_environment_hook('fix2nmea', 'cmake_prefix_path')
[2.991s] colcon.colcon_core.shell INFO Creating environment hook '/home/jsmoon/yax_jeju/install/fix2nmea/share/fix2nmea/hook/cmake_prefix_path.ps1'
[2.992s] colcon.colcon_core.shell INFO Creating environment descriptor '/home/jsmoon/yax_jeju/install/fix2nmea/share/fix2nmea/hook/cmake_prefix_path.dsv'
[2.992s] colcon.colcon_core.shell INFO Creating environment hook '/home/jsmoon/yax_jeju/install/fix2nmea/share/fix2nmea/hook/cmake_prefix_path.sh'
[2.993s] colcon.colcon_core.environment Level 1 checking '/home/jsmoon/yax_jeju/install/fix2nmea/lib'
[2.993s] colcon.colcon_core.environment Level 1 checking '/home/jsmoon/yax_jeju/install/fix2nmea/bin'
[2.993s] colcon.colcon_core.environment Level 1 checking '/home/jsmoon/yax_jeju/install/fix2nmea/lib/pkgconfig/fix2nmea.pc'
[2.993s] colcon.colcon_core.environment Level 1 checking '/home/jsmoon/yax_jeju/install/fix2nmea/lib/python3.10/site-packages'
[2.993s] colcon.colcon_core.environment Level 1 checking '/home/jsmoon/yax_jeju/install/fix2nmea/bin'
[2.993s] colcon.colcon_core.shell INFO Creating package script '/home/jsmoon/yax_jeju/install/fix2nmea/share/fix2nmea/package.ps1'
[2.994s] colcon.colcon_core.shell INFO Creating package descriptor '/home/jsmoon/yax_jeju/install/fix2nmea/share/fix2nmea/package.dsv'
[2.994s] colcon.colcon_core.shell INFO Creating package script '/home/jsmoon/yax_jeju/install/fix2nmea/share/fix2nmea/package.sh'
[2.995s] colcon.colcon_core.shell INFO Creating package script '/home/jsmoon/yax_jeju/install/fix2nmea/share/fix2nmea/package.bash'
[2.995s] colcon.colcon_core.shell INFO Creating package script '/home/jsmoon/yax_jeju/install/fix2nmea/share/fix2nmea/package.zsh'
[2.995s] colcon.colcon_core.environment Level 1 create_file_with_runtime_dependencies(/home/jsmoon/yax_jeju/install/fix2nmea/share/colcon-core/packages/fix2nmea)
[3.001s] colcon.colcon_core.shell Level 1 create_environment_hook('camera_perception_pkg', 'pythonpath_develop')
[3.001s] colcon.colcon_core.shell INFO Creating environment hook '/home/jsmoon/yax_jeju/build/camera_perception_pkg/share/camera_perception_pkg/hook/pythonpath_develop.ps1'
[3.001s] colcon.colcon_core.event_handler.log_command DEBUG Invoked command in '/home/jsmoon/yax_jeju/build/camera_perception_pkg' returned '0': PYTHONPATH=/home/jsmoon/yax_jeju/build/camera_perception_pkg/prefix_override:/usr/lib/python3/dist-packages/colcon_core/task/python/colcon_distutils_commands:/home/jsmoon/yax_jeju/install/camera_perception_pkg/lib/python3.10/site-packages:${PYTHONPATH} /usr/bin/python3 -W ignore:setup.py install is deprecated -W ignore:easy_install command is deprecated setup.py develop --editable --build-directory /home/jsmoon/yax_jeju/build/camera_perception_pkg/build --no-deps symlink_data
[3.002s] colcon.colcon_core.shell INFO Creating environment descriptor '/home/jsmoon/yax_jeju/build/camera_perception_pkg/share/camera_perception_pkg/hook/pythonpath_develop.dsv'
[3.002s] colcon.colcon_core.shell INFO Creating environment hook '/home/jsmoon/yax_jeju/build/camera_perception_pkg/share/camera_perception_pkg/hook/pythonpath_develop.sh'
[3.003s] colcon.colcon_core.environment Level 1 checking '/home/jsmoon/yax_jeju/install/camera_perception_pkg' for CMake module files
[3.003s] colcon.colcon_core.environment Level 1 checking '/home/jsmoon/yax_jeju/install/camera_perception_pkg' for CMake config files
[3.004s] colcon.colcon_core.environment Level 1 checking '/home/jsmoon/yax_jeju/install/camera_perception_pkg/lib'
[3.004s] colcon.colcon_core.environment Level 1 checking '/home/jsmoon/yax_jeju/install/camera_perception_pkg/bin'
[3.004s] colcon.colcon_core.environment Level 1 checking '/home/jsmoon/yax_jeju/install/camera_perception_pkg/lib/pkgconfig/camera_perception_pkg.pc'
[3.004s] colcon.colcon_core.environment Level 1 checking '/home/jsmoon/yax_jeju/install/camera_perception_pkg/lib/python3.10/site-packages'
[3.004s] colcon.colcon_core.shell Level 1 create_environment_hook('camera_perception_pkg', 'pythonpath')
[3.004s] colcon.colcon_core.shell INFO Creating environment hook '/home/jsmoon/yax_jeju/install/camera_perception_pkg/share/camera_perception_pkg/hook/pythonpath.ps1'
[3.005s] colcon.colcon_core.shell INFO Creating environment descriptor '/home/jsmoon/yax_jeju/install/camera_perception_pkg/share/camera_perception_pkg/hook/pythonpath.dsv'
[3.005s] colcon.colcon_core.shell INFO Creating environment hook '/home/jsmoon/yax_jeju/install/camera_perception_pkg/share/camera_perception_pkg/hook/pythonpath.sh'
[3.005s] colcon.colcon_core.environment Level 1 checking '/home/jsmoon/yax_jeju/install/camera_perception_pkg/bin'
[3.005s] colcon.colcon_core.environment Level 1 create_environment_scripts_only(camera_perception_pkg)
[3.006s] colcon.colcon_core.shell INFO Creating package script '/home/jsmoon/yax_jeju/install/camera_perception_pkg/share/camera_perception_pkg/package.ps1'
[3.006s] colcon.colcon_core.shell INFO Creating package descriptor '/home/jsmoon/yax_jeju/install/camera_perception_pkg/share/camera_perception_pkg/package.dsv'
[3.006s] colcon.colcon_core.shell INFO Creating package script '/home/jsmoon/yax_jeju/install/camera_perception_pkg/share/camera_perception_pkg/package.sh'
[3.007s] colcon.colcon_core.shell INFO Creating package script '/home/jsmoon/yax_jeju/install/camera_perception_pkg/share/camera_perception_pkg/package.bash'
[3.008s] colcon.colcon_core.shell INFO Creating package script '/home/jsmoon/yax_jeju/install/camera_perception_pkg/share/camera_perception_pkg/package.zsh'
[3.008s] colcon.colcon_core.environment Level 1 create_file_with_runtime_dependencies(/home/jsmoon/yax_jeju/install/camera_perception_pkg/share/colcon-core/packages/camera_perception_pkg)
[3.010s] colcon.colcon_core.event_handler.log_command DEBUG Invoked command in '/home/jsmoon/yax_jeju/build/ublox_gps' returned '0': CMAKE_PREFIX_PATH=/home/jsmoon/yax_jeju/install/ublox_msgs:/home/jsmoon/yax_jeju/install/ublox_serialization:/home/jsmoon/yax_jeju/install/rtcm_msgs:/home/jsmoon/yax_jeju/install/launch_pkg:/home/jsmoon/yax_jeju/install/ydlidar_ros2_driver:/home/jsmoon/yax_jeju/install/ublox:/home/jsmoon/yax_jeju/install/ublox_gps:/home/jsmoon/yax_jeju/install/fix2nmea:/home/jsmoon/yax_jeju/install/interfaces_pkg:/home/jsmoon/ydlidar_ws/install/ydlidar_ros2_driver:/home/jsmoon/yax_jeju/install/my_custom_pkg:/home/jsmoon/yax_jeju/install/serial_communication_pkg:/home/jsmoon/yax_jeju/install/ntrip_client:/home/jsmoon/yax_jeju/install/lidar_perception_pkg:/home/jsmoon/yax_jeju/install/latlong_utm:/home/jsmoon/yax_jeju/install/decision_making_pkg:/home/jsmoon/yax_jeju/install/debug_pkg:/home/jsmoon/yax_jeju/install/camera_perception_pkg:/opt/ros/humble LD_LIBRARY_PATH=/home/jsmoon/yax_jeju/install/ublox_msgs/lib:/home/jsmoon/yax_jeju/install/rtcm_msgs/lib:/home/jsmoon/yax_jeju/install/ublox_gps/lib:/home/jsmoon/yax_jeju/install/interfaces_pkg/lib:/opt/ros/humble/opt/rviz_ogre_vendor/lib:/opt/ros/humble/lib/x86_64-linux-gnu:/opt/ros/humble/lib:/home/jsmoon/Desktop/JSMOON/MLCS/project1/Personalized-Adaptive-Cruise/external/acados/lib /usr/bin/cmake --build /home/jsmoon/yax_jeju/build/ublox_gps -- -j16 -l16
[3.011s] colcon.colcon_core.event_handler.log_command DEBUG Invoking command in '/home/jsmoon/yax_jeju/build/ublox_gps': CMAKE_PREFIX_PATH=/home/jsmoon/yax_jeju/install/ublox_msgs:/home/jsmoon/yax_jeju/install/ublox_serialization:/home/jsmoon/yax_jeju/install/rtcm_msgs:/home/jsmoon/yax_jeju/install/launch_pkg:/home/jsmoon/yax_jeju/install/ydlidar_ros2_driver:/home/jsmoon/yax_jeju/install/ublox:/home/jsmoon/yax_jeju/install/ublox_gps:/home/jsmoon/yax_jeju/install/fix2nmea:/home/jsmoon/yax_jeju/install/interfaces_pkg:/home/jsmoon/ydlidar_ws/install/ydlidar_ros2_driver:/home/jsmoon/yax_jeju/install/my_custom_pkg:/home/jsmoon/yax_jeju/install/serial_communication_pkg:/home/jsmoon/yax_jeju/install/ntrip_client:/home/jsmoon/yax_jeju/install/lidar_perception_pkg:/home/jsmoon/yax_jeju/install/latlong_utm:/home/jsmoon/yax_jeju/install/decision_making_pkg:/home/jsmoon/yax_jeju/install/debug_pkg:/home/jsmoon/yax_jeju/install/camera_perception_pkg:/opt/ros/humble LD_LIBRARY_PATH=/home/jsmoon/yax_jeju/install/ublox_msgs/lib:/home/jsmoon/yax_jeju/install/rtcm_msgs/lib:/home/jsmoon/yax_jeju/install/ublox_gps/lib:/home/jsmoon/yax_jeju/install/interfaces_pkg/lib:/opt/ros/humble/opt/rviz_ogre_vendor/lib:/opt/ros/humble/lib/x86_64-linux-gnu:/opt/ros/humble/lib:/home/jsmoon/Desktop/JSMOON/MLCS/project1/Personalized-Adaptive-Cruise/external/acados/lib /usr/bin/cmake --install /home/jsmoon/yax_jeju/build/ublox_gps
[3.035s] colcon.colcon_core.shell Level 1 create_environment_hook('ntrip_client', 'pythonpath_develop')
[3.035s] colcon.colcon_core.shell INFO Creating environment hook '/home/jsmoon/yax_jeju/build/ntrip_client/src/share/ntrip_client/hook/pythonpath_develop.ps1'
[3.036s] colcon.colcon_core.event_handler.log_command DEBUG Invoked command in '/home/jsmoon/yax_jeju/build/ntrip_client' returned '0': PYTHONPATH=/home/jsmoon/yax_jeju/build/ntrip_client/prefix_override:/usr/lib/python3/dist-packages/colcon_core/task/python/colcon_distutils_commands:/home/jsmoon/yax_jeju/install/ntrip_client/lib/python3.10/site-packages:${PYTHONPATH} /usr/bin/python3 -W ignore:setup.py install is deprecated -W ignore:easy_install command is deprecated setup.py develop --editable --build-directory /home/jsmoon/yax_jeju/build/ntrip_client/build --no-deps symlink_data
[3.036s] colcon.colcon_core.shell INFO Creating environment descriptor '/home/jsmoon/yax_jeju/build/ntrip_client/src/share/ntrip_client/hook/pythonpath_develop.dsv'
[3.036s] colcon.colcon_core.shell INFO Creating environment hook '/home/jsmoon/yax_jeju/build/ntrip_client/src/share/ntrip_client/hook/pythonpath_develop.sh'
[3.037s] colcon.colcon_core.environment Level 1 checking '/home/jsmoon/yax_jeju/install/ntrip_client' for CMake module files
[3.037s] colcon.colcon_core.environment Level 1 checking '/home/jsmoon/yax_jeju/install/ntrip_client' for CMake config files
[3.037s] colcon.colcon_core.environment Level 1 checking '/home/jsmoon/yax_jeju/install/ntrip_client/lib'
[3.038s] colcon.colcon_core.environment Level 1 checking '/home/jsmoon/yax_jeju/install/ntrip_client/bin'
[3.038s] colcon.colcon_core.environment Level 1 checking '/home/jsmoon/yax_jeju/install/ntrip_client/lib/pkgconfig/ntrip_client.pc'
[3.038s] colcon.colcon_core.environment Level 1 checking '/home/jsmoon/yax_jeju/install/ntrip_client/lib/python3.10/site-packages'
[3.038s] colcon.colcon_core.shell Level 1 create_environment_hook('ntrip_client', 'pythonpath')
[3.038s] colcon.colcon_core.shell INFO Creating environment hook '/home/jsmoon/yax_jeju/install/ntrip_client/share/ntrip_client/hook/pythonpath.ps1'
[3.038s] colcon.colcon_core.shell INFO Creating environment descriptor '/home/jsmoon/yax_jeju/install/ntrip_client/share/ntrip_client/hook/pythonpath.dsv'
[3.039s] colcon.colcon_core.shell INFO Creating environment hook '/home/jsmoon/yax_jeju/install/ntrip_client/share/ntrip_client/hook/pythonpath.sh'
[3.039s] colcon.colcon_core.environment Level 1 checking '/home/jsmoon/yax_jeju/install/ntrip_client/bin'
[3.039s] colcon.colcon_core.environment Level 1 create_environment_scripts_only(ntrip_client)
[3.039s] colcon.colcon_core.shell INFO Creating package script '/home/jsmoon/yax_jeju/install/ntrip_client/share/ntrip_client/package.ps1'
[3.040s] colcon.colcon_core.shell INFO Creating package descriptor '/home/jsmoon/yax_jeju/install/ntrip_client/share/ntrip_client/package.dsv'
[3.040s] colcon.colcon_core.shell INFO Creating package script '/home/jsmoon/yax_jeju/install/ntrip_client/share/ntrip_client/package.sh'
[3.040s] colcon.colcon_core.shell INFO Creating package script '/home/jsmoon/yax_jeju/install/ntrip_client/share/ntrip_client/package.bash'
[3.041s] colcon.colcon_core.shell INFO Creating package script '/home/jsmoon/yax_jeju/install/ntrip_client/share/ntrip_client/package.zsh'
[3.041s] colcon.colcon_core.environment Level 1 create_file_with_runtime_dependencies(/home/jsmoon/yax_jeju/install/ntrip_client/share/colcon-core/packages/ntrip_client)
[3.042s] colcon.colcon_core.environment Level 1 create_environment_scripts_only(ublox_gps)
[3.042s] colcon.colcon_core.environment Level 1 checking '/home/jsmoon/yax_jeju/install/ublox_gps' for CMake module files
[3.043s] colcon.colcon_core.environment Level 1 checking '/home/jsmoon/yax_jeju/install/ublox_gps' for CMake config files
[3.044s] colcon.colcon_core.event_handler.log_command DEBUG Invoked command in '/home/jsmoon/yax_jeju/build/ublox_gps' returned '0': CMAKE_PREFIX_PATH=/home/jsmoon/yax_jeju/install/ublox_msgs:/home/jsmoon/yax_jeju/install/ublox_serialization:/home/jsmoon/yax_jeju/install/rtcm_msgs:/home/jsmoon/yax_jeju/install/launch_pkg:/home/jsmoon/yax_jeju/install/ydlidar_ros2_driver:/home/jsmoon/yax_jeju/install/ublox:/home/jsmoon/yax_jeju/install/ublox_gps:/home/jsmoon/yax_jeju/install/fix2nmea:/home/jsmoon/yax_jeju/install/interfaces_pkg:/home/jsmoon/ydlidar_ws/install/ydlidar_ros2_driver:/home/jsmoon/yax_jeju/install/my_custom_pkg:/home/jsmoon/yax_jeju/install/serial_communication_pkg:/home/jsmoon/yax_jeju/install/ntrip_client:/home/jsmoon/yax_jeju/install/lidar_perception_pkg:/home/jsmoon/yax_jeju/install/latlong_utm:/home/jsmoon/yax_jeju/install/decision_making_pkg:/home/jsmoon/yax_jeju/install/debug_pkg:/home/jsmoon/yax_jeju/install/camera_perception_pkg:/opt/ros/humble LD_LIBRARY_PATH=/home/jsmoon/yax_jeju/install/ublox_msgs/lib:/home/jsmoon/yax_jeju/install/rtcm_msgs/lib:/home/jsmoon/yax_jeju/install/ublox_gps/lib:/home/jsmoon/yax_jeju/install/interfaces_pkg/lib:/opt/ros/humble/opt/rviz_ogre_vendor/lib:/opt/ros/humble/lib/x86_64-linux-gnu:/opt/ros/humble/lib:/home/jsmoon/Desktop/JSMOON/MLCS/project1/Personalized-Adaptive-Cruise/external/acados/lib /usr/bin/cmake --install /home/jsmoon/yax_jeju/build/ublox_gps
[3.044s] colcon.colcon_core.shell Level 1 create_environment_hook('ublox_gps', 'cmake_prefix_path')
[3.045s] colcon.colcon_core.shell INFO Creating environment hook '/home/jsmoon/yax_jeju/install/ublox_gps/share/ublox_gps/hook/cmake_prefix_path.ps1'
[3.045s] colcon.colcon_core.shell INFO Creating environment descriptor '/home/jsmoon/yax_jeju/install/ublox_gps/share/ublox_gps/hook/cmake_prefix_path.dsv'
[3.045s] colcon.colcon_core.shell INFO Creating environment hook '/home/jsmoon/yax_jeju/install/ublox_gps/share/ublox_gps/hook/cmake_prefix_path.sh'
[3.046s] colcon.colcon_core.environment Level 1 checking '/home/jsmoon/yax_jeju/install/ublox_gps/lib'
[3.046s] colcon.colcon_core.shell Level 1 create_environment_hook('ublox_gps', 'ld_library_path_lib')
[3.046s] colcon.colcon_core.shell INFO Creating environment hook '/home/jsmoon/yax_jeju/install/ublox_gps/share/ublox_gps/hook/ld_library_path_lib.ps1'
[3.046s] colcon.colcon_core.shell INFO Creating environment descriptor '/home/jsmoon/yax_jeju/install/ublox_gps/share/ublox_gps/hook/ld_library_path_lib.dsv'
[3.047s] colcon.colcon_core.shell INFO Creating environment hook '/home/jsmoon/yax_jeju/install/ublox_gps/share/ublox_gps/hook/ld_library_path_lib.sh'
[3.047s] colcon.colcon_core.environment Level 1 checking '/home/jsmoon/yax_jeju/install/ublox_gps/bin'
[3.047s] colcon.colcon_core.environment Level 1 checking '/home/jsmoon/yax_jeju/install/ublox_gps/lib/pkgconfig/ublox_gps.pc'
[3.047s] colcon.colcon_core.environment Level 1 checking '/home/jsmoon/yax_jeju/install/ublox_gps/lib/python3.10/site-packages'
[3.047s] colcon.colcon_core.environment Level 1 checking '/home/jsmoon/yax_jeju/install/ublox_gps/bin'
[3.047s] colcon.colcon_core.shell INFO Creating package script '/home/jsmoon/yax_jeju/install/ublox_gps/share/ublox_gps/package.ps1'
[3.048s] colcon.colcon_core.shell INFO Creating package descriptor '/home/jsmoon/yax_jeju/install/ublox_gps/share/ublox_gps/package.dsv'
[3.048s] colcon.colcon_core.shell INFO Creating package script '/home/jsmoon/yax_jeju/install/ublox_gps/share/ublox_gps/package.sh'
[3.048s] colcon.colcon_core.shell INFO Creating package script '/home/jsmoon/yax_jeju/install/ublox_gps/share/ublox_gps/package.bash'
[3.049s] colcon.colcon_core.shell INFO Creating package script '/home/jsmoon/yax_jeju/install/ublox_gps/share/ublox_gps/package.zsh'
[3.049s] colcon.colcon_core.environment Level 1 create_file_with_runtime_dependencies(/home/jsmoon/yax_jeju/install/ublox_gps/share/colcon-core/packages/ublox_gps)
[3.049s] colcon.colcon_core.environment Level 1 create_environment_scripts_only(ublox_gps)
[3.050s] colcon.colcon_core.environment Level 1 checking '/home/jsmoon/yax_jeju/install/ublox_gps' for CMake module files
[3.050s] colcon.colcon_core.environment Level 1 checking '/home/jsmoon/yax_jeju/install/ublox_gps' for CMake config files
[3.050s] colcon.colcon_core.shell Level 1 create_environment_hook('ublox_gps', 'cmake_prefix_path')
[3.051s] colcon.colcon_core.shell INFO Creating environment hook '/home/jsmoon/yax_jeju/install/ublox_gps/share/ublox_gps/hook/cmake_prefix_path.ps1'
[3.051s] colcon.colcon_core.shell INFO Creating environment descriptor '/home/jsmoon/yax_jeju/install/ublox_gps/share/ublox_gps/hook/cmake_prefix_path.dsv'
[3.051s] colcon.colcon_core.shell INFO Creating environment hook '/home/jsmoon/yax_jeju/install/ublox_gps/share/ublox_gps/hook/cmake_prefix_path.sh'
[3.052s] colcon.colcon_core.environment Level 1 checking '/home/jsmoon/yax_jeju/install/ublox_gps/lib'
[3.052s] colcon.colcon_core.shell Level 1 create_environment_hook('ublox_gps', 'ld_library_path_lib')
[3.052s] colcon.colcon_core.shell INFO Creating environment hook '/home/jsmoon/yax_jeju/install/ublox_gps/share/ublox_gps/hook/ld_library_path_lib.ps1'
[3.052s] colcon.colcon_core.shell INFO Creating environment descriptor '/home/jsmoon/yax_jeju/install/ublox_gps/share/ublox_gps/hook/ld_library_path_lib.dsv'
[3.052s] colcon.colcon_core.shell INFO Creating environment hook '/home/jsmoon/yax_jeju/install/ublox_gps/share/ublox_gps/hook/ld_library_path_lib.sh'
[3.052s] colcon.colcon_core.environment Level 1 checking '/home/jsmoon/yax_jeju/install/ublox_gps/bin'
[3.053s] colcon.colcon_core.environment Level 1 checking '/home/jsmoon/yax_jeju/install/ublox_gps/lib/pkgconfig/ublox_gps.pc'
[3.053s] colcon.colcon_core.environment Level 1 checking '/home/jsmoon/yax_jeju/install/ublox_gps/lib/python3.10/site-packages'
[3.053s] colcon.colcon_core.environment Level 1 checking '/home/jsmoon/yax_jeju/install/ublox_gps/bin'
[3.053s] colcon.colcon_core.shell INFO Creating package script '/home/jsmoon/yax_jeju/install/ublox_gps/share/ublox_gps/package.ps1'
[3.053s] colcon.colcon_core.shell INFO Creating package descriptor '/home/jsmoon/yax_jeju/install/ublox_gps/share/ublox_gps/package.dsv'
[3.054s] colcon.colcon_core.shell INFO Creating package script '/home/jsmoon/yax_jeju/install/ublox_gps/share/ublox_gps/package.sh'
[3.054s] colcon.colcon_core.shell INFO Creating package script '/home/jsmoon/yax_jeju/install/ublox_gps/share/ublox_gps/package.bash'
[3.054s] colcon.colcon_core.shell INFO Creating package script '/home/jsmoon/yax_jeju/install/ublox_gps/share/ublox_gps/package.zsh'
[3.055s] colcon.colcon_core.environment Level 1 create_file_with_runtime_dependencies(/home/jsmoon/yax_jeju/install/ublox_gps/share/colcon-core/packages/ublox_gps)
[3.055s] colcon.colcon_ros.task.ament_python.build INFO Building ROS package in '/home/jsmoon/yax_jeju/src/my_custom_pkg' with build type 'ament_python'
[3.055s] colcon.colcon_core.shell Level 1 create_environment_hook('my_custom_pkg', 'ament_prefix_path')
[3.055s] colcon.colcon_core.shell INFO Creating environment hook '/home/jsmoon/yax_jeju/install/my_custom_pkg/share/my_custom_pkg/hook/ament_prefix_path.ps1'
[3.056s] colcon.colcon_core.shell INFO Creating environment descriptor '/home/jsmoon/yax_jeju/install/my_custom_pkg/share/my_custom_pkg/hook/ament_prefix_path.dsv'
[3.056s] colcon.colcon_core.shell INFO Creating environment hook '/home/jsmoon/yax_jeju/install/my_custom_pkg/share/my_custom_pkg/hook/ament_prefix_path.sh'
[3.057s] colcon.colcon_core.shell INFO Skip shell extension 'powershell' for command environment: Not usable outside of PowerShell
[3.057s] colcon.colcon_core.shell DEBUG Skip shell extension 'dsv' for command environment
[3.062s] colcon.colcon_ros.task.ament_cmake.build INFO Building ROS package in '/home/jsmoon/yax_jeju/src/RTK_GPS_NTRIP/ublox' with build type 'ament_cmake'
[3.062s] colcon.colcon_cmake.task.cmake.build INFO Building CMake package in '/home/jsmoon/yax_jeju/src/RTK_GPS_NTRIP/ublox'
[3.062s] colcon.colcon_core.shell INFO Skip shell extension 'powershell' for command environment: Not usable outside of PowerShell
[3.062s] colcon.colcon_core.shell DEBUG Skip shell extension 'dsv' for command environment
[3.075s] colcon.colcon_core.event_handler.log_command DEBUG Invoking command in '/home/jsmoon/yax_jeju/build/ublox': CMAKE_PREFIX_PATH=/home/jsmoon/yax_jeju/install/ublox_gps:/home/jsmoon/yax_jeju/install/ublox_msgs:/home/jsmoon/yax_jeju/install/ublox_serialization:/home/jsmoon/yax_jeju/install/rtcm_msgs:/home/jsmoon/yax_jeju/install/launch_pkg:/home/jsmoon/yax_jeju/install/ydlidar_ros2_driver:/home/jsmoon/yax_jeju/install/ublox:/home/jsmoon/yax_jeju/install/fix2nmea:/home/jsmoon/yax_jeju/install/interfaces_pkg:/home/jsmoon/ydlidar_ws/install/ydlidar_ros2_driver:/home/jsmoon/yax_jeju/install/my_custom_pkg:/home/jsmoon/yax_jeju/install/serial_communication_pkg:/home/jsmoon/yax_jeju/install/ntrip_client:/home/jsmoon/yax_jeju/install/lidar_perception_pkg:/home/jsmoon/yax_jeju/install/latlong_utm:/home/jsmoon/yax_jeju/install/decision_making_pkg:/home/jsmoon/yax_jeju/install/debug_pkg:/home/jsmoon/yax_jeju/install/camera_perception_pkg:/opt/ros/humble LD_LIBRARY_PATH=/home/jsmoon/yax_jeju/install/ublox_gps/lib:/home/jsmoon/yax_jeju/install/ublox_msgs/lib:/home/jsmoon/yax_jeju/install/rtcm_msgs/lib:/home/jsmoon/yax_jeju/install/interfaces_pkg/lib:/opt/ros/humble/opt/rviz_ogre_vendor/lib:/opt/ros/humble/lib/x86_64-linux-gnu:/opt/ros/humble/lib:/home/jsmoon/Desktop/JSMOON/MLCS/project1/Personalized-Adaptive-Cruise/external/acados/lib /usr/bin/cmake --build /home/jsmoon/yax_jeju/build/ublox -- -j16 -l16
[3.321s] colcon.colcon_core.task.python.build INFO Building Python package in '/home/jsmoon/yax_jeju/src/my_custom_pkg'
[3.321s] colcon.colcon_core.shell INFO Skip shell extension 'powershell' for command environment: Not usable outside of PowerShell
[3.321s] colcon.colcon_core.shell DEBUG Skip shell extension 'dsv' for command environment
[3.326s] colcon.colcon_core.event_handler.log_command DEBUG Invoked command in '/home/jsmoon/yax_jeju/build/ublox' returned '0': CMAKE_PREFIX_PATH=/home/jsmoon/yax_jeju/install/ublox_gps:/home/jsmoon/yax_jeju/install/ublox_msgs:/home/jsmoon/yax_jeju/install/ublox_serialization:/home/jsmoon/yax_jeju/install/rtcm_msgs:/home/jsmoon/yax_jeju/install/launch_pkg:/home/jsmoon/yax_jeju/install/ydlidar_ros2_driver:/home/jsmoon/yax_jeju/install/ublox:/home/jsmoon/yax_jeju/install/fix2nmea:/home/jsmoon/yax_jeju/install/interfaces_pkg:/home/jsmoon/ydlidar_ws/install/ydlidar_ros2_driver:/home/jsmoon/yax_jeju/install/my_custom_pkg:/home/jsmoon/yax_jeju/install/serial_communication_pkg:/home/jsmoon/yax_jeju/install/ntrip_client:/home/jsmoon/yax_jeju/install/lidar_perception_pkg:/home/jsmoon/yax_jeju/install/latlong_utm:/home/jsmoon/yax_jeju/install/decision_making_pkg:/home/jsmoon/yax_jeju/install/debug_pkg:/home/jsmoon/yax_jeju/install/camera_perception_pkg:/opt/ros/humble LD_LIBRARY_PATH=/home/jsmoon/yax_jeju/install/ublox_gps/lib:/home/jsmoon/yax_jeju/install/ublox_msgs/lib:/home/jsmoon/yax_jeju/install/rtcm_msgs/lib:/home/jsmoon/yax_jeju/install/interfaces_pkg/lib:/opt/ros/humble/opt/rviz_ogre_vendor/lib:/opt/ros/humble/lib/x86_64-linux-gnu:/opt/ros/humble/lib:/home/jsmoon/Desktop/JSMOON/MLCS/project1/Personalized-Adaptive-Cruise/external/acados/lib /usr/bin/cmake --build /home/jsmoon/yax_jeju/build/ublox -- -j16 -l16
[3.327s] colcon.colcon_core.event_handler.log_command DEBUG Invoking command in '/home/jsmoon/yax_jeju/build/ublox': CMAKE_PREFIX_PATH=/home/jsmoon/yax_jeju/install/ublox_gps:/home/jsmoon/yax_jeju/install/ublox_msgs:/home/jsmoon/yax_jeju/install/ublox_serialization:/home/jsmoon/yax_jeju/install/rtcm_msgs:/home/jsmoon/yax_jeju/install/launch_pkg:/home/jsmoon/yax_jeju/install/ydlidar_ros2_driver:/home/jsmoon/yax_jeju/install/ublox:/home/jsmoon/yax_jeju/install/fix2nmea:/home/jsmoon/yax_jeju/install/interfaces_pkg:/home/jsmoon/ydlidar_ws/install/ydlidar_ros2_driver:/home/jsmoon/yax_jeju/install/my_custom_pkg:/home/jsmoon/yax_jeju/install/serial_communication_pkg:/home/jsmoon/yax_jeju/install/ntrip_client:/home/jsmoon/yax_jeju/install/lidar_perception_pkg:/home/jsmoon/yax_jeju/install/latlong_utm:/home/jsmoon/yax_jeju/install/decision_making_pkg:/home/jsmoon/yax_jeju/install/debug_pkg:/home/jsmoon/yax_jeju/install/camera_perception_pkg:/opt/ros/humble LD_LIBRARY_PATH=/home/jsmoon/yax_jeju/install/ublox_gps/lib:/home/jsmoon/yax_jeju/install/ublox_msgs/lib:/home/jsmoon/yax_jeju/install/rtcm_msgs/lib:/home/jsmoon/yax_jeju/install/interfaces_pkg/lib:/opt/ros/humble/opt/rviz_ogre_vendor/lib:/opt/ros/humble/lib/x86_64-linux-gnu:/opt/ros/humble/lib:/home/jsmoon/Desktop/JSMOON/MLCS/project1/Personalized-Adaptive-Cruise/external/acados/lib /usr/bin/cmake --install /home/jsmoon/yax_jeju/build/ublox
[3.347s] colcon.colcon_core.environment Level 1 create_environment_scripts_only(ublox)
[3.348s] colcon.colcon_core.event_handler.log_command DEBUG Invoked command in '/home/jsmoon/yax_jeju/build/ublox' returned '0': CMAKE_PREFIX_PATH=/home/jsmoon/yax_jeju/install/ublox_gps:/home/jsmoon/yax_jeju/install/ublox_msgs:/home/jsmoon/yax_jeju/install/ublox_serialization:/home/jsmoon/yax_jeju/install/rtcm_msgs:/home/jsmoon/yax_jeju/install/launch_pkg:/home/jsmoon/yax_jeju/install/ydlidar_ros2_driver:/home/jsmoon/yax_jeju/install/ublox:/home/jsmoon/yax_jeju/install/fix2nmea:/home/jsmoon/yax_jeju/install/interfaces_pkg:/home/jsmoon/ydlidar_ws/install/ydlidar_ros2_driver:/home/jsmoon/yax_jeju/install/my_custom_pkg:/home/jsmoon/yax_jeju/install/serial_communication_pkg:/home/jsmoon/yax_jeju/install/ntrip_client:/home/jsmoon/yax_jeju/install/lidar_perception_pkg:/home/jsmoon/yax_jeju/install/latlong_utm:/home/jsmoon/yax_jeju/install/decision_making_pkg:/home/jsmoon/yax_jeju/install/debug_pkg:/home/jsmoon/yax_jeju/install/camera_perception_pkg:/opt/ros/humble LD_LIBRARY_PATH=/home/jsmoon/yax_jeju/install/ublox_gps/lib:/home/jsmoon/yax_jeju/install/ublox_msgs/lib:/home/jsmoon/yax_jeju/install/rtcm_msgs/lib:/home/jsmoon/yax_jeju/install/interfaces_pkg/lib:/opt/ros/humble/opt/rviz_ogre_vendor/lib:/opt/ros/humble/lib/x86_64-linux-gnu:/opt/ros/humble/lib:/home/jsmoon/Desktop/JSMOON/MLCS/project1/Personalized-Adaptive-Cruise/external/acados/lib /usr/bin/cmake --install /home/jsmoon/yax_jeju/build/ublox
[3.348s] colcon.colcon_core.environment Level 1 checking '/home/jsmoon/yax_jeju/install/ublox' for CMake module files
[3.349s] colcon.colcon_core.environment Level 1 checking '/home/jsmoon/yax_jeju/install/ublox' for CMake config files
[3.349s] colcon.colcon_core.shell Level 1 create_environment_hook('ublox', 'cmake_prefix_path')
[3.349s] colcon.colcon_core.shell INFO Creating environment hook '/home/jsmoon/yax_jeju/install/ublox/share/ublox/hook/cmake_prefix_path.ps1'
[3.350s] colcon.colcon_core.shell INFO Creating environment descriptor '/home/jsmoon/yax_jeju/install/ublox/share/ublox/hook/cmake_prefix_path.dsv'
[3.350s] colcon.colcon_core.shell INFO Creating environment hook '/home/jsmoon/yax_jeju/install/ublox/share/ublox/hook/cmake_prefix_path.sh'
[3.350s] colcon.colcon_core.environment Level 1 checking '/home/jsmoon/yax_jeju/install/ublox/bin'
[3.350s] colcon.colcon_core.environment Level 1 checking '/home/jsmoon/yax_jeju/install/ublox/lib/pkgconfig/ublox.pc'
[3.350s] colcon.colcon_core.environment Level 1 checking '/home/jsmoon/yax_jeju/install/ublox/lib/python3.10/site-packages'
[3.351s] colcon.colcon_core.environment Level 1 checking '/home/jsmoon/yax_jeju/install/ublox/bin'
[3.351s] colcon.colcon_core.shell INFO Creating package script '/home/jsmoon/yax_jeju/install/ublox/share/ublox/package.ps1'
[3.351s] colcon.colcon_core.shell INFO Creating package descriptor '/home/jsmoon/yax_jeju/install/ublox/share/ublox/package.dsv'
[3.351s] colcon.colcon_core.shell INFO Creating package script '/home/jsmoon/yax_jeju/install/ublox/share/ublox/package.sh'
[3.352s] colcon.colcon_core.shell INFO Creating package script '/home/jsmoon/yax_jeju/install/ublox/share/ublox/package.bash'
[3.352s] colcon.colcon_core.shell INFO Creating package script '/home/jsmoon/yax_jeju/install/ublox/share/ublox/package.zsh'
[3.352s] colcon.colcon_core.environment Level 1 create_file_with_runtime_dependencies(/home/jsmoon/yax_jeju/install/ublox/share/colcon-core/packages/ublox)
[3.353s] colcon.colcon_core.environment Level 1 create_environment_scripts_only(ublox)
[3.353s] colcon.colcon_core.environment Level 1 checking '/home/jsmoon/yax_jeju/install/ublox' for CMake module files
[3.353s] colcon.colcon_core.environment Level 1 checking '/home/jsmoon/yax_jeju/install/ublox' for CMake config files
[3.353s] colcon.colcon_core.shell Level 1 create_environment_hook('ublox', 'cmake_prefix_path')
[3.353s] colcon.colcon_core.shell INFO Creating environment hook '/home/jsmoon/yax_jeju/install/ublox/share/ublox/hook/cmake_prefix_path.ps1'
[3.354s] colcon.colcon_core.shell INFO Creating environment descriptor '/home/jsmoon/yax_jeju/install/ublox/share/ublox/hook/cmake_prefix_path.dsv'
[3.354s] colcon.colcon_core.shell INFO Creating environment hook '/home/jsmoon/yax_jeju/install/ublox/share/ublox/hook/cmake_prefix_path.sh'
[3.354s] colcon.colcon_core.environment Level 1 checking '/home/jsmoon/yax_jeju/install/ublox/bin'
[3.354s] colcon.colcon_core.environment Level 1 checking '/home/jsmoon/yax_jeju/install/ublox/lib/pkgconfig/ublox.pc'
[3.355s] colcon.colcon_core.environment Level 1 checking '/home/jsmoon/yax_jeju/install/ublox/lib/python3.10/site-packages'
[3.355s] colcon.colcon_core.environment Level 1 checking '/home/jsmoon/yax_jeju/install/ublox/bin'
[3.355s] colcon.colcon_core.shell INFO Creating package script '/home/jsmoon/yax_jeju/install/ublox/share/ublox/package.ps1'
[3.355s] colcon.colcon_core.shell INFO Creating package descriptor '/home/jsmoon/yax_jeju/install/ublox/share/ublox/package.dsv'
[3.356s] colcon.colcon_core.shell INFO Creating package script '/home/jsmoon/yax_jeju/install/ublox/share/ublox/package.sh'
[3.356s] colcon.colcon_core.shell INFO Creating package script '/home/jsmoon/yax_jeju/install/ublox/share/ublox/package.bash'
[3.356s] colcon.colcon_core.shell INFO Creating package script '/home/jsmoon/yax_jeju/install/ublox/share/ublox/package.zsh'
[3.356s] colcon.colcon_core.environment Level 1 create_file_with_runtime_dependencies(/home/jsmoon/yax_jeju/install/ublox/share/colcon-core/packages/ublox)
[3.700s] colcon.colcon_core.event_handler.log_command DEBUG Invoking command in '/home/jsmoon/yax_jeju/build/my_custom_pkg': AMENT_PREFIX_PATH=/home/jsmoon/yax_jeju/install/serial_communication_pkg:/home/jsmoon/yax_jeju/install/decision_making_pkg:/home/jsmoon/yax_jeju/install/camera_perception_pkg:/home/jsmoon/yax_jeju/install/launch_pkg:/home/jsmoon/yax_jeju/install/my_custom_pkg:/home/jsmoon/yax_jeju/install/ydlidar_ros2_driver:/home/jsmoon/yax_jeju/install/ublox:/home/jsmoon/yax_jeju/install/ublox_gps:/home/jsmoon/yax_jeju/install/fix2nmea:/home/jsmoon/yax_jeju/install/ublox_msgs:/home/jsmoon/yax_jeju/install/ublox_serialization:/home/jsmoon/yax_jeju/install/rtcm_msgs:/home/jsmoon/yax_jeju/install/ntrip_client:/home/jsmoon/yax_jeju/install/lidar_perception_pkg:/home/jsmoon/yax_jeju/install/latlong_utm:/home/jsmoon/yax_jeju/install/interfaces_pkg:/home/jsmoon/yax_jeju/install/debug_pkg:/home/jsmoon/ydlidar_ws/install/ydlidar_ros2_driver:/opt/ros/humble CMAKE_PREFIX_PATH=/home/jsmoon/yax_jeju/install/ublox_gps:/home/jsmoon/yax_jeju/install/fix2nmea:/home/jsmoon/yax_jeju/install/ublox_msgs:/home/jsmoon/yax_jeju/install/ydlidar_ros2_driver:/home/jsmoon/yax_jeju/install/ublox_serialization:/home/jsmoon/yax_jeju/install/rtcm_msgs:/home/jsmoon/yax_jeju/install/interfaces_pkg:/home/jsmoon/yax_jeju/install/launch_pkg:/home/jsmoon/yax_jeju/install/ublox:/home/jsmoon/ydlidar_ws/install/ydlidar_ros2_driver LD_LIBRARY_PATH=/home/jsmoon/yax_jeju/install/ublox_gps/lib:/home/jsmoon/yax_jeju/install/ublox_msgs/lib:/home/jsmoon/yax_jeju/install/rtcm_msgs/lib:/home/jsmoon/yax_jeju/install/interfaces_pkg/lib:/opt/ros/humble/opt/rviz_ogre_vendor/lib:/opt/ros/humble/lib/x86_64-linux-gnu:/opt/ros/humble/lib:/home/jsmoon/Desktop/JSMOON/MLCS/project1/Personalized-Adaptive-Cruise/external/acados/lib PYTHONPATH=/home/jsmoon/yax_jeju/build/my_custom_pkg/prefix_override:/usr/lib/python3/dist-packages/colcon_core/task/python/colcon_distutils_commands:/home/jsmoon/yax_jeju/install/my_custom_pkg/lib/python3.10/site-packages:/home/jsmoon/yax_jeju/build/serial_communication_pkg:/home/jsmoon/yax_jeju/install/serial_communication_pkg/lib/python3.10/site-packages:/home/jsmoon/yax_jeju/build/decision_making_pkg:/home/jsmoon/yax_jeju/install/decision_making_pkg/lib/python3.10/site-packages:/home/jsmoon/yax_jeju/build/camera_perception_pkg:/home/jsmoon/yax_jeju/install/camera_perception_pkg/lib/python3.10/site-packages:/home/jsmoon/yax_jeju/build/my_custom_pkg:/home/jsmoon/yax_jeju/install/my_custom_pkg/lib/python3.10/site-packages:/home/jsmoon/yax_jeju/install/ublox_msgs/local/lib/python3.10/dist-packages:/home/jsmoon/yax_jeju/install/rtcm_msgs/local/lib/python3.10/dist-packages:/home/jsmoon/yax_jeju/build/ntrip_client/src:/home/jsmoon/yax_jeju/install/ntrip_client/lib/python3.10/site-packages:/home/jsmoon/yax_jeju/build/lidar_perception_pkg:/home/jsmoon/yax_jeju/install/lidar_perception_pkg/lib/python3.10/site-packages:/home/jsmoon/yax_jeju/build/latlong_utm:/home/jsmoon/yax_jeju/install/latlong_utm/lib/python3.10/site-packages:/home/jsmoon/yax_jeju/install/interfaces_pkg/local/lib/python3.10/dist-packages:/home/jsmoon/yax_jeju/build/debug_pkg:/home/jsmoon/yax_jeju/install/debug_pkg/lib/python3.10/site-packages:/opt/ros/humble/lib/python3.10/site-packages:/opt/ros/humble/local/lib/python3.10/dist-packages /usr/bin/python3 -W ignore:setup.py install is deprecated -W ignore:easy_install command is deprecated setup.py develop --editable --build-directory /home/jsmoon/yax_jeju/build/my_custom_pkg/build --no-deps symlink_data
[4.148s] colcon.colcon_core.shell Level 1 create_environment_hook('my_custom_pkg', 'pythonpath_develop')
[4.148s] colcon.colcon_core.shell INFO Creating environment hook '/home/jsmoon/yax_jeju/build/my_custom_pkg/share/my_custom_pkg/hook/pythonpath_develop.ps1'
[4.149s] colcon.colcon_core.event_handler.log_command DEBUG Invoked command in '/home/jsmoon/yax_jeju/build/my_custom_pkg' returned '0': AMENT_PREFIX_PATH=/home/jsmoon/yax_jeju/install/serial_communication_pkg:/home/jsmoon/yax_jeju/install/decision_making_pkg:/home/jsmoon/yax_jeju/install/camera_perception_pkg:/home/jsmoon/yax_jeju/install/launch_pkg:/home/jsmoon/yax_jeju/install/my_custom_pkg:/home/jsmoon/yax_jeju/install/ydlidar_ros2_driver:/home/jsmoon/yax_jeju/install/ublox:/home/jsmoon/yax_jeju/install/ublox_gps:/home/jsmoon/yax_jeju/install/fix2nmea:/home/jsmoon/yax_jeju/install/ublox_msgs:/home/jsmoon/yax_jeju/install/ublox_serialization:/home/jsmoon/yax_jeju/install/rtcm_msgs:/home/jsmoon/yax_jeju/install/ntrip_client:/home/jsmoon/yax_jeju/install/lidar_perception_pkg:/home/jsmoon/yax_jeju/install/latlong_utm:/home/jsmoon/yax_jeju/install/interfaces_pkg:/home/jsmoon/yax_jeju/install/debug_pkg:/home/jsmoon/ydlidar_ws/install/ydlidar_ros2_driver:/opt/ros/humble CMAKE_PREFIX_PATH=/home/jsmoon/yax_jeju/install/ublox_gps:/home/jsmoon/yax_jeju/install/fix2nmea:/home/jsmoon/yax_jeju/install/ublox_msgs:/home/jsmoon/yax_jeju/install/ydlidar_ros2_driver:/home/jsmoon/yax_jeju/install/ublox_serialization:/home/jsmoon/yax_jeju/install/rtcm_msgs:/home/jsmoon/yax_jeju/install/interfaces_pkg:/home/jsmoon/yax_jeju/install/launch_pkg:/home/jsmoon/yax_jeju/install/ublox:/home/jsmoon/ydlidar_ws/install/ydlidar_ros2_driver LD_LIBRARY_PATH=/home/jsmoon/yax_jeju/install/ublox_gps/lib:/home/jsmoon/yax_jeju/install/ublox_msgs/lib:/home/jsmoon/yax_jeju/install/rtcm_msgs/lib:/home/jsmoon/yax_jeju/install/interfaces_pkg/lib:/opt/ros/humble/opt/rviz_ogre_vendor/lib:/opt/ros/humble/lib/x86_64-linux-gnu:/opt/ros/humble/lib:/home/jsmoon/Desktop/JSMOON/MLCS/project1/Personalized-Adaptive-Cruise/external/acados/lib PYTHONPATH=/home/jsmoon/yax_jeju/build/my_custom_pkg/prefix_override:/usr/lib/python3/dist-packages/colcon_core/task/python/colcon_distutils_commands:/home/jsmoon/yax_jeju/install/my_custom_pkg/lib/python3.10/site-packages:/home/jsmoon/yax_jeju/build/serial_communication_pkg:/home/jsmoon/yax_jeju/install/serial_communication_pkg/lib/python3.10/site-packages:/home/jsmoon/yax_jeju/build/decision_making_pkg:/home/jsmoon/yax_jeju/install/decision_making_pkg/lib/python3.10/site-packages:/home/jsmoon/yax_jeju/build/camera_perception_pkg:/home/jsmoon/yax_jeju/install/camera_perception_pkg/lib/python3.10/site-packages:/home/jsmoon/yax_jeju/build/my_custom_pkg:/home/jsmoon/yax_jeju/install/my_custom_pkg/lib/python3.10/site-packages:/home/jsmoon/yax_jeju/install/ublox_msgs/local/lib/python3.10/dist-packages:/home/jsmoon/yax_jeju/install/rtcm_msgs/local/lib/python3.10/dist-packages:/home/jsmoon/yax_jeju/build/ntrip_client/src:/home/jsmoon/yax_jeju/install/ntrip_client/lib/python3.10/site-packages:/home/jsmoon/yax_jeju/build/lidar_perception_pkg:/home/jsmoon/yax_jeju/install/lidar_perception_pkg/lib/python3.10/site-packages:/home/jsmoon/yax_jeju/build/latlong_utm:/home/jsmoon/yax_jeju/install/latlong_utm/lib/python3.10/site-packages:/home/jsmoon/yax_jeju/install/interfaces_pkg/local/lib/python3.10/dist-packages:/home/jsmoon/yax_jeju/build/debug_pkg:/home/jsmoon/yax_jeju/install/debug_pkg/lib/python3.10/site-packages:/opt/ros/humble/lib/python3.10/site-packages:/opt/ros/humble/local/lib/python3.10/dist-packages /usr/bin/python3 -W ignore:setup.py install is deprecated -W ignore:easy_install command is deprecated setup.py develop --editable --build-directory /home/jsmoon/yax_jeju/build/my_custom_pkg/build --no-deps symlink_data
[4.149s] colcon.colcon_core.shell INFO Creating environment descriptor '/home/jsmoon/yax_jeju/build/my_custom_pkg/share/my_custom_pkg/hook/pythonpath_develop.dsv'
[4.149s] colcon.colcon_core.shell INFO Creating environment hook '/home/jsmoon/yax_jeju/build/my_custom_pkg/share/my_custom_pkg/hook/pythonpath_develop.sh'
[4.150s] colcon.colcon_core.environment Level 1 checking '/home/jsmoon/yax_jeju/install/my_custom_pkg' for CMake module files
[4.150s] colcon.colcon_core.environment Level 1 checking '/home/jsmoon/yax_jeju/install/my_custom_pkg' for CMake config files
[4.150s] colcon.colcon_core.environment Level 1 checking '/home/jsmoon/yax_jeju/install/my_custom_pkg/lib'
[4.151s] colcon.colcon_core.environment Level 1 checking '/home/jsmoon/yax_jeju/install/my_custom_pkg/bin'
[4.151s] colcon.colcon_core.environment Level 1 checking '/home/jsmoon/yax_jeju/install/my_custom_pkg/lib/pkgconfig/my_custom_pkg.pc'
[4.151s] colcon.colcon_core.environment Level 1 checking '/home/jsmoon/yax_jeju/install/my_custom_pkg/lib/python3.10/site-packages'
[4.151s] colcon.colcon_core.shell Level 1 create_environment_hook('my_custom_pkg', 'pythonpath')
[4.151s] colcon.colcon_core.shell INFO Creating environment hook '/home/jsmoon/yax_jeju/install/my_custom_pkg/share/my_custom_pkg/hook/pythonpath.ps1'
[4.151s] colcon.colcon_core.shell INFO Creating environment descriptor '/home/jsmoon/yax_jeju/install/my_custom_pkg/share/my_custom_pkg/hook/pythonpath.dsv'
[4.151s] colcon.colcon_core.shell INFO Creating environment hook '/home/jsmoon/yax_jeju/install/my_custom_pkg/share/my_custom_pkg/hook/pythonpath.sh'
[4.152s] colcon.colcon_core.environment Level 1 checking '/home/jsmoon/yax_jeju/install/my_custom_pkg/bin'
[4.152s] colcon.colcon_core.environment Level 1 create_environment_scripts_only(my_custom_pkg)
[4.152s] colcon.colcon_core.shell INFO Creating package script '/home/jsmoon/yax_jeju/install/my_custom_pkg/share/my_custom_pkg/package.ps1'
[4.153s] colcon.colcon_core.shell INFO Creating package descriptor '/home/jsmoon/yax_jeju/install/my_custom_pkg/share/my_custom_pkg/package.dsv'
[4.153s] colcon.colcon_core.shell INFO Creating package script '/home/jsmoon/yax_jeju/install/my_custom_pkg/share/my_custom_pkg/package.sh'
[4.153s] colcon.colcon_core.shell INFO Creating package script '/home/jsmoon/yax_jeju/install/my_custom_pkg/share/my_custom_pkg/package.bash'
[4.154s] colcon.colcon_core.shell INFO Creating package script '/home/jsmoon/yax_jeju/install/my_custom_pkg/share/my_custom_pkg/package.zsh'
[4.154s] colcon.colcon_core.environment Level 1 create_file_with_runtime_dependencies(/home/jsmoon/yax_jeju/install/my_custom_pkg/share/colcon-core/packages/my_custom_pkg)
[4.154s] colcon.colcon_ros.task.ament_cmake.build INFO Building ROS package in '/home/jsmoon/yax_jeju/src/launch_pkg' with build type 'ament_cmake'
[4.154s] colcon.colcon_cmake.task.cmake.build INFO Building CMake package in '/home/jsmoon/yax_jeju/src/launch_pkg'
[4.154s] colcon.colcon_core.shell INFO Skip shell extension 'powershell' for command environment: Not usable outside of PowerShell
[4.154s] colcon.colcon_core.shell DEBUG Skip shell extension 'dsv' for command environment
[4.183s] colcon.colcon_core.event_handler.log_command DEBUG Invoking command in '/home/jsmoon/yax_jeju/build/launch_pkg': AMENT_PREFIX_PATH=/home/jsmoon/yax_jeju/install/my_custom_pkg:/home/jsmoon/yax_jeju/install/serial_communication_pkg:/home/jsmoon/yax_jeju/install/ntrip_client:/home/jsmoon/yax_jeju/install/lidar_perception_pkg:/home/jsmoon/yax_jeju/install/decision_making_pkg:/home/jsmoon/yax_jeju/install/camera_perception_pkg:/home/jsmoon/yax_jeju/install/launch_pkg:/home/jsmoon/yax_jeju/install/ydlidar_ros2_driver:/home/jsmoon/yax_jeju/install/ublox:/home/jsmoon/yax_jeju/install/ublox_gps:/home/jsmoon/yax_jeju/install/fix2nmea:/home/jsmoon/yax_jeju/install/ublox_msgs:/home/jsmoon/yax_jeju/install/ublox_serialization:/home/jsmoon/yax_jeju/install/rtcm_msgs:/home/jsmoon/yax_jeju/install/latlong_utm:/home/jsmoon/yax_jeju/install/interfaces_pkg:/home/jsmoon/yax_jeju/install/debug_pkg:/home/jsmoon/ydlidar_ws/install/ydlidar_ros2_driver:/opt/ros/humble CMAKE_PREFIX_PATH=/home/jsmoon/yax_jeju/install/ublox_gps:/home/jsmoon/yax_jeju/install/fix2nmea:/home/jsmoon/yax_jeju/install/ublox_msgs:/home/jsmoon/yax_jeju/install/ydlidar_ros2_driver:/home/jsmoon/yax_jeju/install/ublox_serialization:/home/jsmoon/yax_jeju/install/rtcm_msgs:/home/jsmoon/yax_jeju/install/interfaces_pkg:/home/jsmoon/yax_jeju/install/launch_pkg:/home/jsmoon/yax_jeju/install/ublox:/home/jsmoon/ydlidar_ws/install/ydlidar_ros2_driver:/home/jsmoon/yax_jeju/install/my_custom_pkg:/home/jsmoon/yax_jeju/install/serial_communication_pkg:/home/jsmoon/yax_jeju/install/ntrip_client:/home/jsmoon/yax_jeju/install/lidar_perception_pkg:/home/jsmoon/yax_jeju/install/latlong_utm:/home/jsmoon/yax_jeju/install/decision_making_pkg:/home/jsmoon/yax_jeju/install/debug_pkg:/home/jsmoon/yax_jeju/install/camera_perception_pkg:/opt/ros/humble LD_LIBRARY_PATH=/home/jsmoon/yax_jeju/install/ublox_gps/lib:/home/jsmoon/yax_jeju/install/ublox_msgs/lib:/home/jsmoon/yax_jeju/install/rtcm_msgs/lib:/home/jsmoon/yax_jeju/install/interfaces_pkg/lib:/opt/ros/humble/opt/rviz_ogre_vendor/lib:/opt/ros/humble/lib/x86_64-linux-gnu:/opt/ros/humble/lib:/home/jsmoon/Desktop/JSMOON/MLCS/project1/Personalized-Adaptive-Cruise/external/acados/lib PYTHONPATH=/home/jsmoon/yax_jeju/build/my_custom_pkg:/home/jsmoon/yax_jeju/install/my_custom_pkg/lib/python3.10/site-packages:/home/jsmoon/yax_jeju/build/serial_communication_pkg:/home/jsmoon/yax_jeju/install/serial_communication_pkg/lib/python3.10/site-packages:/home/jsmoon/yax_jeju/build/ntrip_client/src:/home/jsmoon/yax_jeju/install/ntrip_client/lib/python3.10/site-packages:/home/jsmoon/yax_jeju/build/lidar_perception_pkg:/home/jsmoon/yax_jeju/install/lidar_perception_pkg/lib/python3.10/site-packages:/home/jsmoon/yax_jeju/build/decision_making_pkg:/home/jsmoon/yax_jeju/install/decision_making_pkg/lib/python3.10/site-packages:/home/jsmoon/yax_jeju/build/camera_perception_pkg:/home/jsmoon/yax_jeju/install/camera_perception_pkg/lib/python3.10/site-packages:/home/jsmoon/yax_jeju/install/ublox_msgs/local/lib/python3.10/dist-packages:/home/jsmoon/yax_jeju/install/rtcm_msgs/local/lib/python3.10/dist-packages:/home/jsmoon/yax_jeju/build/latlong_utm:/home/jsmoon/yax_jeju/install/latlong_utm/lib/python3.10/site-packages:/home/jsmoon/yax_jeju/install/interfaces_pkg/local/lib/python3.10/dist-packages:/home/jsmoon/yax_jeju/build/debug_pkg:/home/jsmoon/yax_jeju/install/debug_pkg/lib/python3.10/site-packages:/opt/ros/humble/lib/python3.10/site-packages:/opt/ros/humble/local/lib/python3.10/dist-packages /usr/bin/cmake --build /home/jsmoon/yax_jeju/build/launch_pkg -- -j16 -l16
[4.224s] colcon.colcon_core.event_handler.log_command DEBUG Invoked command in '/home/jsmoon/yax_jeju/build/launch_pkg' returned '0': AMENT_PREFIX_PATH=/home/jsmoon/yax_jeju/install/my_custom_pkg:/home/jsmoon/yax_jeju/install/serial_communication_pkg:/home/jsmoon/yax_jeju/install/ntrip_client:/home/jsmoon/yax_jeju/install/lidar_perception_pkg:/home/jsmoon/yax_jeju/install/decision_making_pkg:/home/jsmoon/yax_jeju/install/camera_perception_pkg:/home/jsmoon/yax_jeju/install/launch_pkg:/home/jsmoon/yax_jeju/install/ydlidar_ros2_driver:/home/jsmoon/yax_jeju/install/ublox:/home/jsmoon/yax_jeju/install/ublox_gps:/home/jsmoon/yax_jeju/install/fix2nmea:/home/jsmoon/yax_jeju/install/ublox_msgs:/home/jsmoon/yax_jeju/install/ublox_serialization:/home/jsmoon/yax_jeju/install/rtcm_msgs:/home/jsmoon/yax_jeju/install/latlong_utm:/home/jsmoon/yax_jeju/install/interfaces_pkg:/home/jsmoon/yax_jeju/install/debug_pkg:/home/jsmoon/ydlidar_ws/install/ydlidar_ros2_driver:/opt/ros/humble CMAKE_PREFIX_PATH=/home/jsmoon/yax_jeju/install/ublox_gps:/home/jsmoon/yax_jeju/install/fix2nmea:/home/jsmoon/yax_jeju/install/ublox_msgs:/home/jsmoon/yax_jeju/install/ydlidar_ros2_driver:/home/jsmoon/yax_jeju/install/ublox_serialization:/home/jsmoon/yax_jeju/install/rtcm_msgs:/home/jsmoon/yax_jeju/install/interfaces_pkg:/home/jsmoon/yax_jeju/install/launch_pkg:/home/jsmoon/yax_jeju/install/ublox:/home/jsmoon/ydlidar_ws/install/ydlidar_ros2_driver:/home/jsmoon/yax_jeju/install/my_custom_pkg:/home/jsmoon/yax_jeju/install/serial_communication_pkg:/home/jsmoon/yax_jeju/install/ntrip_client:/home/jsmoon/yax_jeju/install/lidar_perception_pkg:/home/jsmoon/yax_jeju/install/latlong_utm:/home/jsmoon/yax_jeju/install/decision_making_pkg:/home/jsmoon/yax_jeju/install/debug_pkg:/home/jsmoon/yax_jeju/install/camera_perception_pkg:/opt/ros/humble LD_LIBRARY_PATH=/home/jsmoon/yax_jeju/install/ublox_gps/lib:/home/jsmoon/yax_jeju/install/ublox_msgs/lib:/home/jsmoon/yax_jeju/install/rtcm_msgs/lib:/home/jsmoon/yax_jeju/install/interfaces_pkg/lib:/opt/ros/humble/opt/rviz_ogre_vendor/lib:/opt/ros/humble/lib/x86_64-linux-gnu:/opt/ros/humble/lib:/home/jsmoon/Desktop/JSMOON/MLCS/project1/Personalized-Adaptive-Cruise/external/acados/lib PYTHONPATH=/home/jsmoon/yax_jeju/build/my_custom_pkg:/home/jsmoon/yax_jeju/install/my_custom_pkg/lib/python3.10/site-packages:/home/jsmoon/yax_jeju/build/serial_communication_pkg:/home/jsmoon/yax_jeju/install/serial_communication_pkg/lib/python3.10/site-packages:/home/jsmoon/yax_jeju/build/ntrip_client/src:/home/jsmoon/yax_jeju/install/ntrip_client/lib/python3.10/site-packages:/home/jsmoon/yax_jeju/build/lidar_perception_pkg:/home/jsmoon/yax_jeju/install/lidar_perception_pkg/lib/python3.10/site-packages:/home/jsmoon/yax_jeju/build/decision_making_pkg:/home/jsmoon/yax_jeju/install/decision_making_pkg/lib/python3.10/site-packages:/home/jsmoon/yax_jeju/build/camera_perception_pkg:/home/jsmoon/yax_jeju/install/camera_perception_pkg/lib/python3.10/site-packages:/home/jsmoon/yax_jeju/install/ublox_msgs/local/lib/python3.10/dist-packages:/home/jsmoon/yax_jeju/install/rtcm_msgs/local/lib/python3.10/dist-packages:/home/jsmoon/yax_jeju/build/latlong_utm:/home/jsmoon/yax_jeju/install/latlong_utm/lib/python3.10/site-packages:/home/jsmoon/yax_jeju/install/interfaces_pkg/local/lib/python3.10/dist-packages:/home/jsmoon/yax_jeju/build/debug_pkg:/home/jsmoon/yax_jeju/install/debug_pkg/lib/python3.10/site-packages:/opt/ros/humble/lib/python3.10/site-packages:/opt/ros/humble/local/lib/python3.10/dist-packages /usr/bin/cmake --build /home/jsmoon/yax_jeju/build/launch_pkg -- -j16 -l16
[4.225s] colcon.colcon_core.event_handler.log_command DEBUG Invoking command in '/home/jsmoon/yax_jeju/build/launch_pkg': AMENT_PREFIX_PATH=/home/jsmoon/yax_jeju/install/my_custom_pkg:/home/jsmoon/yax_jeju/install/serial_communication_pkg:/home/jsmoon/yax_jeju/install/ntrip_client:/home/jsmoon/yax_jeju/install/lidar_perception_pkg:/home/jsmoon/yax_jeju/install/decision_making_pkg:/home/jsmoon/yax_jeju/install/camera_perception_pkg:/home/jsmoon/yax_jeju/install/launch_pkg:/home/jsmoon/yax_jeju/install/ydlidar_ros2_driver:/home/jsmoon/yax_jeju/install/ublox:/home/jsmoon/yax_jeju/install/ublox_gps:/home/jsmoon/yax_jeju/install/fix2nmea:/home/jsmoon/yax_jeju/install/ublox_msgs:/home/jsmoon/yax_jeju/install/ublox_serialization:/home/jsmoon/yax_jeju/install/rtcm_msgs:/home/jsmoon/yax_jeju/install/latlong_utm:/home/jsmoon/yax_jeju/install/interfaces_pkg:/home/jsmoon/yax_jeju/install/debug_pkg:/home/jsmoon/ydlidar_ws/install/ydlidar_ros2_driver:/opt/ros/humble CMAKE_PREFIX_PATH=/home/jsmoon/yax_jeju/install/ublox_gps:/home/jsmoon/yax_jeju/install/fix2nmea:/home/jsmoon/yax_jeju/install/ublox_msgs:/home/jsmoon/yax_jeju/install/ydlidar_ros2_driver:/home/jsmoon/yax_jeju/install/ublox_serialization:/home/jsmoon/yax_jeju/install/rtcm_msgs:/home/jsmoon/yax_jeju/install/interfaces_pkg:/home/jsmoon/yax_jeju/install/launch_pkg:/home/jsmoon/yax_jeju/install/ublox:/home/jsmoon/ydlidar_ws/install/ydlidar_ros2_driver:/home/jsmoon/yax_jeju/install/my_custom_pkg:/home/jsmoon/yax_jeju/install/serial_communication_pkg:/home/jsmoon/yax_jeju/install/ntrip_client:/home/jsmoon/yax_jeju/install/lidar_perception_pkg:/home/jsmoon/yax_jeju/install/latlong_utm:/home/jsmoon/yax_jeju/install/decision_making_pkg:/home/jsmoon/yax_jeju/install/debug_pkg:/home/jsmoon/yax_jeju/install/camera_perception_pkg:/opt/ros/humble LD_LIBRARY_PATH=/home/jsmoon/yax_jeju/install/ublox_gps/lib:/home/jsmoon/yax_jeju/install/ublox_msgs/lib:/home/jsmoon/yax_jeju/install/rtcm_msgs/lib:/home/jsmoon/yax_jeju/install/interfaces_pkg/lib:/opt/ros/humble/opt/rviz_ogre_vendor/lib:/opt/ros/humble/lib/x86_64-linux-gnu:/opt/ros/humble/lib:/home/jsmoon/Desktop/JSMOON/MLCS/project1/Personalized-Adaptive-Cruise/external/acados/lib PYTHONPATH=/home/jsmoon/yax_jeju/build/my_custom_pkg:/home/jsmoon/yax_jeju/install/my_custom_pkg/lib/python3.10/site-packages:/home/jsmoon/yax_jeju/build/serial_communication_pkg:/home/jsmoon/yax_jeju/install/serial_communication_pkg/lib/python3.10/site-packages:/home/jsmoon/yax_jeju/build/ntrip_client/src:/home/jsmoon/yax_jeju/install/ntrip_client/lib/python3.10/site-packages:/home/jsmoon/yax_jeju/build/lidar_perception_pkg:/home/jsmoon/yax_jeju/install/lidar_perception_pkg/lib/python3.10/site-packages:/home/jsmoon/yax_jeju/build/decision_making_pkg:/home/jsmoon/yax_jeju/install/decision_making_pkg/lib/python3.10/site-packages:/home/jsmoon/yax_jeju/build/camera_perception_pkg:/home/jsmoon/yax_jeju/install/camera_perception_pkg/lib/python3.10/site-packages:/home/jsmoon/yax_jeju/install/ublox_msgs/local/lib/python3.10/dist-packages:/home/jsmoon/yax_jeju/install/rtcm_msgs/local/lib/python3.10/dist-packages:/home/jsmoon/yax_jeju/build/latlong_utm:/home/jsmoon/yax_jeju/install/latlong_utm/lib/python3.10/site-packages:/home/jsmoon/yax_jeju/install/interfaces_pkg/local/lib/python3.10/dist-packages:/home/jsmoon/yax_jeju/build/debug_pkg:/home/jsmoon/yax_jeju/install/debug_pkg/lib/python3.10/site-packages:/opt/ros/humble/lib/python3.10/site-packages:/opt/ros/humble/local/lib/python3.10/dist-packages /usr/bin/cmake --install /home/jsmoon/yax_jeju/build/launch_pkg
[4.247s] colcon.colcon_core.environment Level 1 create_environment_scripts_only(launch_pkg)
[4.247s] colcon.colcon_core.environment Level 1 checking '/home/jsmoon/yax_jeju/install/launch_pkg' for CMake module files
[4.247s] colcon.colcon_core.event_handler.log_command DEBUG Invoked command in '/home/jsmoon/yax_jeju/build/launch_pkg' returned '0': AMENT_PREFIX_PATH=/home/jsmoon/yax_jeju/install/my_custom_pkg:/home/jsmoon/yax_jeju/install/serial_communication_pkg:/home/jsmoon/yax_jeju/install/ntrip_client:/home/jsmoon/yax_jeju/install/lidar_perception_pkg:/home/jsmoon/yax_jeju/install/decision_making_pkg:/home/jsmoon/yax_jeju/install/camera_perception_pkg:/home/jsmoon/yax_jeju/install/launch_pkg:/home/jsmoon/yax_jeju/install/ydlidar_ros2_driver:/home/jsmoon/yax_jeju/install/ublox:/home/jsmoon/yax_jeju/install/ublox_gps:/home/jsmoon/yax_jeju/install/fix2nmea:/home/jsmoon/yax_jeju/install/ublox_msgs:/home/jsmoon/yax_jeju/install/ublox_serialization:/home/jsmoon/yax_jeju/install/rtcm_msgs:/home/jsmoon/yax_jeju/install/latlong_utm:/home/jsmoon/yax_jeju/install/interfaces_pkg:/home/jsmoon/yax_jeju/install/debug_pkg:/home/jsmoon/ydlidar_ws/install/ydlidar_ros2_driver:/opt/ros/humble CMAKE_PREFIX_PATH=/home/jsmoon/yax_jeju/install/ublox_gps:/home/jsmoon/yax_jeju/install/fix2nmea:/home/jsmoon/yax_jeju/install/ublox_msgs:/home/jsmoon/yax_jeju/install/ydlidar_ros2_driver:/home/jsmoon/yax_jeju/install/ublox_serialization:/home/jsmoon/yax_jeju/install/rtcm_msgs:/home/jsmoon/yax_jeju/install/interfaces_pkg:/home/jsmoon/yax_jeju/install/launch_pkg:/home/jsmoon/yax_jeju/install/ublox:/home/jsmoon/ydlidar_ws/install/ydlidar_ros2_driver:/home/jsmoon/yax_jeju/install/my_custom_pkg:/home/jsmoon/yax_jeju/install/serial_communication_pkg:/home/jsmoon/yax_jeju/install/ntrip_client:/home/jsmoon/yax_jeju/install/lidar_perception_pkg:/home/jsmoon/yax_jeju/install/latlong_utm:/home/jsmoon/yax_jeju/install/decision_making_pkg:/home/jsmoon/yax_jeju/install/debug_pkg:/home/jsmoon/yax_jeju/install/camera_perception_pkg:/opt/ros/humble LD_LIBRARY_PATH=/home/jsmoon/yax_jeju/install/ublox_gps/lib:/home/jsmoon/yax_jeju/install/ublox_msgs/lib:/home/jsmoon/yax_jeju/install/rtcm_msgs/lib:/home/jsmoon/yax_jeju/install/interfaces_pkg/lib:/opt/ros/humble/opt/rviz_ogre_vendor/lib:/opt/ros/humble/lib/x86_64-linux-gnu:/opt/ros/humble/lib:/home/jsmoon/Desktop/JSMOON/MLCS/project1/Personalized-Adaptive-Cruise/external/acados/lib PYTHONPATH=/home/jsmoon/yax_jeju/build/my_custom_pkg:/home/jsmoon/yax_jeju/install/my_custom_pkg/lib/python3.10/site-packages:/home/jsmoon/yax_jeju/build/serial_communication_pkg:/home/jsmoon/yax_jeju/install/serial_communication_pkg/lib/python3.10/site-packages:/home/jsmoon/yax_jeju/build/ntrip_client/src:/home/jsmoon/yax_jeju/install/ntrip_client/lib/python3.10/site-packages:/home/jsmoon/yax_jeju/build/lidar_perception_pkg:/home/jsmoon/yax_jeju/install/lidar_perception_pkg/lib/python3.10/site-packages:/home/jsmoon/yax_jeju/build/decision_making_pkg:/home/jsmoon/yax_jeju/install/decision_making_pkg/lib/python3.10/site-packages:/home/jsmoon/yax_jeju/build/camera_perception_pkg:/home/jsmoon/yax_jeju/install/camera_perception_pkg/lib/python3.10/site-packages:/home/jsmoon/yax_jeju/install/ublox_msgs/local/lib/python3.10/dist-packages:/home/jsmoon/yax_jeju/install/rtcm_msgs/local/lib/python3.10/dist-packages:/home/jsmoon/yax_jeju/build/latlong_utm:/home/jsmoon/yax_jeju/install/latlong_utm/lib/python3.10/site-packages:/home/jsmoon/yax_jeju/install/interfaces_pkg/local/lib/python3.10/dist-packages:/home/jsmoon/yax_jeju/build/debug_pkg:/home/jsmoon/yax_jeju/install/debug_pkg/lib/python3.10/site-packages:/opt/ros/humble/lib/python3.10/site-packages:/opt/ros/humble/local/lib/python3.10/dist-packages /usr/bin/cmake --install /home/jsmoon/yax_jeju/build/launch_pkg
[4.247s] colcon.colcon_core.environment Level 1 checking '/home/jsmoon/yax_jeju/install/launch_pkg' for CMake config files
[4.248s] colcon.colcon_core.shell Level 1 create_environment_hook('launch_pkg', 'cmake_prefix_path')
[4.248s] colcon.colcon_core.shell INFO Creating environment hook '/home/jsmoon/yax_jeju/install/launch_pkg/share/launch_pkg/hook/cmake_prefix_path.ps1'
[4.248s] colcon.colcon_core.shell INFO Creating environment descriptor '/home/jsmoon/yax_jeju/install/launch_pkg/share/launch_pkg/hook/cmake_prefix_path.dsv'
[4.248s] colcon.colcon_core.shell INFO Creating environment hook '/home/jsmoon/yax_jeju/install/launch_pkg/share/launch_pkg/hook/cmake_prefix_path.sh'
[4.249s] colcon.colcon_core.environment Level 1 checking '/home/jsmoon/yax_jeju/install/launch_pkg/bin'
[4.249s] colcon.colcon_core.environment Level 1 checking '/home/jsmoon/yax_jeju/install/launch_pkg/lib/pkgconfig/launch_pkg.pc'
[4.249s] colcon.colcon_core.environment Level 1 checking '/home/jsmoon/yax_jeju/install/launch_pkg/lib/python3.10/site-packages'
[4.249s] colcon.colcon_core.environment Level 1 checking '/home/jsmoon/yax_jeju/install/launch_pkg/bin'
[4.249s] colcon.colcon_core.shell INFO Creating package script '/home/jsmoon/yax_jeju/install/launch_pkg/share/launch_pkg/package.ps1'
[4.250s] colcon.colcon_core.shell INFO Creating package descriptor '/home/jsmoon/yax_jeju/install/launch_pkg/share/launch_pkg/package.dsv'
[4.250s] colcon.colcon_core.shell INFO Creating package script '/home/jsmoon/yax_jeju/install/launch_pkg/share/launch_pkg/package.sh'
[4.250s] colcon.colcon_core.shell INFO Creating package script '/home/jsmoon/yax_jeju/install/launch_pkg/share/launch_pkg/package.bash'
[4.250s] colcon.colcon_core.shell INFO Creating package script '/home/jsmoon/yax_jeju/install/launch_pkg/share/launch_pkg/package.zsh'
[4.251s] colcon.colcon_core.environment Level 1 create_file_with_runtime_dependencies(/home/jsmoon/yax_jeju/install/launch_pkg/share/colcon-core/packages/launch_pkg)
[4.251s] colcon.colcon_core.environment Level 1 create_environment_scripts_only(launch_pkg)
[4.251s] colcon.colcon_core.environment Level 1 checking '/home/jsmoon/yax_jeju/install/launch_pkg' for CMake module files
[4.252s] colcon.colcon_core.environment Level 1 checking '/home/jsmoon/yax_jeju/install/launch_pkg' for CMake config files
[4.252s] colcon.colcon_core.shell Level 1 create_environment_hook('launch_pkg', 'cmake_prefix_path')
[4.252s] colcon.colcon_core.shell INFO Creating environment hook '/home/jsmoon/yax_jeju/install/launch_pkg/share/launch_pkg/hook/cmake_prefix_path.ps1'
[4.252s] colcon.colcon_core.shell INFO Creating environment descriptor '/home/jsmoon/yax_jeju/install/launch_pkg/share/launch_pkg/hook/cmake_prefix_path.dsv'
[4.252s] colcon.colcon_core.shell INFO Creating environment hook '/home/jsmoon/yax_jeju/install/launch_pkg/share/launch_pkg/hook/cmake_prefix_path.sh'
[4.253s] colcon.colcon_core.environment Level 1 checking '/home/jsmoon/yax_jeju/install/launch_pkg/bin'
[4.253s] colcon.colcon_core.environment Level 1 checking '/home/jsmoon/yax_jeju/install/launch_pkg/lib/pkgconfig/launch_pkg.pc'
[4.253s] colcon.colcon_core.environment Level 1 checking '/home/jsmoon/yax_jeju/install/launch_pkg/lib/python3.10/site-packages'
[4.253s] colcon.colcon_core.environment Level 1 checking '/home/jsmoon/yax_jeju/install/launch_pkg/bin'
[4.253s] colcon.colcon_core.shell INFO Creating package script '/home/jsmoon/yax_jeju/install/launch_pkg/share/launch_pkg/package.ps1'
[4.254s] colcon.colcon_core.shell INFO Creating package descriptor '/home/jsmoon/yax_jeju/install/launch_pkg/share/launch_pkg/package.dsv'
[4.254s] colcon.colcon_core.shell INFO Creating package script '/home/jsmoon/yax_jeju/install/launch_pkg/share/launch_pkg/package.sh'
[4.254s] colcon.colcon_core.shell INFO Creating package script '/home/jsmoon/yax_jeju/install/launch_pkg/share/launch_pkg/package.bash'
[4.255s] colcon.colcon_core.shell INFO Creating package script '/home/jsmoon/yax_jeju/install/launch_pkg/share/launch_pkg/package.zsh'
[4.255s] colcon.colcon_core.environment Level 1 create_file_with_runtime_dependencies(/home/jsmoon/yax_jeju/install/launch_pkg/share/colcon-core/packages/launch_pkg)
[4.255s] colcon.colcon_parallel_executor.executor.parallel DEBUG closing loop
[4.255s] colcon.colcon_parallel_executor.executor.parallel DEBUG loop closed
[4.255s] colcon.colcon_parallel_executor.executor.parallel DEBUG run_until_complete finished with '0'
[4.255s] colcon.colcon_core.event_reactor DEBUG joining thread
[4.260s] colcon.colcon_core.plugin_system INFO Skipping extension 'colcon_notification.desktop_notification.terminal_notifier': Not used on non-Darwin systems
[4.260s] colcon.colcon_core.plugin_system INFO Skipping extension 'colcon_notification.desktop_notification.win32': Not used on non-Windows systems
[4.260s] colcon.colcon_notification.desktop_notification INFO Sending desktop notification using 'notify2'
[4.267s] colcon.colcon_core.event_reactor DEBUG joined thread
[4.267s] colcon.colcon_core.shell INFO Creating prefix script '/home/jsmoon/yax_jeju/install/local_setup.ps1'
[4.268s] colcon.colcon_core.shell INFO Creating prefix util module '/home/jsmoon/yax_jeju/install/_local_setup_util_ps1.py'
[4.269s] colcon.colcon_core.shell INFO Creating prefix chain script '/home/jsmoon/yax_jeju/install/setup.ps1'
[4.270s] colcon.colcon_core.shell INFO Creating prefix script '/home/jsmoon/yax_jeju/install/local_setup.sh'
[4.271s] colcon.colcon_core.shell INFO Creating prefix util module '/home/jsmoon/yax_jeju/install/_local_setup_util_sh.py'
[4.271s] colcon.colcon_core.shell INFO Creating prefix chain script '/home/jsmoon/yax_jeju/install/setup.sh'
[4.272s] colcon.colcon_core.shell INFO Creating prefix script '/home/jsmoon/yax_jeju/install/local_setup.bash'
[4.272s] colcon.colcon_core.shell INFO Creating prefix chain script '/home/jsmoon/yax_jeju/install/setup.bash'
[4.273s] colcon.colcon_core.shell INFO Creating prefix script '/home/jsmoon/yax_jeju/install/local_setup.zsh'
[4.274s] colcon.colcon_core.shell INFO Creating prefix chain script '/home/jsmoon/yax_jeju/install/setup.zsh'
