[0.106s] colcon DEBUG Command line arguments: ['/usr/bin/colcon', 'build', '--symlink-install']
[0.106s] colcon DEBUG Parsed command line arguments: Namespace(log_base=None, log_level=None, verb_name='build', build_base='build', install_base='install', merge_install=False, symlink_install=True, test_result_base=None, continue_on_error=False, executor='parallel', parallel_workers=16, event_handlers=None, ignore_user_meta=False, metas=['./colcon.meta'], base_paths=['.'], packages_ignore=None, packages_ignore_regex=None, paths=None, packages_up_to=None, packages_up_to_regex=None, packages_above=None, packages_above_and_dependencies=None, packages_above_depth=None, packages_select_by_dep=None, packages_skip_by_dep=None, packages_skip_up_to=None, packages_select_build_failed=False, packages_skip_build_finished=False, packages_select_test_failures=False, packages_skip_test_passed=False, packages_select=None, packages_skip=None, packages_select_regex=None, packages_skip_regex=None, packages_start=None, packages_end=None, allow_overriding=[], cmake_args=None, cmake_target=None, cmake_target_skip_unavailable=False, cmake_clean_cache=False, cmake_clean_first=False, cmake_force_configure=False, ament_cmake_args=None, catkin_cmake_args=None, catkin_skip_building_tests=False, mixin_files=None, mixin=None, verb_parser=<colcon_mixin.mixin.mixin_argument.MixinArgumentDecorator object at 0x79e923cf71f0>, verb_extension=<colcon_core.verb.build.BuildVerb object at 0x79e923cf6c80>, main=<bound method BuildVerb.main of <colcon_core.verb.build.BuildVerb object at 0x79e923cf6c80>>, mixin_verb=('build',))
[0.452s] colcon.colcon_core.package_discovery Level 1 discover_packages(colcon_meta) check parameters
[0.453s] colcon.colcon_core.package_discovery Level 1 discover_packages(recursive) check parameters
[0.453s] colcon.colcon_core.package_discovery Level 1 discover_packages(ignore) check parameters
[0.453s] colcon.colcon_core.package_discovery Level 1 discover_packages(path) check parameters
[0.453s] colcon.colcon_core.package_discovery Level 1 discover_packages(colcon_meta) discover
[0.453s] colcon.colcon_core.package_discovery Level 1 discover_packages(recursive) discover
[0.453s] colcon.colcon_core.package_discovery INFO Crawling recursively for packages in '/home/jsmoon/yax_jeju'
[0.454s] colcon.colcon_core.package_identification Level 1 _identify(.) by extensions ['ignore', 'ignore_ament_install']
[0.454s] colcon.colcon_core.package_identification Level 1 _identify(.) by extension 'ignore'
[0.454s] colcon.colcon_core.package_identification Level 1 _identify(.) by extension 'ignore_ament_install'
[0.454s] colcon.colcon_core.package_identification Level 1 _identify(.) by extensions ['colcon_pkg']
[0.454s] colcon.colcon_core.package_identification Level 1 _identify(.) by extension 'colcon_pkg'
[0.454s] colcon.colcon_core.package_identification Level 1 _identify(.) by extensions ['colcon_meta']
[0.454s] colcon.colcon_core.package_identification Level 1 _identify(.) by extension 'colcon_meta'
[0.455s] colcon.colcon_core.package_identification Level 1 _identify(.) by extensions ['ros']
[0.455s] colcon.colcon_core.package_identification Level 1 _identify(.) by extension 'ros'
[0.513s] colcon.colcon_core.package_identification Level 1 _identify(.) by extensions ['cmake', 'python']
[0.514s] colcon.colcon_core.package_identification Level 1 _identify(.) by extension 'cmake'
[0.514s] colcon.colcon_core.package_identification Level 1 _identify(.) by extension 'python'
[0.514s] colcon.colcon_core.package_identification Level 1 _identify(.) by extensions ['python_setup_py']
[0.514s] colcon.colcon_core.package_identification Level 1 _identify(.) by extension 'python_setup_py'
[0.514s] colcon.colcon_core.package_identification Level 1 _identify(build) by extensions ['ignore', 'ignore_ament_install']
[0.521s] colcon.colcon_core.package_identification Level 1 _identify(build) by extension 'ignore'
[0.522s] colcon.colcon_core.package_identification Level 1 _identify(build) ignored
[0.522s] colcon.colcon_core.package_identification Level 1 _identify(install) by extensions ['ignore', 'ignore_ament_install']
[0.522s] colcon.colcon_core.package_identification Level 1 _identify(install) by extension 'ignore'
[0.522s] colcon.colcon_core.package_identification Level 1 _identify(install) ignored
[0.522s] colcon.colcon_core.package_identification Level 1 _identify(log) by extensions ['ignore', 'ignore_ament_install']
[0.522s] colcon.colcon_core.package_identification Level 1 _identify(log) by extension 'ignore'
[0.522s] colcon.colcon_core.package_identification Level 1 _identify(log) ignored
[0.523s] colcon.colcon_core.package_identification Level 1 _identify(src) by extensions ['ignore', 'ignore_ament_install']
[0.523s] colcon.colcon_core.package_identification Level 1 _identify(src) by extension 'ignore'
[0.523s] colcon.colcon_core.package_identification Level 1 _identify(src) by extension 'ignore_ament_install'
[0.523s] colcon.colcon_core.package_identification Level 1 _identify(src) by extensions ['colcon_pkg']
[0.523s] colcon.colcon_core.package_identification Level 1 _identify(src) by extension 'colcon_pkg'
[0.523s] colcon.colcon_core.package_identification Level 1 _identify(src) by extensions ['colcon_meta']
[0.523s] colcon.colcon_core.package_identification Level 1 _identify(src) by extension 'colcon_meta'
[0.523s] colcon.colcon_core.package_identification Level 1 _identify(src) by extensions ['ros']
[0.523s] colcon.colcon_core.package_identification Level 1 _identify(src) by extension 'ros'
[0.523s] colcon.colcon_core.package_identification Level 1 _identify(src) by extensions ['cmake', 'python']
[0.523s] colcon.colcon_core.package_identification Level 1 _identify(src) by extension 'cmake'
[0.523s] colcon.colcon_core.package_identification Level 1 _identify(src) by extension 'python'
[0.523s] colcon.colcon_core.package_identification Level 1 _identify(src) by extensions ['python_setup_py']
[0.523s] colcon.colcon_core.package_identification Level 1 _identify(src) by extension 'python_setup_py'
[0.523s] colcon.colcon_core.package_identification Level 1 _identify(src/RTK_GPS_NTRIP) by extensions ['ignore', 'ignore_ament_install']
[0.524s] colcon.colcon_core.package_identification Level 1 _identify(src/RTK_GPS_NTRIP) by extension 'ignore'
[0.524s] colcon.colcon_core.package_identification Level 1 _identify(src/RTK_GPS_NTRIP) by extension 'ignore_ament_install'
[0.524s] colcon.colcon_core.package_identification Level 1 _identify(src/RTK_GPS_NTRIP) by extensions ['colcon_pkg']
[0.524s] colcon.colcon_core.package_identification Level 1 _identify(src/RTK_GPS_NTRIP) by extension 'colcon_pkg'
[0.524s] colcon.colcon_core.package_identification Level 1 _identify(src/RTK_GPS_NTRIP) by extensions ['colcon_meta']
[0.524s] colcon.colcon_core.package_identification Level 1 _identify(src/RTK_GPS_NTRIP) by extension 'colcon_meta'
[0.524s] colcon.colcon_core.package_identification Level 1 _identify(src/RTK_GPS_NTRIP) by extensions ['ros']
[0.524s] colcon.colcon_core.package_identification Level 1 _identify(src/RTK_GPS_NTRIP) by extension 'ros'
[0.524s] colcon.colcon_core.package_identification Level 1 _identify(src/RTK_GPS_NTRIP) by extensions ['cmake', 'python']
[0.524s] colcon.colcon_core.package_identification Level 1 _identify(src/RTK_GPS_NTRIP) by extension 'cmake'
[0.524s] colcon.colcon_core.package_identification Level 1 _identify(src/RTK_GPS_NTRIP) by extension 'python'
[0.524s] colcon.colcon_core.package_identification Level 1 _identify(src/RTK_GPS_NTRIP) by extensions ['python_setup_py']
[0.524s] colcon.colcon_core.package_identification Level 1 _identify(src/RTK_GPS_NTRIP) by extension 'python_setup_py'
[0.524s] colcon.colcon_core.package_identification Level 1 _identify(src/RTK_GPS_NTRIP/fix2nmea) by extensions ['ignore', 'ignore_ament_install']
[0.524s] colcon.colcon_core.package_identification Level 1 _identify(src/RTK_GPS_NTRIP/fix2nmea) by extension 'ignore'
[0.524s] colcon.colcon_core.package_identification Level 1 _identify(src/RTK_GPS_NTRIP/fix2nmea) by extension 'ignore_ament_install'
[0.524s] colcon.colcon_core.package_identification Level 1 _identify(src/RTK_GPS_NTRIP/fix2nmea) by extensions ['colcon_pkg']
[0.524s] colcon.colcon_core.package_identification Level 1 _identify(src/RTK_GPS_NTRIP/fix2nmea) by extension 'colcon_pkg'
[0.524s] colcon.colcon_core.package_identification Level 1 _identify(src/RTK_GPS_NTRIP/fix2nmea) by extensions ['colcon_meta']
[0.524s] colcon.colcon_core.package_identification Level 1 _identify(src/RTK_GPS_NTRIP/fix2nmea) by extension 'colcon_meta'
[0.524s] colcon.colcon_core.package_identification Level 1 _identify(src/RTK_GPS_NTRIP/fix2nmea) by extensions ['ros']
[0.524s] colcon.colcon_core.package_identification Level 1 _identify(src/RTK_GPS_NTRIP/fix2nmea) by extension 'ros'
[0.530s] colcon.colcon_core.package_identification DEBUG Package 'src/RTK_GPS_NTRIP/fix2nmea' with type 'ros.ament_cmake' and name 'fix2nmea'
[0.531s] colcon.colcon_core.package_identification Level 1 _identify(src/RTK_GPS_NTRIP/ntrip_client) by extensions ['ignore', 'ignore_ament_install']
[0.531s] colcon.colcon_core.package_identification Level 1 _identify(src/RTK_GPS_NTRIP/ntrip_client) by extension 'ignore'
[0.531s] colcon.colcon_core.package_identification Level 1 _identify(src/RTK_GPS_NTRIP/ntrip_client) by extension 'ignore_ament_install'
[0.531s] colcon.colcon_core.package_identification Level 1 _identify(src/RTK_GPS_NTRIP/ntrip_client) by extensions ['colcon_pkg']
[0.531s] colcon.colcon_core.package_identification Level 1 _identify(src/RTK_GPS_NTRIP/ntrip_client) by extension 'colcon_pkg'
[0.531s] colcon.colcon_core.package_identification Level 1 _identify(src/RTK_GPS_NTRIP/ntrip_client) by extensions ['colcon_meta']
[0.531s] colcon.colcon_core.package_identification Level 1 _identify(src/RTK_GPS_NTRIP/ntrip_client) by extension 'colcon_meta'
[0.531s] colcon.colcon_core.package_identification Level 1 _identify(src/RTK_GPS_NTRIP/ntrip_client) by extensions ['ros']
[0.531s] colcon.colcon_core.package_identification Level 1 _identify(src/RTK_GPS_NTRIP/ntrip_client) by extension 'ros'
[0.533s] colcon.colcon_core.package_identification DEBUG Package 'src/RTK_GPS_NTRIP/ntrip_client' with type 'ros.ament_python' and name 'ntrip_client'
[0.533s] colcon.colcon_core.package_identification Level 1 _identify(src/RTK_GPS_NTRIP/rtcm_msgs) by extensions ['ignore', 'ignore_ament_install']
[0.533s] colcon.colcon_core.package_identification Level 1 _identify(src/RTK_GPS_NTRIP/rtcm_msgs) by extension 'ignore'
[0.533s] colcon.colcon_core.package_identification Level 1 _identify(src/RTK_GPS_NTRIP/rtcm_msgs) by extension 'ignore_ament_install'
[0.533s] colcon.colcon_core.package_identification Level 1 _identify(src/RTK_GPS_NTRIP/rtcm_msgs) by extensions ['colcon_pkg']
[0.533s] colcon.colcon_core.package_identification Level 1 _identify(src/RTK_GPS_NTRIP/rtcm_msgs) by extension 'colcon_pkg'
[0.533s] colcon.colcon_core.package_identification Level 1 _identify(src/RTK_GPS_NTRIP/rtcm_msgs) by extensions ['colcon_meta']
[0.533s] colcon.colcon_core.package_identification Level 1 _identify(src/RTK_GPS_NTRIP/rtcm_msgs) by extension 'colcon_meta'
[0.533s] colcon.colcon_core.package_identification Level 1 _identify(src/RTK_GPS_NTRIP/rtcm_msgs) by extensions ['ros']
[0.533s] colcon.colcon_core.package_identification Level 1 _identify(src/RTK_GPS_NTRIP/rtcm_msgs) by extension 'ros'
[0.542s] colcon.colcon_core.package_identification DEBUG Package 'src/RTK_GPS_NTRIP/rtcm_msgs' with type 'ros.ament_cmake' and name 'rtcm_msgs'
[0.542s] colcon.colcon_core.package_identification Level 1 _identify(src/RTK_GPS_NTRIP/ublox) by extensions ['ignore', 'ignore_ament_install']
[0.543s] colcon.colcon_core.package_identification Level 1 _identify(src/RTK_GPS_NTRIP/ublox) by extension 'ignore'
[0.543s] colcon.colcon_core.package_identification Level 1 _identify(src/RTK_GPS_NTRIP/ublox) by extension 'ignore_ament_install'
[0.543s] colcon.colcon_core.package_identification Level 1 _identify(src/RTK_GPS_NTRIP/ublox) by extensions ['colcon_pkg']
[0.543s] colcon.colcon_core.package_identification Level 1 _identify(src/RTK_GPS_NTRIP/ublox) by extension 'colcon_pkg'
[0.543s] colcon.colcon_core.package_identification Level 1 _identify(src/RTK_GPS_NTRIP/ublox) by extensions ['colcon_meta']
[0.543s] colcon.colcon_core.package_identification Level 1 _identify(src/RTK_GPS_NTRIP/ublox) by extension 'colcon_meta'
[0.543s] colcon.colcon_core.package_identification Level 1 _identify(src/RTK_GPS_NTRIP/ublox) by extensions ['ros']
[0.543s] colcon.colcon_core.package_identification Level 1 _identify(src/RTK_GPS_NTRIP/ublox) by extension 'ros'
[0.544s] colcon.colcon_core.package_identification DEBUG Package 'src/RTK_GPS_NTRIP/ublox' with type 'ros.ament_cmake' and name 'ublox'
[0.545s] colcon.colcon_core.package_identification Level 1 _identify(src/RTK_GPS_NTRIP/ublox_gps) by extensions ['ignore', 'ignore_ament_install']
[0.545s] colcon.colcon_core.package_identification Level 1 _identify(src/RTK_GPS_NTRIP/ublox_gps) by extension 'ignore'
[0.545s] colcon.colcon_core.package_identification Level 1 _identify(src/RTK_GPS_NTRIP/ublox_gps) by extension 'ignore_ament_install'
[0.545s] colcon.colcon_core.package_identification Level 1 _identify(src/RTK_GPS_NTRIP/ublox_gps) by extensions ['colcon_pkg']
[0.545s] colcon.colcon_core.package_identification Level 1 _identify(src/RTK_GPS_NTRIP/ublox_gps) by extension 'colcon_pkg'
[0.545s] colcon.colcon_core.package_identification Level 1 _identify(src/RTK_GPS_NTRIP/ublox_gps) by extensions ['colcon_meta']
[0.545s] colcon.colcon_core.package_identification Level 1 _identify(src/RTK_GPS_NTRIP/ublox_gps) by extension 'colcon_meta'
[0.545s] colcon.colcon_core.package_identification Level 1 _identify(src/RTK_GPS_NTRIP/ublox_gps) by extensions ['ros']
[0.545s] colcon.colcon_core.package_identification Level 1 _identify(src/RTK_GPS_NTRIP/ublox_gps) by extension 'ros'
[0.548s] colcon.colcon_core.package_identification DEBUG Package 'src/RTK_GPS_NTRIP/ublox_gps' with type 'ros.ament_cmake' and name 'ublox_gps'
[0.548s] colcon.colcon_core.package_identification Level 1 _identify(src/RTK_GPS_NTRIP/ublox_msgs) by extensions ['ignore', 'ignore_ament_install']
[0.548s] colcon.colcon_core.package_identification Level 1 _identify(src/RTK_GPS_NTRIP/ublox_msgs) by extension 'ignore'
[0.548s] colcon.colcon_core.package_identification Level 1 _identify(src/RTK_GPS_NTRIP/ublox_msgs) by extension 'ignore_ament_install'
[0.548s] colcon.colcon_core.package_identification Level 1 _identify(src/RTK_GPS_NTRIP/ublox_msgs) by extensions ['colcon_pkg']
[0.548s] colcon.colcon_core.package_identification Level 1 _identify(src/RTK_GPS_NTRIP/ublox_msgs) by extension 'colcon_pkg'
[0.548s] colcon.colcon_core.package_identification Level 1 _identify(src/RTK_GPS_NTRIP/ublox_msgs) by extensions ['colcon_meta']
[0.548s] colcon.colcon_core.package_identification Level 1 _identify(src/RTK_GPS_NTRIP/ublox_msgs) by extension 'colcon_meta'
[0.548s] colcon.colcon_core.package_identification Level 1 _identify(src/RTK_GPS_NTRIP/ublox_msgs) by extensions ['ros']
[0.548s] colcon.colcon_core.package_identification Level 1 _identify(src/RTK_GPS_NTRIP/ublox_msgs) by extension 'ros'
[0.549s] colcon.colcon_core.package_identification DEBUG Package 'src/RTK_GPS_NTRIP/ublox_msgs' with type 'ros.ament_cmake' and name 'ublox_msgs'
[0.550s] colcon.colcon_core.package_identification Level 1 _identify(src/RTK_GPS_NTRIP/ublox_serialization) by extensions ['ignore', 'ignore_ament_install']
[0.550s] colcon.colcon_core.package_identification Level 1 _identify(src/RTK_GPS_NTRIP/ublox_serialization) by extension 'ignore'
[0.550s] colcon.colcon_core.package_identification Level 1 _identify(src/RTK_GPS_NTRIP/ublox_serialization) by extension 'ignore_ament_install'
[0.550s] colcon.colcon_core.package_identification Level 1 _identify(src/RTK_GPS_NTRIP/ublox_serialization) by extensions ['colcon_pkg']
[0.550s] colcon.colcon_core.package_identification Level 1 _identify(src/RTK_GPS_NTRIP/ublox_serialization) by extension 'colcon_pkg'
[0.550s] colcon.colcon_core.package_identification Level 1 _identify(src/RTK_GPS_NTRIP/ublox_serialization) by extensions ['colcon_meta']
[0.550s] colcon.colcon_core.package_identification Level 1 _identify(src/RTK_GPS_NTRIP/ublox_serialization) by extension 'colcon_meta'
[0.550s] colcon.colcon_core.package_identification Level 1 _identify(src/RTK_GPS_NTRIP/ublox_serialization) by extensions ['ros']
[0.550s] colcon.colcon_core.package_identification Level 1 _identify(src/RTK_GPS_NTRIP/ublox_serialization) by extension 'ros'
[0.550s] colcon.colcon_core.package_identification DEBUG Package 'src/RTK_GPS_NTRIP/ublox_serialization' with type 'ros.ament_cmake' and name 'ublox_serialization'
[0.551s] colcon.colcon_core.package_identification Level 1 _identify(src/UTM_conversion) by extensions ['ignore', 'ignore_ament_install']
[0.551s] colcon.colcon_core.package_identification Level 1 _identify(src/UTM_conversion) by extension 'ignore'
[0.551s] colcon.colcon_core.package_identification Level 1 _identify(src/UTM_conversion) by extension 'ignore_ament_install'
[0.551s] colcon.colcon_core.package_identification Level 1 _identify(src/UTM_conversion) by extensions ['colcon_pkg']
[0.551s] colcon.colcon_core.package_identification Level 1 _identify(src/UTM_conversion) by extension 'colcon_pkg'
[0.551s] colcon.colcon_core.package_identification Level 1 _identify(src/UTM_conversion) by extensions ['colcon_meta']
[0.551s] colcon.colcon_core.package_identification Level 1 _identify(src/UTM_conversion) by extension 'colcon_meta'
[0.551s] colcon.colcon_core.package_identification Level 1 _identify(src/UTM_conversion) by extensions ['ros']
[0.551s] colcon.colcon_core.package_identification Level 1 _identify(src/UTM_conversion) by extension 'ros'
[0.551s] colcon.colcon_core.package_identification Level 1 _identify(src/UTM_conversion) by extensions ['cmake', 'python']
[0.551s] colcon.colcon_core.package_identification Level 1 _identify(src/UTM_conversion) by extension 'cmake'
[0.551s] colcon.colcon_core.package_identification Level 1 _identify(src/UTM_conversion) by extension 'python'
[0.551s] colcon.colcon_core.package_identification Level 1 _identify(src/UTM_conversion) by extensions ['python_setup_py']
[0.551s] colcon.colcon_core.package_identification Level 1 _identify(src/UTM_conversion) by extension 'python_setup_py'
[0.551s] colcon.colcon_core.package_identification Level 1 _identify(src/UTM_conversion/src) by extensions ['ignore', 'ignore_ament_install']
[0.551s] colcon.colcon_core.package_identification Level 1 _identify(src/UTM_conversion/src) by extension 'ignore'
[0.551s] colcon.colcon_core.package_identification Level 1 _identify(src/UTM_conversion/src) by extension 'ignore_ament_install'
[0.551s] colcon.colcon_core.package_identification Level 1 _identify(src/UTM_conversion/src) by extensions ['colcon_pkg']
[0.551s] colcon.colcon_core.package_identification Level 1 _identify(src/UTM_conversion/src) by extension 'colcon_pkg'
[0.551s] colcon.colcon_core.package_identification Level 1 _identify(src/UTM_conversion/src) by extensions ['colcon_meta']
[0.551s] colcon.colcon_core.package_identification Level 1 _identify(src/UTM_conversion/src) by extension 'colcon_meta'
[0.551s] colcon.colcon_core.package_identification Level 1 _identify(src/UTM_conversion/src) by extensions ['ros']
[0.551s] colcon.colcon_core.package_identification Level 1 _identify(src/UTM_conversion/src) by extension 'ros'
[0.551s] colcon.colcon_core.package_identification Level 1 _identify(src/UTM_conversion/src) by extensions ['cmake', 'python']
[0.551s] colcon.colcon_core.package_identification Level 1 _identify(src/UTM_conversion/src) by extension 'cmake'
[0.551s] colcon.colcon_core.package_identification Level 1 _identify(src/UTM_conversion/src) by extension 'python'
[0.551s] colcon.colcon_core.package_identification Level 1 _identify(src/UTM_conversion/src) by extensions ['python_setup_py']
[0.551s] colcon.colcon_core.package_identification Level 1 _identify(src/UTM_conversion/src) by extension 'python_setup_py'
[0.552s] colcon.colcon_core.package_identification Level 1 _identify(src/UTM_conversion/src/latlong_utm) by extensions ['ignore', 'ignore_ament_install']
[0.552s] colcon.colcon_core.package_identification Level 1 _identify(src/UTM_conversion/src/latlong_utm) by extension 'ignore'
[0.552s] colcon.colcon_core.package_identification Level 1 _identify(src/UTM_conversion/src/latlong_utm) by extension 'ignore_ament_install'
[0.552s] colcon.colcon_core.package_identification Level 1 _identify(src/UTM_conversion/src/latlong_utm) by extensions ['colcon_pkg']
[0.552s] colcon.colcon_core.package_identification Level 1 _identify(src/UTM_conversion/src/latlong_utm) by extension 'colcon_pkg'
[0.552s] colcon.colcon_core.package_identification Level 1 _identify(src/UTM_conversion/src/latlong_utm) by extensions ['colcon_meta']
[0.552s] colcon.colcon_core.package_identification Level 1 _identify(src/UTM_conversion/src/latlong_utm) by extension 'colcon_meta'
[0.552s] colcon.colcon_core.package_identification Level 1 _identify(src/UTM_conversion/src/latlong_utm) by extensions ['ros']
[0.552s] colcon.colcon_core.package_identification Level 1 _identify(src/UTM_conversion/src/latlong_utm) by extension 'ros'
[0.553s] colcon.colcon_core.package_identification DEBUG Package 'src/UTM_conversion/src/latlong_utm' with type 'ros.ament_python' and name 'latlong_utm'
[0.553s] colcon.colcon_core.package_identification Level 1 _identify(src/build) by extensions ['ignore', 'ignore_ament_install']
[0.553s] colcon.colcon_core.package_identification Level 1 _identify(src/build) by extension 'ignore'
[0.553s] colcon.colcon_core.package_identification Level 1 _identify(src/build) ignored
[0.553s] colcon.colcon_core.package_identification Level 1 _identify(src/camera_perception_pkg) by extensions ['ignore', 'ignore_ament_install']
[0.553s] colcon.colcon_core.package_identification Level 1 _identify(src/camera_perception_pkg) by extension 'ignore'
[0.553s] colcon.colcon_core.package_identification Level 1 _identify(src/camera_perception_pkg) by extension 'ignore_ament_install'
[0.553s] colcon.colcon_core.package_identification Level 1 _identify(src/camera_perception_pkg) by extensions ['colcon_pkg']
[0.553s] colcon.colcon_core.package_identification Level 1 _identify(src/camera_perception_pkg) by extension 'colcon_pkg'
[0.553s] colcon.colcon_core.package_identification Level 1 _identify(src/camera_perception_pkg) by extensions ['colcon_meta']
[0.553s] colcon.colcon_core.package_identification Level 1 _identify(src/camera_perception_pkg) by extension 'colcon_meta'
[0.553s] colcon.colcon_core.package_identification Level 1 _identify(src/camera_perception_pkg) by extensions ['ros']
[0.553s] colcon.colcon_core.package_identification Level 1 _identify(src/camera_perception_pkg) by extension 'ros'
[0.555s] colcon.colcon_core.package_identification DEBUG Package 'src/camera_perception_pkg' with type 'ros.ament_python' and name 'camera_perception_pkg'
[0.555s] colcon.colcon_core.package_identification Level 1 _identify(src/control) by extensions ['ignore', 'ignore_ament_install']
[0.555s] colcon.colcon_core.package_identification Level 1 _identify(src/control) by extension 'ignore'
[0.555s] colcon.colcon_core.package_identification Level 1 _identify(src/control) by extension 'ignore_ament_install'
[0.555s] colcon.colcon_core.package_identification Level 1 _identify(src/control) by extensions ['colcon_pkg']
[0.555s] colcon.colcon_core.package_identification Level 1 _identify(src/control) by extension 'colcon_pkg'
[0.555s] colcon.colcon_core.package_identification Level 1 _identify(src/control) by extensions ['colcon_meta']
[0.555s] colcon.colcon_core.package_identification Level 1 _identify(src/control) by extension 'colcon_meta'
[0.555s] colcon.colcon_core.package_identification Level 1 _identify(src/control) by extensions ['ros']
[0.555s] colcon.colcon_core.package_identification Level 1 _identify(src/control) by extension 'ros'
[0.555s] colcon.colcon_core.package_identification Level 1 _identify(src/control) by extensions ['cmake', 'python']
[0.555s] colcon.colcon_core.package_identification Level 1 _identify(src/control) by extension 'cmake'
[0.555s] colcon.colcon_core.package_identification Level 1 _identify(src/control) by extension 'python'
[0.555s] colcon.colcon_core.package_identification Level 1 _identify(src/control) by extensions ['python_setup_py']
[0.555s] colcon.colcon_core.package_identification Level 1 _identify(src/control) by extension 'python_setup_py'
[0.555s] colcon.colcon_core.package_identification Level 1 _identify(src/control/check_variable_resistor) by extensions ['ignore', 'ignore_ament_install']
[0.555s] colcon.colcon_core.package_identification Level 1 _identify(src/control/check_variable_resistor) by extension 'ignore'
[0.555s] colcon.colcon_core.package_identification Level 1 _identify(src/control/check_variable_resistor) by extension 'ignore_ament_install'
[0.555s] colcon.colcon_core.package_identification Level 1 _identify(src/control/check_variable_resistor) by extensions ['colcon_pkg']
[0.555s] colcon.colcon_core.package_identification Level 1 _identify(src/control/check_variable_resistor) by extension 'colcon_pkg'
[0.555s] colcon.colcon_core.package_identification Level 1 _identify(src/control/check_variable_resistor) by extensions ['colcon_meta']
[0.555s] colcon.colcon_core.package_identification Level 1 _identify(src/control/check_variable_resistor) by extension 'colcon_meta'
[0.555s] colcon.colcon_core.package_identification Level 1 _identify(src/control/check_variable_resistor) by extensions ['ros']
[0.555s] colcon.colcon_core.package_identification Level 1 _identify(src/control/check_variable_resistor) by extension 'ros'
[0.555s] colcon.colcon_core.package_identification Level 1 _identify(src/control/check_variable_resistor) by extensions ['cmake', 'python']
[0.555s] colcon.colcon_core.package_identification Level 1 _identify(src/control/check_variable_resistor) by extension 'cmake'
[0.555s] colcon.colcon_core.package_identification Level 1 _identify(src/control/check_variable_resistor) by extension 'python'
[0.555s] colcon.colcon_core.package_identification Level 1 _identify(src/control/check_variable_resistor) by extensions ['python_setup_py']
[0.555s] colcon.colcon_core.package_identification Level 1 _identify(src/control/check_variable_resistor) by extension 'python_setup_py'
[0.556s] colcon.colcon_core.package_identification Level 1 _identify(src/control/driving) by extensions ['ignore', 'ignore_ament_install']
[0.556s] colcon.colcon_core.package_identification Level 1 _identify(src/control/driving) by extension 'ignore'
[0.556s] colcon.colcon_core.package_identification Level 1 _identify(src/control/driving) by extension 'ignore_ament_install'
[0.556s] colcon.colcon_core.package_identification Level 1 _identify(src/control/driving) by extensions ['colcon_pkg']
[0.556s] colcon.colcon_core.package_identification Level 1 _identify(src/control/driving) by extension 'colcon_pkg'
[0.556s] colcon.colcon_core.package_identification Level 1 _identify(src/control/driving) by extensions ['colcon_meta']
[0.556s] colcon.colcon_core.package_identification Level 1 _identify(src/control/driving) by extension 'colcon_meta'
[0.556s] colcon.colcon_core.package_identification Level 1 _identify(src/control/driving) by extensions ['ros']
[0.556s] colcon.colcon_core.package_identification Level 1 _identify(src/control/driving) by extension 'ros'
[0.556s] colcon.colcon_core.package_identification Level 1 _identify(src/control/driving) by extensions ['cmake', 'python']
[0.556s] colcon.colcon_core.package_identification Level 1 _identify(src/control/driving) by extension 'cmake'
[0.556s] colcon.colcon_core.package_identification Level 1 _identify(src/control/driving) by extension 'python'
[0.556s] colcon.colcon_core.package_identification Level 1 _identify(src/control/driving) by extensions ['python_setup_py']
[0.556s] colcon.colcon_core.package_identification Level 1 _identify(src/control/driving) by extension 'python_setup_py'
[0.556s] colcon.colcon_core.package_identification Level 1 _identify(src/control/motor_test) by extensions ['ignore', 'ignore_ament_install']
[0.556s] colcon.colcon_core.package_identification Level 1 _identify(src/control/motor_test) by extension 'ignore'
[0.556s] colcon.colcon_core.package_identification Level 1 _identify(src/control/motor_test) by extension 'ignore_ament_install'
[0.556s] colcon.colcon_core.package_identification Level 1 _identify(src/control/motor_test) by extensions ['colcon_pkg']
[0.556s] colcon.colcon_core.package_identification Level 1 _identify(src/control/motor_test) by extension 'colcon_pkg'
[0.556s] colcon.colcon_core.package_identification Level 1 _identify(src/control/motor_test) by extensions ['colcon_meta']
[0.556s] colcon.colcon_core.package_identification Level 1 _identify(src/control/motor_test) by extension 'colcon_meta'
[0.556s] colcon.colcon_core.package_identification Level 1 _identify(src/control/motor_test) by extensions ['ros']
[0.556s] colcon.colcon_core.package_identification Level 1 _identify(src/control/motor_test) by extension 'ros'
[0.556s] colcon.colcon_core.package_identification Level 1 _identify(src/control/motor_test) by extensions ['cmake', 'python']
[0.556s] colcon.colcon_core.package_identification Level 1 _identify(src/control/motor_test) by extension 'cmake'
[0.556s] colcon.colcon_core.package_identification Level 1 _identify(src/control/motor_test) by extension 'python'
[0.556s] colcon.colcon_core.package_identification Level 1 _identify(src/control/motor_test) by extensions ['python_setup_py']
[0.556s] colcon.colcon_core.package_identification Level 1 _identify(src/control/motor_test) by extension 'python_setup_py'
[0.556s] colcon.colcon_core.package_identification Level 1 _identify(src/control/ultrasonic) by extensions ['ignore', 'ignore_ament_install']
[0.556s] colcon.colcon_core.package_identification Level 1 _identify(src/control/ultrasonic) by extension 'ignore'
[0.556s] colcon.colcon_core.package_identification Level 1 _identify(src/control/ultrasonic) by extension 'ignore_ament_install'
[0.556s] colcon.colcon_core.package_identification Level 1 _identify(src/control/ultrasonic) by extensions ['colcon_pkg']
[0.556s] colcon.colcon_core.package_identification Level 1 _identify(src/control/ultrasonic) by extension 'colcon_pkg'
[0.556s] colcon.colcon_core.package_identification Level 1 _identify(src/control/ultrasonic) by extensions ['colcon_meta']
[0.556s] colcon.colcon_core.package_identification Level 1 _identify(src/control/ultrasonic) by extension 'colcon_meta'
[0.556s] colcon.colcon_core.package_identification Level 1 _identify(src/control/ultrasonic) by extensions ['ros']
[0.556s] colcon.colcon_core.package_identification Level 1 _identify(src/control/ultrasonic) by extension 'ros'
[0.556s] colcon.colcon_core.package_identification Level 1 _identify(src/control/ultrasonic) by extensions ['cmake', 'python']
[0.556s] colcon.colcon_core.package_identification Level 1 _identify(src/control/ultrasonic) by extension 'cmake'
[0.556s] colcon.colcon_core.package_identification Level 1 _identify(src/control/ultrasonic) by extension 'python'
[0.556s] colcon.colcon_core.package_identification Level 1 _identify(src/control/ultrasonic) by extensions ['python_setup_py']
[0.556s] colcon.colcon_core.package_identification Level 1 _identify(src/control/ultrasonic) by extension 'python_setup_py'
[0.556s] colcon.colcon_core.package_identification Level 1 _identify(src/data_collection) by extensions ['ignore', 'ignore_ament_install']
[0.557s] colcon.colcon_core.package_identification Level 1 _identify(src/data_collection) by extension 'ignore'
[0.557s] colcon.colcon_core.package_identification Level 1 _identify(src/data_collection) by extension 'ignore_ament_install'
[0.557s] colcon.colcon_core.package_identification Level 1 _identify(src/data_collection) by extensions ['colcon_pkg']
[0.557s] colcon.colcon_core.package_identification Level 1 _identify(src/data_collection) by extension 'colcon_pkg'
[0.557s] colcon.colcon_core.package_identification Level 1 _identify(src/data_collection) by extensions ['colcon_meta']
[0.557s] colcon.colcon_core.package_identification Level 1 _identify(src/data_collection) by extension 'colcon_meta'
[0.557s] colcon.colcon_core.package_identification Level 1 _identify(src/data_collection) by extensions ['ros']
[0.557s] colcon.colcon_core.package_identification Level 1 _identify(src/data_collection) by extension 'ros'
[0.557s] colcon.colcon_core.package_identification Level 1 _identify(src/data_collection) by extensions ['cmake', 'python']
[0.557s] colcon.colcon_core.package_identification Level 1 _identify(src/data_collection) by extension 'cmake'
[0.557s] colcon.colcon_core.package_identification Level 1 _identify(src/data_collection) by extension 'python'
[0.557s] colcon.colcon_core.package_identification Level 1 _identify(src/data_collection) by extensions ['python_setup_py']
[0.557s] colcon.colcon_core.package_identification Level 1 _identify(src/data_collection) by extension 'python_setup_py'
[0.557s] colcon.colcon_core.package_identification Level 1 _identify(src/debug_pkg) by extensions ['ignore', 'ignore_ament_install']
[0.557s] colcon.colcon_core.package_identification Level 1 _identify(src/debug_pkg) by extension 'ignore'
[0.557s] colcon.colcon_core.package_identification Level 1 _identify(src/debug_pkg) by extension 'ignore_ament_install'
[0.557s] colcon.colcon_core.package_identification Level 1 _identify(src/debug_pkg) by extensions ['colcon_pkg']
[0.557s] colcon.colcon_core.package_identification Level 1 _identify(src/debug_pkg) by extension 'colcon_pkg'
[0.557s] colcon.colcon_core.package_identification Level 1 _identify(src/debug_pkg) by extensions ['colcon_meta']
[0.557s] colcon.colcon_core.package_identification Level 1 _identify(src/debug_pkg) by extension 'colcon_meta'
[0.557s] colcon.colcon_core.package_identification Level 1 _identify(src/debug_pkg) by extensions ['ros']
[0.557s] colcon.colcon_core.package_identification Level 1 _identify(src/debug_pkg) by extension 'ros'
[0.557s] colcon.colcon_core.package_identification DEBUG Package 'src/debug_pkg' with type 'ros.ament_python' and name 'debug_pkg'
[0.557s] colcon.colcon_core.package_identification Level 1 _identify(src/decision_making_pkg) by extensions ['ignore', 'ignore_ament_install']
[0.557s] colcon.colcon_core.package_identification Level 1 _identify(src/decision_making_pkg) by extension 'ignore'
[0.557s] colcon.colcon_core.package_identification Level 1 _identify(src/decision_making_pkg) by extension 'ignore_ament_install'
[0.558s] colcon.colcon_core.package_identification Level 1 _identify(src/decision_making_pkg) by extensions ['colcon_pkg']
[0.558s] colcon.colcon_core.package_identification Level 1 _identify(src/decision_making_pkg) by extension 'colcon_pkg'
[0.558s] colcon.colcon_core.package_identification Level 1 _identify(src/decision_making_pkg) by extensions ['colcon_meta']
[0.558s] colcon.colcon_core.package_identification Level 1 _identify(src/decision_making_pkg) by extension 'colcon_meta'
[0.558s] colcon.colcon_core.package_identification Level 1 _identify(src/decision_making_pkg) by extensions ['ros']
[0.558s] colcon.colcon_core.package_identification Level 1 _identify(src/decision_making_pkg) by extension 'ros'
[0.559s] colcon.colcon_core.package_identification DEBUG Package 'src/decision_making_pkg' with type 'ros.ament_python' and name 'decision_making_pkg'
[0.559s] colcon.colcon_core.package_identification Level 1 _identify(src/install) by extensions ['ignore', 'ignore_ament_install']
[0.559s] colcon.colcon_core.package_identification Level 1 _identify(src/install) by extension 'ignore'
[0.559s] colcon.colcon_core.package_identification Level 1 _identify(src/install) ignored
[0.559s] colcon.colcon_core.package_identification Level 1 _identify(src/interfaces_pkg) by extensions ['ignore', 'ignore_ament_install']
[0.559s] colcon.colcon_core.package_identification Level 1 _identify(src/interfaces_pkg) by extension 'ignore'
[0.559s] colcon.colcon_core.package_identification Level 1 _identify(src/interfaces_pkg) by extension 'ignore_ament_install'
[0.559s] colcon.colcon_core.package_identification Level 1 _identify(src/interfaces_pkg) by extensions ['colcon_pkg']
[0.559s] colcon.colcon_core.package_identification Level 1 _identify(src/interfaces_pkg) by extension 'colcon_pkg'
[0.559s] colcon.colcon_core.package_identification Level 1 _identify(src/interfaces_pkg) by extensions ['colcon_meta']
[0.559s] colcon.colcon_core.package_identification Level 1 _identify(src/interfaces_pkg) by extension 'colcon_meta'
[0.559s] colcon.colcon_core.package_identification Level 1 _identify(src/interfaces_pkg) by extensions ['ros']
[0.559s] colcon.colcon_core.package_identification Level 1 _identify(src/interfaces_pkg) by extension 'ros'
[0.561s] colcon.colcon_core.package_identification DEBUG Package 'src/interfaces_pkg' with type 'ros.ament_cmake' and name 'interfaces_pkg'
[0.561s] colcon.colcon_core.package_identification Level 1 _identify(src/launch_pkg) by extensions ['ignore', 'ignore_ament_install']
[0.561s] colcon.colcon_core.package_identification Level 1 _identify(src/launch_pkg) by extension 'ignore'
[0.561s] colcon.colcon_core.package_identification Level 1 _identify(src/launch_pkg) by extension 'ignore_ament_install'
[0.561s] colcon.colcon_core.package_identification Level 1 _identify(src/launch_pkg) by extensions ['colcon_pkg']
[0.561s] colcon.colcon_core.package_identification Level 1 _identify(src/launch_pkg) by extension 'colcon_pkg'
[0.561s] colcon.colcon_core.package_identification Level 1 _identify(src/launch_pkg) by extensions ['colcon_meta']
[0.561s] colcon.colcon_core.package_identification Level 1 _identify(src/launch_pkg) by extension 'colcon_meta'
[0.561s] colcon.colcon_core.package_identification Level 1 _identify(src/launch_pkg) by extensions ['ros']
[0.561s] colcon.colcon_core.package_identification Level 1 _identify(src/launch_pkg) by extension 'ros'
[0.561s] colcon.colcon_core.package_identification DEBUG Package 'src/launch_pkg' with type 'ros.ament_cmake' and name 'launch_pkg'
[0.562s] colcon.colcon_core.package_identification Level 1 _identify(src/lidar_perception_pkg) by extensions ['ignore', 'ignore_ament_install']
[0.562s] colcon.colcon_core.package_identification Level 1 _identify(src/lidar_perception_pkg) by extension 'ignore'
[0.562s] colcon.colcon_core.package_identification Level 1 _identify(src/lidar_perception_pkg) by extension 'ignore_ament_install'
[0.562s] colcon.colcon_core.package_identification Level 1 _identify(src/lidar_perception_pkg) by extensions ['colcon_pkg']
[0.562s] colcon.colcon_core.package_identification Level 1 _identify(src/lidar_perception_pkg) by extension 'colcon_pkg'
[0.562s] colcon.colcon_core.package_identification Level 1 _identify(src/lidar_perception_pkg) by extensions ['colcon_meta']
[0.562s] colcon.colcon_core.package_identification Level 1 _identify(src/lidar_perception_pkg) by extension 'colcon_meta'
[0.562s] colcon.colcon_core.package_identification Level 1 _identify(src/lidar_perception_pkg) by extensions ['ros']
[0.562s] colcon.colcon_core.package_identification Level 1 _identify(src/lidar_perception_pkg) by extension 'ros'
[0.562s] colcon.colcon_core.package_identification DEBUG Package 'src/lidar_perception_pkg' with type 'ros.ament_python' and name 'lidar_perception_pkg'
[0.562s] colcon.colcon_core.package_identification Level 1 _identify(src/log) by extensions ['ignore', 'ignore_ament_install']
[0.562s] colcon.colcon_core.package_identification Level 1 _identify(src/log) by extension 'ignore'
[0.562s] colcon.colcon_core.package_identification Level 1 _identify(src/log) ignored
[0.562s] colcon.colcon_core.package_identification Level 1 _identify(src/my_custom_pkg) by extensions ['ignore', 'ignore_ament_install']
[0.562s] colcon.colcon_core.package_identification Level 1 _identify(src/my_custom_pkg) by extension 'ignore'
[0.563s] colcon.colcon_core.package_identification Level 1 _identify(src/my_custom_pkg) by extension 'ignore_ament_install'
[0.563s] colcon.colcon_core.package_identification Level 1 _identify(src/my_custom_pkg) by extensions ['colcon_pkg']
[0.563s] colcon.colcon_core.package_identification Level 1 _identify(src/my_custom_pkg) by extension 'colcon_pkg'
[0.563s] colcon.colcon_core.package_identification Level 1 _identify(src/my_custom_pkg) by extensions ['colcon_meta']
[0.563s] colcon.colcon_core.package_identification Level 1 _identify(src/my_custom_pkg) by extension 'colcon_meta'
[0.563s] colcon.colcon_core.package_identification Level 1 _identify(src/my_custom_pkg) by extensions ['ros']
[0.563s] colcon.colcon_core.package_identification Level 1 _identify(src/my_custom_pkg) by extension 'ros'
[0.564s] colcon.colcon_core.package_identification DEBUG Package 'src/my_custom_pkg' with type 'ros.ament_python' and name 'my_custom_pkg'
[0.564s] colcon.colcon_core.package_identification Level 1 _identify(src/serial_communication_pkg) by extensions ['ignore', 'ignore_ament_install']
[0.564s] colcon.colcon_core.package_identification Level 1 _identify(src/serial_communication_pkg) by extension 'ignore'
[0.564s] colcon.colcon_core.package_identification Level 1 _identify(src/serial_communication_pkg) by extension 'ignore_ament_install'
[0.564s] colcon.colcon_core.package_identification Level 1 _identify(src/serial_communication_pkg) by extensions ['colcon_pkg']
[0.564s] colcon.colcon_core.package_identification Level 1 _identify(src/serial_communication_pkg) by extension 'colcon_pkg'
[0.564s] colcon.colcon_core.package_identification Level 1 _identify(src/serial_communication_pkg) by extensions ['colcon_meta']
[0.564s] colcon.colcon_core.package_identification Level 1 _identify(src/serial_communication_pkg) by extension 'colcon_meta'
[0.564s] colcon.colcon_core.package_identification Level 1 _identify(src/serial_communication_pkg) by extensions ['ros']
[0.564s] colcon.colcon_core.package_identification Level 1 _identify(src/serial_communication_pkg) by extension 'ros'
[0.565s] colcon.colcon_core.package_identification DEBUG Package 'src/serial_communication_pkg' with type 'ros.ament_python' and name 'serial_communication_pkg'
[0.565s] colcon.colcon_core.package_identification Level 1 _identify(src/ydlidar_ros2_driver) by extensions ['ignore', 'ignore_ament_install']
[0.565s] colcon.colcon_core.package_identification Level 1 _identify(src/ydlidar_ros2_driver) by extension 'ignore'
[0.565s] colcon.colcon_core.package_identification Level 1 _identify(src/ydlidar_ros2_driver) by extension 'ignore_ament_install'
[0.565s] colcon.colcon_core.package_identification Level 1 _identify(src/ydlidar_ros2_driver) by extensions ['colcon_pkg']
[0.565s] colcon.colcon_core.package_identification Level 1 _identify(src/ydlidar_ros2_driver) by extension 'colcon_pkg'
[0.565s] colcon.colcon_core.package_identification Level 1 _identify(src/ydlidar_ros2_driver) by extensions ['colcon_meta']
[0.565s] colcon.colcon_core.package_identification Level 1 _identify(src/ydlidar_ros2_driver) by extension 'colcon_meta'
[0.565s] colcon.colcon_core.package_identification Level 1 _identify(src/ydlidar_ros2_driver) by extensions ['ros']
[0.565s] colcon.colcon_core.package_identification Level 1 _identify(src/ydlidar_ros2_driver) by extension 'ros'
[0.566s] colcon.colcon_core.package_identification DEBUG Package 'src/ydlidar_ros2_driver' with type 'ros.ament_cmake' and name 'ydlidar_ros2_driver'
[0.566s] colcon.colcon_core.package_discovery Level 1 discover_packages(recursive) using defaults
[0.566s] colcon.colcon_core.package_discovery Level 1 discover_packages(ignore) discover
[0.566s] colcon.colcon_core.package_discovery Level 1 discover_packages(ignore) using defaults
[0.566s] colcon.colcon_core.package_discovery Level 1 discover_packages(path) discover
[0.566s] colcon.colcon_core.package_discovery Level 1 discover_packages(path) using defaults
[0.605s] colcon.colcon_core.package_discovery Level 1 discover_packages(prefix_path) check parameters
[0.606s] colcon.colcon_core.package_discovery Level 1 discover_packages(prefix_path) discover
[0.610s] colcon.colcon_installed_package_information.package_discovery DEBUG Found 17 installed packages in /home/jsmoon/yax_jeju/install
[0.611s] colcon.colcon_installed_package_information.package_discovery DEBUG Found 1 installed packages in /home/jsmoon/ydlidar_ws/install
[0.612s] colcon.colcon_installed_package_information.package_discovery DEBUG Found 275 installed packages in /opt/ros/humble
[0.614s] colcon.colcon_core.package_discovery Level 1 discover_packages(prefix_path) using defaults
[0.654s] colcon.colcon_core.verb Level 5 set package 'camera_perception_pkg' build argument 'cmake_args' from command line to 'None'
[0.654s] colcon.colcon_core.verb Level 5 set package 'camera_perception_pkg' build argument 'cmake_target' from command line to 'None'
[0.654s] colcon.colcon_core.verb Level 5 set package 'camera_perception_pkg' build argument 'cmake_target_skip_unavailable' from command line to 'False'
[0.654s] colcon.colcon_core.verb Level 5 set package 'camera_perception_pkg' build argument 'cmake_clean_cache' from command line to 'False'
[0.654s] colcon.colcon_core.verb Level 5 set package 'camera_perception_pkg' build argument 'cmake_clean_first' from command line to 'False'
[0.654s] colcon.colcon_core.verb Level 5 set package 'camera_perception_pkg' build argument 'cmake_force_configure' from command line to 'False'
[0.654s] colcon.colcon_core.verb Level 5 set package 'camera_perception_pkg' build argument 'ament_cmake_args' from command line to 'None'
[0.654s] colcon.colcon_core.verb Level 5 set package 'camera_perception_pkg' build argument 'catkin_cmake_args' from command line to 'None'
[0.654s] colcon.colcon_core.verb Level 5 set package 'camera_perception_pkg' build argument 'catkin_skip_building_tests' from command line to 'False'
[0.654s] colcon.colcon_core.verb DEBUG Building package 'camera_perception_pkg' with the following arguments: {'ament_cmake_args': None, 'build_base': '/home/jsmoon/yax_jeju/build/camera_perception_pkg', 'catkin_cmake_args': None, 'catkin_skip_building_tests': False, 'cmake_args': None, 'cmake_clean_cache': False, 'cmake_clean_first': False, 'cmake_force_configure': False, 'cmake_target': None, 'cmake_target_skip_unavailable': False, 'install_base': '/home/jsmoon/yax_jeju/install/camera_perception_pkg', 'merge_install': False, 'path': '/home/jsmoon/yax_jeju/src/camera_perception_pkg', 'symlink_install': True, 'test_result_base': None}
[0.655s] colcon.colcon_core.verb Level 5 set package 'debug_pkg' build argument 'cmake_args' from command line to 'None'
[0.655s] colcon.colcon_core.verb Level 5 set package 'debug_pkg' build argument 'cmake_target' from command line to 'None'
[0.655s] colcon.colcon_core.verb Level 5 set package 'debug_pkg' build argument 'cmake_target_skip_unavailable' from command line to 'False'
[0.655s] colcon.colcon_core.verb Level 5 set package 'debug_pkg' build argument 'cmake_clean_cache' from command line to 'False'
[0.655s] colcon.colcon_core.verb Level 5 set package 'debug_pkg' build argument 'cmake_clean_first' from command line to 'False'
[0.655s] colcon.colcon_core.verb Level 5 set package 'debug_pkg' build argument 'cmake_force_configure' from command line to 'False'
[0.655s] colcon.colcon_core.verb Level 5 set package 'debug_pkg' build argument 'ament_cmake_args' from command line to 'None'
[0.655s] colcon.colcon_core.verb Level 5 set package 'debug_pkg' build argument 'catkin_cmake_args' from command line to 'None'
[0.655s] colcon.colcon_core.verb Level 5 set package 'debug_pkg' build argument 'catkin_skip_building_tests' from command line to 'False'
[0.655s] colcon.colcon_core.verb DEBUG Building package 'debug_pkg' with the following arguments: {'ament_cmake_args': None, 'build_base': '/home/jsmoon/yax_jeju/build/debug_pkg', 'catkin_cmake_args': None, 'catkin_skip_building_tests': False, 'cmake_args': None, 'cmake_clean_cache': False, 'cmake_clean_first': False, 'cmake_force_configure': False, 'cmake_target': None, 'cmake_target_skip_unavailable': False, 'install_base': '/home/jsmoon/yax_jeju/install/debug_pkg', 'merge_install': False, 'path': '/home/jsmoon/yax_jeju/src/debug_pkg', 'symlink_install': True, 'test_result_base': None}
[0.655s] colcon.colcon_core.verb Level 5 set package 'decision_making_pkg' build argument 'cmake_args' from command line to 'None'
[0.655s] colcon.colcon_core.verb Level 5 set package 'decision_making_pkg' build argument 'cmake_target' from command line to 'None'
[0.655s] colcon.colcon_core.verb Level 5 set package 'decision_making_pkg' build argument 'cmake_target_skip_unavailable' from command line to 'False'
[0.655s] colcon.colcon_core.verb Level 5 set package 'decision_making_pkg' build argument 'cmake_clean_cache' from command line to 'False'
[0.655s] colcon.colcon_core.verb Level 5 set package 'decision_making_pkg' build argument 'cmake_clean_first' from command line to 'False'
[0.655s] colcon.colcon_core.verb Level 5 set package 'decision_making_pkg' build argument 'cmake_force_configure' from command line to 'False'
[0.655s] colcon.colcon_core.verb Level 5 set package 'decision_making_pkg' build argument 'ament_cmake_args' from command line to 'None'
[0.655s] colcon.colcon_core.verb Level 5 set package 'decision_making_pkg' build argument 'catkin_cmake_args' from command line to 'None'
[0.655s] colcon.colcon_core.verb Level 5 set package 'decision_making_pkg' build argument 'catkin_skip_building_tests' from command line to 'False'
[0.655s] colcon.colcon_core.verb DEBUG Building package 'decision_making_pkg' with the following arguments: {'ament_cmake_args': None, 'build_base': '/home/jsmoon/yax_jeju/build/decision_making_pkg', 'catkin_cmake_args': None, 'catkin_skip_building_tests': False, 'cmake_args': None, 'cmake_clean_cache': False, 'cmake_clean_first': False, 'cmake_force_configure': False, 'cmake_target': None, 'cmake_target_skip_unavailable': False, 'install_base': '/home/jsmoon/yax_jeju/install/decision_making_pkg', 'merge_install': False, 'path': '/home/jsmoon/yax_jeju/src/decision_making_pkg', 'symlink_install': True, 'test_result_base': None}
[0.656s] colcon.colcon_core.verb Level 5 set package 'interfaces_pkg' build argument 'cmake_args' from command line to 'None'
[0.656s] colcon.colcon_core.verb Level 5 set package 'interfaces_pkg' build argument 'cmake_target' from command line to 'None'
[0.656s] colcon.colcon_core.verb Level 5 set package 'interfaces_pkg' build argument 'cmake_target_skip_unavailable' from command line to 'False'
[0.656s] colcon.colcon_core.verb Level 5 set package 'interfaces_pkg' build argument 'cmake_clean_cache' from command line to 'False'
[0.656s] colcon.colcon_core.verb Level 5 set package 'interfaces_pkg' build argument 'cmake_clean_first' from command line to 'False'
[0.656s] colcon.colcon_core.verb Level 5 set package 'interfaces_pkg' build argument 'cmake_force_configure' from command line to 'False'
[0.656s] colcon.colcon_core.verb Level 5 set package 'interfaces_pkg' build argument 'ament_cmake_args' from command line to 'None'
[0.656s] colcon.colcon_core.verb Level 5 set package 'interfaces_pkg' build argument 'catkin_cmake_args' from command line to 'None'
[0.656s] colcon.colcon_core.verb Level 5 set package 'interfaces_pkg' build argument 'catkin_skip_building_tests' from command line to 'False'
[0.656s] colcon.colcon_core.verb DEBUG Building package 'interfaces_pkg' with the following arguments: {'ament_cmake_args': None, 'build_base': '/home/jsmoon/yax_jeju/build/interfaces_pkg', 'catkin_cmake_args': None, 'catkin_skip_building_tests': False, 'cmake_args': None, 'cmake_clean_cache': False, 'cmake_clean_first': False, 'cmake_force_configure': False, 'cmake_target': None, 'cmake_target_skip_unavailable': False, 'install_base': '/home/jsmoon/yax_jeju/install/interfaces_pkg', 'merge_install': False, 'path': '/home/jsmoon/yax_jeju/src/interfaces_pkg', 'symlink_install': True, 'test_result_base': None}
[0.656s] colcon.colcon_core.verb Level 5 set package 'latlong_utm' build argument 'cmake_args' from command line to 'None'
[0.656s] colcon.colcon_core.verb Level 5 set package 'latlong_utm' build argument 'cmake_target' from command line to 'None'
[0.656s] colcon.colcon_core.verb Level 5 set package 'latlong_utm' build argument 'cmake_target_skip_unavailable' from command line to 'False'
[0.656s] colcon.colcon_core.verb Level 5 set package 'latlong_utm' build argument 'cmake_clean_cache' from command line to 'False'
[0.656s] colcon.colcon_core.verb Level 5 set package 'latlong_utm' build argument 'cmake_clean_first' from command line to 'False'
[0.656s] colcon.colcon_core.verb Level 5 set package 'latlong_utm' build argument 'cmake_force_configure' from command line to 'False'
[0.656s] colcon.colcon_core.verb Level 5 set package 'latlong_utm' build argument 'ament_cmake_args' from command line to 'None'
[0.656s] colcon.colcon_core.verb Level 5 set package 'latlong_utm' build argument 'catkin_cmake_args' from command line to 'None'
[0.656s] colcon.colcon_core.verb Level 5 set package 'latlong_utm' build argument 'catkin_skip_building_tests' from command line to 'False'
[0.656s] colcon.colcon_core.verb DEBUG Building package 'latlong_utm' with the following arguments: {'ament_cmake_args': None, 'build_base': '/home/jsmoon/yax_jeju/build/latlong_utm', 'catkin_cmake_args': None, 'catkin_skip_building_tests': False, 'cmake_args': None, 'cmake_clean_cache': False, 'cmake_clean_first': False, 'cmake_force_configure': False, 'cmake_target': None, 'cmake_target_skip_unavailable': False, 'install_base': '/home/jsmoon/yax_jeju/install/latlong_utm', 'merge_install': False, 'path': '/home/jsmoon/yax_jeju/src/UTM_conversion/src/latlong_utm', 'symlink_install': True, 'test_result_base': None}
[0.656s] colcon.colcon_core.verb Level 5 set package 'lidar_perception_pkg' build argument 'cmake_args' from command line to 'None'
[0.656s] colcon.colcon_core.verb Level 5 set package 'lidar_perception_pkg' build argument 'cmake_target' from command line to 'None'
[0.656s] colcon.colcon_core.verb Level 5 set package 'lidar_perception_pkg' build argument 'cmake_target_skip_unavailable' from command line to 'False'
[0.656s] colcon.colcon_core.verb Level 5 set package 'lidar_perception_pkg' build argument 'cmake_clean_cache' from command line to 'False'
[0.656s] colcon.colcon_core.verb Level 5 set package 'lidar_perception_pkg' build argument 'cmake_clean_first' from command line to 'False'
[0.656s] colcon.colcon_core.verb Level 5 set package 'lidar_perception_pkg' build argument 'cmake_force_configure' from command line to 'False'
[0.657s] colcon.colcon_core.verb Level 5 set package 'lidar_perception_pkg' build argument 'ament_cmake_args' from command line to 'None'
[0.657s] colcon.colcon_core.verb Level 5 set package 'lidar_perception_pkg' build argument 'catkin_cmake_args' from command line to 'None'
[0.657s] colcon.colcon_core.verb Level 5 set package 'lidar_perception_pkg' build argument 'catkin_skip_building_tests' from command line to 'False'
[0.657s] colcon.colcon_core.verb DEBUG Building package 'lidar_perception_pkg' with the following arguments: {'ament_cmake_args': None, 'build_base': '/home/jsmoon/yax_jeju/build/lidar_perception_pkg', 'catkin_cmake_args': None, 'catkin_skip_building_tests': False, 'cmake_args': None, 'cmake_clean_cache': False, 'cmake_clean_first': False, 'cmake_force_configure': False, 'cmake_target': None, 'cmake_target_skip_unavailable': False, 'install_base': '/home/jsmoon/yax_jeju/install/lidar_perception_pkg', 'merge_install': False, 'path': '/home/jsmoon/yax_jeju/src/lidar_perception_pkg', 'symlink_install': True, 'test_result_base': None}
[0.657s] colcon.colcon_core.verb Level 5 set package 'ntrip_client' build argument 'cmake_args' from command line to 'None'
[0.657s] colcon.colcon_core.verb Level 5 set package 'ntrip_client' build argument 'cmake_target' from command line to 'None'
[0.657s] colcon.colcon_core.verb Level 5 set package 'ntrip_client' build argument 'cmake_target_skip_unavailable' from command line to 'False'
[0.657s] colcon.colcon_core.verb Level 5 set package 'ntrip_client' build argument 'cmake_clean_cache' from command line to 'False'
[0.657s] colcon.colcon_core.verb Level 5 set package 'ntrip_client' build argument 'cmake_clean_first' from command line to 'False'
[0.657s] colcon.colcon_core.verb Level 5 set package 'ntrip_client' build argument 'cmake_force_configure' from command line to 'False'
[0.657s] colcon.colcon_core.verb Level 5 set package 'ntrip_client' build argument 'ament_cmake_args' from command line to 'None'
[0.657s] colcon.colcon_core.verb Level 5 set package 'ntrip_client' build argument 'catkin_cmake_args' from command line to 'None'
[0.657s] colcon.colcon_core.verb Level 5 set package 'ntrip_client' build argument 'catkin_skip_building_tests' from command line to 'False'
[0.657s] colcon.colcon_core.verb DEBUG Building package 'ntrip_client' with the following arguments: {'ament_cmake_args': None, 'build_base': '/home/jsmoon/yax_jeju/build/ntrip_client', 'catkin_cmake_args': None, 'catkin_skip_building_tests': False, 'cmake_args': None, 'cmake_clean_cache': False, 'cmake_clean_first': False, 'cmake_force_configure': False, 'cmake_target': None, 'cmake_target_skip_unavailable': False, 'install_base': '/home/jsmoon/yax_jeju/install/ntrip_client', 'merge_install': False, 'path': '/home/jsmoon/yax_jeju/src/RTK_GPS_NTRIP/ntrip_client', 'symlink_install': True, 'test_result_base': None}
[0.657s] colcon.colcon_core.verb Level 5 set package 'rtcm_msgs' build argument 'cmake_args' from command line to 'None'
[0.657s] colcon.colcon_core.verb Level 5 set package 'rtcm_msgs' build argument 'cmake_target' from command line to 'None'
[0.657s] colcon.colcon_core.verb Level 5 set package 'rtcm_msgs' build argument 'cmake_target_skip_unavailable' from command line to 'False'
[0.657s] colcon.colcon_core.verb Level 5 set package 'rtcm_msgs' build argument 'cmake_clean_cache' from command line to 'False'
[0.657s] colcon.colcon_core.verb Level 5 set package 'rtcm_msgs' build argument 'cmake_clean_first' from command line to 'False'
[0.657s] colcon.colcon_core.verb Level 5 set package 'rtcm_msgs' build argument 'cmake_force_configure' from command line to 'False'
[0.657s] colcon.colcon_core.verb Level 5 set package 'rtcm_msgs' build argument 'ament_cmake_args' from command line to 'None'
[0.657s] colcon.colcon_core.verb Level 5 set package 'rtcm_msgs' build argument 'catkin_cmake_args' from command line to 'None'
[0.657s] colcon.colcon_core.verb Level 5 set package 'rtcm_msgs' build argument 'catkin_skip_building_tests' from command line to 'False'
[0.657s] colcon.colcon_core.verb DEBUG Building package 'rtcm_msgs' with the following arguments: {'ament_cmake_args': None, 'build_base': '/home/jsmoon/yax_jeju/build/rtcm_msgs', 'catkin_cmake_args': None, 'catkin_skip_building_tests': False, 'cmake_args': None, 'cmake_clean_cache': False, 'cmake_clean_first': False, 'cmake_force_configure': False, 'cmake_target': None, 'cmake_target_skip_unavailable': False, 'install_base': '/home/jsmoon/yax_jeju/install/rtcm_msgs', 'merge_install': False, 'path': '/home/jsmoon/yax_jeju/src/RTK_GPS_NTRIP/rtcm_msgs', 'symlink_install': True, 'test_result_base': None}
[0.657s] colcon.colcon_core.verb Level 5 set package 'serial_communication_pkg' build argument 'cmake_args' from command line to 'None'
[0.657s] colcon.colcon_core.verb Level 5 set package 'serial_communication_pkg' build argument 'cmake_target' from command line to 'None'
[0.657s] colcon.colcon_core.verb Level 5 set package 'serial_communication_pkg' build argument 'cmake_target_skip_unavailable' from command line to 'False'
[0.657s] colcon.colcon_core.verb Level 5 set package 'serial_communication_pkg' build argument 'cmake_clean_cache' from command line to 'False'
[0.657s] colcon.colcon_core.verb Level 5 set package 'serial_communication_pkg' build argument 'cmake_clean_first' from command line to 'False'
[0.657s] colcon.colcon_core.verb Level 5 set package 'serial_communication_pkg' build argument 'cmake_force_configure' from command line to 'False'
[0.658s] colcon.colcon_core.verb Level 5 set package 'serial_communication_pkg' build argument 'ament_cmake_args' from command line to 'None'
[0.658s] colcon.colcon_core.verb Level 5 set package 'serial_communication_pkg' build argument 'catkin_cmake_args' from command line to 'None'
[0.658s] colcon.colcon_core.verb Level 5 set package 'serial_communication_pkg' build argument 'catkin_skip_building_tests' from command line to 'False'
[0.658s] colcon.colcon_core.verb DEBUG Building package 'serial_communication_pkg' with the following arguments: {'ament_cmake_args': None, 'build_base': '/home/jsmoon/yax_jeju/build/serial_communication_pkg', 'catkin_cmake_args': None, 'catkin_skip_building_tests': False, 'cmake_args': None, 'cmake_clean_cache': False, 'cmake_clean_first': False, 'cmake_force_configure': False, 'cmake_target': None, 'cmake_target_skip_unavailable': False, 'install_base': '/home/jsmoon/yax_jeju/install/serial_communication_pkg', 'merge_install': False, 'path': '/home/jsmoon/yax_jeju/src/serial_communication_pkg', 'symlink_install': True, 'test_result_base': None}
[0.658s] colcon.colcon_core.verb Level 5 set package 'ublox_serialization' build argument 'cmake_args' from command line to 'None'
[0.658s] colcon.colcon_core.verb Level 5 set package 'ublox_serialization' build argument 'cmake_target' from command line to 'None'
[0.658s] colcon.colcon_core.verb Level 5 set package 'ublox_serialization' build argument 'cmake_target_skip_unavailable' from command line to 'False'
[0.658s] colcon.colcon_core.verb Level 5 set package 'ublox_serialization' build argument 'cmake_clean_cache' from command line to 'False'
[0.658s] colcon.colcon_core.verb Level 5 set package 'ublox_serialization' build argument 'cmake_clean_first' from command line to 'False'
[0.658s] colcon.colcon_core.verb Level 5 set package 'ublox_serialization' build argument 'cmake_force_configure' from command line to 'False'
[0.658s] colcon.colcon_core.verb Level 5 set package 'ublox_serialization' build argument 'ament_cmake_args' from command line to 'None'
[0.658s] colcon.colcon_core.verb Level 5 set package 'ublox_serialization' build argument 'catkin_cmake_args' from command line to 'None'
[0.658s] colcon.colcon_core.verb Level 5 set package 'ublox_serialization' build argument 'catkin_skip_building_tests' from command line to 'False'
[0.658s] colcon.colcon_core.verb DEBUG Building package 'ublox_serialization' with the following arguments: {'ament_cmake_args': None, 'build_base': '/home/jsmoon/yax_jeju/build/ublox_serialization', 'catkin_cmake_args': None, 'catkin_skip_building_tests': False, 'cmake_args': None, 'cmake_clean_cache': False, 'cmake_clean_first': False, 'cmake_force_configure': False, 'cmake_target': None, 'cmake_target_skip_unavailable': False, 'install_base': '/home/jsmoon/yax_jeju/install/ublox_serialization', 'merge_install': False, 'path': '/home/jsmoon/yax_jeju/src/RTK_GPS_NTRIP/ublox_serialization', 'symlink_install': True, 'test_result_base': None}
[0.658s] colcon.colcon_core.verb Level 5 set package 'ydlidar_ros2_driver' build argument 'cmake_args' from command line to 'None'
[0.658s] colcon.colcon_core.verb Level 5 set package 'ydlidar_ros2_driver' build argument 'cmake_target' from command line to 'None'
[0.658s] colcon.colcon_core.verb Level 5 set package 'ydlidar_ros2_driver' build argument 'cmake_target_skip_unavailable' from command line to 'False'
[0.658s] colcon.colcon_core.verb Level 5 set package 'ydlidar_ros2_driver' build argument 'cmake_clean_cache' from command line to 'False'
[0.658s] colcon.colcon_core.verb Level 5 set package 'ydlidar_ros2_driver' build argument 'cmake_clean_first' from command line to 'False'
[0.658s] colcon.colcon_core.verb Level 5 set package 'ydlidar_ros2_driver' build argument 'cmake_force_configure' from command line to 'False'
[0.658s] colcon.colcon_core.verb Level 5 set package 'ydlidar_ros2_driver' build argument 'ament_cmake_args' from command line to 'None'
[0.658s] colcon.colcon_core.verb Level 5 set package 'ydlidar_ros2_driver' build argument 'catkin_cmake_args' from command line to 'None'
[0.658s] colcon.colcon_core.verb Level 5 set package 'ydlidar_ros2_driver' build argument 'catkin_skip_building_tests' from command line to 'False'
[0.658s] colcon.colcon_core.verb DEBUG Building package 'ydlidar_ros2_driver' with the following arguments: {'ament_cmake_args': None, 'build_base': '/home/jsmoon/yax_jeju/build/ydlidar_ros2_driver', 'catkin_cmake_args': None, 'catkin_skip_building_tests': False, 'cmake_args': None, 'cmake_clean_cache': False, 'cmake_clean_first': False, 'cmake_force_configure': False, 'cmake_target': None, 'cmake_target_skip_unavailable': False, 'install_base': '/home/jsmoon/yax_jeju/install/ydlidar_ros2_driver', 'merge_install': False, 'path': '/home/jsmoon/yax_jeju/src/ydlidar_ros2_driver', 'symlink_install': True, 'test_result_base': None}
[0.658s] colcon.colcon_core.verb Level 5 set package 'ublox_msgs' build argument 'cmake_args' from command line to 'None'
[0.658s] colcon.colcon_core.verb Level 5 set package 'ublox_msgs' build argument 'cmake_target' from command line to 'None'
[0.658s] colcon.colcon_core.verb Level 5 set package 'ublox_msgs' build argument 'cmake_target_skip_unavailable' from command line to 'False'
[0.658s] colcon.colcon_core.verb Level 5 set package 'ublox_msgs' build argument 'cmake_clean_cache' from command line to 'False'
[0.658s] colcon.colcon_core.verb Level 5 set package 'ublox_msgs' build argument 'cmake_clean_first' from command line to 'False'
[0.658s] colcon.colcon_core.verb Level 5 set package 'ublox_msgs' build argument 'cmake_force_configure' from command line to 'False'
[0.658s] colcon.colcon_core.verb Level 5 set package 'ublox_msgs' build argument 'ament_cmake_args' from command line to 'None'
[0.658s] colcon.colcon_core.verb Level 5 set package 'ublox_msgs' build argument 'catkin_cmake_args' from command line to 'None'
[0.659s] colcon.colcon_core.verb Level 5 set package 'ublox_msgs' build argument 'catkin_skip_building_tests' from command line to 'False'
[0.659s] colcon.colcon_core.verb DEBUG Building package 'ublox_msgs' with the following arguments: {'ament_cmake_args': None, 'build_base': '/home/jsmoon/yax_jeju/build/ublox_msgs', 'catkin_cmake_args': None, 'catkin_skip_building_tests': False, 'cmake_args': None, 'cmake_clean_cache': False, 'cmake_clean_first': False, 'cmake_force_configure': False, 'cmake_target': None, 'cmake_target_skip_unavailable': False, 'install_base': '/home/jsmoon/yax_jeju/install/ublox_msgs', 'merge_install': False, 'path': '/home/jsmoon/yax_jeju/src/RTK_GPS_NTRIP/ublox_msgs', 'symlink_install': True, 'test_result_base': None}
[0.659s] colcon.colcon_core.verb Level 5 set package 'fix2nmea' build argument 'cmake_args' from command line to 'None'
[0.659s] colcon.colcon_core.verb Level 5 set package 'fix2nmea' build argument 'cmake_target' from command line to 'None'
[0.659s] colcon.colcon_core.verb Level 5 set package 'fix2nmea' build argument 'cmake_target_skip_unavailable' from command line to 'False'
[0.659s] colcon.colcon_core.verb Level 5 set package 'fix2nmea' build argument 'cmake_clean_cache' from command line to 'False'
[0.659s] colcon.colcon_core.verb Level 5 set package 'fix2nmea' build argument 'cmake_clean_first' from command line to 'False'
[0.659s] colcon.colcon_core.verb Level 5 set package 'fix2nmea' build argument 'cmake_force_configure' from command line to 'False'
[0.659s] colcon.colcon_core.verb Level 5 set package 'fix2nmea' build argument 'ament_cmake_args' from command line to 'None'
[0.659s] colcon.colcon_core.verb Level 5 set package 'fix2nmea' build argument 'catkin_cmake_args' from command line to 'None'
[0.659s] colcon.colcon_core.verb Level 5 set package 'fix2nmea' build argument 'catkin_skip_building_tests' from command line to 'False'
[0.659s] colcon.colcon_core.verb DEBUG Building package 'fix2nmea' with the following arguments: {'ament_cmake_args': None, 'build_base': '/home/jsmoon/yax_jeju/build/fix2nmea', 'catkin_cmake_args': None, 'catkin_skip_building_tests': False, 'cmake_args': None, 'cmake_clean_cache': False, 'cmake_clean_first': False, 'cmake_force_configure': False, 'cmake_target': None, 'cmake_target_skip_unavailable': False, 'install_base': '/home/jsmoon/yax_jeju/install/fix2nmea', 'merge_install': False, 'path': '/home/jsmoon/yax_jeju/src/RTK_GPS_NTRIP/fix2nmea', 'symlink_install': True, 'test_result_base': None}
[0.659s] colcon.colcon_core.verb Level 5 set package 'ublox_gps' build argument 'cmake_args' from command line to 'None'
[0.659s] colcon.colcon_core.verb Level 5 set package 'ublox_gps' build argument 'cmake_target' from command line to 'None'
[0.659s] colcon.colcon_core.verb Level 5 set package 'ublox_gps' build argument 'cmake_target_skip_unavailable' from command line to 'False'
[0.659s] colcon.colcon_core.verb Level 5 set package 'ublox_gps' build argument 'cmake_clean_cache' from command line to 'False'
[0.659s] colcon.colcon_core.verb Level 5 set package 'ublox_gps' build argument 'cmake_clean_first' from command line to 'False'
[0.659s] colcon.colcon_core.verb Level 5 set package 'ublox_gps' build argument 'cmake_force_configure' from command line to 'False'
[0.659s] colcon.colcon_core.verb Level 5 set package 'ublox_gps' build argument 'ament_cmake_args' from command line to 'None'
[0.659s] colcon.colcon_core.verb Level 5 set package 'ublox_gps' build argument 'catkin_cmake_args' from command line to 'None'
[0.659s] colcon.colcon_core.verb Level 5 set package 'ublox_gps' build argument 'catkin_skip_building_tests' from command line to 'False'
[0.659s] colcon.colcon_core.verb DEBUG Building package 'ublox_gps' with the following arguments: {'ament_cmake_args': None, 'build_base': '/home/jsmoon/yax_jeju/build/ublox_gps', 'catkin_cmake_args': None, 'catkin_skip_building_tests': False, 'cmake_args': None, 'cmake_clean_cache': False, 'cmake_clean_first': False, 'cmake_force_configure': False, 'cmake_target': None, 'cmake_target_skip_unavailable': False, 'install_base': '/home/jsmoon/yax_jeju/install/ublox_gps', 'merge_install': False, 'path': '/home/jsmoon/yax_jeju/src/RTK_GPS_NTRIP/ublox_gps', 'symlink_install': True, 'test_result_base': None}
[0.659s] colcon.colcon_core.verb Level 5 set package 'my_custom_pkg' build argument 'cmake_args' from command line to 'None'
[0.659s] colcon.colcon_core.verb Level 5 set package 'my_custom_pkg' build argument 'cmake_target' from command line to 'None'
[0.659s] colcon.colcon_core.verb Level 5 set package 'my_custom_pkg' build argument 'cmake_target_skip_unavailable' from command line to 'False'
[0.659s] colcon.colcon_core.verb Level 5 set package 'my_custom_pkg' build argument 'cmake_clean_cache' from command line to 'False'
[0.659s] colcon.colcon_core.verb Level 5 set package 'my_custom_pkg' build argument 'cmake_clean_first' from command line to 'False'
[0.659s] colcon.colcon_core.verb Level 5 set package 'my_custom_pkg' build argument 'cmake_force_configure' from command line to 'False'
[0.659s] colcon.colcon_core.verb Level 5 set package 'my_custom_pkg' build argument 'ament_cmake_args' from command line to 'None'
[0.659s] colcon.colcon_core.verb Level 5 set package 'my_custom_pkg' build argument 'catkin_cmake_args' from command line to 'None'
[0.660s] colcon.colcon_core.verb Level 5 set package 'my_custom_pkg' build argument 'catkin_skip_building_tests' from command line to 'False'
[0.660s] colcon.colcon_core.verb DEBUG Building package 'my_custom_pkg' with the following arguments: {'ament_cmake_args': None, 'build_base': '/home/jsmoon/yax_jeju/build/my_custom_pkg', 'catkin_cmake_args': None, 'catkin_skip_building_tests': False, 'cmake_args': None, 'cmake_clean_cache': False, 'cmake_clean_first': False, 'cmake_force_configure': False, 'cmake_target': None, 'cmake_target_skip_unavailable': False, 'install_base': '/home/jsmoon/yax_jeju/install/my_custom_pkg', 'merge_install': False, 'path': '/home/jsmoon/yax_jeju/src/my_custom_pkg', 'symlink_install': True, 'test_result_base': None}
[0.660s] colcon.colcon_core.verb Level 5 set package 'ublox' build argument 'cmake_args' from command line to 'None'
[0.660s] colcon.colcon_core.verb Level 5 set package 'ublox' build argument 'cmake_target' from command line to 'None'
[0.660s] colcon.colcon_core.verb Level 5 set package 'ublox' build argument 'cmake_target_skip_unavailable' from command line to 'False'
[0.660s] colcon.colcon_core.verb Level 5 set package 'ublox' build argument 'cmake_clean_cache' from command line to 'False'
[0.660s] colcon.colcon_core.verb Level 5 set package 'ublox' build argument 'cmake_clean_first' from command line to 'False'
[0.660s] colcon.colcon_core.verb Level 5 set package 'ublox' build argument 'cmake_force_configure' from command line to 'False'
[0.660s] colcon.colcon_core.verb Level 5 set package 'ublox' build argument 'ament_cmake_args' from command line to 'None'
[0.660s] colcon.colcon_core.verb Level 5 set package 'ublox' build argument 'catkin_cmake_args' from command line to 'None'
[0.660s] colcon.colcon_core.verb Level 5 set package 'ublox' build argument 'catkin_skip_building_tests' from command line to 'False'
[0.660s] colcon.colcon_core.verb DEBUG Building package 'ublox' with the following arguments: {'ament_cmake_args': None, 'build_base': '/home/jsmoon/yax_jeju/build/ublox', 'catkin_cmake_args': None, 'catkin_skip_building_tests': False, 'cmake_args': None, 'cmake_clean_cache': False, 'cmake_clean_first': False, 'cmake_force_configure': False, 'cmake_target': None, 'cmake_target_skip_unavailable': False, 'install_base': '/home/jsmoon/yax_jeju/install/ublox', 'merge_install': False, 'path': '/home/jsmoon/yax_jeju/src/RTK_GPS_NTRIP/ublox', 'symlink_install': True, 'test_result_base': None}
[0.660s] colcon.colcon_core.verb Level 5 set package 'launch_pkg' build argument 'cmake_args' from command line to 'None'
[0.660s] colcon.colcon_core.verb Level 5 set package 'launch_pkg' build argument 'cmake_target' from command line to 'None'
[0.660s] colcon.colcon_core.verb Level 5 set package 'launch_pkg' build argument 'cmake_target_skip_unavailable' from command line to 'False'
[0.660s] colcon.colcon_core.verb Level 5 set package 'launch_pkg' build argument 'cmake_clean_cache' from command line to 'False'
[0.660s] colcon.colcon_core.verb Level 5 set package 'launch_pkg' build argument 'cmake_clean_first' from command line to 'False'
[0.660s] colcon.colcon_core.verb Level 5 set package 'launch_pkg' build argument 'cmake_force_configure' from command line to 'False'
[0.660s] colcon.colcon_core.verb Level 5 set package 'launch_pkg' build argument 'ament_cmake_args' from command line to 'None'
[0.660s] colcon.colcon_core.verb Level 5 set package 'launch_pkg' build argument 'catkin_cmake_args' from command line to 'None'
[0.660s] colcon.colcon_core.verb Level 5 set package 'launch_pkg' build argument 'catkin_skip_building_tests' from command line to 'False'
[0.660s] colcon.colcon_core.verb DEBUG Building package 'launch_pkg' with the following arguments: {'ament_cmake_args': None, 'build_base': '/home/jsmoon/yax_jeju/build/launch_pkg', 'catkin_cmake_args': None, 'catkin_skip_building_tests': False, 'cmake_args': None, 'cmake_clean_cache': False, 'cmake_clean_first': False, 'cmake_force_configure': False, 'cmake_target': None, 'cmake_target_skip_unavailable': False, 'install_base': '/home/jsmoon/yax_jeju/install/launch_pkg', 'merge_install': False, 'path': '/home/jsmoon/yax_jeju/src/launch_pkg', 'symlink_install': True, 'test_result_base': None}
[0.660s] colcon.colcon_core.executor INFO Executing jobs using 'parallel' executor
[0.664s] colcon.colcon_parallel_executor.executor.parallel DEBUG run_until_complete
[0.665s] colcon.colcon_ros.task.ament_cmake.build INFO Building ROS package in '/home/jsmoon/yax_jeju/src/RTK_GPS_NTRIP/ublox_serialization' with build type 'ament_cmake'
[0.665s] colcon.colcon_cmake.task.cmake.build INFO Building CMake package in '/home/jsmoon/yax_jeju/src/RTK_GPS_NTRIP/ublox_serialization'
[0.667s] colcon.colcon_core.plugin_system INFO Skipping extension 'colcon_core.shell.bat': Not used on non-Windows systems
[0.667s] colcon.colcon_core.shell INFO Skip shell extension 'powershell' for command environment: Not usable outside of PowerShell
[0.667s] colcon.colcon_core.shell DEBUG Skip shell extension 'dsv' for command environment
[0.673s] colcon.colcon_ros.task.ament_cmake.build INFO Building ROS package in '/home/jsmoon/yax_jeju/src/RTK_GPS_NTRIP/rtcm_msgs' with build type 'ament_cmake'
[0.674s] colcon.colcon_cmake.task.cmake.build INFO Building CMake package in '/home/jsmoon/yax_jeju/src/RTK_GPS_NTRIP/rtcm_msgs'
[0.675s] colcon.colcon_core.shell INFO Skip shell extension 'powershell' for command environment: Not usable outside of PowerShell
[0.676s] colcon.colcon_core.shell DEBUG Skip shell extension 'dsv' for command environment
[0.682s] colcon.colcon_ros.task.ament_python.build INFO Building ROS package in '/home/jsmoon/yax_jeju/src/camera_perception_pkg' with build type 'ament_python'
[0.683s] colcon.colcon_core.shell Level 1 create_environment_hook('camera_perception_pkg', 'ament_prefix_path')
[0.683s] colcon.colcon_core.shell INFO Creating environment hook '/home/jsmoon/yax_jeju/install/camera_perception_pkg/share/camera_perception_pkg/hook/ament_prefix_path.ps1'
[0.683s] colcon.colcon_core.shell INFO Creating environment descriptor '/home/jsmoon/yax_jeju/install/camera_perception_pkg/share/camera_perception_pkg/hook/ament_prefix_path.dsv'
[0.684s] colcon.colcon_core.shell INFO Creating environment hook '/home/jsmoon/yax_jeju/install/camera_perception_pkg/share/camera_perception_pkg/hook/ament_prefix_path.sh'
[0.685s] colcon.colcon_core.shell INFO Skip shell extension 'powershell' for command environment: Not usable outside of PowerShell
[0.685s] colcon.colcon_core.shell DEBUG Skip shell extension 'dsv' for command environment
[0.693s] colcon.colcon_ros.task.ament_python.build INFO Building ROS package in '/home/jsmoon/yax_jeju/src/decision_making_pkg' with build type 'ament_python'
[0.694s] colcon.colcon_core.shell Level 1 create_environment_hook('decision_making_pkg', 'ament_prefix_path')
[0.694s] colcon.colcon_core.shell INFO Creating environment hook '/home/jsmoon/yax_jeju/install/decision_making_pkg/share/decision_making_pkg/hook/ament_prefix_path.ps1'
[0.695s] colcon.colcon_core.shell INFO Creating environment descriptor '/home/jsmoon/yax_jeju/install/decision_making_pkg/share/decision_making_pkg/hook/ament_prefix_path.dsv'
[0.695s] colcon.colcon_core.shell INFO Creating environment hook '/home/jsmoon/yax_jeju/install/decision_making_pkg/share/decision_making_pkg/hook/ament_prefix_path.sh'
[0.696s] colcon.colcon_core.shell INFO Skip shell extension 'powershell' for command environment: Not usable outside of PowerShell
[0.696s] colcon.colcon_core.shell DEBUG Skip shell extension 'dsv' for command environment
[0.701s] colcon.colcon_ros.task.ament_cmake.build INFO Building ROS package in '/home/jsmoon/yax_jeju/src/interfaces_pkg' with build type 'ament_cmake'
[0.701s] colcon.colcon_cmake.task.cmake.build INFO Building CMake package in '/home/jsmoon/yax_jeju/src/interfaces_pkg'
[0.701s] colcon.colcon_core.shell INFO Skip shell extension 'powershell' for command environment: Not usable outside of PowerShell
[0.701s] colcon.colcon_core.shell DEBUG Skip shell extension 'dsv' for command environment
[0.707s] colcon.colcon_ros.task.ament_python.build INFO Building ROS package in '/home/jsmoon/yax_jeju/src/serial_communication_pkg' with build type 'ament_python'
[0.707s] colcon.colcon_core.shell Level 1 create_environment_hook('serial_communication_pkg', 'ament_prefix_path')
[0.707s] colcon.colcon_core.shell INFO Creating environment hook '/home/jsmoon/yax_jeju/install/serial_communication_pkg/share/serial_communication_pkg/hook/ament_prefix_path.ps1'
[0.709s] colcon.colcon_core.shell INFO Creating environment descriptor '/home/jsmoon/yax_jeju/install/serial_communication_pkg/share/serial_communication_pkg/hook/ament_prefix_path.dsv'
[0.709s] colcon.colcon_core.shell INFO Creating environment hook '/home/jsmoon/yax_jeju/install/serial_communication_pkg/share/serial_communication_pkg/hook/ament_prefix_path.sh'
[0.710s] colcon.colcon_core.shell INFO Skip shell extension 'powershell' for command environment: Not usable outside of PowerShell
[0.710s] colcon.colcon_core.shell DEBUG Skip shell extension 'dsv' for command environment
[0.715s] colcon.colcon_ros.task.ament_cmake.build INFO Building ROS package in '/home/jsmoon/yax_jeju/src/ydlidar_ros2_driver' with build type 'ament_cmake'
[0.716s] colcon.colcon_cmake.task.cmake.build INFO Building CMake package in '/home/jsmoon/yax_jeju/src/ydlidar_ros2_driver'
[0.717s] colcon.colcon_core.shell INFO Skip shell extension 'powershell' for command environment: Not usable outside of PowerShell
[0.717s] colcon.colcon_core.shell DEBUG Skip shell extension 'dsv' for command environment
[0.722s] colcon.colcon_ros.task.ament_python.build INFO Building ROS package in '/home/jsmoon/yax_jeju/src/lidar_perception_pkg' with build type 'ament_python'
[0.723s] colcon.colcon_core.shell Level 1 create_environment_hook('lidar_perception_pkg', 'ament_prefix_path')
[0.724s] colcon.colcon_core.shell INFO Creating environment hook '/home/jsmoon/yax_jeju/install/lidar_perception_pkg/share/lidar_perception_pkg/hook/ament_prefix_path.ps1'
[0.724s] colcon.colcon_core.shell INFO Creating environment descriptor '/home/jsmoon/yax_jeju/install/lidar_perception_pkg/share/lidar_perception_pkg/hook/ament_prefix_path.dsv'
[0.725s] colcon.colcon_core.shell INFO Creating environment hook '/home/jsmoon/yax_jeju/install/lidar_perception_pkg/share/lidar_perception_pkg/hook/ament_prefix_path.sh'
[0.725s] colcon.colcon_core.shell INFO Skip shell extension 'powershell' for command environment: Not usable outside of PowerShell
[0.725s] colcon.colcon_core.shell DEBUG Skip shell extension 'dsv' for command environment
[0.732s] colcon.colcon_ros.task.ament_python.build INFO Building ROS package in '/home/jsmoon/yax_jeju/src/RTK_GPS_NTRIP/ntrip_client' with build type 'ament_python'
[0.732s] colcon.colcon_core.shell Level 1 create_environment_hook('ntrip_client', 'ament_prefix_path')
[0.732s] colcon.colcon_core.shell INFO Creating environment hook '/home/jsmoon/yax_jeju/install/ntrip_client/share/ntrip_client/hook/ament_prefix_path.ps1'
[0.733s] colcon.colcon_core.shell INFO Creating environment descriptor '/home/jsmoon/yax_jeju/install/ntrip_client/share/ntrip_client/hook/ament_prefix_path.dsv'
[0.734s] colcon.colcon_core.shell INFO Creating environment hook '/home/jsmoon/yax_jeju/install/ntrip_client/share/ntrip_client/hook/ament_prefix_path.sh'
[0.734s] colcon.colcon_core.shell INFO Skip shell extension 'powershell' for command environment: Not usable outside of PowerShell
[0.734s] colcon.colcon_core.shell DEBUG Skip shell extension 'dsv' for command environment
[0.738s] colcon.colcon_ros.task.ament_python.build INFO Building ROS package in '/home/jsmoon/yax_jeju/src/debug_pkg' with build type 'ament_python'
[0.738s] colcon.colcon_core.shell Level 1 create_environment_hook('debug_pkg', 'ament_prefix_path')
[0.738s] colcon.colcon_core.shell INFO Creating environment hook '/home/jsmoon/yax_jeju/install/debug_pkg/share/debug_pkg/hook/ament_prefix_path.ps1'
[0.738s] colcon.colcon_core.shell INFO Creating environment descriptor '/home/jsmoon/yax_jeju/install/debug_pkg/share/debug_pkg/hook/ament_prefix_path.dsv'
[0.739s] colcon.colcon_core.shell INFO Creating environment hook '/home/jsmoon/yax_jeju/install/debug_pkg/share/debug_pkg/hook/ament_prefix_path.sh'
[0.739s] colcon.colcon_core.shell INFO Skip shell extension 'powershell' for command environment: Not usable outside of PowerShell
[0.739s] colcon.colcon_core.shell DEBUG Skip shell extension 'dsv' for command environment
[0.742s] colcon.colcon_ros.task.ament_python.build INFO Building ROS package in '/home/jsmoon/yax_jeju/src/UTM_conversion/src/latlong_utm' with build type 'ament_python'
[0.742s] colcon.colcon_core.shell Level 1 create_environment_hook('latlong_utm', 'ament_prefix_path')
[0.742s] colcon.colcon_core.shell INFO Creating environment hook '/home/jsmoon/yax_jeju/install/latlong_utm/share/latlong_utm/hook/ament_prefix_path.ps1'
[0.743s] colcon.colcon_core.shell INFO Creating environment descriptor '/home/jsmoon/yax_jeju/install/latlong_utm/share/latlong_utm/hook/ament_prefix_path.dsv'
[0.743s] colcon.colcon_core.shell INFO Creating environment hook '/home/jsmoon/yax_jeju/install/latlong_utm/share/latlong_utm/hook/ament_prefix_path.sh'
[0.743s] colcon.colcon_core.shell INFO Skip shell extension 'powershell' for command environment: Not usable outside of PowerShell
[0.743s] colcon.colcon_core.shell DEBUG Skip shell extension 'dsv' for command environment
[0.751s] colcon.colcon_core.event_handler.log_command DEBUG Invoking command in '/home/jsmoon/yax_jeju/build/ublox_serialization': CMAKE_PREFIX_PATH=${CMAKE_PREFIX_PATH}:/home/jsmoon/yax_jeju/install/my_custom_pkg:/home/jsmoon/yax_jeju/install/serial_communication_pkg:/home/jsmoon/yax_jeju/install/ntrip_client:/home/jsmoon/yax_jeju/install/lidar_perception_pkg:/home/jsmoon/yax_jeju/install/latlong_utm:/home/jsmoon/yax_jeju/install/decision_making_pkg:/home/jsmoon/yax_jeju/install/debug_pkg:/home/jsmoon/yax_jeju/install/camera_perception_pkg:/opt/ros/humble /usr/bin/cmake --build /home/jsmoon/yax_jeju/build/ublox_serialization -- -j16 -l16
[0.753s] colcon.colcon_core.event_handler.log_command DEBUG Invoking command in '/home/jsmoon/yax_jeju/build/rtcm_msgs': CMAKE_PREFIX_PATH=${CMAKE_PREFIX_PATH}:/home/jsmoon/yax_jeju/install/my_custom_pkg:/home/jsmoon/yax_jeju/install/serial_communication_pkg:/home/jsmoon/yax_jeju/install/ntrip_client:/home/jsmoon/yax_jeju/install/lidar_perception_pkg:/home/jsmoon/yax_jeju/install/latlong_utm:/home/jsmoon/yax_jeju/install/decision_making_pkg:/home/jsmoon/yax_jeju/install/debug_pkg:/home/jsmoon/yax_jeju/install/camera_perception_pkg:/opt/ros/humble /usr/bin/cmake --build /home/jsmoon/yax_jeju/build/rtcm_msgs -- -j16 -l16
[1.363s] colcon.colcon_core.task.python.build INFO Building Python package in '/home/jsmoon/yax_jeju/src/camera_perception_pkg'
[1.365s] colcon.colcon_core.shell INFO Skip shell extension 'powershell' for command environment: Not usable outside of PowerShell
[1.365s] colcon.colcon_core.shell DEBUG Skip shell extension 'dsv' for command environment
[1.946s] colcon.colcon_core.task.python.build INFO Building Python package in '/home/jsmoon/yax_jeju/src/decision_making_pkg'
[1.947s] colcon.colcon_core.shell INFO Skip shell extension 'powershell' for command environment: Not usable outside of PowerShell
[1.947s] colcon.colcon_core.shell DEBUG Skip shell extension 'dsv' for command environment
[1.959s] colcon.colcon_core.event_handler.log_command DEBUG Invoking command in '/home/jsmoon/yax_jeju/build/interfaces_pkg': CMAKE_PREFIX_PATH=${CMAKE_PREFIX_PATH}:/home/jsmoon/yax_jeju/install/my_custom_pkg:/home/jsmoon/yax_jeju/install/serial_communication_pkg:/home/jsmoon/yax_jeju/install/ntrip_client:/home/jsmoon/yax_jeju/install/lidar_perception_pkg:/home/jsmoon/yax_jeju/install/latlong_utm:/home/jsmoon/yax_jeju/install/decision_making_pkg:/home/jsmoon/yax_jeju/install/debug_pkg:/home/jsmoon/yax_jeju/install/camera_perception_pkg:/opt/ros/humble /usr/bin/cmake --build /home/jsmoon/yax_jeju/build/interfaces_pkg -- -j16 -l16
[2.240s] colcon.colcon_core.task.python.build INFO Building Python package in '/home/jsmoon/yax_jeju/src/serial_communication_pkg'
[2.240s] colcon.colcon_core.shell INFO Skip shell extension 'powershell' for command environment: Not usable outside of PowerShell
[2.240s] colcon.colcon_core.shell DEBUG Skip shell extension 'dsv' for command environment
[2.246s] colcon.colcon_core.event_handler.log_command DEBUG Invoking command in '/home/jsmoon/yax_jeju/build/ydlidar_ros2_driver': CMAKE_PREFIX_PATH=${CMAKE_PREFIX_PATH}:/home/jsmoon/yax_jeju/install/my_custom_pkg:/home/jsmoon/yax_jeju/install/serial_communication_pkg:/home/jsmoon/yax_jeju/install/ntrip_client:/home/jsmoon/yax_jeju/install/lidar_perception_pkg:/home/jsmoon/yax_jeju/install/latlong_utm:/home/jsmoon/yax_jeju/install/decision_making_pkg:/home/jsmoon/yax_jeju/install/debug_pkg:/home/jsmoon/yax_jeju/install/camera_perception_pkg:/opt/ros/humble /usr/bin/cmake --build /home/jsmoon/yax_jeju/build/ydlidar_ros2_driver -- -j16 -l16
[2.467s] colcon.colcon_core.task.python.build INFO Building Python package in '/home/jsmoon/yax_jeju/src/lidar_perception_pkg'
[2.467s] colcon.colcon_core.shell INFO Skip shell extension 'powershell' for command environment: Not usable outside of PowerShell
[2.468s] colcon.colcon_core.shell DEBUG Skip shell extension 'dsv' for command environment
[2.707s] colcon.colcon_core.task.python.build INFO Building Python package in '/home/jsmoon/yax_jeju/src/RTK_GPS_NTRIP/ntrip_client'
[2.707s] colcon.colcon_core.shell INFO Skip shell extension 'powershell' for command environment: Not usable outside of PowerShell
[2.707s] colcon.colcon_core.shell DEBUG Skip shell extension 'dsv' for command environment
[2.938s] colcon.colcon_core.task.python.build INFO Building Python package in '/home/jsmoon/yax_jeju/src/debug_pkg'
[2.938s] colcon.colcon_core.shell INFO Skip shell extension 'powershell' for command environment: Not usable outside of PowerShell
[2.938s] colcon.colcon_core.shell DEBUG Skip shell extension 'dsv' for command environment
[3.159s] colcon.colcon_core.task.python.build INFO Building Python package in '/home/jsmoon/yax_jeju/src/UTM_conversion/src/latlong_utm'
[3.159s] colcon.colcon_core.shell INFO Skip shell extension 'powershell' for command environment: Not usable outside of PowerShell
[3.159s] colcon.colcon_core.shell DEBUG Skip shell extension 'dsv' for command environment
[3.163s] colcon.colcon_core.event_handler.log_command DEBUG Invoked command in '/home/jsmoon/yax_jeju/build/ublox_serialization' returned '0': CMAKE_PREFIX_PATH=${CMAKE_PREFIX_PATH}:/home/jsmoon/yax_jeju/install/my_custom_pkg:/home/jsmoon/yax_jeju/install/serial_communication_pkg:/home/jsmoon/yax_jeju/install/ntrip_client:/home/jsmoon/yax_jeju/install/lidar_perception_pkg:/home/jsmoon/yax_jeju/install/latlong_utm:/home/jsmoon/yax_jeju/install/decision_making_pkg:/home/jsmoon/yax_jeju/install/debug_pkg:/home/jsmoon/yax_jeju/install/camera_perception_pkg:/opt/ros/humble /usr/bin/cmake --build /home/jsmoon/yax_jeju/build/ublox_serialization -- -j16 -l16
[3.178s] colcon.colcon_core.event_handler.log_command DEBUG Invoking command in '/home/jsmoon/yax_jeju/build/ublox_serialization': CMAKE_PREFIX_PATH=${CMAKE_PREFIX_PATH}:/home/jsmoon/yax_jeju/install/my_custom_pkg:/home/jsmoon/yax_jeju/install/serial_communication_pkg:/home/jsmoon/yax_jeju/install/ntrip_client:/home/jsmoon/yax_jeju/install/lidar_perception_pkg:/home/jsmoon/yax_jeju/install/latlong_utm:/home/jsmoon/yax_jeju/install/decision_making_pkg:/home/jsmoon/yax_jeju/install/debug_pkg:/home/jsmoon/yax_jeju/install/camera_perception_pkg:/opt/ros/humble /usr/bin/cmake --install /home/jsmoon/yax_jeju/build/ublox_serialization
[3.178s] colcon.colcon_core.event_handler.log_command DEBUG Invoked command in '/home/jsmoon/yax_jeju/build/rtcm_msgs' returned '0': CMAKE_PREFIX_PATH=${CMAKE_PREFIX_PATH}:/home/jsmoon/yax_jeju/install/my_custom_pkg:/home/jsmoon/yax_jeju/install/serial_communication_pkg:/home/jsmoon/yax_jeju/install/ntrip_client:/home/jsmoon/yax_jeju/install/lidar_perception_pkg:/home/jsmoon/yax_jeju/install/latlong_utm:/home/jsmoon/yax_jeju/install/decision_making_pkg:/home/jsmoon/yax_jeju/install/debug_pkg:/home/jsmoon/yax_jeju/install/camera_perception_pkg:/opt/ros/humble /usr/bin/cmake --build /home/jsmoon/yax_jeju/build/rtcm_msgs -- -j16 -l16
[3.179s] colcon.colcon_core.event_handler.log_command DEBUG Invoking command in '/home/jsmoon/yax_jeju/build/rtcm_msgs': CMAKE_PREFIX_PATH=${CMAKE_PREFIX_PATH}:/home/jsmoon/yax_jeju/install/my_custom_pkg:/home/jsmoon/yax_jeju/install/serial_communication_pkg:/home/jsmoon/yax_jeju/install/ntrip_client:/home/jsmoon/yax_jeju/install/lidar_perception_pkg:/home/jsmoon/yax_jeju/install/latlong_utm:/home/jsmoon/yax_jeju/install/decision_making_pkg:/home/jsmoon/yax_jeju/install/debug_pkg:/home/jsmoon/yax_jeju/install/camera_perception_pkg:/opt/ros/humble /usr/bin/cmake --install /home/jsmoon/yax_jeju/build/rtcm_msgs
[3.180s] colcon.colcon_core.event_handler.log_command DEBUG Invoked command in '/home/jsmoon/yax_jeju/build/interfaces_pkg' returned '0': CMAKE_PREFIX_PATH=${CMAKE_PREFIX_PATH}:/home/jsmoon/yax_jeju/install/my_custom_pkg:/home/jsmoon/yax_jeju/install/serial_communication_pkg:/home/jsmoon/yax_jeju/install/ntrip_client:/home/jsmoon/yax_jeju/install/lidar_perception_pkg:/home/jsmoon/yax_jeju/install/latlong_utm:/home/jsmoon/yax_jeju/install/decision_making_pkg:/home/jsmoon/yax_jeju/install/debug_pkg:/home/jsmoon/yax_jeju/install/camera_perception_pkg:/opt/ros/humble /usr/bin/cmake --build /home/jsmoon/yax_jeju/build/interfaces_pkg -- -j16 -l16
[3.180s] colcon.colcon_core.event_handler.log_command DEBUG Invoking command in '/home/jsmoon/yax_jeju/build/interfaces_pkg': CMAKE_PREFIX_PATH=${CMAKE_PREFIX_PATH}:/home/jsmoon/yax_jeju/install/my_custom_pkg:/home/jsmoon/yax_jeju/install/serial_communication_pkg:/home/jsmoon/yax_jeju/install/ntrip_client:/home/jsmoon/yax_jeju/install/lidar_perception_pkg:/home/jsmoon/yax_jeju/install/latlong_utm:/home/jsmoon/yax_jeju/install/decision_making_pkg:/home/jsmoon/yax_jeju/install/debug_pkg:/home/jsmoon/yax_jeju/install/camera_perception_pkg:/opt/ros/humble /usr/bin/cmake --install /home/jsmoon/yax_jeju/build/interfaces_pkg
[3.181s] colcon.colcon_core.event_handler.log_command DEBUG Invoked command in '/home/jsmoon/yax_jeju/build/ydlidar_ros2_driver' returned '0': CMAKE_PREFIX_PATH=${CMAKE_PREFIX_PATH}:/home/jsmoon/yax_jeju/install/my_custom_pkg:/home/jsmoon/yax_jeju/install/serial_communication_pkg:/home/jsmoon/yax_jeju/install/ntrip_client:/home/jsmoon/yax_jeju/install/lidar_perception_pkg:/home/jsmoon/yax_jeju/install/latlong_utm:/home/jsmoon/yax_jeju/install/decision_making_pkg:/home/jsmoon/yax_jeju/install/debug_pkg:/home/jsmoon/yax_jeju/install/camera_perception_pkg:/opt/ros/humble /usr/bin/cmake --build /home/jsmoon/yax_jeju/build/ydlidar_ros2_driver -- -j16 -l16
[3.182s] colcon.colcon_core.event_handler.log_command DEBUG Invoking command in '/home/jsmoon/yax_jeju/build/ydlidar_ros2_driver': CMAKE_PREFIX_PATH=${CMAKE_PREFIX_PATH}:/home/jsmoon/yax_jeju/install/my_custom_pkg:/home/jsmoon/yax_jeju/install/serial_communication_pkg:/home/jsmoon/yax_jeju/install/ntrip_client:/home/jsmoon/yax_jeju/install/lidar_perception_pkg:/home/jsmoon/yax_jeju/install/latlong_utm:/home/jsmoon/yax_jeju/install/decision_making_pkg:/home/jsmoon/yax_jeju/install/debug_pkg:/home/jsmoon/yax_jeju/install/camera_perception_pkg:/opt/ros/humble /usr/bin/cmake --install /home/jsmoon/yax_jeju/build/ydlidar_ros2_driver
[3.201s] colcon.colcon_core.environment Level 1 create_environment_scripts_only(ublox_serialization)
[3.207s] colcon.colcon_core.event_handler.log_command DEBUG Invoked command in '/home/jsmoon/yax_jeju/build/ublox_serialization' returned '0': CMAKE_PREFIX_PATH=${CMAKE_PREFIX_PATH}:/home/jsmoon/yax_jeju/install/my_custom_pkg:/home/jsmoon/yax_jeju/install/serial_communication_pkg:/home/jsmoon/yax_jeju/install/ntrip_client:/home/jsmoon/yax_jeju/install/lidar_perception_pkg:/home/jsmoon/yax_jeju/install/latlong_utm:/home/jsmoon/yax_jeju/install/decision_making_pkg:/home/jsmoon/yax_jeju/install/debug_pkg:/home/jsmoon/yax_jeju/install/camera_perception_pkg:/opt/ros/humble /usr/bin/cmake --install /home/jsmoon/yax_jeju/build/ublox_serialization
[3.208s] colcon.colcon_core.environment Level 1 checking '/home/jsmoon/yax_jeju/install/ublox_serialization' for CMake module files
[3.209s] colcon.colcon_core.environment Level 1 checking '/home/jsmoon/yax_jeju/install/ublox_serialization' for CMake config files
[3.209s] colcon.colcon_core.shell Level 1 create_environment_hook('ublox_serialization', 'cmake_prefix_path')
[3.209s] colcon.colcon_core.shell INFO Creating environment hook '/home/jsmoon/yax_jeju/install/ublox_serialization/share/ublox_serialization/hook/cmake_prefix_path.ps1'
[3.210s] colcon.colcon_core.shell INFO Creating environment descriptor '/home/jsmoon/yax_jeju/install/ublox_serialization/share/ublox_serialization/hook/cmake_prefix_path.dsv'
[3.210s] colcon.colcon_core.shell INFO Creating environment hook '/home/jsmoon/yax_jeju/install/ublox_serialization/share/ublox_serialization/hook/cmake_prefix_path.sh'
[3.211s] colcon.colcon_core.environment Level 1 checking '/home/jsmoon/yax_jeju/install/ublox_serialization/bin'
[3.211s] colcon.colcon_core.environment Level 1 checking '/home/jsmoon/yax_jeju/install/ublox_serialization/lib/pkgconfig/ublox_serialization.pc'
[3.211s] colcon.colcon_core.environment Level 1 checking '/home/jsmoon/yax_jeju/install/ublox_serialization/lib/python3.10/site-packages'
[3.211s] colcon.colcon_core.environment Level 1 checking '/home/jsmoon/yax_jeju/install/ublox_serialization/bin'
[3.211s] colcon.colcon_core.shell INFO Creating package script '/home/jsmoon/yax_jeju/install/ublox_serialization/share/ublox_serialization/package.ps1'
[3.212s] colcon.colcon_core.shell INFO Creating package descriptor '/home/jsmoon/yax_jeju/install/ublox_serialization/share/ublox_serialization/package.dsv'
[3.213s] colcon.colcon_core.shell INFO Creating package script '/home/jsmoon/yax_jeju/install/ublox_serialization/share/ublox_serialization/package.sh'
[3.213s] colcon.colcon_core.shell INFO Creating package script '/home/jsmoon/yax_jeju/install/ublox_serialization/share/ublox_serialization/package.bash'
[3.214s] colcon.colcon_core.shell INFO Creating package script '/home/jsmoon/yax_jeju/install/ublox_serialization/share/ublox_serialization/package.zsh'
[3.215s] colcon.colcon_core.environment Level 1 create_file_with_runtime_dependencies(/home/jsmoon/yax_jeju/install/ublox_serialization/share/colcon-core/packages/ublox_serialization)
[3.215s] colcon.colcon_core.environment Level 1 create_environment_scripts_only(ublox_serialization)
[3.215s] colcon.colcon_core.environment Level 1 checking '/home/jsmoon/yax_jeju/install/ublox_serialization' for CMake module files
[3.216s] colcon.colcon_core.environment Level 1 checking '/home/jsmoon/yax_jeju/install/ublox_serialization' for CMake config files
[3.216s] colcon.colcon_core.shell Level 1 create_environment_hook('ublox_serialization', 'cmake_prefix_path')
[3.216s] colcon.colcon_core.shell INFO Creating environment hook '/home/jsmoon/yax_jeju/install/ublox_serialization/share/ublox_serialization/hook/cmake_prefix_path.ps1'
[3.216s] colcon.colcon_core.shell INFO Creating environment descriptor '/home/jsmoon/yax_jeju/install/ublox_serialization/share/ublox_serialization/hook/cmake_prefix_path.dsv'
[3.217s] colcon.colcon_core.shell INFO Creating environment hook '/home/jsmoon/yax_jeju/install/ublox_serialization/share/ublox_serialization/hook/cmake_prefix_path.sh'
[3.217s] colcon.colcon_core.environment Level 1 checking '/home/jsmoon/yax_jeju/install/ublox_serialization/bin'
[3.217s] colcon.colcon_core.environment Level 1 checking '/home/jsmoon/yax_jeju/install/ublox_serialization/lib/pkgconfig/ublox_serialization.pc'
[3.217s] colcon.colcon_core.environment Level 1 checking '/home/jsmoon/yax_jeju/install/ublox_serialization/lib/python3.10/site-packages'
[3.218s] colcon.colcon_core.environment Level 1 checking '/home/jsmoon/yax_jeju/install/ublox_serialization/bin'
[3.218s] colcon.colcon_core.shell INFO Creating package script '/home/jsmoon/yax_jeju/install/ublox_serialization/share/ublox_serialization/package.ps1'
[3.218s] colcon.colcon_core.shell INFO Creating package descriptor '/home/jsmoon/yax_jeju/install/ublox_serialization/share/ublox_serialization/package.dsv'
[3.219s] colcon.colcon_core.shell INFO Creating package script '/home/jsmoon/yax_jeju/install/ublox_serialization/share/ublox_serialization/package.sh'
[3.219s] colcon.colcon_core.shell INFO Creating package script '/home/jsmoon/yax_jeju/install/ublox_serialization/share/ublox_serialization/package.bash'
[3.219s] colcon.colcon_core.shell INFO Creating package script '/home/jsmoon/yax_jeju/install/ublox_serialization/share/ublox_serialization/package.zsh'
[3.220s] colcon.colcon_core.environment Level 1 create_file_with_runtime_dependencies(/home/jsmoon/yax_jeju/install/ublox_serialization/share/colcon-core/packages/ublox_serialization)
[3.221s] colcon.colcon_ros.task.ament_cmake.build INFO Building ROS package in '/home/jsmoon/yax_jeju/src/RTK_GPS_NTRIP/ublox_msgs' with build type 'ament_cmake'
[3.221s] colcon.colcon_cmake.task.cmake.build INFO Building CMake package in '/home/jsmoon/yax_jeju/src/RTK_GPS_NTRIP/ublox_msgs'
[3.221s] colcon.colcon_core.shell INFO Skip shell extension 'powershell' for command environment: Not usable outside of PowerShell
[3.221s] colcon.colcon_core.shell DEBUG Skip shell extension 'dsv' for command environment
[3.227s] colcon.colcon_core.environment Level 1 create_environment_scripts_only(ydlidar_ros2_driver)
[3.227s] colcon.colcon_core.environment Level 1 checking '/home/jsmoon/yax_jeju/install/ydlidar_ros2_driver' for CMake module files
[3.231s] colcon.colcon_core.environment Level 1 checking '/home/jsmoon/yax_jeju/install/ydlidar_ros2_driver' for CMake config files
[3.236s] colcon.colcon_core.shell Level 1 create_environment_hook('ydlidar_ros2_driver', 'cmake_prefix_path')
[3.236s] colcon.colcon_core.shell INFO Creating environment hook '/home/jsmoon/yax_jeju/install/ydlidar_ros2_driver/share/ydlidar_ros2_driver/hook/cmake_prefix_path.ps1'
[3.237s] colcon.colcon_core.event_handler.log_command DEBUG Invoked command in '/home/jsmoon/yax_jeju/build/ydlidar_ros2_driver' returned '0': CMAKE_PREFIX_PATH=${CMAKE_PREFIX_PATH}:/home/jsmoon/yax_jeju/install/my_custom_pkg:/home/jsmoon/yax_jeju/install/serial_communication_pkg:/home/jsmoon/yax_jeju/install/ntrip_client:/home/jsmoon/yax_jeju/install/lidar_perception_pkg:/home/jsmoon/yax_jeju/install/latlong_utm:/home/jsmoon/yax_jeju/install/decision_making_pkg:/home/jsmoon/yax_jeju/install/debug_pkg:/home/jsmoon/yax_jeju/install/camera_perception_pkg:/opt/ros/humble /usr/bin/cmake --install /home/jsmoon/yax_jeju/build/ydlidar_ros2_driver
[3.237s] colcon.colcon_core.shell INFO Creating environment descriptor '/home/jsmoon/yax_jeju/install/ydlidar_ros2_driver/share/ydlidar_ros2_driver/hook/cmake_prefix_path.dsv'
[3.238s] colcon.colcon_core.shell INFO Creating environment hook '/home/jsmoon/yax_jeju/install/ydlidar_ros2_driver/share/ydlidar_ros2_driver/hook/cmake_prefix_path.sh'
[3.238s] colcon.colcon_core.environment Level 1 checking '/home/jsmoon/yax_jeju/install/ydlidar_ros2_driver/lib'
[3.238s] colcon.colcon_core.environment Level 1 checking '/home/jsmoon/yax_jeju/install/ydlidar_ros2_driver/bin'
[3.238s] colcon.colcon_core.environment Level 1 checking '/home/jsmoon/yax_jeju/install/ydlidar_ros2_driver/lib/pkgconfig/ydlidar_ros2_driver.pc'
[3.239s] colcon.colcon_core.environment Level 1 checking '/home/jsmoon/yax_jeju/install/ydlidar_ros2_driver/lib/python3.10/site-packages'
[3.239s] colcon.colcon_core.environment Level 1 checking '/home/jsmoon/yax_jeju/install/ydlidar_ros2_driver/bin'
[3.239s] colcon.colcon_core.shell INFO Creating package script '/home/jsmoon/yax_jeju/install/ydlidar_ros2_driver/share/ydlidar_ros2_driver/package.ps1'
[3.240s] colcon.colcon_core.shell INFO Creating package descriptor '/home/jsmoon/yax_jeju/install/ydlidar_ros2_driver/share/ydlidar_ros2_driver/package.dsv'
[3.240s] colcon.colcon_core.shell INFO Creating package script '/home/jsmoon/yax_jeju/install/ydlidar_ros2_driver/share/ydlidar_ros2_driver/package.sh'
[3.240s] colcon.colcon_core.shell INFO Creating package script '/home/jsmoon/yax_jeju/install/ydlidar_ros2_driver/share/ydlidar_ros2_driver/package.bash'
[3.240s] colcon.colcon_core.shell INFO Creating package script '/home/jsmoon/yax_jeju/install/ydlidar_ros2_driver/share/ydlidar_ros2_driver/package.zsh'
[3.241s] colcon.colcon_core.environment Level 1 create_file_with_runtime_dependencies(/home/jsmoon/yax_jeju/install/ydlidar_ros2_driver/share/colcon-core/packages/ydlidar_ros2_driver)
[3.241s] colcon.colcon_core.environment Level 1 create_environment_scripts_only(ydlidar_ros2_driver)
[3.241s] colcon.colcon_core.environment Level 1 checking '/home/jsmoon/yax_jeju/install/ydlidar_ros2_driver' for CMake module files
[3.242s] colcon.colcon_core.environment Level 1 checking '/home/jsmoon/yax_jeju/install/ydlidar_ros2_driver' for CMake config files
[3.242s] colcon.colcon_core.shell Level 1 create_environment_hook('ydlidar_ros2_driver', 'cmake_prefix_path')
[3.242s] colcon.colcon_core.shell INFO Creating environment hook '/home/jsmoon/yax_jeju/install/ydlidar_ros2_driver/share/ydlidar_ros2_driver/hook/cmake_prefix_path.ps1'
[3.243s] colcon.colcon_core.shell INFO Creating environment descriptor '/home/jsmoon/yax_jeju/install/ydlidar_ros2_driver/share/ydlidar_ros2_driver/hook/cmake_prefix_path.dsv'
[3.243s] colcon.colcon_core.shell INFO Creating environment hook '/home/jsmoon/yax_jeju/install/ydlidar_ros2_driver/share/ydlidar_ros2_driver/hook/cmake_prefix_path.sh'
[3.244s] colcon.colcon_core.environment Level 1 checking '/home/jsmoon/yax_jeju/install/ydlidar_ros2_driver/lib'
[3.244s] colcon.colcon_core.environment Level 1 checking '/home/jsmoon/yax_jeju/install/ydlidar_ros2_driver/bin'
[3.244s] colcon.colcon_core.environment Level 1 checking '/home/jsmoon/yax_jeju/install/ydlidar_ros2_driver/lib/pkgconfig/ydlidar_ros2_driver.pc'
[3.244s] colcon.colcon_core.environment Level 1 checking '/home/jsmoon/yax_jeju/install/ydlidar_ros2_driver/lib/python3.10/site-packages'
[3.244s] colcon.colcon_core.environment Level 1 checking '/home/jsmoon/yax_jeju/install/ydlidar_ros2_driver/bin'
[3.244s] colcon.colcon_core.shell INFO Creating package script '/home/jsmoon/yax_jeju/install/ydlidar_ros2_driver/share/ydlidar_ros2_driver/package.ps1'
[3.245s] colcon.colcon_core.shell INFO Creating package descriptor '/home/jsmoon/yax_jeju/install/ydlidar_ros2_driver/share/ydlidar_ros2_driver/package.dsv'
[3.245s] colcon.colcon_core.shell INFO Creating package script '/home/jsmoon/yax_jeju/install/ydlidar_ros2_driver/share/ydlidar_ros2_driver/package.sh'
[3.245s] colcon.colcon_core.shell INFO Creating package script '/home/jsmoon/yax_jeju/install/ydlidar_ros2_driver/share/ydlidar_ros2_driver/package.bash'
[3.246s] colcon.colcon_core.shell INFO Creating package script '/home/jsmoon/yax_jeju/install/ydlidar_ros2_driver/share/ydlidar_ros2_driver/package.zsh'
[3.246s] colcon.colcon_core.environment Level 1 create_file_with_runtime_dependencies(/home/jsmoon/yax_jeju/install/ydlidar_ros2_driver/share/colcon-core/packages/ydlidar_ros2_driver)
[3.251s] colcon.colcon_core.event_handler.log_command DEBUG Invoking command in '/home/jsmoon/yax_jeju/build/ublox_msgs': CMAKE_PREFIX_PATH=/home/jsmoon/yax_jeju/install/ublox_serialization:/home/jsmoon/yax_jeju/install/launch_pkg:/home/jsmoon/yax_jeju/install/ydlidar_ros2_driver:/home/jsmoon/yax_jeju/install/ublox:/home/jsmoon/yax_jeju/install/ublox_gps:/home/jsmoon/yax_jeju/install/fix2nmea:/home/jsmoon/yax_jeju/install/ublox_msgs:/home/jsmoon/yax_jeju/install/rtcm_msgs:/home/jsmoon/yax_jeju/install/interfaces_pkg:/home/jsmoon/ydlidar_ws/install/ydlidar_ros2_driver:/home/jsmoon/yax_jeju/install/my_custom_pkg:/home/jsmoon/yax_jeju/install/serial_communication_pkg:/home/jsmoon/yax_jeju/install/ntrip_client:/home/jsmoon/yax_jeju/install/lidar_perception_pkg:/home/jsmoon/yax_jeju/install/latlong_utm:/home/jsmoon/yax_jeju/install/decision_making_pkg:/home/jsmoon/yax_jeju/install/debug_pkg:/home/jsmoon/yax_jeju/install/camera_perception_pkg:/opt/ros/humble /usr/bin/cmake --build /home/jsmoon/yax_jeju/build/ublox_msgs -- -j16 -l16
[3.304s] colcon.colcon_core.environment Level 1 create_environment_scripts_only(rtcm_msgs)
[3.304s] colcon.colcon_core.environment Level 1 checking '/home/jsmoon/yax_jeju/install/rtcm_msgs' for CMake module files
[3.305s] colcon.colcon_core.event_handler.log_command DEBUG Invoked command in '/home/jsmoon/yax_jeju/build/rtcm_msgs' returned '0': CMAKE_PREFIX_PATH=${CMAKE_PREFIX_PATH}:/home/jsmoon/yax_jeju/install/my_custom_pkg:/home/jsmoon/yax_jeju/install/serial_communication_pkg:/home/jsmoon/yax_jeju/install/ntrip_client:/home/jsmoon/yax_jeju/install/lidar_perception_pkg:/home/jsmoon/yax_jeju/install/latlong_utm:/home/jsmoon/yax_jeju/install/decision_making_pkg:/home/jsmoon/yax_jeju/install/debug_pkg:/home/jsmoon/yax_jeju/install/camera_perception_pkg:/opt/ros/humble /usr/bin/cmake --install /home/jsmoon/yax_jeju/build/rtcm_msgs
[3.305s] colcon.colcon_core.environment Level 1 checking '/home/jsmoon/yax_jeju/install/rtcm_msgs' for CMake config files
[3.306s] colcon.colcon_core.shell Level 1 create_environment_hook('rtcm_msgs', 'cmake_prefix_path')
[3.306s] colcon.colcon_core.shell INFO Creating environment hook '/home/jsmoon/yax_jeju/install/rtcm_msgs/share/rtcm_msgs/hook/cmake_prefix_path.ps1'
[3.306s] colcon.colcon_core.shell INFO Creating environment descriptor '/home/jsmoon/yax_jeju/install/rtcm_msgs/share/rtcm_msgs/hook/cmake_prefix_path.dsv'
[3.307s] colcon.colcon_core.shell INFO Creating environment hook '/home/jsmoon/yax_jeju/install/rtcm_msgs/share/rtcm_msgs/hook/cmake_prefix_path.sh'
[3.307s] colcon.colcon_core.environment Level 1 checking '/home/jsmoon/yax_jeju/install/rtcm_msgs/lib'
[3.307s] colcon.colcon_core.shell Level 1 create_environment_hook('rtcm_msgs', 'ld_library_path_lib')
[3.307s] colcon.colcon_core.shell INFO Creating environment hook '/home/jsmoon/yax_jeju/install/rtcm_msgs/share/rtcm_msgs/hook/ld_library_path_lib.ps1'
[3.307s] colcon.colcon_core.shell INFO Creating environment descriptor '/home/jsmoon/yax_jeju/install/rtcm_msgs/share/rtcm_msgs/hook/ld_library_path_lib.dsv'
[3.308s] colcon.colcon_core.shell INFO Creating environment hook '/home/jsmoon/yax_jeju/install/rtcm_msgs/share/rtcm_msgs/hook/ld_library_path_lib.sh'
[3.308s] colcon.colcon_core.environment Level 1 checking '/home/jsmoon/yax_jeju/install/rtcm_msgs/bin'
[3.308s] colcon.colcon_core.environment Level 1 checking '/home/jsmoon/yax_jeju/install/rtcm_msgs/lib/pkgconfig/rtcm_msgs.pc'
[3.308s] colcon.colcon_core.environment Level 1 checking '/home/jsmoon/yax_jeju/install/rtcm_msgs/lib/python3.10/site-packages'
[3.308s] colcon.colcon_core.environment Level 1 checking '/home/jsmoon/yax_jeju/install/rtcm_msgs/bin'
[3.309s] colcon.colcon_core.shell INFO Creating package script '/home/jsmoon/yax_jeju/install/rtcm_msgs/share/rtcm_msgs/package.ps1'
[3.309s] colcon.colcon_core.shell INFO Creating package descriptor '/home/jsmoon/yax_jeju/install/rtcm_msgs/share/rtcm_msgs/package.dsv'
[3.309s] colcon.colcon_core.shell INFO Creating package script '/home/jsmoon/yax_jeju/install/rtcm_msgs/share/rtcm_msgs/package.sh'
[3.310s] colcon.colcon_core.shell INFO Creating package script '/home/jsmoon/yax_jeju/install/rtcm_msgs/share/rtcm_msgs/package.bash'
[3.310s] colcon.colcon_core.shell INFO Creating package script '/home/jsmoon/yax_jeju/install/rtcm_msgs/share/rtcm_msgs/package.zsh'
[3.310s] colcon.colcon_core.environment Level 1 create_file_with_runtime_dependencies(/home/jsmoon/yax_jeju/install/rtcm_msgs/share/colcon-core/packages/rtcm_msgs)
[3.311s] colcon.colcon_core.environment Level 1 create_environment_scripts_only(rtcm_msgs)
[3.311s] colcon.colcon_core.environment Level 1 checking '/home/jsmoon/yax_jeju/install/rtcm_msgs' for CMake module files
[3.311s] colcon.colcon_core.environment Level 1 checking '/home/jsmoon/yax_jeju/install/rtcm_msgs' for CMake config files
[3.312s] colcon.colcon_core.shell Level 1 create_environment_hook('rtcm_msgs', 'cmake_prefix_path')
[3.312s] colcon.colcon_core.shell INFO Creating environment hook '/home/jsmoon/yax_jeju/install/rtcm_msgs/share/rtcm_msgs/hook/cmake_prefix_path.ps1'
[3.312s] colcon.colcon_core.shell INFO Creating environment descriptor '/home/jsmoon/yax_jeju/install/rtcm_msgs/share/rtcm_msgs/hook/cmake_prefix_path.dsv'
[3.312s] colcon.colcon_core.shell INFO Creating environment hook '/home/jsmoon/yax_jeju/install/rtcm_msgs/share/rtcm_msgs/hook/cmake_prefix_path.sh'
[3.313s] colcon.colcon_core.environment Level 1 checking '/home/jsmoon/yax_jeju/install/rtcm_msgs/lib'
[3.313s] colcon.colcon_core.shell Level 1 create_environment_hook('rtcm_msgs', 'ld_library_path_lib')
[3.313s] colcon.colcon_core.shell INFO Creating environment hook '/home/jsmoon/yax_jeju/install/rtcm_msgs/share/rtcm_msgs/hook/ld_library_path_lib.ps1'
[3.313s] colcon.colcon_core.shell INFO Creating environment descriptor '/home/jsmoon/yax_jeju/install/rtcm_msgs/share/rtcm_msgs/hook/ld_library_path_lib.dsv'
[3.313s] colcon.colcon_core.shell INFO Creating environment hook '/home/jsmoon/yax_jeju/install/rtcm_msgs/share/rtcm_msgs/hook/ld_library_path_lib.sh'
[3.314s] colcon.colcon_core.environment Level 1 checking '/home/jsmoon/yax_jeju/install/rtcm_msgs/bin'
[3.314s] colcon.colcon_core.environment Level 1 checking '/home/jsmoon/yax_jeju/install/rtcm_msgs/lib/pkgconfig/rtcm_msgs.pc'
[3.314s] colcon.colcon_core.environment Level 1 checking '/home/jsmoon/yax_jeju/install/rtcm_msgs/lib/python3.10/site-packages'
[3.314s] colcon.colcon_core.environment Level 1 checking '/home/jsmoon/yax_jeju/install/rtcm_msgs/bin'
[3.314s] colcon.colcon_core.shell INFO Creating package script '/home/jsmoon/yax_jeju/install/rtcm_msgs/share/rtcm_msgs/package.ps1'
[3.315s] colcon.colcon_core.shell INFO Creating package descriptor '/home/jsmoon/yax_jeju/install/rtcm_msgs/share/rtcm_msgs/package.dsv'
[3.315s] colcon.colcon_core.shell INFO Creating package script '/home/jsmoon/yax_jeju/install/rtcm_msgs/share/rtcm_msgs/package.sh'
[3.315s] colcon.colcon_core.shell INFO Creating package script '/home/jsmoon/yax_jeju/install/rtcm_msgs/share/rtcm_msgs/package.bash'
[3.315s] colcon.colcon_core.shell INFO Creating package script '/home/jsmoon/yax_jeju/install/rtcm_msgs/share/rtcm_msgs/package.zsh'
[3.316s] colcon.colcon_core.environment Level 1 create_file_with_runtime_dependencies(/home/jsmoon/yax_jeju/install/rtcm_msgs/share/colcon-core/packages/rtcm_msgs)
[3.346s] colcon.colcon_core.environment Level 1 create_environment_scripts_only(interfaces_pkg)
[3.346s] colcon.colcon_core.environment Level 1 checking '/home/jsmoon/yax_jeju/install/interfaces_pkg' for CMake module files
[3.347s] colcon.colcon_core.event_handler.log_command DEBUG Invoked command in '/home/jsmoon/yax_jeju/build/interfaces_pkg' returned '0': CMAKE_PREFIX_PATH=${CMAKE_PREFIX_PATH}:/home/jsmoon/yax_jeju/install/my_custom_pkg:/home/jsmoon/yax_jeju/install/serial_communication_pkg:/home/jsmoon/yax_jeju/install/ntrip_client:/home/jsmoon/yax_jeju/install/lidar_perception_pkg:/home/jsmoon/yax_jeju/install/latlong_utm:/home/jsmoon/yax_jeju/install/decision_making_pkg:/home/jsmoon/yax_jeju/install/debug_pkg:/home/jsmoon/yax_jeju/install/camera_perception_pkg:/opt/ros/humble /usr/bin/cmake --install /home/jsmoon/yax_jeju/build/interfaces_pkg
[3.347s] colcon.colcon_core.environment Level 1 checking '/home/jsmoon/yax_jeju/install/interfaces_pkg' for CMake config files
[3.349s] colcon.colcon_core.shell Level 1 create_environment_hook('interfaces_pkg', 'cmake_prefix_path')
[3.349s] colcon.colcon_core.shell INFO Creating environment hook '/home/jsmoon/yax_jeju/install/interfaces_pkg/share/interfaces_pkg/hook/cmake_prefix_path.ps1'
[3.350s] colcon.colcon_core.shell INFO Creating environment descriptor '/home/jsmoon/yax_jeju/install/interfaces_pkg/share/interfaces_pkg/hook/cmake_prefix_path.dsv'
[3.350s] colcon.colcon_core.shell INFO Creating environment hook '/home/jsmoon/yax_jeju/install/interfaces_pkg/share/interfaces_pkg/hook/cmake_prefix_path.sh'
[3.351s] colcon.colcon_core.environment Level 1 checking '/home/jsmoon/yax_jeju/install/interfaces_pkg/lib'
[3.351s] colcon.colcon_core.shell Level 1 create_environment_hook('interfaces_pkg', 'ld_library_path_lib')
[3.351s] colcon.colcon_core.shell INFO Creating environment hook '/home/jsmoon/yax_jeju/install/interfaces_pkg/share/interfaces_pkg/hook/ld_library_path_lib.ps1'
[3.351s] colcon.colcon_core.shell INFO Creating environment descriptor '/home/jsmoon/yax_jeju/install/interfaces_pkg/share/interfaces_pkg/hook/ld_library_path_lib.dsv'
[3.352s] colcon.colcon_core.shell INFO Creating environment hook '/home/jsmoon/yax_jeju/install/interfaces_pkg/share/interfaces_pkg/hook/ld_library_path_lib.sh'
[3.352s] colcon.colcon_core.environment Level 1 checking '/home/jsmoon/yax_jeju/install/interfaces_pkg/bin'
[3.352s] colcon.colcon_core.environment Level 1 checking '/home/jsmoon/yax_jeju/install/interfaces_pkg/lib/pkgconfig/interfaces_pkg.pc'
[3.352s] colcon.colcon_core.environment Level 1 checking '/home/jsmoon/yax_jeju/install/interfaces_pkg/lib/python3.10/site-packages'
[3.352s] colcon.colcon_core.environment Level 1 checking '/home/jsmoon/yax_jeju/install/interfaces_pkg/bin'
[3.353s] colcon.colcon_core.shell INFO Creating package script '/home/jsmoon/yax_jeju/install/interfaces_pkg/share/interfaces_pkg/package.ps1'
[3.353s] colcon.colcon_core.shell INFO Creating package descriptor '/home/jsmoon/yax_jeju/install/interfaces_pkg/share/interfaces_pkg/package.dsv'
[3.354s] colcon.colcon_core.shell INFO Creating package script '/home/jsmoon/yax_jeju/install/interfaces_pkg/share/interfaces_pkg/package.sh'
[3.354s] colcon.colcon_core.shell INFO Creating package script '/home/jsmoon/yax_jeju/install/interfaces_pkg/share/interfaces_pkg/package.bash'
[3.354s] colcon.colcon_core.shell INFO Creating package script '/home/jsmoon/yax_jeju/install/interfaces_pkg/share/interfaces_pkg/package.zsh'
[3.355s] colcon.colcon_core.environment Level 1 create_file_with_runtime_dependencies(/home/jsmoon/yax_jeju/install/interfaces_pkg/share/colcon-core/packages/interfaces_pkg)
[3.355s] colcon.colcon_core.environment Level 1 create_environment_scripts_only(interfaces_pkg)
[3.355s] colcon.colcon_core.environment Level 1 checking '/home/jsmoon/yax_jeju/install/interfaces_pkg' for CMake module files
[3.356s] colcon.colcon_core.environment Level 1 checking '/home/jsmoon/yax_jeju/install/interfaces_pkg' for CMake config files
[3.358s] colcon.colcon_core.shell Level 1 create_environment_hook('interfaces_pkg', 'cmake_prefix_path')
[3.358s] colcon.colcon_core.shell INFO Creating environment hook '/home/jsmoon/yax_jeju/install/interfaces_pkg/share/interfaces_pkg/hook/cmake_prefix_path.ps1'
[3.358s] colcon.colcon_core.shell INFO Creating environment descriptor '/home/jsmoon/yax_jeju/install/interfaces_pkg/share/interfaces_pkg/hook/cmake_prefix_path.dsv'
[3.359s] colcon.colcon_core.shell INFO Creating environment hook '/home/jsmoon/yax_jeju/install/interfaces_pkg/share/interfaces_pkg/hook/cmake_prefix_path.sh'
[3.359s] colcon.colcon_core.environment Level 1 checking '/home/jsmoon/yax_jeju/install/interfaces_pkg/lib'
[3.359s] colcon.colcon_core.shell Level 1 create_environment_hook('interfaces_pkg', 'ld_library_path_lib')
[3.360s] colcon.colcon_core.shell INFO Creating environment hook '/home/jsmoon/yax_jeju/install/interfaces_pkg/share/interfaces_pkg/hook/ld_library_path_lib.ps1'
[3.360s] colcon.colcon_core.shell INFO Creating environment descriptor '/home/jsmoon/yax_jeju/install/interfaces_pkg/share/interfaces_pkg/hook/ld_library_path_lib.dsv'
[3.360s] colcon.colcon_core.shell INFO Creating environment hook '/home/jsmoon/yax_jeju/install/interfaces_pkg/share/interfaces_pkg/hook/ld_library_path_lib.sh'
[3.360s] colcon.colcon_core.environment Level 1 checking '/home/jsmoon/yax_jeju/install/interfaces_pkg/bin'
[3.361s] colcon.colcon_core.environment Level 1 checking '/home/jsmoon/yax_jeju/install/interfaces_pkg/lib/pkgconfig/interfaces_pkg.pc'
[3.361s] colcon.colcon_core.environment Level 1 checking '/home/jsmoon/yax_jeju/install/interfaces_pkg/lib/python3.10/site-packages'
[3.361s] colcon.colcon_core.environment Level 1 checking '/home/jsmoon/yax_jeju/install/interfaces_pkg/bin'
[3.361s] colcon.colcon_core.shell INFO Creating package script '/home/jsmoon/yax_jeju/install/interfaces_pkg/share/interfaces_pkg/package.ps1'
[3.362s] colcon.colcon_core.shell INFO Creating package descriptor '/home/jsmoon/yax_jeju/install/interfaces_pkg/share/interfaces_pkg/package.dsv'
[3.362s] colcon.colcon_core.shell INFO Creating package script '/home/jsmoon/yax_jeju/install/interfaces_pkg/share/interfaces_pkg/package.sh'
[3.363s] colcon.colcon_core.shell INFO Creating package script '/home/jsmoon/yax_jeju/install/interfaces_pkg/share/interfaces_pkg/package.bash'
[3.363s] colcon.colcon_core.shell INFO Creating package script '/home/jsmoon/yax_jeju/install/interfaces_pkg/share/interfaces_pkg/package.zsh'
[3.364s] colcon.colcon_core.environment Level 1 create_file_with_runtime_dependencies(/home/jsmoon/yax_jeju/install/interfaces_pkg/share/colcon-core/packages/interfaces_pkg)
[3.567s] colcon.colcon_core.event_handler.log_command DEBUG Invoking command in '/home/jsmoon/yax_jeju/build/serial_communication_pkg': PYTHONPATH=/home/jsmoon/yax_jeju/build/serial_communication_pkg/prefix_override:/usr/lib/python3/dist-packages/colcon_core/task/python/colcon_distutils_commands:/home/jsmoon/yax_jeju/install/serial_communication_pkg/lib/python3.10/site-packages:${PYTHONPATH} /usr/bin/python3 -W ignore:setup.py install is deprecated -W ignore:easy_install command is deprecated setup.py develop --editable --build-directory /home/jsmoon/yax_jeju/build/serial_communication_pkg/build --no-deps symlink_data
[3.569s] colcon.colcon_core.event_handler.log_command DEBUG Invoking command in '/home/jsmoon/yax_jeju/build/ntrip_client': PYTHONPATH=/home/jsmoon/yax_jeju/build/ntrip_client/prefix_override:/usr/lib/python3/dist-packages/colcon_core/task/python/colcon_distutils_commands:/home/jsmoon/yax_jeju/install/ntrip_client/lib/python3.10/site-packages:${PYTHONPATH} /usr/bin/python3 -W ignore:setup.py install is deprecated -W ignore:easy_install command is deprecated setup.py develop --editable --build-directory /home/jsmoon/yax_jeju/build/ntrip_client/build --no-deps symlink_data
[3.578s] colcon.colcon_core.event_handler.log_command DEBUG Invoking command in '/home/jsmoon/yax_jeju/build/latlong_utm': PYTHONPATH=/home/jsmoon/yax_jeju/build/latlong_utm/prefix_override:/usr/lib/python3/dist-packages/colcon_core/task/python/colcon_distutils_commands:/home/jsmoon/yax_jeju/install/latlong_utm/lib/python3.10/site-packages:${PYTHONPATH} /usr/bin/python3 -W ignore:setup.py install is deprecated -W ignore:easy_install command is deprecated setup.py develop --editable --build-directory /home/jsmoon/yax_jeju/build/latlong_utm/build --no-deps symlink_data
[3.589s] colcon.colcon_core.event_handler.log_command DEBUG Invoking command in '/home/jsmoon/yax_jeju/build/lidar_perception_pkg': PYTHONPATH=/home/jsmoon/yax_jeju/build/lidar_perception_pkg/prefix_override:/usr/lib/python3/dist-packages/colcon_core/task/python/colcon_distutils_commands:/home/jsmoon/yax_jeju/install/lidar_perception_pkg/lib/python3.10/site-packages:${PYTHONPATH} /usr/bin/python3 -W ignore:setup.py install is deprecated -W ignore:easy_install command is deprecated setup.py develop --editable --build-directory /home/jsmoon/yax_jeju/build/lidar_perception_pkg/build --no-deps symlink_data
[3.634s] colcon.colcon_core.event_handler.log_command DEBUG Invoking command in '/home/jsmoon/yax_jeju/build/camera_perception_pkg': PYTHONPATH=/home/jsmoon/yax_jeju/build/camera_perception_pkg/prefix_override:/usr/lib/python3/dist-packages/colcon_core/task/python/colcon_distutils_commands:/home/jsmoon/yax_jeju/install/camera_perception_pkg/lib/python3.10/site-packages:${PYTHONPATH} /usr/bin/python3 -W ignore:setup.py install is deprecated -W ignore:easy_install command is deprecated setup.py develop --editable --build-directory /home/jsmoon/yax_jeju/build/camera_perception_pkg/build --no-deps symlink_data
[3.662s] colcon.colcon_core.event_handler.log_command DEBUG Invoking command in '/home/jsmoon/yax_jeju/build/decision_making_pkg': PYTHONPATH=/home/jsmoon/yax_jeju/build/decision_making_pkg/prefix_override:/usr/lib/python3/dist-packages/colcon_core/task/python/colcon_distutils_commands:/home/jsmoon/yax_jeju/install/decision_making_pkg/lib/python3.10/site-packages:${PYTHONPATH} /usr/bin/python3 -W ignore:setup.py install is deprecated -W ignore:easy_install command is deprecated setup.py develop --editable --build-directory /home/jsmoon/yax_jeju/build/decision_making_pkg/build --no-deps symlink_data
[3.670s] colcon.colcon_core.event_handler.log_command DEBUG Invoking command in '/home/jsmoon/yax_jeju/build/debug_pkg': PYTHONPATH=/home/jsmoon/yax_jeju/build/debug_pkg/prefix_override:/usr/lib/python3/dist-packages/colcon_core/task/python/colcon_distutils_commands:/home/jsmoon/yax_jeju/install/debug_pkg/lib/python3.10/site-packages:${PYTHONPATH} /usr/bin/python3 -W ignore:setup.py install is deprecated -W ignore:easy_install command is deprecated setup.py develop --editable --build-directory /home/jsmoon/yax_jeju/build/debug_pkg/build --no-deps symlink_data
[3.771s] colcon.colcon_core.event_handler.log_command DEBUG Invoked command in '/home/jsmoon/yax_jeju/build/ublox_msgs' returned '0': CMAKE_PREFIX_PATH=/home/jsmoon/yax_jeju/install/ublox_serialization:/home/jsmoon/yax_jeju/install/launch_pkg:/home/jsmoon/yax_jeju/install/ydlidar_ros2_driver:/home/jsmoon/yax_jeju/install/ublox:/home/jsmoon/yax_jeju/install/ublox_gps:/home/jsmoon/yax_jeju/install/fix2nmea:/home/jsmoon/yax_jeju/install/ublox_msgs:/home/jsmoon/yax_jeju/install/rtcm_msgs:/home/jsmoon/yax_jeju/install/interfaces_pkg:/home/jsmoon/ydlidar_ws/install/ydlidar_ros2_driver:/home/jsmoon/yax_jeju/install/my_custom_pkg:/home/jsmoon/yax_jeju/install/serial_communication_pkg:/home/jsmoon/yax_jeju/install/ntrip_client:/home/jsmoon/yax_jeju/install/lidar_perception_pkg:/home/jsmoon/yax_jeju/install/latlong_utm:/home/jsmoon/yax_jeju/install/decision_making_pkg:/home/jsmoon/yax_jeju/install/debug_pkg:/home/jsmoon/yax_jeju/install/camera_perception_pkg:/opt/ros/humble /usr/bin/cmake --build /home/jsmoon/yax_jeju/build/ublox_msgs -- -j16 -l16
[3.773s] colcon.colcon_core.event_handler.log_command DEBUG Invoking command in '/home/jsmoon/yax_jeju/build/ublox_msgs': CMAKE_PREFIX_PATH=/home/jsmoon/yax_jeju/install/ublox_serialization:/home/jsmoon/yax_jeju/install/launch_pkg:/home/jsmoon/yax_jeju/install/ydlidar_ros2_driver:/home/jsmoon/yax_jeju/install/ublox:/home/jsmoon/yax_jeju/install/ublox_gps:/home/jsmoon/yax_jeju/install/fix2nmea:/home/jsmoon/yax_jeju/install/ublox_msgs:/home/jsmoon/yax_jeju/install/rtcm_msgs:/home/jsmoon/yax_jeju/install/interfaces_pkg:/home/jsmoon/ydlidar_ws/install/ydlidar_ros2_driver:/home/jsmoon/yax_jeju/install/my_custom_pkg:/home/jsmoon/yax_jeju/install/serial_communication_pkg:/home/jsmoon/yax_jeju/install/ntrip_client:/home/jsmoon/yax_jeju/install/lidar_perception_pkg:/home/jsmoon/yax_jeju/install/latlong_utm:/home/jsmoon/yax_jeju/install/decision_making_pkg:/home/jsmoon/yax_jeju/install/debug_pkg:/home/jsmoon/yax_jeju/install/camera_perception_pkg:/opt/ros/humble /usr/bin/cmake --install /home/jsmoon/yax_jeju/build/ublox_msgs
[4.082s] colcon.colcon_core.shell Level 1 create_environment_hook('serial_communication_pkg', 'pythonpath_develop')
[4.083s] colcon.colcon_core.shell INFO Creating environment hook '/home/jsmoon/yax_jeju/build/serial_communication_pkg/share/serial_communication_pkg/hook/pythonpath_develop.ps1'
[4.083s] colcon.colcon_core.event_handler.log_command DEBUG Invoked command in '/home/jsmoon/yax_jeju/build/serial_communication_pkg' returned '0': PYTHONPATH=/home/jsmoon/yax_jeju/build/serial_communication_pkg/prefix_override:/usr/lib/python3/dist-packages/colcon_core/task/python/colcon_distutils_commands:/home/jsmoon/yax_jeju/install/serial_communication_pkg/lib/python3.10/site-packages:${PYTHONPATH} /usr/bin/python3 -W ignore:setup.py install is deprecated -W ignore:easy_install command is deprecated setup.py develop --editable --build-directory /home/jsmoon/yax_jeju/build/serial_communication_pkg/build --no-deps symlink_data
[4.083s] colcon.colcon_core.shell INFO Creating environment descriptor '/home/jsmoon/yax_jeju/build/serial_communication_pkg/share/serial_communication_pkg/hook/pythonpath_develop.dsv'
[4.084s] colcon.colcon_core.shell INFO Creating environment hook '/home/jsmoon/yax_jeju/build/serial_communication_pkg/share/serial_communication_pkg/hook/pythonpath_develop.sh'
[4.084s] colcon.colcon_core.environment Level 1 checking '/home/jsmoon/yax_jeju/install/serial_communication_pkg' for CMake module files
[4.084s] colcon.colcon_core.environment Level 1 checking '/home/jsmoon/yax_jeju/install/serial_communication_pkg' for CMake config files
[4.085s] colcon.colcon_core.environment Level 1 checking '/home/jsmoon/yax_jeju/install/serial_communication_pkg/lib'
[4.085s] colcon.colcon_core.environment Level 1 checking '/home/jsmoon/yax_jeju/install/serial_communication_pkg/bin'
[4.085s] colcon.colcon_core.environment Level 1 checking '/home/jsmoon/yax_jeju/install/serial_communication_pkg/lib/pkgconfig/serial_communication_pkg.pc'
[4.085s] colcon.colcon_core.environment Level 1 checking '/home/jsmoon/yax_jeju/install/serial_communication_pkg/lib/python3.10/site-packages'
[4.085s] colcon.colcon_core.shell Level 1 create_environment_hook('serial_communication_pkg', 'pythonpath')
[4.085s] colcon.colcon_core.shell INFO Creating environment hook '/home/jsmoon/yax_jeju/install/serial_communication_pkg/share/serial_communication_pkg/hook/pythonpath.ps1'
[4.086s] colcon.colcon_core.shell INFO Creating environment descriptor '/home/jsmoon/yax_jeju/install/serial_communication_pkg/share/serial_communication_pkg/hook/pythonpath.dsv'
[4.086s] colcon.colcon_core.shell INFO Creating environment hook '/home/jsmoon/yax_jeju/install/serial_communication_pkg/share/serial_communication_pkg/hook/pythonpath.sh'
[4.087s] colcon.colcon_core.environment Level 1 checking '/home/jsmoon/yax_jeju/install/serial_communication_pkg/bin'
[4.087s] colcon.colcon_core.environment Level 1 create_environment_scripts_only(serial_communication_pkg)
[4.087s] colcon.colcon_core.shell INFO Creating package script '/home/jsmoon/yax_jeju/install/serial_communication_pkg/share/serial_communication_pkg/package.ps1'
[4.087s] colcon.colcon_core.shell INFO Creating package descriptor '/home/jsmoon/yax_jeju/install/serial_communication_pkg/share/serial_communication_pkg/package.dsv'
[4.088s] colcon.colcon_core.shell INFO Creating package script '/home/jsmoon/yax_jeju/install/serial_communication_pkg/share/serial_communication_pkg/package.sh'
[4.088s] colcon.colcon_core.shell INFO Creating package script '/home/jsmoon/yax_jeju/install/serial_communication_pkg/share/serial_communication_pkg/package.bash'
[4.088s] colcon.colcon_core.shell INFO Creating package script '/home/jsmoon/yax_jeju/install/serial_communication_pkg/share/serial_communication_pkg/package.zsh'
[4.089s] colcon.colcon_core.environment Level 1 create_file_with_runtime_dependencies(/home/jsmoon/yax_jeju/install/serial_communication_pkg/share/colcon-core/packages/serial_communication_pkg)
[4.089s] colcon.colcon_core.shell Level 1 create_environment_hook('latlong_utm', 'pythonpath_develop')
[4.090s] colcon.colcon_core.shell INFO Creating environment hook '/home/jsmoon/yax_jeju/build/latlong_utm/share/latlong_utm/hook/pythonpath_develop.ps1'
[4.090s] colcon.colcon_core.shell INFO Creating environment descriptor '/home/jsmoon/yax_jeju/build/latlong_utm/share/latlong_utm/hook/pythonpath_develop.dsv'
[4.090s] colcon.colcon_core.shell INFO Creating environment hook '/home/jsmoon/yax_jeju/build/latlong_utm/share/latlong_utm/hook/pythonpath_develop.sh'
[4.091s] colcon.colcon_core.event_handler.log_command DEBUG Invoked command in '/home/jsmoon/yax_jeju/build/latlong_utm' returned '0': PYTHONPATH=/home/jsmoon/yax_jeju/build/latlong_utm/prefix_override:/usr/lib/python3/dist-packages/colcon_core/task/python/colcon_distutils_commands:/home/jsmoon/yax_jeju/install/latlong_utm/lib/python3.10/site-packages:${PYTHONPATH} /usr/bin/python3 -W ignore:setup.py install is deprecated -W ignore:easy_install command is deprecated setup.py develop --editable --build-directory /home/jsmoon/yax_jeju/build/latlong_utm/build --no-deps symlink_data
[4.092s] colcon.colcon_core.environment Level 1 checking '/home/jsmoon/yax_jeju/install/latlong_utm' for CMake module files
[4.092s] colcon.colcon_core.environment Level 1 checking '/home/jsmoon/yax_jeju/install/latlong_utm' for CMake config files
[4.092s] colcon.colcon_core.environment Level 1 checking '/home/jsmoon/yax_jeju/install/latlong_utm/lib'
[4.092s] colcon.colcon_core.environment Level 1 checking '/home/jsmoon/yax_jeju/install/latlong_utm/bin'
[4.092s] colcon.colcon_core.environment Level 1 checking '/home/jsmoon/yax_jeju/install/latlong_utm/lib/pkgconfig/latlong_utm.pc'
[4.092s] colcon.colcon_core.environment Level 1 checking '/home/jsmoon/yax_jeju/install/latlong_utm/lib/python3.10/site-packages'
[4.092s] colcon.colcon_core.shell Level 1 create_environment_hook('latlong_utm', 'pythonpath')
[4.093s] colcon.colcon_core.shell INFO Creating environment hook '/home/jsmoon/yax_jeju/install/latlong_utm/share/latlong_utm/hook/pythonpath.ps1'
[4.093s] colcon.colcon_core.shell INFO Creating environment descriptor '/home/jsmoon/yax_jeju/install/latlong_utm/share/latlong_utm/hook/pythonpath.dsv'
[4.093s] colcon.colcon_core.shell INFO Creating environment hook '/home/jsmoon/yax_jeju/install/latlong_utm/share/latlong_utm/hook/pythonpath.sh'
[4.094s] colcon.colcon_core.environment Level 1 checking '/home/jsmoon/yax_jeju/install/latlong_utm/bin'
[4.094s] colcon.colcon_core.environment Level 1 create_environment_scripts_only(latlong_utm)
[4.094s] colcon.colcon_core.shell INFO Creating package script '/home/jsmoon/yax_jeju/install/latlong_utm/share/latlong_utm/package.ps1'
[4.094s] colcon.colcon_core.shell INFO Creating package descriptor '/home/jsmoon/yax_jeju/install/latlong_utm/share/latlong_utm/package.dsv'
[4.095s] colcon.colcon_core.shell INFO Creating package script '/home/jsmoon/yax_jeju/install/latlong_utm/share/latlong_utm/package.sh'
[4.095s] colcon.colcon_core.shell INFO Creating package script '/home/jsmoon/yax_jeju/install/latlong_utm/share/latlong_utm/package.bash'
[4.095s] colcon.colcon_core.shell INFO Creating package script '/home/jsmoon/yax_jeju/install/latlong_utm/share/latlong_utm/package.zsh'
[4.095s] colcon.colcon_core.environment Level 1 create_file_with_runtime_dependencies(/home/jsmoon/yax_jeju/install/latlong_utm/share/colcon-core/packages/latlong_utm)
[4.103s] colcon.colcon_core.environment Level 1 create_environment_scripts_only(ublox_msgs)
[4.103s] colcon.colcon_core.environment Level 1 checking '/home/jsmoon/yax_jeju/install/ublox_msgs' for CMake module files
[4.103s] colcon.colcon_core.event_handler.log_command DEBUG Invoked command in '/home/jsmoon/yax_jeju/build/ublox_msgs' returned '0': CMAKE_PREFIX_PATH=/home/jsmoon/yax_jeju/install/ublox_serialization:/home/jsmoon/yax_jeju/install/launch_pkg:/home/jsmoon/yax_jeju/install/ydlidar_ros2_driver:/home/jsmoon/yax_jeju/install/ublox:/home/jsmoon/yax_jeju/install/ublox_gps:/home/jsmoon/yax_jeju/install/fix2nmea:/home/jsmoon/yax_jeju/install/ublox_msgs:/home/jsmoon/yax_jeju/install/rtcm_msgs:/home/jsmoon/yax_jeju/install/interfaces_pkg:/home/jsmoon/ydlidar_ws/install/ydlidar_ros2_driver:/home/jsmoon/yax_jeju/install/my_custom_pkg:/home/jsmoon/yax_jeju/install/serial_communication_pkg:/home/jsmoon/yax_jeju/install/ntrip_client:/home/jsmoon/yax_jeju/install/lidar_perception_pkg:/home/jsmoon/yax_jeju/install/latlong_utm:/home/jsmoon/yax_jeju/install/decision_making_pkg:/home/jsmoon/yax_jeju/install/debug_pkg:/home/jsmoon/yax_jeju/install/camera_perception_pkg:/opt/ros/humble /usr/bin/cmake --install /home/jsmoon/yax_jeju/build/ublox_msgs
[4.104s] colcon.colcon_core.environment Level 1 checking '/home/jsmoon/yax_jeju/install/ublox_msgs' for CMake config files
[4.109s] colcon.colcon_core.shell Level 1 create_environment_hook('ublox_msgs', 'cmake_prefix_path')
[4.109s] colcon.colcon_core.shell INFO Creating environment hook '/home/jsmoon/yax_jeju/install/ublox_msgs/share/ublox_msgs/hook/cmake_prefix_path.ps1'
[4.110s] colcon.colcon_core.shell INFO Creating environment descriptor '/home/jsmoon/yax_jeju/install/ublox_msgs/share/ublox_msgs/hook/cmake_prefix_path.dsv'
[4.110s] colcon.colcon_core.shell INFO Creating environment hook '/home/jsmoon/yax_jeju/install/ublox_msgs/share/ublox_msgs/hook/cmake_prefix_path.sh'
[4.110s] colcon.colcon_core.environment Level 1 checking '/home/jsmoon/yax_jeju/install/ublox_msgs/lib'
[4.111s] colcon.colcon_core.shell Level 1 create_environment_hook('ublox_msgs', 'ld_library_path_lib')
[4.111s] colcon.colcon_core.shell INFO Creating environment hook '/home/jsmoon/yax_jeju/install/ublox_msgs/share/ublox_msgs/hook/ld_library_path_lib.ps1'
[4.111s] colcon.colcon_core.shell INFO Creating environment descriptor '/home/jsmoon/yax_jeju/install/ublox_msgs/share/ublox_msgs/hook/ld_library_path_lib.dsv'
[4.111s] colcon.colcon_core.shell INFO Creating environment hook '/home/jsmoon/yax_jeju/install/ublox_msgs/share/ublox_msgs/hook/ld_library_path_lib.sh'
[4.112s] colcon.colcon_core.environment Level 1 checking '/home/jsmoon/yax_jeju/install/ublox_msgs/bin'
[4.112s] colcon.colcon_core.environment Level 1 checking '/home/jsmoon/yax_jeju/install/ublox_msgs/lib/pkgconfig/ublox_msgs.pc'
[4.112s] colcon.colcon_core.environment Level 1 checking '/home/jsmoon/yax_jeju/install/ublox_msgs/lib/python3.10/site-packages'
[4.112s] colcon.colcon_core.environment Level 1 checking '/home/jsmoon/yax_jeju/install/ublox_msgs/bin'
[4.112s] colcon.colcon_core.shell INFO Creating package script '/home/jsmoon/yax_jeju/install/ublox_msgs/share/ublox_msgs/package.ps1'
[4.113s] colcon.colcon_core.shell INFO Creating package descriptor '/home/jsmoon/yax_jeju/install/ublox_msgs/share/ublox_msgs/package.dsv'
[4.113s] colcon.colcon_core.shell INFO Creating package script '/home/jsmoon/yax_jeju/install/ublox_msgs/share/ublox_msgs/package.sh'
[4.113s] colcon.colcon_core.shell INFO Creating package script '/home/jsmoon/yax_jeju/install/ublox_msgs/share/ublox_msgs/package.bash'
[4.113s] colcon.colcon_core.shell INFO Creating package script '/home/jsmoon/yax_jeju/install/ublox_msgs/share/ublox_msgs/package.zsh'
[4.114s] colcon.colcon_core.environment Level 1 create_file_with_runtime_dependencies(/home/jsmoon/yax_jeju/install/ublox_msgs/share/colcon-core/packages/ublox_msgs)
[4.114s] colcon.colcon_core.environment Level 1 create_environment_scripts_only(ublox_msgs)
[4.114s] colcon.colcon_core.environment Level 1 checking '/home/jsmoon/yax_jeju/install/ublox_msgs' for CMake module files
[4.115s] colcon.colcon_core.environment Level 1 checking '/home/jsmoon/yax_jeju/install/ublox_msgs' for CMake config files
[4.120s] colcon.colcon_core.shell Level 1 create_environment_hook('ublox_msgs', 'cmake_prefix_path')
[4.120s] colcon.colcon_core.shell INFO Creating environment hook '/home/jsmoon/yax_jeju/install/ublox_msgs/share/ublox_msgs/hook/cmake_prefix_path.ps1'
[4.121s] colcon.colcon_core.shell INFO Creating environment descriptor '/home/jsmoon/yax_jeju/install/ublox_msgs/share/ublox_msgs/hook/cmake_prefix_path.dsv'
[4.121s] colcon.colcon_core.shell INFO Creating environment hook '/home/jsmoon/yax_jeju/install/ublox_msgs/share/ublox_msgs/hook/cmake_prefix_path.sh'
[4.122s] colcon.colcon_core.environment Level 1 checking '/home/jsmoon/yax_jeju/install/ublox_msgs/lib'
[4.122s] colcon.colcon_core.shell Level 1 create_environment_hook('ublox_msgs', 'ld_library_path_lib')
[4.122s] colcon.colcon_core.shell INFO Creating environment hook '/home/jsmoon/yax_jeju/install/ublox_msgs/share/ublox_msgs/hook/ld_library_path_lib.ps1'
[4.122s] colcon.colcon_core.shell INFO Creating environment descriptor '/home/jsmoon/yax_jeju/install/ublox_msgs/share/ublox_msgs/hook/ld_library_path_lib.dsv'
[4.123s] colcon.colcon_core.shell INFO Creating environment hook '/home/jsmoon/yax_jeju/install/ublox_msgs/share/ublox_msgs/hook/ld_library_path_lib.sh'
[4.123s] colcon.colcon_core.environment Level 1 checking '/home/jsmoon/yax_jeju/install/ublox_msgs/bin'
[4.123s] colcon.colcon_core.environment Level 1 checking '/home/jsmoon/yax_jeju/install/ublox_msgs/lib/pkgconfig/ublox_msgs.pc'
[4.123s] colcon.colcon_core.environment Level 1 checking '/home/jsmoon/yax_jeju/install/ublox_msgs/lib/python3.10/site-packages'
[4.125s] colcon.colcon_core.environment Level 1 checking '/home/jsmoon/yax_jeju/install/ublox_msgs/bin'
[4.125s] colcon.colcon_core.shell INFO Creating package script '/home/jsmoon/yax_jeju/install/ublox_msgs/share/ublox_msgs/package.ps1'
[4.125s] colcon.colcon_core.shell INFO Creating package descriptor '/home/jsmoon/yax_jeju/install/ublox_msgs/share/ublox_msgs/package.dsv'
[4.126s] colcon.colcon_core.shell INFO Creating package script '/home/jsmoon/yax_jeju/install/ublox_msgs/share/ublox_msgs/package.sh'
[4.126s] colcon.colcon_core.shell INFO Creating package script '/home/jsmoon/yax_jeju/install/ublox_msgs/share/ublox_msgs/package.bash'
[4.126s] colcon.colcon_core.shell INFO Creating package script '/home/jsmoon/yax_jeju/install/ublox_msgs/share/ublox_msgs/package.zsh'
[4.127s] colcon.colcon_core.environment Level 1 create_file_with_runtime_dependencies(/home/jsmoon/yax_jeju/install/ublox_msgs/share/colcon-core/packages/ublox_msgs)
[4.127s] colcon.colcon_ros.task.ament_cmake.build INFO Building ROS package in '/home/jsmoon/yax_jeju/src/RTK_GPS_NTRIP/ublox_gps' with build type 'ament_cmake'
[4.127s] colcon.colcon_cmake.task.cmake.build INFO Building CMake package in '/home/jsmoon/yax_jeju/src/RTK_GPS_NTRIP/ublox_gps'
[4.128s] colcon.colcon_core.shell INFO Skip shell extension 'powershell' for command environment: Not usable outside of PowerShell
[4.128s] colcon.colcon_core.shell DEBUG Skip shell extension 'dsv' for command environment
[4.132s] colcon.colcon_ros.task.ament_cmake.build INFO Building ROS package in '/home/jsmoon/yax_jeju/src/RTK_GPS_NTRIP/fix2nmea' with build type 'ament_cmake'
[4.132s] colcon.colcon_cmake.task.cmake.build INFO Building CMake package in '/home/jsmoon/yax_jeju/src/RTK_GPS_NTRIP/fix2nmea'
[4.132s] colcon.colcon_core.shell INFO Skip shell extension 'powershell' for command environment: Not usable outside of PowerShell
[4.132s] colcon.colcon_core.shell DEBUG Skip shell extension 'dsv' for command environment
[4.136s] colcon.colcon_core.shell Level 1 create_environment_hook('camera_perception_pkg', 'pythonpath_develop')
[4.137s] colcon.colcon_core.shell INFO Creating environment hook '/home/jsmoon/yax_jeju/build/camera_perception_pkg/share/camera_perception_pkg/hook/pythonpath_develop.ps1'
[4.138s] colcon.colcon_core.shell INFO Creating environment descriptor '/home/jsmoon/yax_jeju/build/camera_perception_pkg/share/camera_perception_pkg/hook/pythonpath_develop.dsv'
[4.139s] colcon.colcon_core.event_handler.log_command DEBUG Invoked command in '/home/jsmoon/yax_jeju/build/camera_perception_pkg' returned '0': PYTHONPATH=/home/jsmoon/yax_jeju/build/camera_perception_pkg/prefix_override:/usr/lib/python3/dist-packages/colcon_core/task/python/colcon_distutils_commands:/home/jsmoon/yax_jeju/install/camera_perception_pkg/lib/python3.10/site-packages:${PYTHONPATH} /usr/bin/python3 -W ignore:setup.py install is deprecated -W ignore:easy_install command is deprecated setup.py develop --editable --build-directory /home/jsmoon/yax_jeju/build/camera_perception_pkg/build --no-deps symlink_data
[4.139s] colcon.colcon_core.shell INFO Creating environment hook '/home/jsmoon/yax_jeju/build/camera_perception_pkg/share/camera_perception_pkg/hook/pythonpath_develop.sh'
[4.140s] colcon.colcon_core.environment Level 1 checking '/home/jsmoon/yax_jeju/install/camera_perception_pkg' for CMake module files
[4.140s] colcon.colcon_core.environment Level 1 checking '/home/jsmoon/yax_jeju/install/camera_perception_pkg' for CMake config files
[4.140s] colcon.colcon_core.environment Level 1 checking '/home/jsmoon/yax_jeju/install/camera_perception_pkg/lib'
[4.141s] colcon.colcon_core.environment Level 1 checking '/home/jsmoon/yax_jeju/install/camera_perception_pkg/bin'
[4.141s] colcon.colcon_core.environment Level 1 checking '/home/jsmoon/yax_jeju/install/camera_perception_pkg/lib/pkgconfig/camera_perception_pkg.pc'
[4.141s] colcon.colcon_core.environment Level 1 checking '/home/jsmoon/yax_jeju/install/camera_perception_pkg/lib/python3.10/site-packages'
[4.141s] colcon.colcon_core.shell Level 1 create_environment_hook('camera_perception_pkg', 'pythonpath')
[4.141s] colcon.colcon_core.shell INFO Creating environment hook '/home/jsmoon/yax_jeju/install/camera_perception_pkg/share/camera_perception_pkg/hook/pythonpath.ps1'
[4.142s] colcon.colcon_core.shell INFO Creating environment descriptor '/home/jsmoon/yax_jeju/install/camera_perception_pkg/share/camera_perception_pkg/hook/pythonpath.dsv'
[4.142s] colcon.colcon_core.shell INFO Creating environment hook '/home/jsmoon/yax_jeju/install/camera_perception_pkg/share/camera_perception_pkg/hook/pythonpath.sh'
[4.143s] colcon.colcon_core.environment Level 1 checking '/home/jsmoon/yax_jeju/install/camera_perception_pkg/bin'
[4.143s] colcon.colcon_core.environment Level 1 create_environment_scripts_only(camera_perception_pkg)
[4.143s] colcon.colcon_core.shell INFO Creating package script '/home/jsmoon/yax_jeju/install/camera_perception_pkg/share/camera_perception_pkg/package.ps1'
[4.144s] colcon.colcon_core.shell INFO Creating package descriptor '/home/jsmoon/yax_jeju/install/camera_perception_pkg/share/camera_perception_pkg/package.dsv'
[4.144s] colcon.colcon_core.shell INFO Creating package script '/home/jsmoon/yax_jeju/install/camera_perception_pkg/share/camera_perception_pkg/package.sh'
[4.144s] colcon.colcon_core.shell INFO Creating package script '/home/jsmoon/yax_jeju/install/camera_perception_pkg/share/camera_perception_pkg/package.bash'
[4.145s] colcon.colcon_core.shell INFO Creating package script '/home/jsmoon/yax_jeju/install/camera_perception_pkg/share/camera_perception_pkg/package.zsh'
[4.145s] colcon.colcon_core.environment Level 1 create_file_with_runtime_dependencies(/home/jsmoon/yax_jeju/install/camera_perception_pkg/share/colcon-core/packages/camera_perception_pkg)
[4.146s] colcon.colcon_core.shell Level 1 create_environment_hook('lidar_perception_pkg', 'pythonpath_develop')
[4.147s] colcon.colcon_core.shell INFO Creating environment hook '/home/jsmoon/yax_jeju/build/lidar_perception_pkg/share/lidar_perception_pkg/hook/pythonpath_develop.ps1'
[4.147s] colcon.colcon_core.event_handler.log_command DEBUG Invoked command in '/home/jsmoon/yax_jeju/build/lidar_perception_pkg' returned '0': PYTHONPATH=/home/jsmoon/yax_jeju/build/lidar_perception_pkg/prefix_override:/usr/lib/python3/dist-packages/colcon_core/task/python/colcon_distutils_commands:/home/jsmoon/yax_jeju/install/lidar_perception_pkg/lib/python3.10/site-packages:${PYTHONPATH} /usr/bin/python3 -W ignore:setup.py install is deprecated -W ignore:easy_install command is deprecated setup.py develop --editable --build-directory /home/jsmoon/yax_jeju/build/lidar_perception_pkg/build --no-deps symlink_data
[4.148s] colcon.colcon_core.shell INFO Creating environment descriptor '/home/jsmoon/yax_jeju/build/lidar_perception_pkg/share/lidar_perception_pkg/hook/pythonpath_develop.dsv'
[4.148s] colcon.colcon_core.shell INFO Creating environment hook '/home/jsmoon/yax_jeju/build/lidar_perception_pkg/share/lidar_perception_pkg/hook/pythonpath_develop.sh'
[4.148s] colcon.colcon_core.environment Level 1 checking '/home/jsmoon/yax_jeju/install/lidar_perception_pkg' for CMake module files
[4.149s] colcon.colcon_core.environment Level 1 checking '/home/jsmoon/yax_jeju/install/lidar_perception_pkg' for CMake config files
[4.149s] colcon.colcon_core.environment Level 1 checking '/home/jsmoon/yax_jeju/install/lidar_perception_pkg/lib'
[4.149s] colcon.colcon_core.environment Level 1 checking '/home/jsmoon/yax_jeju/install/lidar_perception_pkg/bin'
[4.150s] colcon.colcon_core.environment Level 1 checking '/home/jsmoon/yax_jeju/install/lidar_perception_pkg/lib/pkgconfig/lidar_perception_pkg.pc'
[4.150s] colcon.colcon_core.environment Level 1 checking '/home/jsmoon/yax_jeju/install/lidar_perception_pkg/lib/python3.10/site-packages'
[4.150s] colcon.colcon_core.shell Level 1 create_environment_hook('lidar_perception_pkg', 'pythonpath')
[4.150s] colcon.colcon_core.shell INFO Creating environment hook '/home/jsmoon/yax_jeju/install/lidar_perception_pkg/share/lidar_perception_pkg/hook/pythonpath.ps1'
[4.151s] colcon.colcon_core.shell INFO Creating environment descriptor '/home/jsmoon/yax_jeju/install/lidar_perception_pkg/share/lidar_perception_pkg/hook/pythonpath.dsv'
[4.151s] colcon.colcon_core.shell INFO Creating environment hook '/home/jsmoon/yax_jeju/install/lidar_perception_pkg/share/lidar_perception_pkg/hook/pythonpath.sh'
[4.151s] colcon.colcon_core.environment Level 1 checking '/home/jsmoon/yax_jeju/install/lidar_perception_pkg/bin'
[4.151s] colcon.colcon_core.environment Level 1 create_environment_scripts_only(lidar_perception_pkg)
[4.152s] colcon.colcon_core.shell INFO Creating package script '/home/jsmoon/yax_jeju/install/lidar_perception_pkg/share/lidar_perception_pkg/package.ps1'
[4.153s] colcon.colcon_core.shell INFO Creating package descriptor '/home/jsmoon/yax_jeju/install/lidar_perception_pkg/share/lidar_perception_pkg/package.dsv'
[4.153s] colcon.colcon_core.shell INFO Creating package script '/home/jsmoon/yax_jeju/install/lidar_perception_pkg/share/lidar_perception_pkg/package.sh'
[4.153s] colcon.colcon_core.shell INFO Creating package script '/home/jsmoon/yax_jeju/install/lidar_perception_pkg/share/lidar_perception_pkg/package.bash'
[4.154s] colcon.colcon_core.shell INFO Creating package script '/home/jsmoon/yax_jeju/install/lidar_perception_pkg/share/lidar_perception_pkg/package.zsh'
[4.154s] colcon.colcon_core.environment Level 1 create_file_with_runtime_dependencies(/home/jsmoon/yax_jeju/install/lidar_perception_pkg/share/colcon-core/packages/lidar_perception_pkg)
[4.157s] colcon.colcon_core.event_handler.log_command DEBUG Invoking command in '/home/jsmoon/yax_jeju/build/ublox_gps': CMAKE_PREFIX_PATH=/home/jsmoon/yax_jeju/install/ublox_msgs:/home/jsmoon/yax_jeju/install/ublox_serialization:/home/jsmoon/yax_jeju/install/rtcm_msgs:/home/jsmoon/yax_jeju/install/launch_pkg:/home/jsmoon/yax_jeju/install/ydlidar_ros2_driver:/home/jsmoon/yax_jeju/install/ublox:/home/jsmoon/yax_jeju/install/ublox_gps:/home/jsmoon/yax_jeju/install/fix2nmea:/home/jsmoon/yax_jeju/install/interfaces_pkg:/home/jsmoon/ydlidar_ws/install/ydlidar_ros2_driver:/home/jsmoon/yax_jeju/install/my_custom_pkg:/home/jsmoon/yax_jeju/install/serial_communication_pkg:/home/jsmoon/yax_jeju/install/ntrip_client:/home/jsmoon/yax_jeju/install/lidar_perception_pkg:/home/jsmoon/yax_jeju/install/latlong_utm:/home/jsmoon/yax_jeju/install/decision_making_pkg:/home/jsmoon/yax_jeju/install/debug_pkg:/home/jsmoon/yax_jeju/install/camera_perception_pkg:/opt/ros/humble LD_LIBRARY_PATH=/home/jsmoon/yax_jeju/install/ublox_msgs/lib:/home/jsmoon/yax_jeju/install/rtcm_msgs/lib:/home/jsmoon/yax_jeju/install/ublox_gps/lib:/home/jsmoon/yax_jeju/install/interfaces_pkg/lib:/opt/ros/humble/opt/rviz_ogre_vendor/lib:/opt/ros/humble/lib/x86_64-linux-gnu:/opt/ros/humble/lib:/home/jsmoon/Desktop/JSMOON/MLCS/project1/Personalized-Adaptive-Cruise/external/acados/lib /usr/bin/cmake --build /home/jsmoon/yax_jeju/build/ublox_gps -- -j16 -l16
[4.158s] colcon.colcon_core.shell Level 1 create_environment_hook('ntrip_client', 'pythonpath_develop')
[4.159s] colcon.colcon_core.shell INFO Creating environment hook '/home/jsmoon/yax_jeju/build/ntrip_client/src/share/ntrip_client/hook/pythonpath_develop.ps1'
[4.159s] colcon.colcon_core.event_handler.log_command DEBUG Invoking command in '/home/jsmoon/yax_jeju/build/fix2nmea': CMAKE_PREFIX_PATH=/home/jsmoon/yax_jeju/install/ublox_msgs:/home/jsmoon/yax_jeju/install/ublox_serialization:/home/jsmoon/yax_jeju/install/launch_pkg:/home/jsmoon/yax_jeju/install/ydlidar_ros2_driver:/home/jsmoon/yax_jeju/install/ublox:/home/jsmoon/yax_jeju/install/ublox_gps:/home/jsmoon/yax_jeju/install/fix2nmea:/home/jsmoon/yax_jeju/install/rtcm_msgs:/home/jsmoon/yax_jeju/install/interfaces_pkg:/home/jsmoon/ydlidar_ws/install/ydlidar_ros2_driver:/home/jsmoon/yax_jeju/install/my_custom_pkg:/home/jsmoon/yax_jeju/install/serial_communication_pkg:/home/jsmoon/yax_jeju/install/ntrip_client:/home/jsmoon/yax_jeju/install/lidar_perception_pkg:/home/jsmoon/yax_jeju/install/latlong_utm:/home/jsmoon/yax_jeju/install/decision_making_pkg:/home/jsmoon/yax_jeju/install/debug_pkg:/home/jsmoon/yax_jeju/install/camera_perception_pkg:/opt/ros/humble LD_LIBRARY_PATH=/home/jsmoon/yax_jeju/install/ublox_msgs/lib:/home/jsmoon/yax_jeju/install/ublox_gps/lib:/home/jsmoon/yax_jeju/install/rtcm_msgs/lib:/home/jsmoon/yax_jeju/install/interfaces_pkg/lib:/opt/ros/humble/opt/rviz_ogre_vendor/lib:/opt/ros/humble/lib/x86_64-linux-gnu:/opt/ros/humble/lib:/home/jsmoon/Desktop/JSMOON/MLCS/project1/Personalized-Adaptive-Cruise/external/acados/lib /usr/bin/cmake --build /home/jsmoon/yax_jeju/build/fix2nmea -- -j16 -l16
[4.159s] colcon.colcon_core.shell INFO Creating environment descriptor '/home/jsmoon/yax_jeju/build/ntrip_client/src/share/ntrip_client/hook/pythonpath_develop.dsv'
[4.160s] colcon.colcon_core.event_handler.log_command DEBUG Invoked command in '/home/jsmoon/yax_jeju/build/ntrip_client' returned '0': PYTHONPATH=/home/jsmoon/yax_jeju/build/ntrip_client/prefix_override:/usr/lib/python3/dist-packages/colcon_core/task/python/colcon_distutils_commands:/home/jsmoon/yax_jeju/install/ntrip_client/lib/python3.10/site-packages:${PYTHONPATH} /usr/bin/python3 -W ignore:setup.py install is deprecated -W ignore:easy_install command is deprecated setup.py develop --editable --build-directory /home/jsmoon/yax_jeju/build/ntrip_client/build --no-deps symlink_data
[4.160s] colcon.colcon_core.shell INFO Creating environment hook '/home/jsmoon/yax_jeju/build/ntrip_client/src/share/ntrip_client/hook/pythonpath_develop.sh'
[4.161s] colcon.colcon_core.environment Level 1 checking '/home/jsmoon/yax_jeju/install/ntrip_client' for CMake module files
[4.161s] colcon.colcon_core.environment Level 1 checking '/home/jsmoon/yax_jeju/install/ntrip_client' for CMake config files
[4.162s] colcon.colcon_core.environment Level 1 checking '/home/jsmoon/yax_jeju/install/ntrip_client/lib'
[4.162s] colcon.colcon_core.environment Level 1 checking '/home/jsmoon/yax_jeju/install/ntrip_client/bin'
[4.162s] colcon.colcon_core.environment Level 1 checking '/home/jsmoon/yax_jeju/install/ntrip_client/lib/pkgconfig/ntrip_client.pc'
[4.162s] colcon.colcon_core.environment Level 1 checking '/home/jsmoon/yax_jeju/install/ntrip_client/lib/python3.10/site-packages'
[4.162s] colcon.colcon_core.shell Level 1 create_environment_hook('ntrip_client', 'pythonpath')
[4.162s] colcon.colcon_core.shell INFO Creating environment hook '/home/jsmoon/yax_jeju/install/ntrip_client/share/ntrip_client/hook/pythonpath.ps1'
[4.162s] colcon.colcon_core.shell INFO Creating environment descriptor '/home/jsmoon/yax_jeju/install/ntrip_client/share/ntrip_client/hook/pythonpath.dsv'
[4.163s] colcon.colcon_core.shell INFO Creating environment hook '/home/jsmoon/yax_jeju/install/ntrip_client/share/ntrip_client/hook/pythonpath.sh'
[4.163s] colcon.colcon_core.environment Level 1 checking '/home/jsmoon/yax_jeju/install/ntrip_client/bin'
[4.163s] colcon.colcon_core.environment Level 1 create_environment_scripts_only(ntrip_client)
[4.163s] colcon.colcon_core.shell INFO Creating package script '/home/jsmoon/yax_jeju/install/ntrip_client/share/ntrip_client/package.ps1'
[4.164s] colcon.colcon_core.shell INFO Creating package descriptor '/home/jsmoon/yax_jeju/install/ntrip_client/share/ntrip_client/package.dsv'
[4.164s] colcon.colcon_core.shell INFO Creating package script '/home/jsmoon/yax_jeju/install/ntrip_client/share/ntrip_client/package.sh'
[4.164s] colcon.colcon_core.shell INFO Creating package script '/home/jsmoon/yax_jeju/install/ntrip_client/share/ntrip_client/package.bash'
[4.164s] colcon.colcon_core.shell INFO Creating package script '/home/jsmoon/yax_jeju/install/ntrip_client/share/ntrip_client/package.zsh'
[4.165s] colcon.colcon_core.environment Level 1 create_file_with_runtime_dependencies(/home/jsmoon/yax_jeju/install/ntrip_client/share/colcon-core/packages/ntrip_client)
[4.168s] colcon.colcon_core.shell Level 1 create_environment_hook('decision_making_pkg', 'pythonpath_develop')
[4.168s] colcon.colcon_core.shell INFO Creating environment hook '/home/jsmoon/yax_jeju/build/decision_making_pkg/share/decision_making_pkg/hook/pythonpath_develop.ps1'
[4.168s] colcon.colcon_core.event_handler.log_command DEBUG Invoked command in '/home/jsmoon/yax_jeju/build/decision_making_pkg' returned '0': PYTHONPATH=/home/jsmoon/yax_jeju/build/decision_making_pkg/prefix_override:/usr/lib/python3/dist-packages/colcon_core/task/python/colcon_distutils_commands:/home/jsmoon/yax_jeju/install/decision_making_pkg/lib/python3.10/site-packages:${PYTHONPATH} /usr/bin/python3 -W ignore:setup.py install is deprecated -W ignore:easy_install command is deprecated setup.py develop --editable --build-directory /home/jsmoon/yax_jeju/build/decision_making_pkg/build --no-deps symlink_data
[4.169s] colcon.colcon_core.shell INFO Creating environment descriptor '/home/jsmoon/yax_jeju/build/decision_making_pkg/share/decision_making_pkg/hook/pythonpath_develop.dsv'
[4.169s] colcon.colcon_core.shell INFO Creating environment hook '/home/jsmoon/yax_jeju/build/decision_making_pkg/share/decision_making_pkg/hook/pythonpath_develop.sh'
[4.169s] colcon.colcon_core.environment Level 1 checking '/home/jsmoon/yax_jeju/install/decision_making_pkg' for CMake module files
[4.170s] colcon.colcon_core.environment Level 1 checking '/home/jsmoon/yax_jeju/install/decision_making_pkg' for CMake config files
[4.170s] colcon.colcon_core.environment Level 1 checking '/home/jsmoon/yax_jeju/install/decision_making_pkg/lib'
[4.170s] colcon.colcon_core.environment Level 1 checking '/home/jsmoon/yax_jeju/install/decision_making_pkg/bin'
[4.170s] colcon.colcon_core.environment Level 1 checking '/home/jsmoon/yax_jeju/install/decision_making_pkg/lib/pkgconfig/decision_making_pkg.pc'
[4.170s] colcon.colcon_core.environment Level 1 checking '/home/jsmoon/yax_jeju/install/decision_making_pkg/lib/python3.10/site-packages'
[4.170s] colcon.colcon_core.shell Level 1 create_environment_hook('decision_making_pkg', 'pythonpath')
[4.171s] colcon.colcon_core.shell INFO Creating environment hook '/home/jsmoon/yax_jeju/install/decision_making_pkg/share/decision_making_pkg/hook/pythonpath.ps1'
[4.171s] colcon.colcon_core.shell INFO Creating environment descriptor '/home/jsmoon/yax_jeju/install/decision_making_pkg/share/decision_making_pkg/hook/pythonpath.dsv'
[4.171s] colcon.colcon_core.shell INFO Creating environment hook '/home/jsmoon/yax_jeju/install/decision_making_pkg/share/decision_making_pkg/hook/pythonpath.sh'
[4.172s] colcon.colcon_core.environment Level 1 checking '/home/jsmoon/yax_jeju/install/decision_making_pkg/bin'
[4.172s] colcon.colcon_core.environment Level 1 create_environment_scripts_only(decision_making_pkg)
[4.172s] colcon.colcon_core.shell INFO Creating package script '/home/jsmoon/yax_jeju/install/decision_making_pkg/share/decision_making_pkg/package.ps1'
[4.172s] colcon.colcon_core.shell INFO Creating package descriptor '/home/jsmoon/yax_jeju/install/decision_making_pkg/share/decision_making_pkg/package.dsv'
[4.173s] colcon.colcon_core.shell INFO Creating package script '/home/jsmoon/yax_jeju/install/decision_making_pkg/share/decision_making_pkg/package.sh'
[4.173s] colcon.colcon_core.shell INFO Creating package script '/home/jsmoon/yax_jeju/install/decision_making_pkg/share/decision_making_pkg/package.bash'
[4.173s] colcon.colcon_core.shell INFO Creating package script '/home/jsmoon/yax_jeju/install/decision_making_pkg/share/decision_making_pkg/package.zsh'
[4.174s] colcon.colcon_core.environment Level 1 create_file_with_runtime_dependencies(/home/jsmoon/yax_jeju/install/decision_making_pkg/share/colcon-core/packages/decision_making_pkg)
[4.219s] colcon.colcon_core.shell Level 1 create_environment_hook('debug_pkg', 'pythonpath_develop')
[4.220s] colcon.colcon_core.shell INFO Creating environment hook '/home/jsmoon/yax_jeju/build/debug_pkg/share/debug_pkg/hook/pythonpath_develop.ps1'
[4.221s] colcon.colcon_core.event_handler.log_command DEBUG Invoked command in '/home/jsmoon/yax_jeju/build/debug_pkg' returned '0': PYTHONPATH=/home/jsmoon/yax_jeju/build/debug_pkg/prefix_override:/usr/lib/python3/dist-packages/colcon_core/task/python/colcon_distutils_commands:/home/jsmoon/yax_jeju/install/debug_pkg/lib/python3.10/site-packages:${PYTHONPATH} /usr/bin/python3 -W ignore:setup.py install is deprecated -W ignore:easy_install command is deprecated setup.py develop --editable --build-directory /home/jsmoon/yax_jeju/build/debug_pkg/build --no-deps symlink_data
[4.221s] colcon.colcon_core.shell INFO Creating environment descriptor '/home/jsmoon/yax_jeju/build/debug_pkg/share/debug_pkg/hook/pythonpath_develop.dsv'
[4.221s] colcon.colcon_core.shell INFO Creating environment hook '/home/jsmoon/yax_jeju/build/debug_pkg/share/debug_pkg/hook/pythonpath_develop.sh'
[4.222s] colcon.colcon_core.environment Level 1 checking '/home/jsmoon/yax_jeju/install/debug_pkg' for CMake module files
[4.222s] colcon.colcon_core.environment Level 1 checking '/home/jsmoon/yax_jeju/install/debug_pkg' for CMake config files
[4.223s] colcon.colcon_core.environment Level 1 checking '/home/jsmoon/yax_jeju/install/debug_pkg/lib'
[4.223s] colcon.colcon_core.environment Level 1 checking '/home/jsmoon/yax_jeju/install/debug_pkg/bin'
[4.223s] colcon.colcon_core.environment Level 1 checking '/home/jsmoon/yax_jeju/install/debug_pkg/lib/pkgconfig/debug_pkg.pc'
[4.223s] colcon.colcon_core.environment Level 1 checking '/home/jsmoon/yax_jeju/install/debug_pkg/lib/python3.10/site-packages'
[4.223s] colcon.colcon_core.shell Level 1 create_environment_hook('debug_pkg', 'pythonpath')
[4.223s] colcon.colcon_core.shell INFO Creating environment hook '/home/jsmoon/yax_jeju/install/debug_pkg/share/debug_pkg/hook/pythonpath.ps1'
[4.223s] colcon.colcon_core.shell INFO Creating environment descriptor '/home/jsmoon/yax_jeju/install/debug_pkg/share/debug_pkg/hook/pythonpath.dsv'
[4.224s] colcon.colcon_core.shell INFO Creating environment hook '/home/jsmoon/yax_jeju/install/debug_pkg/share/debug_pkg/hook/pythonpath.sh'
[4.224s] colcon.colcon_core.environment Level 1 checking '/home/jsmoon/yax_jeju/install/debug_pkg/bin'
[4.224s] colcon.colcon_core.environment Level 1 create_environment_scripts_only(debug_pkg)
[4.225s] colcon.colcon_core.shell INFO Creating package script '/home/jsmoon/yax_jeju/install/debug_pkg/share/debug_pkg/package.ps1'
[4.225s] colcon.colcon_core.shell INFO Creating package descriptor '/home/jsmoon/yax_jeju/install/debug_pkg/share/debug_pkg/package.dsv'
[4.225s] colcon.colcon_core.shell INFO Creating package script '/home/jsmoon/yax_jeju/install/debug_pkg/share/debug_pkg/package.sh'
[4.226s] colcon.colcon_core.shell INFO Creating package script '/home/jsmoon/yax_jeju/install/debug_pkg/share/debug_pkg/package.bash'
[4.226s] colcon.colcon_core.shell INFO Creating package script '/home/jsmoon/yax_jeju/install/debug_pkg/share/debug_pkg/package.zsh'
[4.226s] colcon.colcon_core.environment Level 1 create_file_with_runtime_dependencies(/home/jsmoon/yax_jeju/install/debug_pkg/share/colcon-core/packages/debug_pkg)
[4.228s] colcon.colcon_core.event_handler.log_command DEBUG Invoked command in '/home/jsmoon/yax_jeju/build/fix2nmea' returned '0': CMAKE_PREFIX_PATH=/home/jsmoon/yax_jeju/install/ublox_msgs:/home/jsmoon/yax_jeju/install/ublox_serialization:/home/jsmoon/yax_jeju/install/launch_pkg:/home/jsmoon/yax_jeju/install/ydlidar_ros2_driver:/home/jsmoon/yax_jeju/install/ublox:/home/jsmoon/yax_jeju/install/ublox_gps:/home/jsmoon/yax_jeju/install/fix2nmea:/home/jsmoon/yax_jeju/install/rtcm_msgs:/home/jsmoon/yax_jeju/install/interfaces_pkg:/home/jsmoon/ydlidar_ws/install/ydlidar_ros2_driver:/home/jsmoon/yax_jeju/install/my_custom_pkg:/home/jsmoon/yax_jeju/install/serial_communication_pkg:/home/jsmoon/yax_jeju/install/ntrip_client:/home/jsmoon/yax_jeju/install/lidar_perception_pkg:/home/jsmoon/yax_jeju/install/latlong_utm:/home/jsmoon/yax_jeju/install/decision_making_pkg:/home/jsmoon/yax_jeju/install/debug_pkg:/home/jsmoon/yax_jeju/install/camera_perception_pkg:/opt/ros/humble LD_LIBRARY_PATH=/home/jsmoon/yax_jeju/install/ublox_msgs/lib:/home/jsmoon/yax_jeju/install/ublox_gps/lib:/home/jsmoon/yax_jeju/install/rtcm_msgs/lib:/home/jsmoon/yax_jeju/install/interfaces_pkg/lib:/opt/ros/humble/opt/rviz_ogre_vendor/lib:/opt/ros/humble/lib/x86_64-linux-gnu:/opt/ros/humble/lib:/home/jsmoon/Desktop/JSMOON/MLCS/project1/Personalized-Adaptive-Cruise/external/acados/lib /usr/bin/cmake --build /home/jsmoon/yax_jeju/build/fix2nmea -- -j16 -l16
[4.228s] colcon.colcon_core.event_handler.log_command DEBUG Invoking command in '/home/jsmoon/yax_jeju/build/fix2nmea': CMAKE_PREFIX_PATH=/home/jsmoon/yax_jeju/install/ublox_msgs:/home/jsmoon/yax_jeju/install/ublox_serialization:/home/jsmoon/yax_jeju/install/launch_pkg:/home/jsmoon/yax_jeju/install/ydlidar_ros2_driver:/home/jsmoon/yax_jeju/install/ublox:/home/jsmoon/yax_jeju/install/ublox_gps:/home/jsmoon/yax_jeju/install/fix2nmea:/home/jsmoon/yax_jeju/install/rtcm_msgs:/home/jsmoon/yax_jeju/install/interfaces_pkg:/home/jsmoon/ydlidar_ws/install/ydlidar_ros2_driver:/home/jsmoon/yax_jeju/install/my_custom_pkg:/home/jsmoon/yax_jeju/install/serial_communication_pkg:/home/jsmoon/yax_jeju/install/ntrip_client:/home/jsmoon/yax_jeju/install/lidar_perception_pkg:/home/jsmoon/yax_jeju/install/latlong_utm:/home/jsmoon/yax_jeju/install/decision_making_pkg:/home/jsmoon/yax_jeju/install/debug_pkg:/home/jsmoon/yax_jeju/install/camera_perception_pkg:/opt/ros/humble LD_LIBRARY_PATH=/home/jsmoon/yax_jeju/install/ublox_msgs/lib:/home/jsmoon/yax_jeju/install/ublox_gps/lib:/home/jsmoon/yax_jeju/install/rtcm_msgs/lib:/home/jsmoon/yax_jeju/install/interfaces_pkg/lib:/opt/ros/humble/opt/rviz_ogre_vendor/lib:/opt/ros/humble/lib/x86_64-linux-gnu:/opt/ros/humble/lib:/home/jsmoon/Desktop/JSMOON/MLCS/project1/Personalized-Adaptive-Cruise/external/acados/lib /usr/bin/cmake --install /home/jsmoon/yax_jeju/build/fix2nmea
[4.247s] colcon.colcon_core.environment Level 1 create_environment_scripts_only(fix2nmea)
[4.247s] colcon.colcon_core.environment Level 1 checking '/home/jsmoon/yax_jeju/install/fix2nmea' for CMake module files
[4.248s] colcon.colcon_core.event_handler.log_command DEBUG Invoked command in '/home/jsmoon/yax_jeju/build/fix2nmea' returned '0': CMAKE_PREFIX_PATH=/home/jsmoon/yax_jeju/install/ublox_msgs:/home/jsmoon/yax_jeju/install/ublox_serialization:/home/jsmoon/yax_jeju/install/launch_pkg:/home/jsmoon/yax_jeju/install/ydlidar_ros2_driver:/home/jsmoon/yax_jeju/install/ublox:/home/jsmoon/yax_jeju/install/ublox_gps:/home/jsmoon/yax_jeju/install/fix2nmea:/home/jsmoon/yax_jeju/install/rtcm_msgs:/home/jsmoon/yax_jeju/install/interfaces_pkg:/home/jsmoon/ydlidar_ws/install/ydlidar_ros2_driver:/home/jsmoon/yax_jeju/install/my_custom_pkg:/home/jsmoon/yax_jeju/install/serial_communication_pkg:/home/jsmoon/yax_jeju/install/ntrip_client:/home/jsmoon/yax_jeju/install/lidar_perception_pkg:/home/jsmoon/yax_jeju/install/latlong_utm:/home/jsmoon/yax_jeju/install/decision_making_pkg:/home/jsmoon/yax_jeju/install/debug_pkg:/home/jsmoon/yax_jeju/install/camera_perception_pkg:/opt/ros/humble LD_LIBRARY_PATH=/home/jsmoon/yax_jeju/install/ublox_msgs/lib:/home/jsmoon/yax_jeju/install/ublox_gps/lib:/home/jsmoon/yax_jeju/install/rtcm_msgs/lib:/home/jsmoon/yax_jeju/install/interfaces_pkg/lib:/opt/ros/humble/opt/rviz_ogre_vendor/lib:/opt/ros/humble/lib/x86_64-linux-gnu:/opt/ros/humble/lib:/home/jsmoon/Desktop/JSMOON/MLCS/project1/Personalized-Adaptive-Cruise/external/acados/lib /usr/bin/cmake --install /home/jsmoon/yax_jeju/build/fix2nmea
[4.248s] colcon.colcon_core.environment Level 1 checking '/home/jsmoon/yax_jeju/install/fix2nmea' for CMake config files
[4.248s] colcon.colcon_core.shell Level 1 create_environment_hook('fix2nmea', 'cmake_prefix_path')
[4.248s] colcon.colcon_core.shell INFO Creating environment hook '/home/jsmoon/yax_jeju/install/fix2nmea/share/fix2nmea/hook/cmake_prefix_path.ps1'
[4.249s] colcon.colcon_core.shell INFO Creating environment descriptor '/home/jsmoon/yax_jeju/install/fix2nmea/share/fix2nmea/hook/cmake_prefix_path.dsv'
[4.249s] colcon.colcon_core.shell INFO Creating environment hook '/home/jsmoon/yax_jeju/install/fix2nmea/share/fix2nmea/hook/cmake_prefix_path.sh'
[4.249s] colcon.colcon_core.environment Level 1 checking '/home/jsmoon/yax_jeju/install/fix2nmea/lib'
[4.249s] colcon.colcon_core.environment Level 1 checking '/home/jsmoon/yax_jeju/install/fix2nmea/bin'
[4.249s] colcon.colcon_core.environment Level 1 checking '/home/jsmoon/yax_jeju/install/fix2nmea/lib/pkgconfig/fix2nmea.pc'
[4.250s] colcon.colcon_core.environment Level 1 checking '/home/jsmoon/yax_jeju/install/fix2nmea/lib/python3.10/site-packages'
[4.250s] colcon.colcon_core.environment Level 1 checking '/home/jsmoon/yax_jeju/install/fix2nmea/bin'
[4.250s] colcon.colcon_core.shell INFO Creating package script '/home/jsmoon/yax_jeju/install/fix2nmea/share/fix2nmea/package.ps1'
[4.250s] colcon.colcon_core.shell INFO Creating package descriptor '/home/jsmoon/yax_jeju/install/fix2nmea/share/fix2nmea/package.dsv'
[4.250s] colcon.colcon_core.shell INFO Creating package script '/home/jsmoon/yax_jeju/install/fix2nmea/share/fix2nmea/package.sh'
[4.251s] colcon.colcon_core.shell INFO Creating package script '/home/jsmoon/yax_jeju/install/fix2nmea/share/fix2nmea/package.bash'
[4.251s] colcon.colcon_core.shell INFO Creating package script '/home/jsmoon/yax_jeju/install/fix2nmea/share/fix2nmea/package.zsh'
[4.251s] colcon.colcon_core.environment Level 1 create_file_with_runtime_dependencies(/home/jsmoon/yax_jeju/install/fix2nmea/share/colcon-core/packages/fix2nmea)
[4.251s] colcon.colcon_core.environment Level 1 create_environment_scripts_only(fix2nmea)
[4.252s] colcon.colcon_core.environment Level 1 checking '/home/jsmoon/yax_jeju/install/fix2nmea' for CMake module files
[4.252s] colcon.colcon_core.environment Level 1 checking '/home/jsmoon/yax_jeju/install/fix2nmea' for CMake config files
[4.252s] colcon.colcon_core.shell Level 1 create_environment_hook('fix2nmea', 'cmake_prefix_path')
[4.252s] colcon.colcon_core.shell INFO Creating environment hook '/home/jsmoon/yax_jeju/install/fix2nmea/share/fix2nmea/hook/cmake_prefix_path.ps1'
[4.252s] colcon.colcon_core.shell INFO Creating environment descriptor '/home/jsmoon/yax_jeju/install/fix2nmea/share/fix2nmea/hook/cmake_prefix_path.dsv'
[4.253s] colcon.colcon_core.shell INFO Creating environment hook '/home/jsmoon/yax_jeju/install/fix2nmea/share/fix2nmea/hook/cmake_prefix_path.sh'
[4.253s] colcon.colcon_core.environment Level 1 checking '/home/jsmoon/yax_jeju/install/fix2nmea/lib'
[4.253s] colcon.colcon_core.environment Level 1 checking '/home/jsmoon/yax_jeju/install/fix2nmea/bin'
[4.253s] colcon.colcon_core.environment Level 1 checking '/home/jsmoon/yax_jeju/install/fix2nmea/lib/pkgconfig/fix2nmea.pc'
[4.253s] colcon.colcon_core.environment Level 1 checking '/home/jsmoon/yax_jeju/install/fix2nmea/lib/python3.10/site-packages'
[4.253s] colcon.colcon_core.environment Level 1 checking '/home/jsmoon/yax_jeju/install/fix2nmea/bin'
[4.253s] colcon.colcon_core.shell INFO Creating package script '/home/jsmoon/yax_jeju/install/fix2nmea/share/fix2nmea/package.ps1'
[4.254s] colcon.colcon_core.shell INFO Creating package descriptor '/home/jsmoon/yax_jeju/install/fix2nmea/share/fix2nmea/package.dsv'
[4.254s] colcon.colcon_core.shell INFO Creating package script '/home/jsmoon/yax_jeju/install/fix2nmea/share/fix2nmea/package.sh'
[4.255s] colcon.colcon_core.shell INFO Creating package script '/home/jsmoon/yax_jeju/install/fix2nmea/share/fix2nmea/package.bash'
[4.255s] colcon.colcon_core.shell INFO Creating package script '/home/jsmoon/yax_jeju/install/fix2nmea/share/fix2nmea/package.zsh'
[4.255s] colcon.colcon_core.environment Level 1 create_file_with_runtime_dependencies(/home/jsmoon/yax_jeju/install/fix2nmea/share/colcon-core/packages/fix2nmea)
[4.275s] colcon.colcon_core.event_handler.log_command DEBUG Invoked command in '/home/jsmoon/yax_jeju/build/ublox_gps' returned '0': CMAKE_PREFIX_PATH=/home/jsmoon/yax_jeju/install/ublox_msgs:/home/jsmoon/yax_jeju/install/ublox_serialization:/home/jsmoon/yax_jeju/install/rtcm_msgs:/home/jsmoon/yax_jeju/install/launch_pkg:/home/jsmoon/yax_jeju/install/ydlidar_ros2_driver:/home/jsmoon/yax_jeju/install/ublox:/home/jsmoon/yax_jeju/install/ublox_gps:/home/jsmoon/yax_jeju/install/fix2nmea:/home/jsmoon/yax_jeju/install/interfaces_pkg:/home/jsmoon/ydlidar_ws/install/ydlidar_ros2_driver:/home/jsmoon/yax_jeju/install/my_custom_pkg:/home/jsmoon/yax_jeju/install/serial_communication_pkg:/home/jsmoon/yax_jeju/install/ntrip_client:/home/jsmoon/yax_jeju/install/lidar_perception_pkg:/home/jsmoon/yax_jeju/install/latlong_utm:/home/jsmoon/yax_jeju/install/decision_making_pkg:/home/jsmoon/yax_jeju/install/debug_pkg:/home/jsmoon/yax_jeju/install/camera_perception_pkg:/opt/ros/humble LD_LIBRARY_PATH=/home/jsmoon/yax_jeju/install/ublox_msgs/lib:/home/jsmoon/yax_jeju/install/rtcm_msgs/lib:/home/jsmoon/yax_jeju/install/ublox_gps/lib:/home/jsmoon/yax_jeju/install/interfaces_pkg/lib:/opt/ros/humble/opt/rviz_ogre_vendor/lib:/opt/ros/humble/lib/x86_64-linux-gnu:/opt/ros/humble/lib:/home/jsmoon/Desktop/JSMOON/MLCS/project1/Personalized-Adaptive-Cruise/external/acados/lib /usr/bin/cmake --build /home/jsmoon/yax_jeju/build/ublox_gps -- -j16 -l16
[4.275s] colcon.colcon_core.event_handler.log_command DEBUG Invoking command in '/home/jsmoon/yax_jeju/build/ublox_gps': CMAKE_PREFIX_PATH=/home/jsmoon/yax_jeju/install/ublox_msgs:/home/jsmoon/yax_jeju/install/ublox_serialization:/home/jsmoon/yax_jeju/install/rtcm_msgs:/home/jsmoon/yax_jeju/install/launch_pkg:/home/jsmoon/yax_jeju/install/ydlidar_ros2_driver:/home/jsmoon/yax_jeju/install/ublox:/home/jsmoon/yax_jeju/install/ublox_gps:/home/jsmoon/yax_jeju/install/fix2nmea:/home/jsmoon/yax_jeju/install/interfaces_pkg:/home/jsmoon/ydlidar_ws/install/ydlidar_ros2_driver:/home/jsmoon/yax_jeju/install/my_custom_pkg:/home/jsmoon/yax_jeju/install/serial_communication_pkg:/home/jsmoon/yax_jeju/install/ntrip_client:/home/jsmoon/yax_jeju/install/lidar_perception_pkg:/home/jsmoon/yax_jeju/install/latlong_utm:/home/jsmoon/yax_jeju/install/decision_making_pkg:/home/jsmoon/yax_jeju/install/debug_pkg:/home/jsmoon/yax_jeju/install/camera_perception_pkg:/opt/ros/humble LD_LIBRARY_PATH=/home/jsmoon/yax_jeju/install/ublox_msgs/lib:/home/jsmoon/yax_jeju/install/rtcm_msgs/lib:/home/jsmoon/yax_jeju/install/ublox_gps/lib:/home/jsmoon/yax_jeju/install/interfaces_pkg/lib:/opt/ros/humble/opt/rviz_ogre_vendor/lib:/opt/ros/humble/lib/x86_64-linux-gnu:/opt/ros/humble/lib:/home/jsmoon/Desktop/JSMOON/MLCS/project1/Personalized-Adaptive-Cruise/external/acados/lib /usr/bin/cmake --install /home/jsmoon/yax_jeju/build/ublox_gps
[4.301s] colcon.colcon_core.environment Level 1 create_environment_scripts_only(ublox_gps)
[4.301s] colcon.colcon_core.environment Level 1 checking '/home/jsmoon/yax_jeju/install/ublox_gps' for CMake module files
[4.302s] colcon.colcon_core.event_handler.log_command DEBUG Invoked command in '/home/jsmoon/yax_jeju/build/ublox_gps' returned '0': CMAKE_PREFIX_PATH=/home/jsmoon/yax_jeju/install/ublox_msgs:/home/jsmoon/yax_jeju/install/ublox_serialization:/home/jsmoon/yax_jeju/install/rtcm_msgs:/home/jsmoon/yax_jeju/install/launch_pkg:/home/jsmoon/yax_jeju/install/ydlidar_ros2_driver:/home/jsmoon/yax_jeju/install/ublox:/home/jsmoon/yax_jeju/install/ublox_gps:/home/jsmoon/yax_jeju/install/fix2nmea:/home/jsmoon/yax_jeju/install/interfaces_pkg:/home/jsmoon/ydlidar_ws/install/ydlidar_ros2_driver:/home/jsmoon/yax_jeju/install/my_custom_pkg:/home/jsmoon/yax_jeju/install/serial_communication_pkg:/home/jsmoon/yax_jeju/install/ntrip_client:/home/jsmoon/yax_jeju/install/lidar_perception_pkg:/home/jsmoon/yax_jeju/install/latlong_utm:/home/jsmoon/yax_jeju/install/decision_making_pkg:/home/jsmoon/yax_jeju/install/debug_pkg:/home/jsmoon/yax_jeju/install/camera_perception_pkg:/opt/ros/humble LD_LIBRARY_PATH=/home/jsmoon/yax_jeju/install/ublox_msgs/lib:/home/jsmoon/yax_jeju/install/rtcm_msgs/lib:/home/jsmoon/yax_jeju/install/ublox_gps/lib:/home/jsmoon/yax_jeju/install/interfaces_pkg/lib:/opt/ros/humble/opt/rviz_ogre_vendor/lib:/opt/ros/humble/lib/x86_64-linux-gnu:/opt/ros/humble/lib:/home/jsmoon/Desktop/JSMOON/MLCS/project1/Personalized-Adaptive-Cruise/external/acados/lib /usr/bin/cmake --install /home/jsmoon/yax_jeju/build/ublox_gps
[4.303s] colcon.colcon_core.environment Level 1 checking '/home/jsmoon/yax_jeju/install/ublox_gps' for CMake config files
[4.303s] colcon.colcon_core.shell Level 1 create_environment_hook('ublox_gps', 'cmake_prefix_path')
[4.303s] colcon.colcon_core.shell INFO Creating environment hook '/home/jsmoon/yax_jeju/install/ublox_gps/share/ublox_gps/hook/cmake_prefix_path.ps1'
[4.303s] colcon.colcon_core.shell INFO Creating environment descriptor '/home/jsmoon/yax_jeju/install/ublox_gps/share/ublox_gps/hook/cmake_prefix_path.dsv'
[4.304s] colcon.colcon_core.shell INFO Creating environment hook '/home/jsmoon/yax_jeju/install/ublox_gps/share/ublox_gps/hook/cmake_prefix_path.sh'
[4.304s] colcon.colcon_core.environment Level 1 checking '/home/jsmoon/yax_jeju/install/ublox_gps/lib'
[4.304s] colcon.colcon_core.shell Level 1 create_environment_hook('ublox_gps', 'ld_library_path_lib')
[4.304s] colcon.colcon_core.shell INFO Creating environment hook '/home/jsmoon/yax_jeju/install/ublox_gps/share/ublox_gps/hook/ld_library_path_lib.ps1'
[4.304s] colcon.colcon_core.shell INFO Creating environment descriptor '/home/jsmoon/yax_jeju/install/ublox_gps/share/ublox_gps/hook/ld_library_path_lib.dsv'
[4.305s] colcon.colcon_core.shell INFO Creating environment hook '/home/jsmoon/yax_jeju/install/ublox_gps/share/ublox_gps/hook/ld_library_path_lib.sh'
[4.305s] colcon.colcon_core.environment Level 1 checking '/home/jsmoon/yax_jeju/install/ublox_gps/bin'
[4.305s] colcon.colcon_core.environment Level 1 checking '/home/jsmoon/yax_jeju/install/ublox_gps/lib/pkgconfig/ublox_gps.pc'
[4.305s] colcon.colcon_core.environment Level 1 checking '/home/jsmoon/yax_jeju/install/ublox_gps/lib/python3.10/site-packages'
[4.305s] colcon.colcon_core.environment Level 1 checking '/home/jsmoon/yax_jeju/install/ublox_gps/bin'
[4.305s] colcon.colcon_core.shell INFO Creating package script '/home/jsmoon/yax_jeju/install/ublox_gps/share/ublox_gps/package.ps1'
[4.306s] colcon.colcon_core.shell INFO Creating package descriptor '/home/jsmoon/yax_jeju/install/ublox_gps/share/ublox_gps/package.dsv'
[4.306s] colcon.colcon_core.shell INFO Creating package script '/home/jsmoon/yax_jeju/install/ublox_gps/share/ublox_gps/package.sh'
[4.306s] colcon.colcon_core.shell INFO Creating package script '/home/jsmoon/yax_jeju/install/ublox_gps/share/ublox_gps/package.bash'
[4.306s] colcon.colcon_core.shell INFO Creating package script '/home/jsmoon/yax_jeju/install/ublox_gps/share/ublox_gps/package.zsh'
[4.307s] colcon.colcon_core.environment Level 1 create_file_with_runtime_dependencies(/home/jsmoon/yax_jeju/install/ublox_gps/share/colcon-core/packages/ublox_gps)
[4.307s] colcon.colcon_core.environment Level 1 create_environment_scripts_only(ublox_gps)
[4.307s] colcon.colcon_core.environment Level 1 checking '/home/jsmoon/yax_jeju/install/ublox_gps' for CMake module files
[4.307s] colcon.colcon_core.environment Level 1 checking '/home/jsmoon/yax_jeju/install/ublox_gps' for CMake config files
[4.308s] colcon.colcon_core.shell Level 1 create_environment_hook('ublox_gps', 'cmake_prefix_path')
[4.308s] colcon.colcon_core.shell INFO Creating environment hook '/home/jsmoon/yax_jeju/install/ublox_gps/share/ublox_gps/hook/cmake_prefix_path.ps1'
[4.309s] colcon.colcon_core.shell INFO Creating environment descriptor '/home/jsmoon/yax_jeju/install/ublox_gps/share/ublox_gps/hook/cmake_prefix_path.dsv'
[4.309s] colcon.colcon_core.shell INFO Creating environment hook '/home/jsmoon/yax_jeju/install/ublox_gps/share/ublox_gps/hook/cmake_prefix_path.sh'
[4.309s] colcon.colcon_core.environment Level 1 checking '/home/jsmoon/yax_jeju/install/ublox_gps/lib'
[4.309s] colcon.colcon_core.shell Level 1 create_environment_hook('ublox_gps', 'ld_library_path_lib')
[4.309s] colcon.colcon_core.shell INFO Creating environment hook '/home/jsmoon/yax_jeju/install/ublox_gps/share/ublox_gps/hook/ld_library_path_lib.ps1'
[4.310s] colcon.colcon_core.shell INFO Creating environment descriptor '/home/jsmoon/yax_jeju/install/ublox_gps/share/ublox_gps/hook/ld_library_path_lib.dsv'
[4.310s] colcon.colcon_core.shell INFO Creating environment hook '/home/jsmoon/yax_jeju/install/ublox_gps/share/ublox_gps/hook/ld_library_path_lib.sh'
[4.310s] colcon.colcon_core.environment Level 1 checking '/home/jsmoon/yax_jeju/install/ublox_gps/bin'
[4.310s] colcon.colcon_core.environment Level 1 checking '/home/jsmoon/yax_jeju/install/ublox_gps/lib/pkgconfig/ublox_gps.pc'
[4.310s] colcon.colcon_core.environment Level 1 checking '/home/jsmoon/yax_jeju/install/ublox_gps/lib/python3.10/site-packages'
[4.310s] colcon.colcon_core.environment Level 1 checking '/home/jsmoon/yax_jeju/install/ublox_gps/bin'
[4.311s] colcon.colcon_core.shell INFO Creating package script '/home/jsmoon/yax_jeju/install/ublox_gps/share/ublox_gps/package.ps1'
[4.311s] colcon.colcon_core.shell INFO Creating package descriptor '/home/jsmoon/yax_jeju/install/ublox_gps/share/ublox_gps/package.dsv'
[4.311s] colcon.colcon_core.shell INFO Creating package script '/home/jsmoon/yax_jeju/install/ublox_gps/share/ublox_gps/package.sh'
[4.311s] colcon.colcon_core.shell INFO Creating package script '/home/jsmoon/yax_jeju/install/ublox_gps/share/ublox_gps/package.bash'
[4.312s] colcon.colcon_core.shell INFO Creating package script '/home/jsmoon/yax_jeju/install/ublox_gps/share/ublox_gps/package.zsh'
[4.312s] colcon.colcon_core.environment Level 1 create_file_with_runtime_dependencies(/home/jsmoon/yax_jeju/install/ublox_gps/share/colcon-core/packages/ublox_gps)
[4.312s] colcon.colcon_ros.task.ament_python.build INFO Building ROS package in '/home/jsmoon/yax_jeju/src/my_custom_pkg' with build type 'ament_python'
[4.312s] colcon.colcon_core.shell Level 1 create_environment_hook('my_custom_pkg', 'ament_prefix_path')
[4.312s] colcon.colcon_core.shell INFO Creating environment hook '/home/jsmoon/yax_jeju/install/my_custom_pkg/share/my_custom_pkg/hook/ament_prefix_path.ps1'
[4.313s] colcon.colcon_core.shell INFO Creating environment descriptor '/home/jsmoon/yax_jeju/install/my_custom_pkg/share/my_custom_pkg/hook/ament_prefix_path.dsv'
[4.313s] colcon.colcon_core.shell INFO Creating environment hook '/home/jsmoon/yax_jeju/install/my_custom_pkg/share/my_custom_pkg/hook/ament_prefix_path.sh'
[4.313s] colcon.colcon_core.shell INFO Skip shell extension 'powershell' for command environment: Not usable outside of PowerShell
[4.313s] colcon.colcon_core.shell DEBUG Skip shell extension 'dsv' for command environment
[4.317s] colcon.colcon_ros.task.ament_cmake.build INFO Building ROS package in '/home/jsmoon/yax_jeju/src/RTK_GPS_NTRIP/ublox' with build type 'ament_cmake'
[4.317s] colcon.colcon_cmake.task.cmake.build INFO Building CMake package in '/home/jsmoon/yax_jeju/src/RTK_GPS_NTRIP/ublox'
[4.317s] colcon.colcon_core.shell INFO Skip shell extension 'powershell' for command environment: Not usable outside of PowerShell
[4.317s] colcon.colcon_core.shell DEBUG Skip shell extension 'dsv' for command environment
[4.329s] colcon.colcon_core.event_handler.log_command DEBUG Invoking command in '/home/jsmoon/yax_jeju/build/ublox': CMAKE_PREFIX_PATH=/home/jsmoon/yax_jeju/install/ublox_gps:/home/jsmoon/yax_jeju/install/ublox_msgs:/home/jsmoon/yax_jeju/install/ublox_serialization:/home/jsmoon/yax_jeju/install/rtcm_msgs:/home/jsmoon/yax_jeju/install/launch_pkg:/home/jsmoon/yax_jeju/install/ydlidar_ros2_driver:/home/jsmoon/yax_jeju/install/ublox:/home/jsmoon/yax_jeju/install/fix2nmea:/home/jsmoon/yax_jeju/install/interfaces_pkg:/home/jsmoon/ydlidar_ws/install/ydlidar_ros2_driver:/home/jsmoon/yax_jeju/install/my_custom_pkg:/home/jsmoon/yax_jeju/install/serial_communication_pkg:/home/jsmoon/yax_jeju/install/ntrip_client:/home/jsmoon/yax_jeju/install/lidar_perception_pkg:/home/jsmoon/yax_jeju/install/latlong_utm:/home/jsmoon/yax_jeju/install/decision_making_pkg:/home/jsmoon/yax_jeju/install/debug_pkg:/home/jsmoon/yax_jeju/install/camera_perception_pkg:/opt/ros/humble LD_LIBRARY_PATH=/home/jsmoon/yax_jeju/install/ublox_gps/lib:/home/jsmoon/yax_jeju/install/ublox_msgs/lib:/home/jsmoon/yax_jeju/install/rtcm_msgs/lib:/home/jsmoon/yax_jeju/install/interfaces_pkg/lib:/opt/ros/humble/opt/rviz_ogre_vendor/lib:/opt/ros/humble/lib/x86_64-linux-gnu:/opt/ros/humble/lib:/home/jsmoon/Desktop/JSMOON/MLCS/project1/Personalized-Adaptive-Cruise/external/acados/lib /usr/bin/cmake --build /home/jsmoon/yax_jeju/build/ublox -- -j16 -l16
[4.529s] colcon.colcon_core.task.python.build INFO Building Python package in '/home/jsmoon/yax_jeju/src/my_custom_pkg'
[4.530s] colcon.colcon_core.shell INFO Skip shell extension 'powershell' for command environment: Not usable outside of PowerShell
[4.530s] colcon.colcon_core.shell DEBUG Skip shell extension 'dsv' for command environment
[4.534s] colcon.colcon_core.event_handler.log_command DEBUG Invoked command in '/home/jsmoon/yax_jeju/build/ublox' returned '0': CMAKE_PREFIX_PATH=/home/jsmoon/yax_jeju/install/ublox_gps:/home/jsmoon/yax_jeju/install/ublox_msgs:/home/jsmoon/yax_jeju/install/ublox_serialization:/home/jsmoon/yax_jeju/install/rtcm_msgs:/home/jsmoon/yax_jeju/install/launch_pkg:/home/jsmoon/yax_jeju/install/ydlidar_ros2_driver:/home/jsmoon/yax_jeju/install/ublox:/home/jsmoon/yax_jeju/install/fix2nmea:/home/jsmoon/yax_jeju/install/interfaces_pkg:/home/jsmoon/ydlidar_ws/install/ydlidar_ros2_driver:/home/jsmoon/yax_jeju/install/my_custom_pkg:/home/jsmoon/yax_jeju/install/serial_communication_pkg:/home/jsmoon/yax_jeju/install/ntrip_client:/home/jsmoon/yax_jeju/install/lidar_perception_pkg:/home/jsmoon/yax_jeju/install/latlong_utm:/home/jsmoon/yax_jeju/install/decision_making_pkg:/home/jsmoon/yax_jeju/install/debug_pkg:/home/jsmoon/yax_jeju/install/camera_perception_pkg:/opt/ros/humble LD_LIBRARY_PATH=/home/jsmoon/yax_jeju/install/ublox_gps/lib:/home/jsmoon/yax_jeju/install/ublox_msgs/lib:/home/jsmoon/yax_jeju/install/rtcm_msgs/lib:/home/jsmoon/yax_jeju/install/interfaces_pkg/lib:/opt/ros/humble/opt/rviz_ogre_vendor/lib:/opt/ros/humble/lib/x86_64-linux-gnu:/opt/ros/humble/lib:/home/jsmoon/Desktop/JSMOON/MLCS/project1/Personalized-Adaptive-Cruise/external/acados/lib /usr/bin/cmake --build /home/jsmoon/yax_jeju/build/ublox -- -j16 -l16
[4.535s] colcon.colcon_core.event_handler.log_command DEBUG Invoking command in '/home/jsmoon/yax_jeju/build/ublox': CMAKE_PREFIX_PATH=/home/jsmoon/yax_jeju/install/ublox_gps:/home/jsmoon/yax_jeju/install/ublox_msgs:/home/jsmoon/yax_jeju/install/ublox_serialization:/home/jsmoon/yax_jeju/install/rtcm_msgs:/home/jsmoon/yax_jeju/install/launch_pkg:/home/jsmoon/yax_jeju/install/ydlidar_ros2_driver:/home/jsmoon/yax_jeju/install/ublox:/home/jsmoon/yax_jeju/install/fix2nmea:/home/jsmoon/yax_jeju/install/interfaces_pkg:/home/jsmoon/ydlidar_ws/install/ydlidar_ros2_driver:/home/jsmoon/yax_jeju/install/my_custom_pkg:/home/jsmoon/yax_jeju/install/serial_communication_pkg:/home/jsmoon/yax_jeju/install/ntrip_client:/home/jsmoon/yax_jeju/install/lidar_perception_pkg:/home/jsmoon/yax_jeju/install/latlong_utm:/home/jsmoon/yax_jeju/install/decision_making_pkg:/home/jsmoon/yax_jeju/install/debug_pkg:/home/jsmoon/yax_jeju/install/camera_perception_pkg:/opt/ros/humble LD_LIBRARY_PATH=/home/jsmoon/yax_jeju/install/ublox_gps/lib:/home/jsmoon/yax_jeju/install/ublox_msgs/lib:/home/jsmoon/yax_jeju/install/rtcm_msgs/lib:/home/jsmoon/yax_jeju/install/interfaces_pkg/lib:/opt/ros/humble/opt/rviz_ogre_vendor/lib:/opt/ros/humble/lib/x86_64-linux-gnu:/opt/ros/humble/lib:/home/jsmoon/Desktop/JSMOON/MLCS/project1/Personalized-Adaptive-Cruise/external/acados/lib /usr/bin/cmake --install /home/jsmoon/yax_jeju/build/ublox
[4.554s] colcon.colcon_core.environment Level 1 create_environment_scripts_only(ublox)
[4.554s] colcon.colcon_core.environment Level 1 checking '/home/jsmoon/yax_jeju/install/ublox' for CMake module files
[4.554s] colcon.colcon_core.event_handler.log_command DEBUG Invoked command in '/home/jsmoon/yax_jeju/build/ublox' returned '0': CMAKE_PREFIX_PATH=/home/jsmoon/yax_jeju/install/ublox_gps:/home/jsmoon/yax_jeju/install/ublox_msgs:/home/jsmoon/yax_jeju/install/ublox_serialization:/home/jsmoon/yax_jeju/install/rtcm_msgs:/home/jsmoon/yax_jeju/install/launch_pkg:/home/jsmoon/yax_jeju/install/ydlidar_ros2_driver:/home/jsmoon/yax_jeju/install/ublox:/home/jsmoon/yax_jeju/install/fix2nmea:/home/jsmoon/yax_jeju/install/interfaces_pkg:/home/jsmoon/ydlidar_ws/install/ydlidar_ros2_driver:/home/jsmoon/yax_jeju/install/my_custom_pkg:/home/jsmoon/yax_jeju/install/serial_communication_pkg:/home/jsmoon/yax_jeju/install/ntrip_client:/home/jsmoon/yax_jeju/install/lidar_perception_pkg:/home/jsmoon/yax_jeju/install/latlong_utm:/home/jsmoon/yax_jeju/install/decision_making_pkg:/home/jsmoon/yax_jeju/install/debug_pkg:/home/jsmoon/yax_jeju/install/camera_perception_pkg:/opt/ros/humble LD_LIBRARY_PATH=/home/jsmoon/yax_jeju/install/ublox_gps/lib:/home/jsmoon/yax_jeju/install/ublox_msgs/lib:/home/jsmoon/yax_jeju/install/rtcm_msgs/lib:/home/jsmoon/yax_jeju/install/interfaces_pkg/lib:/opt/ros/humble/opt/rviz_ogre_vendor/lib:/opt/ros/humble/lib/x86_64-linux-gnu:/opt/ros/humble/lib:/home/jsmoon/Desktop/JSMOON/MLCS/project1/Personalized-Adaptive-Cruise/external/acados/lib /usr/bin/cmake --install /home/jsmoon/yax_jeju/build/ublox
[4.556s] colcon.colcon_core.environment Level 1 checking '/home/jsmoon/yax_jeju/install/ublox' for CMake config files
[4.556s] colcon.colcon_core.shell Level 1 create_environment_hook('ublox', 'cmake_prefix_path')
[4.557s] colcon.colcon_core.shell INFO Creating environment hook '/home/jsmoon/yax_jeju/install/ublox/share/ublox/hook/cmake_prefix_path.ps1'
[4.557s] colcon.colcon_core.shell INFO Creating environment descriptor '/home/jsmoon/yax_jeju/install/ublox/share/ublox/hook/cmake_prefix_path.dsv'
[4.557s] colcon.colcon_core.shell INFO Creating environment hook '/home/jsmoon/yax_jeju/install/ublox/share/ublox/hook/cmake_prefix_path.sh'
[4.558s] colcon.colcon_core.environment Level 1 checking '/home/jsmoon/yax_jeju/install/ublox/bin'
[4.558s] colcon.colcon_core.environment Level 1 checking '/home/jsmoon/yax_jeju/install/ublox/lib/pkgconfig/ublox.pc'
[4.558s] colcon.colcon_core.environment Level 1 checking '/home/jsmoon/yax_jeju/install/ublox/lib/python3.10/site-packages'
[4.558s] colcon.colcon_core.environment Level 1 checking '/home/jsmoon/yax_jeju/install/ublox/bin'
[4.558s] colcon.colcon_core.shell INFO Creating package script '/home/jsmoon/yax_jeju/install/ublox/share/ublox/package.ps1'
[4.559s] colcon.colcon_core.shell INFO Creating package descriptor '/home/jsmoon/yax_jeju/install/ublox/share/ublox/package.dsv'
[4.559s] colcon.colcon_core.shell INFO Creating package script '/home/jsmoon/yax_jeju/install/ublox/share/ublox/package.sh'
[4.559s] colcon.colcon_core.shell INFO Creating package script '/home/jsmoon/yax_jeju/install/ublox/share/ublox/package.bash'
[4.559s] colcon.colcon_core.shell INFO Creating package script '/home/jsmoon/yax_jeju/install/ublox/share/ublox/package.zsh'
[4.560s] colcon.colcon_core.environment Level 1 create_file_with_runtime_dependencies(/home/jsmoon/yax_jeju/install/ublox/share/colcon-core/packages/ublox)
[4.560s] colcon.colcon_core.environment Level 1 create_environment_scripts_only(ublox)
[4.560s] colcon.colcon_core.environment Level 1 checking '/home/jsmoon/yax_jeju/install/ublox' for CMake module files
[4.560s] colcon.colcon_core.environment Level 1 checking '/home/jsmoon/yax_jeju/install/ublox' for CMake config files
[4.561s] colcon.colcon_core.shell Level 1 create_environment_hook('ublox', 'cmake_prefix_path')
[4.561s] colcon.colcon_core.shell INFO Creating environment hook '/home/jsmoon/yax_jeju/install/ublox/share/ublox/hook/cmake_prefix_path.ps1'
[4.561s] colcon.colcon_core.shell INFO Creating environment descriptor '/home/jsmoon/yax_jeju/install/ublox/share/ublox/hook/cmake_prefix_path.dsv'
[4.562s] colcon.colcon_core.shell INFO Creating environment hook '/home/jsmoon/yax_jeju/install/ublox/share/ublox/hook/cmake_prefix_path.sh'
[4.562s] colcon.colcon_core.environment Level 1 checking '/home/jsmoon/yax_jeju/install/ublox/bin'
[4.562s] colcon.colcon_core.environment Level 1 checking '/home/jsmoon/yax_jeju/install/ublox/lib/pkgconfig/ublox.pc'
[4.562s] colcon.colcon_core.environment Level 1 checking '/home/jsmoon/yax_jeju/install/ublox/lib/python3.10/site-packages'
[4.562s] colcon.colcon_core.environment Level 1 checking '/home/jsmoon/yax_jeju/install/ublox/bin'
[4.563s] colcon.colcon_core.shell INFO Creating package script '/home/jsmoon/yax_jeju/install/ublox/share/ublox/package.ps1'
[4.563s] colcon.colcon_core.shell INFO Creating package descriptor '/home/jsmoon/yax_jeju/install/ublox/share/ublox/package.dsv'
[4.563s] colcon.colcon_core.shell INFO Creating package script '/home/jsmoon/yax_jeju/install/ublox/share/ublox/package.sh'
[4.563s] colcon.colcon_core.shell INFO Creating package script '/home/jsmoon/yax_jeju/install/ublox/share/ublox/package.bash'
[4.563s] colcon.colcon_core.shell INFO Creating package script '/home/jsmoon/yax_jeju/install/ublox/share/ublox/package.zsh'
[4.564s] colcon.colcon_core.environment Level 1 create_file_with_runtime_dependencies(/home/jsmoon/yax_jeju/install/ublox/share/colcon-core/packages/ublox)
[4.847s] colcon.colcon_core.event_handler.log_command DEBUG Invoking command in '/home/jsmoon/yax_jeju/build/my_custom_pkg': AMENT_PREFIX_PATH=/home/jsmoon/yax_jeju/install/serial_communication_pkg:/home/jsmoon/yax_jeju/install/decision_making_pkg:/home/jsmoon/yax_jeju/install/camera_perception_pkg:/home/jsmoon/yax_jeju/install/launch_pkg:/home/jsmoon/yax_jeju/install/my_custom_pkg:/home/jsmoon/yax_jeju/install/ydlidar_ros2_driver:/home/jsmoon/yax_jeju/install/ublox:/home/jsmoon/yax_jeju/install/ublox_gps:/home/jsmoon/yax_jeju/install/fix2nmea:/home/jsmoon/yax_jeju/install/ublox_msgs:/home/jsmoon/yax_jeju/install/ublox_serialization:/home/jsmoon/yax_jeju/install/rtcm_msgs:/home/jsmoon/yax_jeju/install/ntrip_client:/home/jsmoon/yax_jeju/install/lidar_perception_pkg:/home/jsmoon/yax_jeju/install/latlong_utm:/home/jsmoon/yax_jeju/install/interfaces_pkg:/home/jsmoon/yax_jeju/install/debug_pkg:/home/jsmoon/ydlidar_ws/install/ydlidar_ros2_driver:/opt/ros/humble CMAKE_PREFIX_PATH=/home/jsmoon/yax_jeju/install/ublox_gps:/home/jsmoon/yax_jeju/install/fix2nmea:/home/jsmoon/yax_jeju/install/ublox_msgs:/home/jsmoon/yax_jeju/install/ydlidar_ros2_driver:/home/jsmoon/yax_jeju/install/ublox_serialization:/home/jsmoon/yax_jeju/install/rtcm_msgs:/home/jsmoon/yax_jeju/install/interfaces_pkg:/home/jsmoon/yax_jeju/install/launch_pkg:/home/jsmoon/yax_jeju/install/ublox:/home/jsmoon/ydlidar_ws/install/ydlidar_ros2_driver LD_LIBRARY_PATH=/home/jsmoon/yax_jeju/install/ublox_gps/lib:/home/jsmoon/yax_jeju/install/ublox_msgs/lib:/home/jsmoon/yax_jeju/install/rtcm_msgs/lib:/home/jsmoon/yax_jeju/install/interfaces_pkg/lib:/opt/ros/humble/opt/rviz_ogre_vendor/lib:/opt/ros/humble/lib/x86_64-linux-gnu:/opt/ros/humble/lib:/home/jsmoon/Desktop/JSMOON/MLCS/project1/Personalized-Adaptive-Cruise/external/acados/lib PYTHONPATH=/home/jsmoon/yax_jeju/build/my_custom_pkg/prefix_override:/usr/lib/python3/dist-packages/colcon_core/task/python/colcon_distutils_commands:/home/jsmoon/yax_jeju/install/my_custom_pkg/lib/python3.10/site-packages:/home/jsmoon/yax_jeju/build/serial_communication_pkg:/home/jsmoon/yax_jeju/install/serial_communication_pkg/lib/python3.10/site-packages:/home/jsmoon/yax_jeju/build/decision_making_pkg:/home/jsmoon/yax_jeju/install/decision_making_pkg/lib/python3.10/site-packages:/home/jsmoon/yax_jeju/build/camera_perception_pkg:/home/jsmoon/yax_jeju/install/camera_perception_pkg/lib/python3.10/site-packages:/home/jsmoon/yax_jeju/build/my_custom_pkg:/home/jsmoon/yax_jeju/install/my_custom_pkg/lib/python3.10/site-packages:/home/jsmoon/yax_jeju/install/ublox_msgs/local/lib/python3.10/dist-packages:/home/jsmoon/yax_jeju/install/rtcm_msgs/local/lib/python3.10/dist-packages:/home/jsmoon/yax_jeju/build/ntrip_client/src:/home/jsmoon/yax_jeju/install/ntrip_client/lib/python3.10/site-packages:/home/jsmoon/yax_jeju/build/lidar_perception_pkg:/home/jsmoon/yax_jeju/install/lidar_perception_pkg/lib/python3.10/site-packages:/home/jsmoon/yax_jeju/build/latlong_utm:/home/jsmoon/yax_jeju/install/latlong_utm/lib/python3.10/site-packages:/home/jsmoon/yax_jeju/install/interfaces_pkg/local/lib/python3.10/dist-packages:/home/jsmoon/yax_jeju/build/debug_pkg:/home/jsmoon/yax_jeju/install/debug_pkg/lib/python3.10/site-packages:/opt/ros/humble/lib/python3.10/site-packages:/opt/ros/humble/local/lib/python3.10/dist-packages /usr/bin/python3 -W ignore:setup.py install is deprecated -W ignore:easy_install command is deprecated setup.py develop --editable --build-directory /home/jsmoon/yax_jeju/build/my_custom_pkg/build --no-deps symlink_data
[5.258s] colcon.colcon_core.shell Level 1 create_environment_hook('my_custom_pkg', 'pythonpath_develop')
[5.259s] colcon.colcon_core.shell INFO Creating environment hook '/home/jsmoon/yax_jeju/build/my_custom_pkg/share/my_custom_pkg/hook/pythonpath_develop.ps1'
[5.259s] colcon.colcon_core.event_handler.log_command DEBUG Invoked command in '/home/jsmoon/yax_jeju/build/my_custom_pkg' returned '0': AMENT_PREFIX_PATH=/home/jsmoon/yax_jeju/install/serial_communication_pkg:/home/jsmoon/yax_jeju/install/decision_making_pkg:/home/jsmoon/yax_jeju/install/camera_perception_pkg:/home/jsmoon/yax_jeju/install/launch_pkg:/home/jsmoon/yax_jeju/install/my_custom_pkg:/home/jsmoon/yax_jeju/install/ydlidar_ros2_driver:/home/jsmoon/yax_jeju/install/ublox:/home/jsmoon/yax_jeju/install/ublox_gps:/home/jsmoon/yax_jeju/install/fix2nmea:/home/jsmoon/yax_jeju/install/ublox_msgs:/home/jsmoon/yax_jeju/install/ublox_serialization:/home/jsmoon/yax_jeju/install/rtcm_msgs:/home/jsmoon/yax_jeju/install/ntrip_client:/home/jsmoon/yax_jeju/install/lidar_perception_pkg:/home/jsmoon/yax_jeju/install/latlong_utm:/home/jsmoon/yax_jeju/install/interfaces_pkg:/home/jsmoon/yax_jeju/install/debug_pkg:/home/jsmoon/ydlidar_ws/install/ydlidar_ros2_driver:/opt/ros/humble CMAKE_PREFIX_PATH=/home/jsmoon/yax_jeju/install/ublox_gps:/home/jsmoon/yax_jeju/install/fix2nmea:/home/jsmoon/yax_jeju/install/ublox_msgs:/home/jsmoon/yax_jeju/install/ydlidar_ros2_driver:/home/jsmoon/yax_jeju/install/ublox_serialization:/home/jsmoon/yax_jeju/install/rtcm_msgs:/home/jsmoon/yax_jeju/install/interfaces_pkg:/home/jsmoon/yax_jeju/install/launch_pkg:/home/jsmoon/yax_jeju/install/ublox:/home/jsmoon/ydlidar_ws/install/ydlidar_ros2_driver LD_LIBRARY_PATH=/home/jsmoon/yax_jeju/install/ublox_gps/lib:/home/jsmoon/yax_jeju/install/ublox_msgs/lib:/home/jsmoon/yax_jeju/install/rtcm_msgs/lib:/home/jsmoon/yax_jeju/install/interfaces_pkg/lib:/opt/ros/humble/opt/rviz_ogre_vendor/lib:/opt/ros/humble/lib/x86_64-linux-gnu:/opt/ros/humble/lib:/home/jsmoon/Desktop/JSMOON/MLCS/project1/Personalized-Adaptive-Cruise/external/acados/lib PYTHONPATH=/home/jsmoon/yax_jeju/build/my_custom_pkg/prefix_override:/usr/lib/python3/dist-packages/colcon_core/task/python/colcon_distutils_commands:/home/jsmoon/yax_jeju/install/my_custom_pkg/lib/python3.10/site-packages:/home/jsmoon/yax_jeju/build/serial_communication_pkg:/home/jsmoon/yax_jeju/install/serial_communication_pkg/lib/python3.10/site-packages:/home/jsmoon/yax_jeju/build/decision_making_pkg:/home/jsmoon/yax_jeju/install/decision_making_pkg/lib/python3.10/site-packages:/home/jsmoon/yax_jeju/build/camera_perception_pkg:/home/jsmoon/yax_jeju/install/camera_perception_pkg/lib/python3.10/site-packages:/home/jsmoon/yax_jeju/build/my_custom_pkg:/home/jsmoon/yax_jeju/install/my_custom_pkg/lib/python3.10/site-packages:/home/jsmoon/yax_jeju/install/ublox_msgs/local/lib/python3.10/dist-packages:/home/jsmoon/yax_jeju/install/rtcm_msgs/local/lib/python3.10/dist-packages:/home/jsmoon/yax_jeju/build/ntrip_client/src:/home/jsmoon/yax_jeju/install/ntrip_client/lib/python3.10/site-packages:/home/jsmoon/yax_jeju/build/lidar_perception_pkg:/home/jsmoon/yax_jeju/install/lidar_perception_pkg/lib/python3.10/site-packages:/home/jsmoon/yax_jeju/build/latlong_utm:/home/jsmoon/yax_jeju/install/latlong_utm/lib/python3.10/site-packages:/home/jsmoon/yax_jeju/install/interfaces_pkg/local/lib/python3.10/dist-packages:/home/jsmoon/yax_jeju/build/debug_pkg:/home/jsmoon/yax_jeju/install/debug_pkg/lib/python3.10/site-packages:/opt/ros/humble/lib/python3.10/site-packages:/opt/ros/humble/local/lib/python3.10/dist-packages /usr/bin/python3 -W ignore:setup.py install is deprecated -W ignore:easy_install command is deprecated setup.py develop --editable --build-directory /home/jsmoon/yax_jeju/build/my_custom_pkg/build --no-deps symlink_data
[5.259s] colcon.colcon_core.shell INFO Creating environment descriptor '/home/jsmoon/yax_jeju/build/my_custom_pkg/share/my_custom_pkg/hook/pythonpath_develop.dsv'
[5.259s] colcon.colcon_core.shell INFO Creating environment hook '/home/jsmoon/yax_jeju/build/my_custom_pkg/share/my_custom_pkg/hook/pythonpath_develop.sh'
[5.260s] colcon.colcon_core.environment Level 1 checking '/home/jsmoon/yax_jeju/install/my_custom_pkg' for CMake module files
[5.260s] colcon.colcon_core.environment Level 1 checking '/home/jsmoon/yax_jeju/install/my_custom_pkg' for CMake config files
[5.261s] colcon.colcon_core.environment Level 1 checking '/home/jsmoon/yax_jeju/install/my_custom_pkg/lib'
[5.261s] colcon.colcon_core.environment Level 1 checking '/home/jsmoon/yax_jeju/install/my_custom_pkg/bin'
[5.261s] colcon.colcon_core.environment Level 1 checking '/home/jsmoon/yax_jeju/install/my_custom_pkg/lib/pkgconfig/my_custom_pkg.pc'
[5.261s] colcon.colcon_core.environment Level 1 checking '/home/jsmoon/yax_jeju/install/my_custom_pkg/lib/python3.10/site-packages'
[5.261s] colcon.colcon_core.shell Level 1 create_environment_hook('my_custom_pkg', 'pythonpath')
[5.261s] colcon.colcon_core.shell INFO Creating environment hook '/home/jsmoon/yax_jeju/install/my_custom_pkg/share/my_custom_pkg/hook/pythonpath.ps1'
[5.261s] colcon.colcon_core.shell INFO Creating environment descriptor '/home/jsmoon/yax_jeju/install/my_custom_pkg/share/my_custom_pkg/hook/pythonpath.dsv'
[5.261s] colcon.colcon_core.shell INFO Creating environment hook '/home/jsmoon/yax_jeju/install/my_custom_pkg/share/my_custom_pkg/hook/pythonpath.sh'
[5.262s] colcon.colcon_core.environment Level 1 checking '/home/jsmoon/yax_jeju/install/my_custom_pkg/bin'
[5.262s] colcon.colcon_core.environment Level 1 create_environment_scripts_only(my_custom_pkg)
[5.262s] colcon.colcon_core.shell INFO Creating package script '/home/jsmoon/yax_jeju/install/my_custom_pkg/share/my_custom_pkg/package.ps1'
[5.262s] colcon.colcon_core.shell INFO Creating package descriptor '/home/jsmoon/yax_jeju/install/my_custom_pkg/share/my_custom_pkg/package.dsv'
[5.263s] colcon.colcon_core.shell INFO Creating package script '/home/jsmoon/yax_jeju/install/my_custom_pkg/share/my_custom_pkg/package.sh'
[5.263s] colcon.colcon_core.shell INFO Creating package script '/home/jsmoon/yax_jeju/install/my_custom_pkg/share/my_custom_pkg/package.bash'
[5.263s] colcon.colcon_core.shell INFO Creating package script '/home/jsmoon/yax_jeju/install/my_custom_pkg/share/my_custom_pkg/package.zsh'
[5.263s] colcon.colcon_core.environment Level 1 create_file_with_runtime_dependencies(/home/jsmoon/yax_jeju/install/my_custom_pkg/share/colcon-core/packages/my_custom_pkg)
[5.264s] colcon.colcon_ros.task.ament_cmake.build INFO Building ROS package in '/home/jsmoon/yax_jeju/src/launch_pkg' with build type 'ament_cmake'
[5.264s] colcon.colcon_cmake.task.cmake.build INFO Building CMake package in '/home/jsmoon/yax_jeju/src/launch_pkg'
[5.264s] colcon.colcon_core.shell INFO Skip shell extension 'powershell' for command environment: Not usable outside of PowerShell
[5.264s] colcon.colcon_core.shell DEBUG Skip shell extension 'dsv' for command environment
[5.291s] colcon.colcon_core.event_handler.log_command DEBUG Invoking command in '/home/jsmoon/yax_jeju/build/launch_pkg': AMENT_PREFIX_PATH=/home/jsmoon/yax_jeju/install/my_custom_pkg:/home/jsmoon/yax_jeju/install/serial_communication_pkg:/home/jsmoon/yax_jeju/install/ntrip_client:/home/jsmoon/yax_jeju/install/lidar_perception_pkg:/home/jsmoon/yax_jeju/install/decision_making_pkg:/home/jsmoon/yax_jeju/install/camera_perception_pkg:/home/jsmoon/yax_jeju/install/launch_pkg:/home/jsmoon/yax_jeju/install/ydlidar_ros2_driver:/home/jsmoon/yax_jeju/install/ublox:/home/jsmoon/yax_jeju/install/ublox_gps:/home/jsmoon/yax_jeju/install/fix2nmea:/home/jsmoon/yax_jeju/install/ublox_msgs:/home/jsmoon/yax_jeju/install/ublox_serialization:/home/jsmoon/yax_jeju/install/rtcm_msgs:/home/jsmoon/yax_jeju/install/latlong_utm:/home/jsmoon/yax_jeju/install/interfaces_pkg:/home/jsmoon/yax_jeju/install/debug_pkg:/home/jsmoon/ydlidar_ws/install/ydlidar_ros2_driver:/opt/ros/humble CMAKE_PREFIX_PATH=/home/jsmoon/yax_jeju/install/ublox_gps:/home/jsmoon/yax_jeju/install/fix2nmea:/home/jsmoon/yax_jeju/install/ublox_msgs:/home/jsmoon/yax_jeju/install/ydlidar_ros2_driver:/home/jsmoon/yax_jeju/install/ublox_serialization:/home/jsmoon/yax_jeju/install/rtcm_msgs:/home/jsmoon/yax_jeju/install/interfaces_pkg:/home/jsmoon/yax_jeju/install/launch_pkg:/home/jsmoon/yax_jeju/install/ublox:/home/jsmoon/ydlidar_ws/install/ydlidar_ros2_driver:/home/jsmoon/yax_jeju/install/my_custom_pkg:/home/jsmoon/yax_jeju/install/serial_communication_pkg:/home/jsmoon/yax_jeju/install/ntrip_client:/home/jsmoon/yax_jeju/install/lidar_perception_pkg:/home/jsmoon/yax_jeju/install/latlong_utm:/home/jsmoon/yax_jeju/install/decision_making_pkg:/home/jsmoon/yax_jeju/install/debug_pkg:/home/jsmoon/yax_jeju/install/camera_perception_pkg:/opt/ros/humble LD_LIBRARY_PATH=/home/jsmoon/yax_jeju/install/ublox_gps/lib:/home/jsmoon/yax_jeju/install/ublox_msgs/lib:/home/jsmoon/yax_jeju/install/rtcm_msgs/lib:/home/jsmoon/yax_jeju/install/interfaces_pkg/lib:/opt/ros/humble/opt/rviz_ogre_vendor/lib:/opt/ros/humble/lib/x86_64-linux-gnu:/opt/ros/humble/lib:/home/jsmoon/Desktop/JSMOON/MLCS/project1/Personalized-Adaptive-Cruise/external/acados/lib PYTHONPATH=/home/jsmoon/yax_jeju/build/my_custom_pkg:/home/jsmoon/yax_jeju/install/my_custom_pkg/lib/python3.10/site-packages:/home/jsmoon/yax_jeju/build/serial_communication_pkg:/home/jsmoon/yax_jeju/install/serial_communication_pkg/lib/python3.10/site-packages:/home/jsmoon/yax_jeju/build/ntrip_client/src:/home/jsmoon/yax_jeju/install/ntrip_client/lib/python3.10/site-packages:/home/jsmoon/yax_jeju/build/lidar_perception_pkg:/home/jsmoon/yax_jeju/install/lidar_perception_pkg/lib/python3.10/site-packages:/home/jsmoon/yax_jeju/build/decision_making_pkg:/home/jsmoon/yax_jeju/install/decision_making_pkg/lib/python3.10/site-packages:/home/jsmoon/yax_jeju/build/camera_perception_pkg:/home/jsmoon/yax_jeju/install/camera_perception_pkg/lib/python3.10/site-packages:/home/jsmoon/yax_jeju/install/ublox_msgs/local/lib/python3.10/dist-packages:/home/jsmoon/yax_jeju/install/rtcm_msgs/local/lib/python3.10/dist-packages:/home/jsmoon/yax_jeju/build/latlong_utm:/home/jsmoon/yax_jeju/install/latlong_utm/lib/python3.10/site-packages:/home/jsmoon/yax_jeju/install/interfaces_pkg/local/lib/python3.10/dist-packages:/home/jsmoon/yax_jeju/build/debug_pkg:/home/jsmoon/yax_jeju/install/debug_pkg/lib/python3.10/site-packages:/opt/ros/humble/lib/python3.10/site-packages:/opt/ros/humble/local/lib/python3.10/dist-packages /usr/bin/cmake --build /home/jsmoon/yax_jeju/build/launch_pkg -- -j16 -l16
[5.329s] colcon.colcon_core.event_handler.log_command DEBUG Invoked command in '/home/jsmoon/yax_jeju/build/launch_pkg' returned '0': AMENT_PREFIX_PATH=/home/jsmoon/yax_jeju/install/my_custom_pkg:/home/jsmoon/yax_jeju/install/serial_communication_pkg:/home/jsmoon/yax_jeju/install/ntrip_client:/home/jsmoon/yax_jeju/install/lidar_perception_pkg:/home/jsmoon/yax_jeju/install/decision_making_pkg:/home/jsmoon/yax_jeju/install/camera_perception_pkg:/home/jsmoon/yax_jeju/install/launch_pkg:/home/jsmoon/yax_jeju/install/ydlidar_ros2_driver:/home/jsmoon/yax_jeju/install/ublox:/home/jsmoon/yax_jeju/install/ublox_gps:/home/jsmoon/yax_jeju/install/fix2nmea:/home/jsmoon/yax_jeju/install/ublox_msgs:/home/jsmoon/yax_jeju/install/ublox_serialization:/home/jsmoon/yax_jeju/install/rtcm_msgs:/home/jsmoon/yax_jeju/install/latlong_utm:/home/jsmoon/yax_jeju/install/interfaces_pkg:/home/jsmoon/yax_jeju/install/debug_pkg:/home/jsmoon/ydlidar_ws/install/ydlidar_ros2_driver:/opt/ros/humble CMAKE_PREFIX_PATH=/home/jsmoon/yax_jeju/install/ublox_gps:/home/jsmoon/yax_jeju/install/fix2nmea:/home/jsmoon/yax_jeju/install/ublox_msgs:/home/jsmoon/yax_jeju/install/ydlidar_ros2_driver:/home/jsmoon/yax_jeju/install/ublox_serialization:/home/jsmoon/yax_jeju/install/rtcm_msgs:/home/jsmoon/yax_jeju/install/interfaces_pkg:/home/jsmoon/yax_jeju/install/launch_pkg:/home/jsmoon/yax_jeju/install/ublox:/home/jsmoon/ydlidar_ws/install/ydlidar_ros2_driver:/home/jsmoon/yax_jeju/install/my_custom_pkg:/home/jsmoon/yax_jeju/install/serial_communication_pkg:/home/jsmoon/yax_jeju/install/ntrip_client:/home/jsmoon/yax_jeju/install/lidar_perception_pkg:/home/jsmoon/yax_jeju/install/latlong_utm:/home/jsmoon/yax_jeju/install/decision_making_pkg:/home/jsmoon/yax_jeju/install/debug_pkg:/home/jsmoon/yax_jeju/install/camera_perception_pkg:/opt/ros/humble LD_LIBRARY_PATH=/home/jsmoon/yax_jeju/install/ublox_gps/lib:/home/jsmoon/yax_jeju/install/ublox_msgs/lib:/home/jsmoon/yax_jeju/install/rtcm_msgs/lib:/home/jsmoon/yax_jeju/install/interfaces_pkg/lib:/opt/ros/humble/opt/rviz_ogre_vendor/lib:/opt/ros/humble/lib/x86_64-linux-gnu:/opt/ros/humble/lib:/home/jsmoon/Desktop/JSMOON/MLCS/project1/Personalized-Adaptive-Cruise/external/acados/lib PYTHONPATH=/home/jsmoon/yax_jeju/build/my_custom_pkg:/home/jsmoon/yax_jeju/install/my_custom_pkg/lib/python3.10/site-packages:/home/jsmoon/yax_jeju/build/serial_communication_pkg:/home/jsmoon/yax_jeju/install/serial_communication_pkg/lib/python3.10/site-packages:/home/jsmoon/yax_jeju/build/ntrip_client/src:/home/jsmoon/yax_jeju/install/ntrip_client/lib/python3.10/site-packages:/home/jsmoon/yax_jeju/build/lidar_perception_pkg:/home/jsmoon/yax_jeju/install/lidar_perception_pkg/lib/python3.10/site-packages:/home/jsmoon/yax_jeju/build/decision_making_pkg:/home/jsmoon/yax_jeju/install/decision_making_pkg/lib/python3.10/site-packages:/home/jsmoon/yax_jeju/build/camera_perception_pkg:/home/jsmoon/yax_jeju/install/camera_perception_pkg/lib/python3.10/site-packages:/home/jsmoon/yax_jeju/install/ublox_msgs/local/lib/python3.10/dist-packages:/home/jsmoon/yax_jeju/install/rtcm_msgs/local/lib/python3.10/dist-packages:/home/jsmoon/yax_jeju/build/latlong_utm:/home/jsmoon/yax_jeju/install/latlong_utm/lib/python3.10/site-packages:/home/jsmoon/yax_jeju/install/interfaces_pkg/local/lib/python3.10/dist-packages:/home/jsmoon/yax_jeju/build/debug_pkg:/home/jsmoon/yax_jeju/install/debug_pkg/lib/python3.10/site-packages:/opt/ros/humble/lib/python3.10/site-packages:/opt/ros/humble/local/lib/python3.10/dist-packages /usr/bin/cmake --build /home/jsmoon/yax_jeju/build/launch_pkg -- -j16 -l16
[5.329s] colcon.colcon_core.event_handler.log_command DEBUG Invoking command in '/home/jsmoon/yax_jeju/build/launch_pkg': AMENT_PREFIX_PATH=/home/jsmoon/yax_jeju/install/my_custom_pkg:/home/jsmoon/yax_jeju/install/serial_communication_pkg:/home/jsmoon/yax_jeju/install/ntrip_client:/home/jsmoon/yax_jeju/install/lidar_perception_pkg:/home/jsmoon/yax_jeju/install/decision_making_pkg:/home/jsmoon/yax_jeju/install/camera_perception_pkg:/home/jsmoon/yax_jeju/install/launch_pkg:/home/jsmoon/yax_jeju/install/ydlidar_ros2_driver:/home/jsmoon/yax_jeju/install/ublox:/home/jsmoon/yax_jeju/install/ublox_gps:/home/jsmoon/yax_jeju/install/fix2nmea:/home/jsmoon/yax_jeju/install/ublox_msgs:/home/jsmoon/yax_jeju/install/ublox_serialization:/home/jsmoon/yax_jeju/install/rtcm_msgs:/home/jsmoon/yax_jeju/install/latlong_utm:/home/jsmoon/yax_jeju/install/interfaces_pkg:/home/jsmoon/yax_jeju/install/debug_pkg:/home/jsmoon/ydlidar_ws/install/ydlidar_ros2_driver:/opt/ros/humble CMAKE_PREFIX_PATH=/home/jsmoon/yax_jeju/install/ublox_gps:/home/jsmoon/yax_jeju/install/fix2nmea:/home/jsmoon/yax_jeju/install/ublox_msgs:/home/jsmoon/yax_jeju/install/ydlidar_ros2_driver:/home/jsmoon/yax_jeju/install/ublox_serialization:/home/jsmoon/yax_jeju/install/rtcm_msgs:/home/jsmoon/yax_jeju/install/interfaces_pkg:/home/jsmoon/yax_jeju/install/launch_pkg:/home/jsmoon/yax_jeju/install/ublox:/home/jsmoon/ydlidar_ws/install/ydlidar_ros2_driver:/home/jsmoon/yax_jeju/install/my_custom_pkg:/home/jsmoon/yax_jeju/install/serial_communication_pkg:/home/jsmoon/yax_jeju/install/ntrip_client:/home/jsmoon/yax_jeju/install/lidar_perception_pkg:/home/jsmoon/yax_jeju/install/latlong_utm:/home/jsmoon/yax_jeju/install/decision_making_pkg:/home/jsmoon/yax_jeju/install/debug_pkg:/home/jsmoon/yax_jeju/install/camera_perception_pkg:/opt/ros/humble LD_LIBRARY_PATH=/home/jsmoon/yax_jeju/install/ublox_gps/lib:/home/jsmoon/yax_jeju/install/ublox_msgs/lib:/home/jsmoon/yax_jeju/install/rtcm_msgs/lib:/home/jsmoon/yax_jeju/install/interfaces_pkg/lib:/opt/ros/humble/opt/rviz_ogre_vendor/lib:/opt/ros/humble/lib/x86_64-linux-gnu:/opt/ros/humble/lib:/home/jsmoon/Desktop/JSMOON/MLCS/project1/Personalized-Adaptive-Cruise/external/acados/lib PYTHONPATH=/home/jsmoon/yax_jeju/build/my_custom_pkg:/home/jsmoon/yax_jeju/install/my_custom_pkg/lib/python3.10/site-packages:/home/jsmoon/yax_jeju/build/serial_communication_pkg:/home/jsmoon/yax_jeju/install/serial_communication_pkg/lib/python3.10/site-packages:/home/jsmoon/yax_jeju/build/ntrip_client/src:/home/jsmoon/yax_jeju/install/ntrip_client/lib/python3.10/site-packages:/home/jsmoon/yax_jeju/build/lidar_perception_pkg:/home/jsmoon/yax_jeju/install/lidar_perception_pkg/lib/python3.10/site-packages:/home/jsmoon/yax_jeju/build/decision_making_pkg:/home/jsmoon/yax_jeju/install/decision_making_pkg/lib/python3.10/site-packages:/home/jsmoon/yax_jeju/build/camera_perception_pkg:/home/jsmoon/yax_jeju/install/camera_perception_pkg/lib/python3.10/site-packages:/home/jsmoon/yax_jeju/install/ublox_msgs/local/lib/python3.10/dist-packages:/home/jsmoon/yax_jeju/install/rtcm_msgs/local/lib/python3.10/dist-packages:/home/jsmoon/yax_jeju/build/latlong_utm:/home/jsmoon/yax_jeju/install/latlong_utm/lib/python3.10/site-packages:/home/jsmoon/yax_jeju/install/interfaces_pkg/local/lib/python3.10/dist-packages:/home/jsmoon/yax_jeju/build/debug_pkg:/home/jsmoon/yax_jeju/install/debug_pkg/lib/python3.10/site-packages:/opt/ros/humble/lib/python3.10/site-packages:/opt/ros/humble/local/lib/python3.10/dist-packages /usr/bin/cmake --install /home/jsmoon/yax_jeju/build/launch_pkg
[5.347s] colcon.colcon_core.environment Level 1 create_environment_scripts_only(launch_pkg)
[5.347s] colcon.colcon_core.environment Level 1 checking '/home/jsmoon/yax_jeju/install/launch_pkg' for CMake module files
[5.348s] colcon.colcon_core.event_handler.log_command DEBUG Invoked command in '/home/jsmoon/yax_jeju/build/launch_pkg' returned '0': AMENT_PREFIX_PATH=/home/jsmoon/yax_jeju/install/my_custom_pkg:/home/jsmoon/yax_jeju/install/serial_communication_pkg:/home/jsmoon/yax_jeju/install/ntrip_client:/home/jsmoon/yax_jeju/install/lidar_perception_pkg:/home/jsmoon/yax_jeju/install/decision_making_pkg:/home/jsmoon/yax_jeju/install/camera_perception_pkg:/home/jsmoon/yax_jeju/install/launch_pkg:/home/jsmoon/yax_jeju/install/ydlidar_ros2_driver:/home/jsmoon/yax_jeju/install/ublox:/home/jsmoon/yax_jeju/install/ublox_gps:/home/jsmoon/yax_jeju/install/fix2nmea:/home/jsmoon/yax_jeju/install/ublox_msgs:/home/jsmoon/yax_jeju/install/ublox_serialization:/home/jsmoon/yax_jeju/install/rtcm_msgs:/home/jsmoon/yax_jeju/install/latlong_utm:/home/jsmoon/yax_jeju/install/interfaces_pkg:/home/jsmoon/yax_jeju/install/debug_pkg:/home/jsmoon/ydlidar_ws/install/ydlidar_ros2_driver:/opt/ros/humble CMAKE_PREFIX_PATH=/home/jsmoon/yax_jeju/install/ublox_gps:/home/jsmoon/yax_jeju/install/fix2nmea:/home/jsmoon/yax_jeju/install/ublox_msgs:/home/jsmoon/yax_jeju/install/ydlidar_ros2_driver:/home/jsmoon/yax_jeju/install/ublox_serialization:/home/jsmoon/yax_jeju/install/rtcm_msgs:/home/jsmoon/yax_jeju/install/interfaces_pkg:/home/jsmoon/yax_jeju/install/launch_pkg:/home/jsmoon/yax_jeju/install/ublox:/home/jsmoon/ydlidar_ws/install/ydlidar_ros2_driver:/home/jsmoon/yax_jeju/install/my_custom_pkg:/home/jsmoon/yax_jeju/install/serial_communication_pkg:/home/jsmoon/yax_jeju/install/ntrip_client:/home/jsmoon/yax_jeju/install/lidar_perception_pkg:/home/jsmoon/yax_jeju/install/latlong_utm:/home/jsmoon/yax_jeju/install/decision_making_pkg:/home/jsmoon/yax_jeju/install/debug_pkg:/home/jsmoon/yax_jeju/install/camera_perception_pkg:/opt/ros/humble LD_LIBRARY_PATH=/home/jsmoon/yax_jeju/install/ublox_gps/lib:/home/jsmoon/yax_jeju/install/ublox_msgs/lib:/home/jsmoon/yax_jeju/install/rtcm_msgs/lib:/home/jsmoon/yax_jeju/install/interfaces_pkg/lib:/opt/ros/humble/opt/rviz_ogre_vendor/lib:/opt/ros/humble/lib/x86_64-linux-gnu:/opt/ros/humble/lib:/home/jsmoon/Desktop/JSMOON/MLCS/project1/Personalized-Adaptive-Cruise/external/acados/lib PYTHONPATH=/home/jsmoon/yax_jeju/build/my_custom_pkg:/home/jsmoon/yax_jeju/install/my_custom_pkg/lib/python3.10/site-packages:/home/jsmoon/yax_jeju/build/serial_communication_pkg:/home/jsmoon/yax_jeju/install/serial_communication_pkg/lib/python3.10/site-packages:/home/jsmoon/yax_jeju/build/ntrip_client/src:/home/jsmoon/yax_jeju/install/ntrip_client/lib/python3.10/site-packages:/home/jsmoon/yax_jeju/build/lidar_perception_pkg:/home/jsmoon/yax_jeju/install/lidar_perception_pkg/lib/python3.10/site-packages:/home/jsmoon/yax_jeju/build/decision_making_pkg:/home/jsmoon/yax_jeju/install/decision_making_pkg/lib/python3.10/site-packages:/home/jsmoon/yax_jeju/build/camera_perception_pkg:/home/jsmoon/yax_jeju/install/camera_perception_pkg/lib/python3.10/site-packages:/home/jsmoon/yax_jeju/install/ublox_msgs/local/lib/python3.10/dist-packages:/home/jsmoon/yax_jeju/install/rtcm_msgs/local/lib/python3.10/dist-packages:/home/jsmoon/yax_jeju/build/latlong_utm:/home/jsmoon/yax_jeju/install/latlong_utm/lib/python3.10/site-packages:/home/jsmoon/yax_jeju/install/interfaces_pkg/local/lib/python3.10/dist-packages:/home/jsmoon/yax_jeju/build/debug_pkg:/home/jsmoon/yax_jeju/install/debug_pkg/lib/python3.10/site-packages:/opt/ros/humble/lib/python3.10/site-packages:/opt/ros/humble/local/lib/python3.10/dist-packages /usr/bin/cmake --install /home/jsmoon/yax_jeju/build/launch_pkg
[5.348s] colcon.colcon_core.environment Level 1 checking '/home/jsmoon/yax_jeju/install/launch_pkg' for CMake config files
[5.348s] colcon.colcon_core.shell Level 1 create_environment_hook('launch_pkg', 'cmake_prefix_path')
[5.348s] colcon.colcon_core.shell INFO Creating environment hook '/home/jsmoon/yax_jeju/install/launch_pkg/share/launch_pkg/hook/cmake_prefix_path.ps1'
[5.349s] colcon.colcon_core.shell INFO Creating environment descriptor '/home/jsmoon/yax_jeju/install/launch_pkg/share/launch_pkg/hook/cmake_prefix_path.dsv'
[5.349s] colcon.colcon_core.shell INFO Creating environment hook '/home/jsmoon/yax_jeju/install/launch_pkg/share/launch_pkg/hook/cmake_prefix_path.sh'
[5.349s] colcon.colcon_core.environment Level 1 checking '/home/jsmoon/yax_jeju/install/launch_pkg/bin'
[5.349s] colcon.colcon_core.environment Level 1 checking '/home/jsmoon/yax_jeju/install/launch_pkg/lib/pkgconfig/launch_pkg.pc'
[5.349s] colcon.colcon_core.environment Level 1 checking '/home/jsmoon/yax_jeju/install/launch_pkg/lib/python3.10/site-packages'
[5.350s] colcon.colcon_core.environment Level 1 checking '/home/jsmoon/yax_jeju/install/launch_pkg/bin'
[5.350s] colcon.colcon_core.shell INFO Creating package script '/home/jsmoon/yax_jeju/install/launch_pkg/share/launch_pkg/package.ps1'
[5.350s] colcon.colcon_core.shell INFO Creating package descriptor '/home/jsmoon/yax_jeju/install/launch_pkg/share/launch_pkg/package.dsv'
[5.350s] colcon.colcon_core.shell INFO Creating package script '/home/jsmoon/yax_jeju/install/launch_pkg/share/launch_pkg/package.sh'
[5.350s] colcon.colcon_core.shell INFO Creating package script '/home/jsmoon/yax_jeju/install/launch_pkg/share/launch_pkg/package.bash'
[5.351s] colcon.colcon_core.shell INFO Creating package script '/home/jsmoon/yax_jeju/install/launch_pkg/share/launch_pkg/package.zsh'
[5.351s] colcon.colcon_core.environment Level 1 create_file_with_runtime_dependencies(/home/jsmoon/yax_jeju/install/launch_pkg/share/colcon-core/packages/launch_pkg)
[5.351s] colcon.colcon_core.environment Level 1 create_environment_scripts_only(launch_pkg)
[5.351s] colcon.colcon_core.environment Level 1 checking '/home/jsmoon/yax_jeju/install/launch_pkg' for CMake module files
[5.352s] colcon.colcon_core.environment Level 1 checking '/home/jsmoon/yax_jeju/install/launch_pkg' for CMake config files
[5.352s] colcon.colcon_core.shell Level 1 create_environment_hook('launch_pkg', 'cmake_prefix_path')
[5.352s] colcon.colcon_core.shell INFO Creating environment hook '/home/jsmoon/yax_jeju/install/launch_pkg/share/launch_pkg/hook/cmake_prefix_path.ps1'
[5.352s] colcon.colcon_core.shell INFO Creating environment descriptor '/home/jsmoon/yax_jeju/install/launch_pkg/share/launch_pkg/hook/cmake_prefix_path.dsv'
[5.353s] colcon.colcon_core.shell INFO Creating environment hook '/home/jsmoon/yax_jeju/install/launch_pkg/share/launch_pkg/hook/cmake_prefix_path.sh'
[5.353s] colcon.colcon_core.environment Level 1 checking '/home/jsmoon/yax_jeju/install/launch_pkg/bin'
[5.353s] colcon.colcon_core.environment Level 1 checking '/home/jsmoon/yax_jeju/install/launch_pkg/lib/pkgconfig/launch_pkg.pc'
[5.353s] colcon.colcon_core.environment Level 1 checking '/home/jsmoon/yax_jeju/install/launch_pkg/lib/python3.10/site-packages'
[5.353s] colcon.colcon_core.environment Level 1 checking '/home/jsmoon/yax_jeju/install/launch_pkg/bin'
[5.353s] colcon.colcon_core.shell INFO Creating package script '/home/jsmoon/yax_jeju/install/launch_pkg/share/launch_pkg/package.ps1'
[5.354s] colcon.colcon_core.shell INFO Creating package descriptor '/home/jsmoon/yax_jeju/install/launch_pkg/share/launch_pkg/package.dsv'
[5.354s] colcon.colcon_core.shell INFO Creating package script '/home/jsmoon/yax_jeju/install/launch_pkg/share/launch_pkg/package.sh'
[5.354s] colcon.colcon_core.shell INFO Creating package script '/home/jsmoon/yax_jeju/install/launch_pkg/share/launch_pkg/package.bash'
[5.355s] colcon.colcon_core.shell INFO Creating package script '/home/jsmoon/yax_jeju/install/launch_pkg/share/launch_pkg/package.zsh'
[5.355s] colcon.colcon_core.environment Level 1 create_file_with_runtime_dependencies(/home/jsmoon/yax_jeju/install/launch_pkg/share/colcon-core/packages/launch_pkg)
[5.355s] colcon.colcon_parallel_executor.executor.parallel DEBUG closing loop
[5.356s] colcon.colcon_parallel_executor.executor.parallel DEBUG loop closed
[5.356s] colcon.colcon_parallel_executor.executor.parallel DEBUG run_until_complete finished with '0'
[5.356s] colcon.colcon_core.event_reactor DEBUG joining thread
[5.360s] colcon.colcon_core.plugin_system INFO Skipping extension 'colcon_notification.desktop_notification.terminal_notifier': Not used on non-Darwin systems
[5.360s] colcon.colcon_core.plugin_system INFO Skipping extension 'colcon_notification.desktop_notification.win32': Not used on non-Windows systems
[5.360s] colcon.colcon_notification.desktop_notification INFO Sending desktop notification using 'notify2'
[5.373s] colcon.colcon_core.event_reactor DEBUG joined thread
[5.374s] colcon.colcon_core.shell INFO Creating prefix script '/home/jsmoon/yax_jeju/install/local_setup.ps1'
[5.375s] colcon.colcon_core.shell INFO Creating prefix util module '/home/jsmoon/yax_jeju/install/_local_setup_util_ps1.py'
[5.376s] colcon.colcon_core.shell INFO Creating prefix chain script '/home/jsmoon/yax_jeju/install/setup.ps1'
[5.378s] colcon.colcon_core.shell INFO Creating prefix script '/home/jsmoon/yax_jeju/install/local_setup.sh'
[5.378s] colcon.colcon_core.shell INFO Creating prefix util module '/home/jsmoon/yax_jeju/install/_local_setup_util_sh.py'
[5.379s] colcon.colcon_core.shell INFO Creating prefix chain script '/home/jsmoon/yax_jeju/install/setup.sh'
[5.381s] colcon.colcon_core.shell INFO Creating prefix script '/home/jsmoon/yax_jeju/install/local_setup.bash'
[5.382s] colcon.colcon_core.shell INFO Creating prefix chain script '/home/jsmoon/yax_jeju/install/setup.bash'
[5.384s] colcon.colcon_core.shell INFO Creating prefix script '/home/jsmoon/yax_jeju/install/local_setup.zsh'
[5.384s] colcon.colcon_core.shell INFO Creating prefix chain script '/home/jsmoon/yax_jeju/install/setup.zsh'
