[0.139s] [34mcolcon[0m [1;30mDEBUG[0m [32mCommand line arguments: ['/usr/bin/colcon', 'build', '--symlink-install'][0m
[0.139s] [34mcolcon[0m [1;30mDEBUG[0m [32mParsed command line arguments: Namespace(log_base=None, log_level=None, verb_name='build', build_base='build', install_base='install', merge_install=False, symlink_install=True, test_result_base=None, continue_on_error=False, executor='parallel', parallel_workers=16, event_handlers=None, ignore_user_meta=False, metas=['./colcon.meta'], base_paths=['.'], packages_ignore=None, packages_ignore_regex=None, paths=None, packages_up_to=None, packages_up_to_regex=None, packages_above=None, packages_above_and_dependencies=None, packages_above_depth=None, packages_select_by_dep=None, packages_skip_by_dep=None, packages_skip_up_to=None, packages_select_build_failed=False, packages_skip_build_finished=False, packages_select_test_failures=False, packages_skip_test_passed=False, packages_select=None, packages_skip=None, packages_select_regex=None, packages_skip_regex=None, packages_start=None, packages_end=None, allow_overriding=[], cmake_args=None, cmake_target=None, cmake_target_skip_unavailable=False, cmake_clean_cache=False, cmake_clean_first=False, cmake_force_configure=False, ament_cmake_args=None, catkin_cmake_args=None, catkin_skip_building_tests=False, mixin_files=None, mixin=None, verb_parser=<colcon_mixin.mixin.mixin_argument.MixinArgumentDecorator object at 0x79be6e772f50>, verb_extension=<colcon_core.verb.build.BuildVerb object at 0x79be6e772a70>, main=<bound method BuildVerb.main of <colcon_core.verb.build.BuildVerb object at 0x79be6e772a70>>, mixin_verb=('build',))[0m
[0.375s] [34mcolcon.colcon_core.package_discovery[0m [1;30mLevel 1[0m discover_packages(colcon_meta) check parameters
[0.376s] [34mcolcon.colcon_core.package_discovery[0m [1;30mLevel 1[0m discover_packages(recursive) check parameters
[0.376s] [34mcolcon.colcon_core.package_discovery[0m [1;30mLevel 1[0m discover_packages(ignore) check parameters
[0.376s] [34mcolcon.colcon_core.package_discovery[0m [1;30mLevel 1[0m discover_packages(path) check parameters
[0.376s] [34mcolcon.colcon_core.package_discovery[0m [1;30mLevel 1[0m discover_packages(colcon_meta) discover
[0.376s] [34mcolcon.colcon_core.package_discovery[0m [1;30mLevel 1[0m discover_packages(recursive) discover
[0.376s] [34mcolcon.colcon_core.package_discovery[0m [1;30mINFO[0m Crawling recursively for packages in '/home/jsmoon/yax_jeju'
[0.376s] [34mcolcon.colcon_core.package_identification[0m [1;30mLevel 1[0m _identify(.) by extensions ['ignore', 'ignore_ament_install']
[0.376s] [34mcolcon.colcon_core.package_identification[0m [1;30mLevel 1[0m _identify(.) by extension 'ignore'
[0.376s] [34mcolcon.colcon_core.package_identification[0m [1;30mLevel 1[0m _identify(.) by extension 'ignore_ament_install'
[0.376s] [34mcolcon.colcon_core.package_identification[0m [1;30mLevel 1[0m _identify(.) by extensions ['colcon_pkg']
[0.376s] [34mcolcon.colcon_core.package_identification[0m [1;30mLevel 1[0m _identify(.) by extension 'colcon_pkg'
[0.376s] [34mcolcon.colcon_core.package_identification[0m [1;30mLevel 1[0m _identify(.) by extensions ['colcon_meta']
[0.376s] [34mcolcon.colcon_core.package_identification[0m [1;30mLevel 1[0m _identify(.) by extension 'colcon_meta'
[0.376s] [34mcolcon.colcon_core.package_identification[0m [1;30mLevel 1[0m _identify(.) by extensions ['ros']
[0.376s] [34mcolcon.colcon_core.package_identification[0m [1;30mLevel 1[0m _identify(.) by extension 'ros'
[0.395s] [34mcolcon.colcon_core.package_identification[0m [1;30mLevel 1[0m _identify(.) by extensions ['cmake', 'python']
[0.395s] [34mcolcon.colcon_core.package_identification[0m [1;30mLevel 1[0m _identify(.) by extension 'cmake'
[0.396s] [34mcolcon.colcon_core.package_identification[0m [1;30mLevel 1[0m _identify(.) by extension 'python'
[0.396s] [34mcolcon.colcon_core.package_identification[0m [1;30mLevel 1[0m _identify(.) by extensions ['python_setup_py']
[0.396s] [34mcolcon.colcon_core.package_identification[0m [1;30mLevel 1[0m _identify(.) by extension 'python_setup_py'
[0.396s] [34mcolcon.colcon_core.package_identification[0m [1;30mLevel 1[0m _identify(build) by extensions ['ignore', 'ignore_ament_install']
[0.396s] [34mcolcon.colcon_core.package_identification[0m [1;30mLevel 1[0m _identify(build) by extension 'ignore'
[0.396s] [34mcolcon.colcon_core.package_identification[0m [1;30mLevel 1[0m _identify(build) ignored
[0.396s] [34mcolcon.colcon_core.package_identification[0m [1;30mLevel 1[0m _identify(install) by extensions ['ignore', 'ignore_ament_install']
[0.396s] [34mcolcon.colcon_core.package_identification[0m [1;30mLevel 1[0m _identify(install) by extension 'ignore'
[0.396s] [34mcolcon.colcon_core.package_identification[0m [1;30mLevel 1[0m _identify(install) ignored
[0.396s] [34mcolcon.colcon_core.package_identification[0m [1;30mLevel 1[0m _identify(log) by extensions ['ignore', 'ignore_ament_install']
[0.396s] [34mcolcon.colcon_core.package_identification[0m [1;30mLevel 1[0m _identify(log) by extension 'ignore'
[0.396s] [34mcolcon.colcon_core.package_identification[0m [1;30mLevel 1[0m _identify(log) ignored
[0.396s] [34mcolcon.colcon_core.package_identification[0m [1;30mLevel 1[0m _identify(src) by extensions ['ignore', 'ignore_ament_install']
[0.396s] [34mcolcon.colcon_core.package_identification[0m [1;30mLevel 1[0m _identify(src) by extension 'ignore'
[0.396s] [34mcolcon.colcon_core.package_identification[0m [1;30mLevel 1[0m _identify(src) by extension 'ignore_ament_install'
[0.396s] [34mcolcon.colcon_core.package_identification[0m [1;30mLevel 1[0m _identify(src) by extensions ['colcon_pkg']
[0.396s] [34mcolcon.colcon_core.package_identification[0m [1;30mLevel 1[0m _identify(src) by extension 'colcon_pkg'
[0.396s] [34mcolcon.colcon_core.package_identification[0m [1;30mLevel 1[0m _identify(src) by extensions ['colcon_meta']
[0.396s] [34mcolcon.colcon_core.package_identification[0m [1;30mLevel 1[0m _identify(src) by extension 'colcon_meta'
[0.396s] [34mcolcon.colcon_core.package_identification[0m [1;30mLevel 1[0m _identify(src) by extensions ['ros']
[0.396s] [34mcolcon.colcon_core.package_identification[0m [1;30mLevel 1[0m _identify(src) by extension 'ros'
[0.396s] [34mcolcon.colcon_core.package_identification[0m [1;30mLevel 1[0m _identify(src) by extensions ['cmake', 'python']
[0.396s] [34mcolcon.colcon_core.package_identification[0m [1;30mLevel 1[0m _identify(src) by extension 'cmake'
[0.396s] [34mcolcon.colcon_core.package_identification[0m [1;30mLevel 1[0m _identify(src) by extension 'python'
[0.396s] [34mcolcon.colcon_core.package_identification[0m [1;30mLevel 1[0m _identify(src) by extensions ['python_setup_py']
[0.396s] [34mcolcon.colcon_core.package_identification[0m [1;30mLevel 1[0m _identify(src) by extension 'python_setup_py'
[0.396s] [34mcolcon.colcon_core.package_identification[0m [1;30mLevel 1[0m _identify(src/RTK_GPS_NTRIP) by extensions ['ignore', 'ignore_ament_install']
[0.396s] [34mcolcon.colcon_core.package_identification[0m [1;30mLevel 1[0m _identify(src/RTK_GPS_NTRIP) by extension 'ignore'
[0.396s] [34mcolcon.colcon_core.package_identification[0m [1;30mLevel 1[0m _identify(src/RTK_GPS_NTRIP) by extension 'ignore_ament_install'
[0.396s] [34mcolcon.colcon_core.package_identification[0m [1;30mLevel 1[0m _identify(src/RTK_GPS_NTRIP) by extensions ['colcon_pkg']
[0.396s] [34mcolcon.colcon_core.package_identification[0m [1;30mLevel 1[0m _identify(src/RTK_GPS_NTRIP) by extension 'colcon_pkg'
[0.396s] [34mcolcon.colcon_core.package_identification[0m [1;30mLevel 1[0m _identify(src/RTK_GPS_NTRIP) by extensions ['colcon_meta']
[0.396s] [34mcolcon.colcon_core.package_identification[0m [1;30mLevel 1[0m _identify(src/RTK_GPS_NTRIP) by extension 'colcon_meta'
[0.397s] [34mcolcon.colcon_core.package_identification[0m [1;30mLevel 1[0m _identify(src/RTK_GPS_NTRIP) by extensions ['ros']
[0.397s] [34mcolcon.colcon_core.package_identification[0m [1;30mLevel 1[0m _identify(src/RTK_GPS_NTRIP) by extension 'ros'
[0.397s] [34mcolcon.colcon_core.package_identification[0m [1;30mLevel 1[0m _identify(src/RTK_GPS_NTRIP) by extensions ['cmake', 'python']
[0.397s] [34mcolcon.colcon_core.package_identification[0m [1;30mLevel 1[0m _identify(src/RTK_GPS_NTRIP) by extension 'cmake'
[0.397s] [34mcolcon.colcon_core.package_identification[0m [1;30mLevel 1[0m _identify(src/RTK_GPS_NTRIP) by extension 'python'
[0.397s] [34mcolcon.colcon_core.package_identification[0m [1;30mLevel 1[0m _identify(src/RTK_GPS_NTRIP) by extensions ['python_setup_py']
[0.397s] [34mcolcon.colcon_core.package_identification[0m [1;30mLevel 1[0m _identify(src/RTK_GPS_NTRIP) by extension 'python_setup_py'
[0.397s] [34mcolcon.colcon_core.package_identification[0m [1;30mLevel 1[0m _identify(src/RTK_GPS_NTRIP/fix2nmea) by extensions ['ignore', 'ignore_ament_install']
[0.397s] [34mcolcon.colcon_core.package_identification[0m [1;30mLevel 1[0m _identify(src/RTK_GPS_NTRIP/fix2nmea) by extension 'ignore'
[0.397s] [34mcolcon.colcon_core.package_identification[0m [1;30mLevel 1[0m _identify(src/RTK_GPS_NTRIP/fix2nmea) by extension 'ignore_ament_install'
[0.397s] [34mcolcon.colcon_core.package_identification[0m [1;30mLevel 1[0m _identify(src/RTK_GPS_NTRIP/fix2nmea) by extensions ['colcon_pkg']
[0.397s] [34mcolcon.colcon_core.package_identification[0m [1;30mLevel 1[0m _identify(src/RTK_GPS_NTRIP/fix2nmea) by extension 'colcon_pkg'
[0.397s] [34mcolcon.colcon_core.package_identification[0m [1;30mLevel 1[0m _identify(src/RTK_GPS_NTRIP/fix2nmea) by extensions ['colcon_meta']
[0.397s] [34mcolcon.colcon_core.package_identification[0m [1;30mLevel 1[0m _identify(src/RTK_GPS_NTRIP/fix2nmea) by extension 'colcon_meta'
[0.397s] [34mcolcon.colcon_core.package_identification[0m [1;30mLevel 1[0m _identify(src/RTK_GPS_NTRIP/fix2nmea) by extensions ['ros']
[0.397s] [34mcolcon.colcon_core.package_identification[0m [1;30mLevel 1[0m _identify(src/RTK_GPS_NTRIP/fix2nmea) by extension 'ros'
[0.402s] [34mcolcon.colcon_core.package_identification[0m [1;30mDEBUG[0m [32mPackage 'src/RTK_GPS_NTRIP/fix2nmea' with type 'ros.ament_cmake' and name 'fix2nmea'[0m
[0.403s] [34mcolcon.colcon_core.package_identification[0m [1;30mLevel 1[0m _identify(src/RTK_GPS_NTRIP/ntrip_client) by extensions ['ignore', 'ignore_ament_install']
[0.403s] [34mcolcon.colcon_core.package_identification[0m [1;30mLevel 1[0m _identify(src/RTK_GPS_NTRIP/ntrip_client) by extension 'ignore'
[0.403s] [34mcolcon.colcon_core.package_identification[0m [1;30mLevel 1[0m _identify(src/RTK_GPS_NTRIP/ntrip_client) by extension 'ignore_ament_install'
[0.403s] [34mcolcon.colcon_core.package_identification[0m [1;30mLevel 1[0m _identify(src/RTK_GPS_NTRIP/ntrip_client) by extensions ['colcon_pkg']
[0.403s] [34mcolcon.colcon_core.package_identification[0m [1;30mLevel 1[0m _identify(src/RTK_GPS_NTRIP/ntrip_client) by extension 'colcon_pkg'
[0.403s] [34mcolcon.colcon_core.package_identification[0m [1;30mLevel 1[0m _identify(src/RTK_GPS_NTRIP/ntrip_client) by extensions ['colcon_meta']
[0.403s] [34mcolcon.colcon_core.package_identification[0m [1;30mLevel 1[0m _identify(src/RTK_GPS_NTRIP/ntrip_client) by extension 'colcon_meta'
[0.403s] [34mcolcon.colcon_core.package_identification[0m [1;30mLevel 1[0m _identify(src/RTK_GPS_NTRIP/ntrip_client) by extensions ['ros']
[0.403s] [34mcolcon.colcon_core.package_identification[0m [1;30mLevel 1[0m _identify(src/RTK_GPS_NTRIP/ntrip_client) by extension 'ros'
[0.403s] [34mcolcon.colcon_core.package_identification[0m [1;30mDEBUG[0m [32mPackage 'src/RTK_GPS_NTRIP/ntrip_client' with type 'ros.ament_python' and name 'ntrip_client'[0m
[0.404s] [34mcolcon.colcon_core.package_identification[0m [1;30mLevel 1[0m _identify(src/RTK_GPS_NTRIP/rtcm_msgs) by extensions ['ignore', 'ignore_ament_install']
[0.404s] [34mcolcon.colcon_core.package_identification[0m [1;30mLevel 1[0m _identify(src/RTK_GPS_NTRIP/rtcm_msgs) by extension 'ignore'
[0.404s] [34mcolcon.colcon_core.package_identification[0m [1;30mLevel 1[0m _identify(src/RTK_GPS_NTRIP/rtcm_msgs) by extension 'ignore_ament_install'
[0.404s] [34mcolcon.colcon_core.package_identification[0m [1;30mLevel 1[0m _identify(src/RTK_GPS_NTRIP/rtcm_msgs) by extensions ['colcon_pkg']
[0.404s] [34mcolcon.colcon_core.package_identification[0m [1;30mLevel 1[0m _identify(src/RTK_GPS_NTRIP/rtcm_msgs) by extension 'colcon_pkg'
[0.404s] [34mcolcon.colcon_core.package_identification[0m [1;30mLevel 1[0m _identify(src/RTK_GPS_NTRIP/rtcm_msgs) by extensions ['colcon_meta']
[0.404s] [34mcolcon.colcon_core.package_identification[0m [1;30mLevel 1[0m _identify(src/RTK_GPS_NTRIP/rtcm_msgs) by extension 'colcon_meta'
[0.404s] [34mcolcon.colcon_core.package_identification[0m [1;30mLevel 1[0m _identify(src/RTK_GPS_NTRIP/rtcm_msgs) by extensions ['ros']
[0.404s] [34mcolcon.colcon_core.package_identification[0m [1;30mLevel 1[0m _identify(src/RTK_GPS_NTRIP/rtcm_msgs) by extension 'ros'
[0.408s] [34mcolcon.colcon_core.package_identification[0m [1;30mDEBUG[0m [32mPackage 'src/RTK_GPS_NTRIP/rtcm_msgs' with type 'ros.ament_cmake' and name 'rtcm_msgs'[0m
[0.408s] [34mcolcon.colcon_core.package_identification[0m [1;30mLevel 1[0m _identify(src/RTK_GPS_NTRIP/ublox) by extensions ['ignore', 'ignore_ament_install']
[0.408s] [34mcolcon.colcon_core.package_identification[0m [1;30mLevel 1[0m _identify(src/RTK_GPS_NTRIP/ublox) by extension 'ignore'
[0.408s] [34mcolcon.colcon_core.package_identification[0m [1;30mLevel 1[0m _identify(src/RTK_GPS_NTRIP/ublox) by extension 'ignore_ament_install'
[0.408s] [34mcolcon.colcon_core.package_identification[0m [1;30mLevel 1[0m _identify(src/RTK_GPS_NTRIP/ublox) by extensions ['colcon_pkg']
[0.408s] [34mcolcon.colcon_core.package_identification[0m [1;30mLevel 1[0m _identify(src/RTK_GPS_NTRIP/ublox) by extension 'colcon_pkg'
[0.408s] [34mcolcon.colcon_core.package_identification[0m [1;30mLevel 1[0m _identify(src/RTK_GPS_NTRIP/ublox) by extensions ['colcon_meta']
[0.408s] [34mcolcon.colcon_core.package_identification[0m [1;30mLevel 1[0m _identify(src/RTK_GPS_NTRIP/ublox) by extension 'colcon_meta'
[0.408s] [34mcolcon.colcon_core.package_identification[0m [1;30mLevel 1[0m _identify(src/RTK_GPS_NTRIP/ublox) by extensions ['ros']
[0.408s] [34mcolcon.colcon_core.package_identification[0m [1;30mLevel 1[0m _identify(src/RTK_GPS_NTRIP/ublox) by extension 'ros'
[0.409s] [34mcolcon.colcon_core.package_identification[0m [1;30mDEBUG[0m [32mPackage 'src/RTK_GPS_NTRIP/ublox' with type 'ros.ament_cmake' and name 'ublox'[0m
[0.409s] [34mcolcon.colcon_core.package_identification[0m [1;30mLevel 1[0m _identify(src/RTK_GPS_NTRIP/ublox_gps) by extensions ['ignore', 'ignore_ament_install']
[0.409s] [34mcolcon.colcon_core.package_identification[0m [1;30mLevel 1[0m _identify(src/RTK_GPS_NTRIP/ublox_gps) by extension 'ignore'
[0.409s] [34mcolcon.colcon_core.package_identification[0m [1;30mLevel 1[0m _identify(src/RTK_GPS_NTRIP/ublox_gps) by extension 'ignore_ament_install'
[0.409s] [34mcolcon.colcon_core.package_identification[0m [1;30mLevel 1[0m _identify(src/RTK_GPS_NTRIP/ublox_gps) by extensions ['colcon_pkg']
[0.409s] [34mcolcon.colcon_core.package_identification[0m [1;30mLevel 1[0m _identify(src/RTK_GPS_NTRIP/ublox_gps) by extension 'colcon_pkg'
[0.409s] [34mcolcon.colcon_core.package_identification[0m [1;30mLevel 1[0m _identify(src/RTK_GPS_NTRIP/ublox_gps) by extensions ['colcon_meta']
[0.409s] [34mcolcon.colcon_core.package_identification[0m [1;30mLevel 1[0m _identify(src/RTK_GPS_NTRIP/ublox_gps) by extension 'colcon_meta'
[0.409s] [34mcolcon.colcon_core.package_identification[0m [1;30mLevel 1[0m _identify(src/RTK_GPS_NTRIP/ublox_gps) by extensions ['ros']
[0.409s] [34mcolcon.colcon_core.package_identification[0m [1;30mLevel 1[0m _identify(src/RTK_GPS_NTRIP/ublox_gps) by extension 'ros'
[0.410s] [34mcolcon.colcon_core.package_identification[0m [1;30mDEBUG[0m [32mPackage 'src/RTK_GPS_NTRIP/ublox_gps' with type 'ros.ament_cmake' and name 'ublox_gps'[0m
[0.410s] [34mcolcon.colcon_core.package_identification[0m [1;30mLevel 1[0m _identify(src/RTK_GPS_NTRIP/ublox_msgs) by extensions ['ignore', 'ignore_ament_install']
[0.410s] [34mcolcon.colcon_core.package_identification[0m [1;30mLevel 1[0m _identify(src/RTK_GPS_NTRIP/ublox_msgs) by extension 'ignore'
[0.410s] [34mcolcon.colcon_core.package_identification[0m [1;30mLevel 1[0m _identify(src/RTK_GPS_NTRIP/ublox_msgs) by extension 'ignore_ament_install'
[0.410s] [34mcolcon.colcon_core.package_identification[0m [1;30mLevel 1[0m _identify(src/RTK_GPS_NTRIP/ublox_msgs) by extensions ['colcon_pkg']
[0.410s] [34mcolcon.colcon_core.package_identification[0m [1;30mLevel 1[0m _identify(src/RTK_GPS_NTRIP/ublox_msgs) by extension 'colcon_pkg'
[0.410s] [34mcolcon.colcon_core.package_identification[0m [1;30mLevel 1[0m _identify(src/RTK_GPS_NTRIP/ublox_msgs) by extensions ['colcon_meta']
[0.410s] [34mcolcon.colcon_core.package_identification[0m [1;30mLevel 1[0m _identify(src/RTK_GPS_NTRIP/ublox_msgs) by extension 'colcon_meta'
[0.410s] [34mcolcon.colcon_core.package_identification[0m [1;30mLevel 1[0m _identify(src/RTK_GPS_NTRIP/ublox_msgs) by extensions ['ros']
[0.410s] [34mcolcon.colcon_core.package_identification[0m [1;30mLevel 1[0m _identify(src/RTK_GPS_NTRIP/ublox_msgs) by extension 'ros'
[0.411s] [34mcolcon.colcon_core.package_identification[0m [1;30mDEBUG[0m [32mPackage 'src/RTK_GPS_NTRIP/ublox_msgs' with type 'ros.ament_cmake' and name 'ublox_msgs'[0m
[0.411s] [34mcolcon.colcon_core.package_identification[0m [1;30mLevel 1[0m _identify(src/RTK_GPS_NTRIP/ublox_serialization) by extensions ['ignore', 'ignore_ament_install']
[0.411s] [34mcolcon.colcon_core.package_identification[0m [1;30mLevel 1[0m _identify(src/RTK_GPS_NTRIP/ublox_serialization) by extension 'ignore'
[0.411s] [34mcolcon.colcon_core.package_identification[0m [1;30mLevel 1[0m _identify(src/RTK_GPS_NTRIP/ublox_serialization) by extension 'ignore_ament_install'
[0.411s] [34mcolcon.colcon_core.package_identification[0m [1;30mLevel 1[0m _identify(src/RTK_GPS_NTRIP/ublox_serialization) by extensions ['colcon_pkg']
[0.411s] [34mcolcon.colcon_core.package_identification[0m [1;30mLevel 1[0m _identify(src/RTK_GPS_NTRIP/ublox_serialization) by extension 'colcon_pkg'
[0.411s] [34mcolcon.colcon_core.package_identification[0m [1;30mLevel 1[0m _identify(src/RTK_GPS_NTRIP/ublox_serialization) by extensions ['colcon_meta']
[0.411s] [34mcolcon.colcon_core.package_identification[0m [1;30mLevel 1[0m _identify(src/RTK_GPS_NTRIP/ublox_serialization) by extension 'colcon_meta'
[0.411s] [34mcolcon.colcon_core.package_identification[0m [1;30mLevel 1[0m _identify(src/RTK_GPS_NTRIP/ublox_serialization) by extensions ['ros']
[0.411s] [34mcolcon.colcon_core.package_identification[0m [1;30mLevel 1[0m _identify(src/RTK_GPS_NTRIP/ublox_serialization) by extension 'ros'
[0.412s] [34mcolcon.colcon_core.package_identification[0m [1;30mDEBUG[0m [32mPackage 'src/RTK_GPS_NTRIP/ublox_serialization' with type 'ros.ament_cmake' and name 'ublox_serialization'[0m
[0.412s] [34mcolcon.colcon_core.package_identification[0m [1;30mLevel 1[0m _identify(src/UTM_conversion) by extensions ['ignore', 'ignore_ament_install']
[0.412s] [34mcolcon.colcon_core.package_identification[0m [1;30mLevel 1[0m _identify(src/UTM_conversion) by extension 'ignore'
[0.412s] [34mcolcon.colcon_core.package_identification[0m [1;30mLevel 1[0m _identify(src/UTM_conversion) by extension 'ignore_ament_install'
[0.412s] [34mcolcon.colcon_core.package_identification[0m [1;30mLevel 1[0m _identify(src/UTM_conversion) by extensions ['colcon_pkg']
[0.412s] [34mcolcon.colcon_core.package_identification[0m [1;30mLevel 1[0m _identify(src/UTM_conversion) by extension 'colcon_pkg'
[0.412s] [34mcolcon.colcon_core.package_identification[0m [1;30mLevel 1[0m _identify(src/UTM_conversion) by extensions ['colcon_meta']
[0.412s] [34mcolcon.colcon_core.package_identification[0m [1;30mLevel 1[0m _identify(src/UTM_conversion) by extension 'colcon_meta'
[0.412s] [34mcolcon.colcon_core.package_identification[0m [1;30mLevel 1[0m _identify(src/UTM_conversion) by extensions ['ros']
[0.412s] [34mcolcon.colcon_core.package_identification[0m [1;30mLevel 1[0m _identify(src/UTM_conversion) by extension 'ros'
[0.412s] [34mcolcon.colcon_core.package_identification[0m [1;30mLevel 1[0m _identify(src/UTM_conversion) by extensions ['cmake', 'python']
[0.412s] [34mcolcon.colcon_core.package_identification[0m [1;30mLevel 1[0m _identify(src/UTM_conversion) by extension 'cmake'
[0.412s] [34mcolcon.colcon_core.package_identification[0m [1;30mLevel 1[0m _identify(src/UTM_conversion) by extension 'python'
[0.412s] [34mcolcon.colcon_core.package_identification[0m [1;30mLevel 1[0m _identify(src/UTM_conversion) by extensions ['python_setup_py']
[0.412s] [34mcolcon.colcon_core.package_identification[0m [1;30mLevel 1[0m _identify(src/UTM_conversion) by extension 'python_setup_py'
[0.412s] [34mcolcon.colcon_core.package_identification[0m [1;30mLevel 1[0m _identify(src/UTM_conversion/src) by extensions ['ignore', 'ignore_ament_install']
[0.412s] [34mcolcon.colcon_core.package_identification[0m [1;30mLevel 1[0m _identify(src/UTM_conversion/src) by extension 'ignore'
[0.412s] [34mcolcon.colcon_core.package_identification[0m [1;30mLevel 1[0m _identify(src/UTM_conversion/src) by extension 'ignore_ament_install'
[0.412s] [34mcolcon.colcon_core.package_identification[0m [1;30mLevel 1[0m _identify(src/UTM_conversion/src) by extensions ['colcon_pkg']
[0.412s] [34mcolcon.colcon_core.package_identification[0m [1;30mLevel 1[0m _identify(src/UTM_conversion/src) by extension 'colcon_pkg'
[0.412s] [34mcolcon.colcon_core.package_identification[0m [1;30mLevel 1[0m _identify(src/UTM_conversion/src) by extensions ['colcon_meta']
[0.412s] [34mcolcon.colcon_core.package_identification[0m [1;30mLevel 1[0m _identify(src/UTM_conversion/src) by extension 'colcon_meta'
[0.412s] [34mcolcon.colcon_core.package_identification[0m [1;30mLevel 1[0m _identify(src/UTM_conversion/src) by extensions ['ros']
[0.412s] [34mcolcon.colcon_core.package_identification[0m [1;30mLevel 1[0m _identify(src/UTM_conversion/src) by extension 'ros'
[0.412s] [34mcolcon.colcon_core.package_identification[0m [1;30mLevel 1[0m _identify(src/UTM_conversion/src) by extensions ['cmake', 'python']
[0.412s] [34mcolcon.colcon_core.package_identification[0m [1;30mLevel 1[0m _identify(src/UTM_conversion/src) by extension 'cmake'
[0.412s] [34mcolcon.colcon_core.package_identification[0m [1;30mLevel 1[0m _identify(src/UTM_conversion/src) by extension 'python'
[0.412s] [34mcolcon.colcon_core.package_identification[0m [1;30mLevel 1[0m _identify(src/UTM_conversion/src) by extensions ['python_setup_py']
[0.412s] [34mcolcon.colcon_core.package_identification[0m [1;30mLevel 1[0m _identify(src/UTM_conversion/src) by extension 'python_setup_py'
[0.412s] [34mcolcon.colcon_core.package_identification[0m [1;30mLevel 1[0m _identify(src/UTM_conversion/src/latlong_utm) by extensions ['ignore', 'ignore_ament_install']
[0.412s] [34mcolcon.colcon_core.package_identification[0m [1;30mLevel 1[0m _identify(src/UTM_conversion/src/latlong_utm) by extension 'ignore'
[0.412s] [34mcolcon.colcon_core.package_identification[0m [1;30mLevel 1[0m _identify(src/UTM_conversion/src/latlong_utm) by extension 'ignore_ament_install'
[0.412s] [34mcolcon.colcon_core.package_identification[0m [1;30mLevel 1[0m _identify(src/UTM_conversion/src/latlong_utm) by extensions ['colcon_pkg']
[0.412s] [34mcolcon.colcon_core.package_identification[0m [1;30mLevel 1[0m _identify(src/UTM_conversion/src/latlong_utm) by extension 'colcon_pkg'
[0.412s] [34mcolcon.colcon_core.package_identification[0m [1;30mLevel 1[0m _identify(src/UTM_conversion/src/latlong_utm) by extensions ['colcon_meta']
[0.412s] [34mcolcon.colcon_core.package_identification[0m [1;30mLevel 1[0m _identify(src/UTM_conversion/src/latlong_utm) by extension 'colcon_meta'
[0.413s] [34mcolcon.colcon_core.package_identification[0m [1;30mLevel 1[0m _identify(src/UTM_conversion/src/latlong_utm) by extensions ['ros']
[0.413s] [34mcolcon.colcon_core.package_identification[0m [1;30mLevel 1[0m _identify(src/UTM_conversion/src/latlong_utm) by extension 'ros'
[0.413s] [34mcolcon.colcon_core.package_identification[0m [1;30mDEBUG[0m [32mPackage 'src/UTM_conversion/src/latlong_utm' with type 'ros.ament_python' and name 'latlong_utm'[0m
[0.413s] [34mcolcon.colcon_core.package_identification[0m [1;30mLevel 1[0m _identify(src/build) by extensions ['ignore', 'ignore_ament_install']
[0.413s] [34mcolcon.colcon_core.package_identification[0m [1;30mLevel 1[0m _identify(src/build) by extension 'ignore'
[0.413s] [34mcolcon.colcon_core.package_identification[0m [1;30mLevel 1[0m _identify(src/build) ignored
[0.413s] [34mcolcon.colcon_core.package_identification[0m [1;30mLevel 1[0m _identify(src/camera_perception_pkg) by extensions ['ignore', 'ignore_ament_install']
[0.413s] [34mcolcon.colcon_core.package_identification[0m [1;30mLevel 1[0m _identify(src/camera_perception_pkg) by extension 'ignore'
[0.413s] [34mcolcon.colcon_core.package_identification[0m [1;30mLevel 1[0m _identify(src/camera_perception_pkg) by extension 'ignore_ament_install'
[0.413s] [34mcolcon.colcon_core.package_identification[0m [1;30mLevel 1[0m _identify(src/camera_perception_pkg) by extensions ['colcon_pkg']
[0.413s] [34mcolcon.colcon_core.package_identification[0m [1;30mLevel 1[0m _identify(src/camera_perception_pkg) by extension 'colcon_pkg'
[0.413s] [34mcolcon.colcon_core.package_identification[0m [1;30mLevel 1[0m _identify(src/camera_perception_pkg) by extensions ['colcon_meta']
[0.413s] [34mcolcon.colcon_core.package_identification[0m [1;30mLevel 1[0m _identify(src/camera_perception_pkg) by extension 'colcon_meta'
[0.413s] [34mcolcon.colcon_core.package_identification[0m [1;30mLevel 1[0m _identify(src/camera_perception_pkg) by extensions ['ros']
[0.413s] [34mcolcon.colcon_core.package_identification[0m [1;30mLevel 1[0m _identify(src/camera_perception_pkg) by extension 'ros'
[0.414s] [34mcolcon.colcon_core.package_identification[0m [1;30mDEBUG[0m [32mPackage 'src/camera_perception_pkg' with type 'ros.ament_python' and name 'camera_perception_pkg'[0m
[0.414s] [34mcolcon.colcon_core.package_identification[0m [1;30mLevel 1[0m _identify(src/control) by extensions ['ignore', 'ignore_ament_install']
[0.414s] [34mcolcon.colcon_core.package_identification[0m [1;30mLevel 1[0m _identify(src/control) by extension 'ignore'
[0.414s] [34mcolcon.colcon_core.package_identification[0m [1;30mLevel 1[0m _identify(src/control) by extension 'ignore_ament_install'
[0.414s] [34mcolcon.colcon_core.package_identification[0m [1;30mLevel 1[0m _identify(src/control) by extensions ['colcon_pkg']
[0.414s] [34mcolcon.colcon_core.package_identification[0m [1;30mLevel 1[0m _identify(src/control) by extension 'colcon_pkg'
[0.414s] [34mcolcon.colcon_core.package_identification[0m [1;30mLevel 1[0m _identify(src/control) by extensions ['colcon_meta']
[0.414s] [34mcolcon.colcon_core.package_identification[0m [1;30mLevel 1[0m _identify(src/control) by extension 'colcon_meta'
[0.414s] [34mcolcon.colcon_core.package_identification[0m [1;30mLevel 1[0m _identify(src/control) by extensions ['ros']
[0.414s] [34mcolcon.colcon_core.package_identification[0m [1;30mLevel 1[0m _identify(src/control) by extension 'ros'
[0.414s] [34mcolcon.colcon_core.package_identification[0m [1;30mLevel 1[0m _identify(src/control) by extensions ['cmake', 'python']
[0.414s] [34mcolcon.colcon_core.package_identification[0m [1;30mLevel 1[0m _identify(src/control) by extension 'cmake'
[0.414s] [34mcolcon.colcon_core.package_identification[0m [1;30mLevel 1[0m _identify(src/control) by extension 'python'
[0.414s] [34mcolcon.colcon_core.package_identification[0m [1;30mLevel 1[0m _identify(src/control) by extensions ['python_setup_py']
[0.414s] [34mcolcon.colcon_core.package_identification[0m [1;30mLevel 1[0m _identify(src/control) by extension 'python_setup_py'
[0.414s] [34mcolcon.colcon_core.package_identification[0m [1;30mLevel 1[0m _identify(src/control/check_variable_resistor) by extensions ['ignore', 'ignore_ament_install']
[0.414s] [34mcolcon.colcon_core.package_identification[0m [1;30mLevel 1[0m _identify(src/control/check_variable_resistor) by extension 'ignore'
[0.414s] [34mcolcon.colcon_core.package_identification[0m [1;30mLevel 1[0m _identify(src/control/check_variable_resistor) by extension 'ignore_ament_install'
[0.414s] [34mcolcon.colcon_core.package_identification[0m [1;30mLevel 1[0m _identify(src/control/check_variable_resistor) by extensions ['colcon_pkg']
[0.414s] [34mcolcon.colcon_core.package_identification[0m [1;30mLevel 1[0m _identify(src/control/check_variable_resistor) by extension 'colcon_pkg'
[0.414s] [34mcolcon.colcon_core.package_identification[0m [1;30mLevel 1[0m _identify(src/control/check_variable_resistor) by extensions ['colcon_meta']
[0.414s] [34mcolcon.colcon_core.package_identification[0m [1;30mLevel 1[0m _identify(src/control/check_variable_resistor) by extension 'colcon_meta'
[0.414s] [34mcolcon.colcon_core.package_identification[0m [1;30mLevel 1[0m _identify(src/control/check_variable_resistor) by extensions ['ros']
[0.414s] [34mcolcon.colcon_core.package_identification[0m [1;30mLevel 1[0m _identify(src/control/check_variable_resistor) by extension 'ros'
[0.414s] [34mcolcon.colcon_core.package_identification[0m [1;30mLevel 1[0m _identify(src/control/check_variable_resistor) by extensions ['cmake', 'python']
[0.415s] [34mcolcon.colcon_core.package_identification[0m [1;30mLevel 1[0m _identify(src/control/check_variable_resistor) by extension 'cmake'
[0.415s] [34mcolcon.colcon_core.package_identification[0m [1;30mLevel 1[0m _identify(src/control/check_variable_resistor) by extension 'python'
[0.415s] [34mcolcon.colcon_core.package_identification[0m [1;30mLevel 1[0m _identify(src/control/check_variable_resistor) by extensions ['python_setup_py']
[0.415s] [34mcolcon.colcon_core.package_identification[0m [1;30mLevel 1[0m _identify(src/control/check_variable_resistor) by extension 'python_setup_py'
[0.415s] [34mcolcon.colcon_core.package_identification[0m [1;30mLevel 1[0m _identify(src/control/driving) by extensions ['ignore', 'ignore_ament_install']
[0.415s] [34mcolcon.colcon_core.package_identification[0m [1;30mLevel 1[0m _identify(src/control/driving) by extension 'ignore'
[0.415s] [34mcolcon.colcon_core.package_identification[0m [1;30mLevel 1[0m _identify(src/control/driving) by extension 'ignore_ament_install'
[0.415s] [34mcolcon.colcon_core.package_identification[0m [1;30mLevel 1[0m _identify(src/control/driving) by extensions ['colcon_pkg']
[0.415s] [34mcolcon.colcon_core.package_identification[0m [1;30mLevel 1[0m _identify(src/control/driving) by extension 'colcon_pkg'
[0.415s] [34mcolcon.colcon_core.package_identification[0m [1;30mLevel 1[0m _identify(src/control/driving) by extensions ['colcon_meta']
[0.415s] [34mcolcon.colcon_core.package_identification[0m [1;30mLevel 1[0m _identify(src/control/driving) by extension 'colcon_meta'
[0.415s] [34mcolcon.colcon_core.package_identification[0m [1;30mLevel 1[0m _identify(src/control/driving) by extensions ['ros']
[0.415s] [34mcolcon.colcon_core.package_identification[0m [1;30mLevel 1[0m _identify(src/control/driving) by extension 'ros'
[0.415s] [34mcolcon.colcon_core.package_identification[0m [1;30mLevel 1[0m _identify(src/control/driving) by extensions ['cmake', 'python']
[0.415s] [34mcolcon.colcon_core.package_identification[0m [1;30mLevel 1[0m _identify(src/control/driving) by extension 'cmake'
[0.415s] [34mcolcon.colcon_core.package_identification[0m [1;30mLevel 1[0m _identify(src/control/driving) by extension 'python'
[0.415s] [34mcolcon.colcon_core.package_identification[0m [1;30mLevel 1[0m _identify(src/control/driving) by extensions ['python_setup_py']
[0.415s] [34mcolcon.colcon_core.package_identification[0m [1;30mLevel 1[0m _identify(src/control/driving) by extension 'python_setup_py'
[0.415s] [34mcolcon.colcon_core.package_identification[0m [1;30mLevel 1[0m _identify(src/control/motor_test) by extensions ['ignore', 'ignore_ament_install']
[0.415s] [34mcolcon.colcon_core.package_identification[0m [1;30mLevel 1[0m _identify(src/control/motor_test) by extension 'ignore'
[0.415s] [34mcolcon.colcon_core.package_identification[0m [1;30mLevel 1[0m _identify(src/control/motor_test) by extension 'ignore_ament_install'
[0.415s] [34mcolcon.colcon_core.package_identification[0m [1;30mLevel 1[0m _identify(src/control/motor_test) by extensions ['colcon_pkg']
[0.415s] [34mcolcon.colcon_core.package_identification[0m [1;30mLevel 1[0m _identify(src/control/motor_test) by extension 'colcon_pkg'
[0.415s] [34mcolcon.colcon_core.package_identification[0m [1;30mLevel 1[0m _identify(src/control/motor_test) by extensions ['colcon_meta']
[0.415s] [34mcolcon.colcon_core.package_identification[0m [1;30mLevel 1[0m _identify(src/control/motor_test) by extension 'colcon_meta'
[0.415s] [34mcolcon.colcon_core.package_identification[0m [1;30mLevel 1[0m _identify(src/control/motor_test) by extensions ['ros']
[0.415s] [34mcolcon.colcon_core.package_identification[0m [1;30mLevel 1[0m _identify(src/control/motor_test) by extension 'ros'
[0.415s] [34mcolcon.colcon_core.package_identification[0m [1;30mLevel 1[0m _identify(src/control/motor_test) by extensions ['cmake', 'python']
[0.415s] [34mcolcon.colcon_core.package_identification[0m [1;30mLevel 1[0m _identify(src/control/motor_test) by extension 'cmake'
[0.415s] [34mcolcon.colcon_core.package_identification[0m [1;30mLevel 1[0m _identify(src/control/motor_test) by extension 'python'
[0.415s] [34mcolcon.colcon_core.package_identification[0m [1;30mLevel 1[0m _identify(src/control/motor_test) by extensions ['python_setup_py']
[0.415s] [34mcolcon.colcon_core.package_identification[0m [1;30mLevel 1[0m _identify(src/control/motor_test) by extension 'python_setup_py'
[0.415s] [34mcolcon.colcon_core.package_identification[0m [1;30mLevel 1[0m _identify(src/control/ultrasonic) by extensions ['ignore', 'ignore_ament_install']
[0.415s] [34mcolcon.colcon_core.package_identification[0m [1;30mLevel 1[0m _identify(src/control/ultrasonic) by extension 'ignore'
[0.415s] [34mcolcon.colcon_core.package_identification[0m [1;30mLevel 1[0m _identify(src/control/ultrasonic) by extension 'ignore_ament_install'
[0.415s] [34mcolcon.colcon_core.package_identification[0m [1;30mLevel 1[0m _identify(src/control/ultrasonic) by extensions ['colcon_pkg']
[0.415s] [34mcolcon.colcon_core.package_identification[0m [1;30mLevel 1[0m _identify(src/control/ultrasonic) by extension 'colcon_pkg'
[0.415s] [34mcolcon.colcon_core.package_identification[0m [1;30mLevel 1[0m _identify(src/control/ultrasonic) by extensions ['colcon_meta']
[0.415s] [34mcolcon.colcon_core.package_identification[0m [1;30mLevel 1[0m _identify(src/control/ultrasonic) by extension 'colcon_meta'
[0.415s] [34mcolcon.colcon_core.package_identification[0m [1;30mLevel 1[0m _identify(src/control/ultrasonic) by extensions ['ros']
[0.415s] [34mcolcon.colcon_core.package_identification[0m [1;30mLevel 1[0m _identify(src/control/ultrasonic) by extension 'ros'
[0.415s] [34mcolcon.colcon_core.package_identification[0m [1;30mLevel 1[0m _identify(src/control/ultrasonic) by extensions ['cmake', 'python']
[0.415s] [34mcolcon.colcon_core.package_identification[0m [1;30mLevel 1[0m _identify(src/control/ultrasonic) by extension 'cmake'
[0.415s] [34mcolcon.colcon_core.package_identification[0m [1;30mLevel 1[0m _identify(src/control/ultrasonic) by extension 'python'
[0.415s] [34mcolcon.colcon_core.package_identification[0m [1;30mLevel 1[0m _identify(src/control/ultrasonic) by extensions ['python_setup_py']
[0.415s] [34mcolcon.colcon_core.package_identification[0m [1;30mLevel 1[0m _identify(src/control/ultrasonic) by extension 'python_setup_py'
[0.415s] [34mcolcon.colcon_core.package_identification[0m [1;30mLevel 1[0m _identify(src/data_collection) by extensions ['ignore', 'ignore_ament_install']
[0.415s] [34mcolcon.colcon_core.package_identification[0m [1;30mLevel 1[0m _identify(src/data_collection) by extension 'ignore'
[0.416s] [34mcolcon.colcon_core.package_identification[0m [1;30mLevel 1[0m _identify(src/data_collection) by extension 'ignore_ament_install'
[0.416s] [34mcolcon.colcon_core.package_identification[0m [1;30mLevel 1[0m _identify(src/data_collection) by extensions ['colcon_pkg']
[0.416s] [34mcolcon.colcon_core.package_identification[0m [1;30mLevel 1[0m _identify(src/data_collection) by extension 'colcon_pkg'
[0.416s] [34mcolcon.colcon_core.package_identification[0m [1;30mLevel 1[0m _identify(src/data_collection) by extensions ['colcon_meta']
[0.416s] [34mcolcon.colcon_core.package_identification[0m [1;30mLevel 1[0m _identify(src/data_collection) by extension 'colcon_meta'
[0.416s] [34mcolcon.colcon_core.package_identification[0m [1;30mLevel 1[0m _identify(src/data_collection) by extensions ['ros']
[0.416s] [34mcolcon.colcon_core.package_identification[0m [1;30mLevel 1[0m _identify(src/data_collection) by extension 'ros'
[0.416s] [34mcolcon.colcon_core.package_identification[0m [1;30mLevel 1[0m _identify(src/data_collection) by extensions ['cmake', 'python']
[0.416s] [34mcolcon.colcon_core.package_identification[0m [1;30mLevel 1[0m _identify(src/data_collection) by extension 'cmake'
[0.416s] [34mcolcon.colcon_core.package_identification[0m [1;30mLevel 1[0m _identify(src/data_collection) by extension 'python'
[0.416s] [34mcolcon.colcon_core.package_identification[0m [1;30mLevel 1[0m _identify(src/data_collection) by extensions ['python_setup_py']
[0.416s] [34mcolcon.colcon_core.package_identification[0m [1;30mLevel 1[0m _identify(src/data_collection) by extension 'python_setup_py'
[0.416s] [34mcolcon.colcon_core.package_identification[0m [1;30mLevel 1[0m _identify(src/debug_pkg) by extensions ['ignore', 'ignore_ament_install']
[0.416s] [34mcolcon.colcon_core.package_identification[0m [1;30mLevel 1[0m _identify(src/debug_pkg) by extension 'ignore'
[0.416s] [34mcolcon.colcon_core.package_identification[0m [1;30mLevel 1[0m _identify(src/debug_pkg) by extension 'ignore_ament_install'
[0.416s] [34mcolcon.colcon_core.package_identification[0m [1;30mLevel 1[0m _identify(src/debug_pkg) by extensions ['colcon_pkg']
[0.416s] [34mcolcon.colcon_core.package_identification[0m [1;30mLevel 1[0m _identify(src/debug_pkg) by extension 'colcon_pkg'
[0.416s] [34mcolcon.colcon_core.package_identification[0m [1;30mLevel 1[0m _identify(src/debug_pkg) by extensions ['colcon_meta']
[0.416s] [34mcolcon.colcon_core.package_identification[0m [1;30mLevel 1[0m _identify(src/debug_pkg) by extension 'colcon_meta'
[0.416s] [34mcolcon.colcon_core.package_identification[0m [1;30mLevel 1[0m _identify(src/debug_pkg) by extensions ['ros']
[0.416s] [34mcolcon.colcon_core.package_identification[0m [1;30mLevel 1[0m _identify(src/debug_pkg) by extension 'ros'
[0.416s] [34mcolcon.colcon_core.package_identification[0m [1;30mDEBUG[0m [32mPackage 'src/debug_pkg' with type 'ros.ament_python' and name 'debug_pkg'[0m
[0.416s] [34mcolcon.colcon_core.package_identification[0m [1;30mLevel 1[0m _identify(src/decision_making_pkg) by extensions ['ignore', 'ignore_ament_install']
[0.416s] [34mcolcon.colcon_core.package_identification[0m [1;30mLevel 1[0m _identify(src/decision_making_pkg) by extension 'ignore'
[0.416s] [34mcolcon.colcon_core.package_identification[0m [1;30mLevel 1[0m _identify(src/decision_making_pkg) by extension 'ignore_ament_install'
[0.416s] [34mcolcon.colcon_core.package_identification[0m [1;30mLevel 1[0m _identify(src/decision_making_pkg) by extensions ['colcon_pkg']
[0.417s] [34mcolcon.colcon_core.package_identification[0m [1;30mLevel 1[0m _identify(src/decision_making_pkg) by extension 'colcon_pkg'
[0.417s] [34mcolcon.colcon_core.package_identification[0m [1;30mLevel 1[0m _identify(src/decision_making_pkg) by extensions ['colcon_meta']
[0.417s] [34mcolcon.colcon_core.package_identification[0m [1;30mLevel 1[0m _identify(src/decision_making_pkg) by extension 'colcon_meta'
[0.417s] [34mcolcon.colcon_core.package_identification[0m [1;30mLevel 1[0m _identify(src/decision_making_pkg) by extensions ['ros']
[0.417s] [34mcolcon.colcon_core.package_identification[0m [1;30mLevel 1[0m _identify(src/decision_making_pkg) by extension 'ros'
[0.417s] [34mcolcon.colcon_core.package_identification[0m [1;30mDEBUG[0m [32mPackage 'src/decision_making_pkg' with type 'ros.ament_python' and name 'decision_making_pkg'[0m
[0.417s] [34mcolcon.colcon_core.package_identification[0m [1;30mLevel 1[0m _identify(src/install) by extensions ['ignore', 'ignore_ament_install']
[0.417s] [34mcolcon.colcon_core.package_identification[0m [1;30mLevel 1[0m _identify(src/install) by extension 'ignore'
[0.417s] [34mcolcon.colcon_core.package_identification[0m [1;30mLevel 1[0m _identify(src/install) ignored
[0.417s] [34mcolcon.colcon_core.package_identification[0m [1;30mLevel 1[0m _identify(src/interfaces_pkg) by extensions ['ignore', 'ignore_ament_install']
[0.417s] [34mcolcon.colcon_core.package_identification[0m [1;30mLevel 1[0m _identify(src/interfaces_pkg) by extension 'ignore'
[0.417s] [34mcolcon.colcon_core.package_identification[0m [1;30mLevel 1[0m _identify(src/interfaces_pkg) by extension 'ignore_ament_install'
[0.417s] [34mcolcon.colcon_core.package_identification[0m [1;30mLevel 1[0m _identify(src/interfaces_pkg) by extensions ['colcon_pkg']
[0.417s] [34mcolcon.colcon_core.package_identification[0m [1;30mLevel 1[0m _identify(src/interfaces_pkg) by extension 'colcon_pkg'
[0.417s] [34mcolcon.colcon_core.package_identification[0m [1;30mLevel 1[0m _identify(src/interfaces_pkg) by extensions ['colcon_meta']
[0.417s] [34mcolcon.colcon_core.package_identification[0m [1;30mLevel 1[0m _identify(src/interfaces_pkg) by extension 'colcon_meta'
[0.417s] [34mcolcon.colcon_core.package_identification[0m [1;30mLevel 1[0m _identify(src/interfaces_pkg) by extensions ['ros']
[0.417s] [34mcolcon.colcon_core.package_identification[0m [1;30mLevel 1[0m _identify(src/interfaces_pkg) by extension 'ros'
[0.418s] [34mcolcon.colcon_core.package_identification[0m [1;30mDEBUG[0m [32mPackage 'src/interfaces_pkg' with type 'ros.ament_cmake' and name 'interfaces_pkg'[0m
[0.418s] [34mcolcon.colcon_core.package_identification[0m [1;30mLevel 1[0m _identify(src/launch_pkg) by extensions ['ignore', 'ignore_ament_install']
[0.418s] [34mcolcon.colcon_core.package_identification[0m [1;30mLevel 1[0m _identify(src/launch_pkg) by extension 'ignore'
[0.418s] [34mcolcon.colcon_core.package_identification[0m [1;30mLevel 1[0m _identify(src/launch_pkg) by extension 'ignore_ament_install'
[0.418s] [34mcolcon.colcon_core.package_identification[0m [1;30mLevel 1[0m _identify(src/launch_pkg) by extensions ['colcon_pkg']
[0.418s] [34mcolcon.colcon_core.package_identification[0m [1;30mLevel 1[0m _identify(src/launch_pkg) by extension 'colcon_pkg'
[0.418s] [34mcolcon.colcon_core.package_identification[0m [1;30mLevel 1[0m _identify(src/launch_pkg) by extensions ['colcon_meta']
[0.418s] [34mcolcon.colcon_core.package_identification[0m [1;30mLevel 1[0m _identify(src/launch_pkg) by extension 'colcon_meta'
[0.418s] [34mcolcon.colcon_core.package_identification[0m [1;30mLevel 1[0m _identify(src/launch_pkg) by extensions ['ros']
[0.418s] [34mcolcon.colcon_core.package_identification[0m [1;30mLevel 1[0m _identify(src/launch_pkg) by extension 'ros'
[0.419s] [34mcolcon.colcon_core.package_identification[0m [1;30mDEBUG[0m [32mPackage 'src/launch_pkg' with type 'ros.ament_cmake' and name 'launch_pkg'[0m
[0.419s] [34mcolcon.colcon_core.package_identification[0m [1;30mLevel 1[0m _identify(src/lidar_perception_pkg) by extensions ['ignore', 'ignore_ament_install']
[0.419s] [34mcolcon.colcon_core.package_identification[0m [1;30mLevel 1[0m _identify(src/lidar_perception_pkg) by extension 'ignore'
[0.419s] [34mcolcon.colcon_core.package_identification[0m [1;30mLevel 1[0m _identify(src/lidar_perception_pkg) by extension 'ignore_ament_install'
[0.419s] [34mcolcon.colcon_core.package_identification[0m [1;30mLevel 1[0m _identify(src/lidar_perception_pkg) by extensions ['colcon_pkg']
[0.419s] [34mcolcon.colcon_core.package_identification[0m [1;30mLevel 1[0m _identify(src/lidar_perception_pkg) by extension 'colcon_pkg'
[0.419s] [34mcolcon.colcon_core.package_identification[0m [1;30mLevel 1[0m _identify(src/lidar_perception_pkg) by extensions ['colcon_meta']
[0.419s] [34mcolcon.colcon_core.package_identification[0m [1;30mLevel 1[0m _identify(src/lidar_perception_pkg) by extension 'colcon_meta'
[0.419s] [34mcolcon.colcon_core.package_identification[0m [1;30mLevel 1[0m _identify(src/lidar_perception_pkg) by extensions ['ros']
[0.419s] [34mcolcon.colcon_core.package_identification[0m [1;30mLevel 1[0m _identify(src/lidar_perception_pkg) by extension 'ros'
[0.419s] [34mcolcon.colcon_core.package_identification[0m [1;30mDEBUG[0m [32mPackage 'src/lidar_perception_pkg' with type 'ros.ament_python' and name 'lidar_perception_pkg'[0m
[0.419s] [34mcolcon.colcon_core.package_identification[0m [1;30mLevel 1[0m _identify(src/log) by extensions ['ignore', 'ignore_ament_install']
[0.419s] [34mcolcon.colcon_core.package_identification[0m [1;30mLevel 1[0m _identify(src/log) by extension 'ignore'
[0.419s] [34mcolcon.colcon_core.package_identification[0m [1;30mLevel 1[0m _identify(src/log) ignored
[0.420s] [34mcolcon.colcon_core.package_identification[0m [1;30mLevel 1[0m _identify(src/my_custom_pkg) by extensions ['ignore', 'ignore_ament_install']
[0.420s] [34mcolcon.colcon_core.package_identification[0m [1;30mLevel 1[0m _identify(src/my_custom_pkg) by extension 'ignore'
[0.420s] [34mcolcon.colcon_core.package_identification[0m [1;30mLevel 1[0m _identify(src/my_custom_pkg) by extension 'ignore_ament_install'
[0.420s] [34mcolcon.colcon_core.package_identification[0m [1;30mLevel 1[0m _identify(src/my_custom_pkg) by extensions ['colcon_pkg']
[0.420s] [34mcolcon.colcon_core.package_identification[0m [1;30mLevel 1[0m _identify(src/my_custom_pkg) by extension 'colcon_pkg'
[0.420s] [34mcolcon.colcon_core.package_identification[0m [1;30mLevel 1[0m _identify(src/my_custom_pkg) by extensions ['colcon_meta']
[0.420s] [34mcolcon.colcon_core.package_identification[0m [1;30mLevel 1[0m _identify(src/my_custom_pkg) by extension 'colcon_meta'
[0.420s] [34mcolcon.colcon_core.package_identification[0m [1;30mLevel 1[0m _identify(src/my_custom_pkg) by extensions ['ros']
[0.420s] [34mcolcon.colcon_core.package_identification[0m [1;30mLevel 1[0m _identify(src/my_custom_pkg) by extension 'ros'
[0.420s] [34mcolcon.colcon_core.package_identification[0m [1;30mDEBUG[0m [32mPackage 'src/my_custom_pkg' with type 'ros.ament_python' and name 'my_custom_pkg'[0m
[0.420s] [34mcolcon.colcon_core.package_identification[0m [1;30mLevel 1[0m _identify(src/serial_communication_pkg) by extensions ['ignore', 'ignore_ament_install']
[0.421s] [34mcolcon.colcon_core.package_identification[0m [1;30mLevel 1[0m _identify(src/serial_communication_pkg) by extension 'ignore'
[0.421s] [34mcolcon.colcon_core.package_identification[0m [1;30mLevel 1[0m _identify(src/serial_communication_pkg) by extension 'ignore_ament_install'
[0.421s] [34mcolcon.colcon_core.package_identification[0m [1;30mLevel 1[0m _identify(src/serial_communication_pkg) by extensions ['colcon_pkg']
[0.421s] [34mcolcon.colcon_core.package_identification[0m [1;30mLevel 1[0m _identify(src/serial_communication_pkg) by extension 'colcon_pkg'
[0.421s] [34mcolcon.colcon_core.package_identification[0m [1;30mLevel 1[0m _identify(src/serial_communication_pkg) by extensions ['colcon_meta']
[0.421s] [34mcolcon.colcon_core.package_identification[0m [1;30mLevel 1[0m _identify(src/serial_communication_pkg) by extension 'colcon_meta'
[0.421s] [34mcolcon.colcon_core.package_identification[0m [1;30mLevel 1[0m _identify(src/serial_communication_pkg) by extensions ['ros']
[0.421s] [34mcolcon.colcon_core.package_identification[0m [1;30mLevel 1[0m _identify(src/serial_communication_pkg) by extension 'ros'
[0.421s] [34mcolcon.colcon_core.package_identification[0m [1;30mDEBUG[0m [32mPackage 'src/serial_communication_pkg' with type 'ros.ament_python' and name 'serial_communication_pkg'[0m
[0.421s] [34mcolcon.colcon_core.package_identification[0m [1;30mLevel 1[0m _identify(src/ydlidar_ros2_driver) by extensions ['ignore', 'ignore_ament_install']
[0.421s] [34mcolcon.colcon_core.package_identification[0m [1;30mLevel 1[0m _identify(src/ydlidar_ros2_driver) by extension 'ignore'
[0.421s] [34mcolcon.colcon_core.package_identification[0m [1;30mLevel 1[0m _identify(src/ydlidar_ros2_driver) by extension 'ignore_ament_install'
[0.421s] [34mcolcon.colcon_core.package_identification[0m [1;30mLevel 1[0m _identify(src/ydlidar_ros2_driver) by extensions ['colcon_pkg']
[0.421s] [34mcolcon.colcon_core.package_identification[0m [1;30mLevel 1[0m _identify(src/ydlidar_ros2_driver) by extension 'colcon_pkg'
[0.421s] [34mcolcon.colcon_core.package_identification[0m [1;30mLevel 1[0m _identify(src/ydlidar_ros2_driver) by extensions ['colcon_meta']
[0.421s] [34mcolcon.colcon_core.package_identification[0m [1;30mLevel 1[0m _identify(src/ydlidar_ros2_driver) by extension 'colcon_meta'
[0.421s] [34mcolcon.colcon_core.package_identification[0m [1;30mLevel 1[0m _identify(src/ydlidar_ros2_driver) by extensions ['ros']
[0.421s] [34mcolcon.colcon_core.package_identification[0m [1;30mLevel 1[0m _identify(src/ydlidar_ros2_driver) by extension 'ros'
[0.422s] [34mcolcon.colcon_core.package_identification[0m [1;30mDEBUG[0m [32mPackage 'src/ydlidar_ros2_driver' with type 'ros.ament_cmake' and name 'ydlidar_ros2_driver'[0m
[0.422s] [34mcolcon.colcon_core.package_discovery[0m [1;30mLevel 1[0m discover_packages(recursive) using defaults
[0.422s] [34mcolcon.colcon_core.package_discovery[0m [1;30mLevel 1[0m discover_packages(ignore) discover
[0.422s] [34mcolcon.colcon_core.package_discovery[0m [1;30mLevel 1[0m discover_packages(ignore) using defaults
[0.422s] [34mcolcon.colcon_core.package_discovery[0m [1;30mLevel 1[0m discover_packages(path) discover
[0.422s] [34mcolcon.colcon_core.package_discovery[0m [1;30mLevel 1[0m discover_packages(path) using defaults
[0.437s] [34mcolcon.colcon_core.package_discovery[0m [1;30mLevel 1[0m discover_packages(prefix_path) check parameters
[0.437s] [34mcolcon.colcon_core.package_discovery[0m [1;30mLevel 1[0m discover_packages(prefix_path) discover
[0.440s] [34mcolcon.colcon_installed_package_information.package_discovery[0m [1;30mDEBUG[0m [32mFound 17 installed packages in /home/jsmoon/yax_jeju/install[0m
[0.440s] [34mcolcon.colcon_installed_package_information.package_discovery[0m [1;30mDEBUG[0m [32mFound 1 installed packages in /home/jsmoon/ydlidar_ws/install[0m
[0.441s] [34mcolcon.colcon_installed_package_information.package_discovery[0m [1;30mDEBUG[0m [32mFound 275 installed packages in /opt/ros/humble[0m
[0.442s] [34mcolcon.colcon_core.package_discovery[0m [1;30mLevel 1[0m discover_packages(prefix_path) using defaults
[0.464s] [34mcolcon.colcon_core.verb[0m [1;30mLevel 5[0m set package 'camera_perception_pkg' build argument 'cmake_args' from command line to 'None'
[0.464s] [34mcolcon.colcon_core.verb[0m [1;30mLevel 5[0m set package 'camera_perception_pkg' build argument 'cmake_target' from command line to 'None'
[0.464s] [34mcolcon.colcon_core.verb[0m [1;30mLevel 5[0m set package 'camera_perception_pkg' build argument 'cmake_target_skip_unavailable' from command line to 'False'
[0.464s] [34mcolcon.colcon_core.verb[0m [1;30mLevel 5[0m set package 'camera_perception_pkg' build argument 'cmake_clean_cache' from command line to 'False'
[0.464s] [34mcolcon.colcon_core.verb[0m [1;30mLevel 5[0m set package 'camera_perception_pkg' build argument 'cmake_clean_first' from command line to 'False'
[0.464s] [34mcolcon.colcon_core.verb[0m [1;30mLevel 5[0m set package 'camera_perception_pkg' build argument 'cmake_force_configure' from command line to 'False'
[0.464s] [34mcolcon.colcon_core.verb[0m [1;30mLevel 5[0m set package 'camera_perception_pkg' build argument 'ament_cmake_args' from command line to 'None'
[0.464s] [34mcolcon.colcon_core.verb[0m [1;30mLevel 5[0m set package 'camera_perception_pkg' build argument 'catkin_cmake_args' from command line to 'None'
[0.464s] [34mcolcon.colcon_core.verb[0m [1;30mLevel 5[0m set package 'camera_perception_pkg' build argument 'catkin_skip_building_tests' from command line to 'False'
[0.464s] [34mcolcon.colcon_core.verb[0m [1;30mDEBUG[0m [32mBuilding package 'camera_perception_pkg' with the following arguments: {'ament_cmake_args': None, 'build_base': '/home/jsmoon/yax_jeju/build/camera_perception_pkg', 'catkin_cmake_args': None, 'catkin_skip_building_tests': False, 'cmake_args': None, 'cmake_clean_cache': False, 'cmake_clean_first': False, 'cmake_force_configure': False, 'cmake_target': None, 'cmake_target_skip_unavailable': False, 'install_base': '/home/jsmoon/yax_jeju/install/camera_perception_pkg', 'merge_install': False, 'path': '/home/jsmoon/yax_jeju/src/camera_perception_pkg', 'symlink_install': True, 'test_result_base': None}[0m
[0.464s] [34mcolcon.colcon_core.verb[0m [1;30mLevel 5[0m set package 'debug_pkg' build argument 'cmake_args' from command line to 'None'
[0.464s] [34mcolcon.colcon_core.verb[0m [1;30mLevel 5[0m set package 'debug_pkg' build argument 'cmake_target' from command line to 'None'
[0.464s] [34mcolcon.colcon_core.verb[0m [1;30mLevel 5[0m set package 'debug_pkg' build argument 'cmake_target_skip_unavailable' from command line to 'False'
[0.464s] [34mcolcon.colcon_core.verb[0m [1;30mLevel 5[0m set package 'debug_pkg' build argument 'cmake_clean_cache' from command line to 'False'
[0.464s] [34mcolcon.colcon_core.verb[0m [1;30mLevel 5[0m set package 'debug_pkg' build argument 'cmake_clean_first' from command line to 'False'
[0.464s] [34mcolcon.colcon_core.verb[0m [1;30mLevel 5[0m set package 'debug_pkg' build argument 'cmake_force_configure' from command line to 'False'
[0.464s] [34mcolcon.colcon_core.verb[0m [1;30mLevel 5[0m set package 'debug_pkg' build argument 'ament_cmake_args' from command line to 'None'
[0.464s] [34mcolcon.colcon_core.verb[0m [1;30mLevel 5[0m set package 'debug_pkg' build argument 'catkin_cmake_args' from command line to 'None'
[0.464s] [34mcolcon.colcon_core.verb[0m [1;30mLevel 5[0m set package 'debug_pkg' build argument 'catkin_skip_building_tests' from command line to 'False'
[0.464s] [34mcolcon.colcon_core.verb[0m [1;30mDEBUG[0m [32mBuilding package 'debug_pkg' with the following arguments: {'ament_cmake_args': None, 'build_base': '/home/jsmoon/yax_jeju/build/debug_pkg', 'catkin_cmake_args': None, 'catkin_skip_building_tests': False, 'cmake_args': None, 'cmake_clean_cache': False, 'cmake_clean_first': False, 'cmake_force_configure': False, 'cmake_target': None, 'cmake_target_skip_unavailable': False, 'install_base': '/home/jsmoon/yax_jeju/install/debug_pkg', 'merge_install': False, 'path': '/home/jsmoon/yax_jeju/src/debug_pkg', 'symlink_install': True, 'test_result_base': None}[0m
[0.465s] [34mcolcon.colcon_core.verb[0m [1;30mLevel 5[0m set package 'decision_making_pkg' build argument 'cmake_args' from command line to 'None'
[0.465s] [34mcolcon.colcon_core.verb[0m [1;30mLevel 5[0m set package 'decision_making_pkg' build argument 'cmake_target' from command line to 'None'
[0.465s] [34mcolcon.colcon_core.verb[0m [1;30mLevel 5[0m set package 'decision_making_pkg' build argument 'cmake_target_skip_unavailable' from command line to 'False'
[0.465s] [34mcolcon.colcon_core.verb[0m [1;30mLevel 5[0m set package 'decision_making_pkg' build argument 'cmake_clean_cache' from command line to 'False'
[0.465s] [34mcolcon.colcon_core.verb[0m [1;30mLevel 5[0m set package 'decision_making_pkg' build argument 'cmake_clean_first' from command line to 'False'
[0.465s] [34mcolcon.colcon_core.verb[0m [1;30mLevel 5[0m set package 'decision_making_pkg' build argument 'cmake_force_configure' from command line to 'False'
[0.465s] [34mcolcon.colcon_core.verb[0m [1;30mLevel 5[0m set package 'decision_making_pkg' build argument 'ament_cmake_args' from command line to 'None'
[0.465s] [34mcolcon.colcon_core.verb[0m [1;30mLevel 5[0m set package 'decision_making_pkg' build argument 'catkin_cmake_args' from command line to 'None'
[0.465s] [34mcolcon.colcon_core.verb[0m [1;30mLevel 5[0m set package 'decision_making_pkg' build argument 'catkin_skip_building_tests' from command line to 'False'
[0.465s] [34mcolcon.colcon_core.verb[0m [1;30mDEBUG[0m [32mBuilding package 'decision_making_pkg' with the following arguments: {'ament_cmake_args': None, 'build_base': '/home/jsmoon/yax_jeju/build/decision_making_pkg', 'catkin_cmake_args': None, 'catkin_skip_building_tests': False, 'cmake_args': None, 'cmake_clean_cache': False, 'cmake_clean_first': False, 'cmake_force_configure': False, 'cmake_target': None, 'cmake_target_skip_unavailable': False, 'install_base': '/home/jsmoon/yax_jeju/install/decision_making_pkg', 'merge_install': False, 'path': '/home/jsmoon/yax_jeju/src/decision_making_pkg', 'symlink_install': True, 'test_result_base': None}[0m
[0.465s] [34mcolcon.colcon_core.verb[0m [1;30mLevel 5[0m set package 'interfaces_pkg' build argument 'cmake_args' from command line to 'None'
[0.465s] [34mcolcon.colcon_core.verb[0m [1;30mLevel 5[0m set package 'interfaces_pkg' build argument 'cmake_target' from command line to 'None'
[0.465s] [34mcolcon.colcon_core.verb[0m [1;30mLevel 5[0m set package 'interfaces_pkg' build argument 'cmake_target_skip_unavailable' from command line to 'False'
[0.465s] [34mcolcon.colcon_core.verb[0m [1;30mLevel 5[0m set package 'interfaces_pkg' build argument 'cmake_clean_cache' from command line to 'False'
[0.465s] [34mcolcon.colcon_core.verb[0m [1;30mLevel 5[0m set package 'interfaces_pkg' build argument 'cmake_clean_first' from command line to 'False'
[0.465s] [34mcolcon.colcon_core.verb[0m [1;30mLevel 5[0m set package 'interfaces_pkg' build argument 'cmake_force_configure' from command line to 'False'
[0.465s] [34mcolcon.colcon_core.verb[0m [1;30mLevel 5[0m set package 'interfaces_pkg' build argument 'ament_cmake_args' from command line to 'None'
[0.465s] [34mcolcon.colcon_core.verb[0m [1;30mLevel 5[0m set package 'interfaces_pkg' build argument 'catkin_cmake_args' from command line to 'None'
[0.465s] [34mcolcon.colcon_core.verb[0m [1;30mLevel 5[0m set package 'interfaces_pkg' build argument 'catkin_skip_building_tests' from command line to 'False'
[0.465s] [34mcolcon.colcon_core.verb[0m [1;30mDEBUG[0m [32mBuilding package 'interfaces_pkg' with the following arguments: {'ament_cmake_args': None, 'build_base': '/home/jsmoon/yax_jeju/build/interfaces_pkg', 'catkin_cmake_args': None, 'catkin_skip_building_tests': False, 'cmake_args': None, 'cmake_clean_cache': False, 'cmake_clean_first': False, 'cmake_force_configure': False, 'cmake_target': None, 'cmake_target_skip_unavailable': False, 'install_base': '/home/jsmoon/yax_jeju/install/interfaces_pkg', 'merge_install': False, 'path': '/home/jsmoon/yax_jeju/src/interfaces_pkg', 'symlink_install': True, 'test_result_base': None}[0m
[0.465s] [34mcolcon.colcon_core.verb[0m [1;30mLevel 5[0m set package 'latlong_utm' build argument 'cmake_args' from command line to 'None'
[0.465s] [34mcolcon.colcon_core.verb[0m [1;30mLevel 5[0m set package 'latlong_utm' build argument 'cmake_target' from command line to 'None'
[0.465s] [34mcolcon.colcon_core.verb[0m [1;30mLevel 5[0m set package 'latlong_utm' build argument 'cmake_target_skip_unavailable' from command line to 'False'
[0.465s] [34mcolcon.colcon_core.verb[0m [1;30mLevel 5[0m set package 'latlong_utm' build argument 'cmake_clean_cache' from command line to 'False'
[0.465s] [34mcolcon.colcon_core.verb[0m [1;30mLevel 5[0m set package 'latlong_utm' build argument 'cmake_clean_first' from command line to 'False'
[0.465s] [34mcolcon.colcon_core.verb[0m [1;30mLevel 5[0m set package 'latlong_utm' build argument 'cmake_force_configure' from command line to 'False'
[0.465s] [34mcolcon.colcon_core.verb[0m [1;30mLevel 5[0m set package 'latlong_utm' build argument 'ament_cmake_args' from command line to 'None'
[0.465s] [34mcolcon.colcon_core.verb[0m [1;30mLevel 5[0m set package 'latlong_utm' build argument 'catkin_cmake_args' from command line to 'None'
[0.465s] [34mcolcon.colcon_core.verb[0m [1;30mLevel 5[0m set package 'latlong_utm' build argument 'catkin_skip_building_tests' from command line to 'False'
[0.465s] [34mcolcon.colcon_core.verb[0m [1;30mDEBUG[0m [32mBuilding package 'latlong_utm' with the following arguments: {'ament_cmake_args': None, 'build_base': '/home/jsmoon/yax_jeju/build/latlong_utm', 'catkin_cmake_args': None, 'catkin_skip_building_tests': False, 'cmake_args': None, 'cmake_clean_cache': False, 'cmake_clean_first': False, 'cmake_force_configure': False, 'cmake_target': None, 'cmake_target_skip_unavailable': False, 'install_base': '/home/jsmoon/yax_jeju/install/latlong_utm', 'merge_install': False, 'path': '/home/jsmoon/yax_jeju/src/UTM_conversion/src/latlong_utm', 'symlink_install': True, 'test_result_base': None}[0m
[0.465s] [34mcolcon.colcon_core.verb[0m [1;30mLevel 5[0m set package 'lidar_perception_pkg' build argument 'cmake_args' from command line to 'None'
[0.465s] [34mcolcon.colcon_core.verb[0m [1;30mLevel 5[0m set package 'lidar_perception_pkg' build argument 'cmake_target' from command line to 'None'
[0.465s] [34mcolcon.colcon_core.verb[0m [1;30mLevel 5[0m set package 'lidar_perception_pkg' build argument 'cmake_target_skip_unavailable' from command line to 'False'
[0.465s] [34mcolcon.colcon_core.verb[0m [1;30mLevel 5[0m set package 'lidar_perception_pkg' build argument 'cmake_clean_cache' from command line to 'False'
[0.465s] [34mcolcon.colcon_core.verb[0m [1;30mLevel 5[0m set package 'lidar_perception_pkg' build argument 'cmake_clean_first' from command line to 'False'
[0.465s] [34mcolcon.colcon_core.verb[0m [1;30mLevel 5[0m set package 'lidar_perception_pkg' build argument 'cmake_force_configure' from command line to 'False'
[0.465s] [34mcolcon.colcon_core.verb[0m [1;30mLevel 5[0m set package 'lidar_perception_pkg' build argument 'ament_cmake_args' from command line to 'None'
[0.465s] [34mcolcon.colcon_core.verb[0m [1;30mLevel 5[0m set package 'lidar_perception_pkg' build argument 'catkin_cmake_args' from command line to 'None'
[0.465s] [34mcolcon.colcon_core.verb[0m [1;30mLevel 5[0m set package 'lidar_perception_pkg' build argument 'catkin_skip_building_tests' from command line to 'False'
[0.466s] [34mcolcon.colcon_core.verb[0m [1;30mDEBUG[0m [32mBuilding package 'lidar_perception_pkg' with the following arguments: {'ament_cmake_args': None, 'build_base': '/home/jsmoon/yax_jeju/build/lidar_perception_pkg', 'catkin_cmake_args': None, 'catkin_skip_building_tests': False, 'cmake_args': None, 'cmake_clean_cache': False, 'cmake_clean_first': False, 'cmake_force_configure': False, 'cmake_target': None, 'cmake_target_skip_unavailable': False, 'install_base': '/home/jsmoon/yax_jeju/install/lidar_perception_pkg', 'merge_install': False, 'path': '/home/jsmoon/yax_jeju/src/lidar_perception_pkg', 'symlink_install': True, 'test_result_base': None}[0m
[0.466s] [34mcolcon.colcon_core.verb[0m [1;30mLevel 5[0m set package 'ntrip_client' build argument 'cmake_args' from command line to 'None'
[0.466s] [34mcolcon.colcon_core.verb[0m [1;30mLevel 5[0m set package 'ntrip_client' build argument 'cmake_target' from command line to 'None'
[0.466s] [34mcolcon.colcon_core.verb[0m [1;30mLevel 5[0m set package 'ntrip_client' build argument 'cmake_target_skip_unavailable' from command line to 'False'
[0.466s] [34mcolcon.colcon_core.verb[0m [1;30mLevel 5[0m set package 'ntrip_client' build argument 'cmake_clean_cache' from command line to 'False'
[0.466s] [34mcolcon.colcon_core.verb[0m [1;30mLevel 5[0m set package 'ntrip_client' build argument 'cmake_clean_first' from command line to 'False'
[0.466s] [34mcolcon.colcon_core.verb[0m [1;30mLevel 5[0m set package 'ntrip_client' build argument 'cmake_force_configure' from command line to 'False'
[0.466s] [34mcolcon.colcon_core.verb[0m [1;30mLevel 5[0m set package 'ntrip_client' build argument 'ament_cmake_args' from command line to 'None'
[0.466s] [34mcolcon.colcon_core.verb[0m [1;30mLevel 5[0m set package 'ntrip_client' build argument 'catkin_cmake_args' from command line to 'None'
[0.466s] [34mcolcon.colcon_core.verb[0m [1;30mLevel 5[0m set package 'ntrip_client' build argument 'catkin_skip_building_tests' from command line to 'False'
[0.466s] [34mcolcon.colcon_core.verb[0m [1;30mDEBUG[0m [32mBuilding package 'ntrip_client' with the following arguments: {'ament_cmake_args': None, 'build_base': '/home/jsmoon/yax_jeju/build/ntrip_client', 'catkin_cmake_args': None, 'catkin_skip_building_tests': False, 'cmake_args': None, 'cmake_clean_cache': False, 'cmake_clean_first': False, 'cmake_force_configure': False, 'cmake_target': None, 'cmake_target_skip_unavailable': False, 'install_base': '/home/jsmoon/yax_jeju/install/ntrip_client', 'merge_install': False, 'path': '/home/jsmoon/yax_jeju/src/RTK_GPS_NTRIP/ntrip_client', 'symlink_install': True, 'test_result_base': None}[0m
[0.466s] [34mcolcon.colcon_core.verb[0m [1;30mLevel 5[0m set package 'rtcm_msgs' build argument 'cmake_args' from command line to 'None'
[0.466s] [34mcolcon.colcon_core.verb[0m [1;30mLevel 5[0m set package 'rtcm_msgs' build argument 'cmake_target' from command line to 'None'
[0.466s] [34mcolcon.colcon_core.verb[0m [1;30mLevel 5[0m set package 'rtcm_msgs' build argument 'cmake_target_skip_unavailable' from command line to 'False'
[0.466s] [34mcolcon.colcon_core.verb[0m [1;30mLevel 5[0m set package 'rtcm_msgs' build argument 'cmake_clean_cache' from command line to 'False'
[0.466s] [34mcolcon.colcon_core.verb[0m [1;30mLevel 5[0m set package 'rtcm_msgs' build argument 'cmake_clean_first' from command line to 'False'
[0.466s] [34mcolcon.colcon_core.verb[0m [1;30mLevel 5[0m set package 'rtcm_msgs' build argument 'cmake_force_configure' from command line to 'False'
[0.466s] [34mcolcon.colcon_core.verb[0m [1;30mLevel 5[0m set package 'rtcm_msgs' build argument 'ament_cmake_args' from command line to 'None'
[0.466s] [34mcolcon.colcon_core.verb[0m [1;30mLevel 5[0m set package 'rtcm_msgs' build argument 'catkin_cmake_args' from command line to 'None'
[0.466s] [34mcolcon.colcon_core.verb[0m [1;30mLevel 5[0m set package 'rtcm_msgs' build argument 'catkin_skip_building_tests' from command line to 'False'
[0.466s] [34mcolcon.colcon_core.verb[0m [1;30mDEBUG[0m [32mBuilding package 'rtcm_msgs' with the following arguments: {'ament_cmake_args': None, 'build_base': '/home/jsmoon/yax_jeju/build/rtcm_msgs', 'catkin_cmake_args': None, 'catkin_skip_building_tests': False, 'cmake_args': None, 'cmake_clean_cache': False, 'cmake_clean_first': False, 'cmake_force_configure': False, 'cmake_target': None, 'cmake_target_skip_unavailable': False, 'install_base': '/home/jsmoon/yax_jeju/install/rtcm_msgs', 'merge_install': False, 'path': '/home/jsmoon/yax_jeju/src/RTK_GPS_NTRIP/rtcm_msgs', 'symlink_install': True, 'test_result_base': None}[0m
[0.466s] [34mcolcon.colcon_core.verb[0m [1;30mLevel 5[0m set package 'serial_communication_pkg' build argument 'cmake_args' from command line to 'None'
[0.466s] [34mcolcon.colcon_core.verb[0m [1;30mLevel 5[0m set package 'serial_communication_pkg' build argument 'cmake_target' from command line to 'None'
[0.466s] [34mcolcon.colcon_core.verb[0m [1;30mLevel 5[0m set package 'serial_communication_pkg' build argument 'cmake_target_skip_unavailable' from command line to 'False'
[0.466s] [34mcolcon.colcon_core.verb[0m [1;30mLevel 5[0m set package 'serial_communication_pkg' build argument 'cmake_clean_cache' from command line to 'False'
[0.466s] [34mcolcon.colcon_core.verb[0m [1;30mLevel 5[0m set package 'serial_communication_pkg' build argument 'cmake_clean_first' from command line to 'False'
[0.466s] [34mcolcon.colcon_core.verb[0m [1;30mLevel 5[0m set package 'serial_communication_pkg' build argument 'cmake_force_configure' from command line to 'False'
[0.466s] [34mcolcon.colcon_core.verb[0m [1;30mLevel 5[0m set package 'serial_communication_pkg' build argument 'ament_cmake_args' from command line to 'None'
[0.466s] [34mcolcon.colcon_core.verb[0m [1;30mLevel 5[0m set package 'serial_communication_pkg' build argument 'catkin_cmake_args' from command line to 'None'
[0.466s] [34mcolcon.colcon_core.verb[0m [1;30mLevel 5[0m set package 'serial_communication_pkg' build argument 'catkin_skip_building_tests' from command line to 'False'
[0.466s] [34mcolcon.colcon_core.verb[0m [1;30mDEBUG[0m [32mBuilding package 'serial_communication_pkg' with the following arguments: {'ament_cmake_args': None, 'build_base': '/home/jsmoon/yax_jeju/build/serial_communication_pkg', 'catkin_cmake_args': None, 'catkin_skip_building_tests': False, 'cmake_args': None, 'cmake_clean_cache': False, 'cmake_clean_first': False, 'cmake_force_configure': False, 'cmake_target': None, 'cmake_target_skip_unavailable': False, 'install_base': '/home/jsmoon/yax_jeju/install/serial_communication_pkg', 'merge_install': False, 'path': '/home/jsmoon/yax_jeju/src/serial_communication_pkg', 'symlink_install': True, 'test_result_base': None}[0m
[0.466s] [34mcolcon.colcon_core.verb[0m [1;30mLevel 5[0m set package 'ublox_serialization' build argument 'cmake_args' from command line to 'None'
[0.466s] [34mcolcon.colcon_core.verb[0m [1;30mLevel 5[0m set package 'ublox_serialization' build argument 'cmake_target' from command line to 'None'
[0.466s] [34mcolcon.colcon_core.verb[0m [1;30mLevel 5[0m set package 'ublox_serialization' build argument 'cmake_target_skip_unavailable' from command line to 'False'
[0.466s] [34mcolcon.colcon_core.verb[0m [1;30mLevel 5[0m set package 'ublox_serialization' build argument 'cmake_clean_cache' from command line to 'False'
[0.466s] [34mcolcon.colcon_core.verb[0m [1;30mLevel 5[0m set package 'ublox_serialization' build argument 'cmake_clean_first' from command line to 'False'
[0.466s] [34mcolcon.colcon_core.verb[0m [1;30mLevel 5[0m set package 'ublox_serialization' build argument 'cmake_force_configure' from command line to 'False'
[0.466s] [34mcolcon.colcon_core.verb[0m [1;30mLevel 5[0m set package 'ublox_serialization' build argument 'ament_cmake_args' from command line to 'None'
[0.466s] [34mcolcon.colcon_core.verb[0m [1;30mLevel 5[0m set package 'ublox_serialization' build argument 'catkin_cmake_args' from command line to 'None'
[0.467s] [34mcolcon.colcon_core.verb[0m [1;30mLevel 5[0m set package 'ublox_serialization' build argument 'catkin_skip_building_tests' from command line to 'False'
[0.467s] [34mcolcon.colcon_core.verb[0m [1;30mDEBUG[0m [32mBuilding package 'ublox_serialization' with the following arguments: {'ament_cmake_args': None, 'build_base': '/home/jsmoon/yax_jeju/build/ublox_serialization', 'catkin_cmake_args': None, 'catkin_skip_building_tests': False, 'cmake_args': None, 'cmake_clean_cache': False, 'cmake_clean_first': False, 'cmake_force_configure': False, 'cmake_target': None, 'cmake_target_skip_unavailable': False, 'install_base': '/home/jsmoon/yax_jeju/install/ublox_serialization', 'merge_install': False, 'path': '/home/jsmoon/yax_jeju/src/RTK_GPS_NTRIP/ublox_serialization', 'symlink_install': True, 'test_result_base': None}[0m
[0.467s] [34mcolcon.colcon_core.verb[0m [1;30mLevel 5[0m set package 'ydlidar_ros2_driver' build argument 'cmake_args' from command line to 'None'
[0.467s] [34mcolcon.colcon_core.verb[0m [1;30mLevel 5[0m set package 'ydlidar_ros2_driver' build argument 'cmake_target' from command line to 'None'
[0.467s] [34mcolcon.colcon_core.verb[0m [1;30mLevel 5[0m set package 'ydlidar_ros2_driver' build argument 'cmake_target_skip_unavailable' from command line to 'False'
[0.467s] [34mcolcon.colcon_core.verb[0m [1;30mLevel 5[0m set package 'ydlidar_ros2_driver' build argument 'cmake_clean_cache' from command line to 'False'
[0.467s] [34mcolcon.colcon_core.verb[0m [1;30mLevel 5[0m set package 'ydlidar_ros2_driver' build argument 'cmake_clean_first' from command line to 'False'
[0.467s] [34mcolcon.colcon_core.verb[0m [1;30mLevel 5[0m set package 'ydlidar_ros2_driver' build argument 'cmake_force_configure' from command line to 'False'
[0.467s] [34mcolcon.colcon_core.verb[0m [1;30mLevel 5[0m set package 'ydlidar_ros2_driver' build argument 'ament_cmake_args' from command line to 'None'
[0.467s] [34mcolcon.colcon_core.verb[0m [1;30mLevel 5[0m set package 'ydlidar_ros2_driver' build argument 'catkin_cmake_args' from command line to 'None'
[0.467s] [34mcolcon.colcon_core.verb[0m [1;30mLevel 5[0m set package 'ydlidar_ros2_driver' build argument 'catkin_skip_building_tests' from command line to 'False'
[0.467s] [34mcolcon.colcon_core.verb[0m [1;30mDEBUG[0m [32mBuilding package 'ydlidar_ros2_driver' with the following arguments: {'ament_cmake_args': None, 'build_base': '/home/jsmoon/yax_jeju/build/ydlidar_ros2_driver', 'catkin_cmake_args': None, 'catkin_skip_building_tests': False, 'cmake_args': None, 'cmake_clean_cache': False, 'cmake_clean_first': False, 'cmake_force_configure': False, 'cmake_target': None, 'cmake_target_skip_unavailable': False, 'install_base': '/home/jsmoon/yax_jeju/install/ydlidar_ros2_driver', 'merge_install': False, 'path': '/home/jsmoon/yax_jeju/src/ydlidar_ros2_driver', 'symlink_install': True, 'test_result_base': None}[0m
[0.467s] [34mcolcon.colcon_core.verb[0m [1;30mLevel 5[0m set package 'ublox_msgs' build argument 'cmake_args' from command line to 'None'
[0.467s] [34mcolcon.colcon_core.verb[0m [1;30mLevel 5[0m set package 'ublox_msgs' build argument 'cmake_target' from command line to 'None'
[0.467s] [34mcolcon.colcon_core.verb[0m [1;30mLevel 5[0m set package 'ublox_msgs' build argument 'cmake_target_skip_unavailable' from command line to 'False'
[0.467s] [34mcolcon.colcon_core.verb[0m [1;30mLevel 5[0m set package 'ublox_msgs' build argument 'cmake_clean_cache' from command line to 'False'
[0.467s] [34mcolcon.colcon_core.verb[0m [1;30mLevel 5[0m set package 'ublox_msgs' build argument 'cmake_clean_first' from command line to 'False'
[0.467s] [34mcolcon.colcon_core.verb[0m [1;30mLevel 5[0m set package 'ublox_msgs' build argument 'cmake_force_configure' from command line to 'False'
[0.467s] [34mcolcon.colcon_core.verb[0m [1;30mLevel 5[0m set package 'ublox_msgs' build argument 'ament_cmake_args' from command line to 'None'
[0.467s] [34mcolcon.colcon_core.verb[0m [1;30mLevel 5[0m set package 'ublox_msgs' build argument 'catkin_cmake_args' from command line to 'None'
[0.467s] [34mcolcon.colcon_core.verb[0m [1;30mLevel 5[0m set package 'ublox_msgs' build argument 'catkin_skip_building_tests' from command line to 'False'
[0.467s] [34mcolcon.colcon_core.verb[0m [1;30mDEBUG[0m [32mBuilding package 'ublox_msgs' with the following arguments: {'ament_cmake_args': None, 'build_base': '/home/jsmoon/yax_jeju/build/ublox_msgs', 'catkin_cmake_args': None, 'catkin_skip_building_tests': False, 'cmake_args': None, 'cmake_clean_cache': False, 'cmake_clean_first': False, 'cmake_force_configure': False, 'cmake_target': None, 'cmake_target_skip_unavailable': False, 'install_base': '/home/jsmoon/yax_jeju/install/ublox_msgs', 'merge_install': False, 'path': '/home/jsmoon/yax_jeju/src/RTK_GPS_NTRIP/ublox_msgs', 'symlink_install': True, 'test_result_base': None}[0m
[0.467s] [34mcolcon.colcon_core.verb[0m [1;30mLevel 5[0m set package 'fix2nmea' build argument 'cmake_args' from command line to 'None'
[0.467s] [34mcolcon.colcon_core.verb[0m [1;30mLevel 5[0m set package 'fix2nmea' build argument 'cmake_target' from command line to 'None'
[0.467s] [34mcolcon.colcon_core.verb[0m [1;30mLevel 5[0m set package 'fix2nmea' build argument 'cmake_target_skip_unavailable' from command line to 'False'
[0.467s] [34mcolcon.colcon_core.verb[0m [1;30mLevel 5[0m set package 'fix2nmea' build argument 'cmake_clean_cache' from command line to 'False'
[0.467s] [34mcolcon.colcon_core.verb[0m [1;30mLevel 5[0m set package 'fix2nmea' build argument 'cmake_clean_first' from command line to 'False'
[0.467s] [34mcolcon.colcon_core.verb[0m [1;30mLevel 5[0m set package 'fix2nmea' build argument 'cmake_force_configure' from command line to 'False'
[0.467s] [34mcolcon.colcon_core.verb[0m [1;30mLevel 5[0m set package 'fix2nmea' build argument 'ament_cmake_args' from command line to 'None'
[0.467s] [34mcolcon.colcon_core.verb[0m [1;30mLevel 5[0m set package 'fix2nmea' build argument 'catkin_cmake_args' from command line to 'None'
[0.467s] [34mcolcon.colcon_core.verb[0m [1;30mLevel 5[0m set package 'fix2nmea' build argument 'catkin_skip_building_tests' from command line to 'False'
[0.467s] [34mcolcon.colcon_core.verb[0m [1;30mDEBUG[0m [32mBuilding package 'fix2nmea' with the following arguments: {'ament_cmake_args': None, 'build_base': '/home/jsmoon/yax_jeju/build/fix2nmea', 'catkin_cmake_args': None, 'catkin_skip_building_tests': False, 'cmake_args': None, 'cmake_clean_cache': False, 'cmake_clean_first': False, 'cmake_force_configure': False, 'cmake_target': None, 'cmake_target_skip_unavailable': False, 'install_base': '/home/jsmoon/yax_jeju/install/fix2nmea', 'merge_install': False, 'path': '/home/jsmoon/yax_jeju/src/RTK_GPS_NTRIP/fix2nmea', 'symlink_install': True, 'test_result_base': None}[0m
[0.467s] [34mcolcon.colcon_core.verb[0m [1;30mLevel 5[0m set package 'ublox_gps' build argument 'cmake_args' from command line to 'None'
[0.467s] [34mcolcon.colcon_core.verb[0m [1;30mLevel 5[0m set package 'ublox_gps' build argument 'cmake_target' from command line to 'None'
[0.467s] [34mcolcon.colcon_core.verb[0m [1;30mLevel 5[0m set package 'ublox_gps' build argument 'cmake_target_skip_unavailable' from command line to 'False'
[0.467s] [34mcolcon.colcon_core.verb[0m [1;30mLevel 5[0m set package 'ublox_gps' build argument 'cmake_clean_cache' from command line to 'False'
[0.467s] [34mcolcon.colcon_core.verb[0m [1;30mLevel 5[0m set package 'ublox_gps' build argument 'cmake_clean_first' from command line to 'False'
[0.467s] [34mcolcon.colcon_core.verb[0m [1;30mLevel 5[0m set package 'ublox_gps' build argument 'cmake_force_configure' from command line to 'False'
[0.468s] [34mcolcon.colcon_core.verb[0m [1;30mLevel 5[0m set package 'ublox_gps' build argument 'ament_cmake_args' from command line to 'None'
[0.468s] [34mcolcon.colcon_core.verb[0m [1;30mLevel 5[0m set package 'ublox_gps' build argument 'catkin_cmake_args' from command line to 'None'
[0.468s] [34mcolcon.colcon_core.verb[0m [1;30mLevel 5[0m set package 'ublox_gps' build argument 'catkin_skip_building_tests' from command line to 'False'
[0.468s] [34mcolcon.colcon_core.verb[0m [1;30mDEBUG[0m [32mBuilding package 'ublox_gps' with the following arguments: {'ament_cmake_args': None, 'build_base': '/home/jsmoon/yax_jeju/build/ublox_gps', 'catkin_cmake_args': None, 'catkin_skip_building_tests': False, 'cmake_args': None, 'cmake_clean_cache': False, 'cmake_clean_first': False, 'cmake_force_configure': False, 'cmake_target': None, 'cmake_target_skip_unavailable': False, 'install_base': '/home/jsmoon/yax_jeju/install/ublox_gps', 'merge_install': False, 'path': '/home/jsmoon/yax_jeju/src/RTK_GPS_NTRIP/ublox_gps', 'symlink_install': True, 'test_result_base': None}[0m
[0.468s] [34mcolcon.colcon_core.verb[0m [1;30mLevel 5[0m set package 'my_custom_pkg' build argument 'cmake_args' from command line to 'None'
[0.468s] [34mcolcon.colcon_core.verb[0m [1;30mLevel 5[0m set package 'my_custom_pkg' build argument 'cmake_target' from command line to 'None'
[0.468s] [34mcolcon.colcon_core.verb[0m [1;30mLevel 5[0m set package 'my_custom_pkg' build argument 'cmake_target_skip_unavailable' from command line to 'False'
[0.468s] [34mcolcon.colcon_core.verb[0m [1;30mLevel 5[0m set package 'my_custom_pkg' build argument 'cmake_clean_cache' from command line to 'False'
[0.468s] [34mcolcon.colcon_core.verb[0m [1;30mLevel 5[0m set package 'my_custom_pkg' build argument 'cmake_clean_first' from command line to 'False'
[0.468s] [34mcolcon.colcon_core.verb[0m [1;30mLevel 5[0m set package 'my_custom_pkg' build argument 'cmake_force_configure' from command line to 'False'
[0.468s] [34mcolcon.colcon_core.verb[0m [1;30mLevel 5[0m set package 'my_custom_pkg' build argument 'ament_cmake_args' from command line to 'None'
[0.468s] [34mcolcon.colcon_core.verb[0m [1;30mLevel 5[0m set package 'my_custom_pkg' build argument 'catkin_cmake_args' from command line to 'None'
[0.468s] [34mcolcon.colcon_core.verb[0m [1;30mLevel 5[0m set package 'my_custom_pkg' build argument 'catkin_skip_building_tests' from command line to 'False'
[0.468s] [34mcolcon.colcon_core.verb[0m [1;30mDEBUG[0m [32mBuilding package 'my_custom_pkg' with the following arguments: {'ament_cmake_args': None, 'build_base': '/home/jsmoon/yax_jeju/build/my_custom_pkg', 'catkin_cmake_args': None, 'catkin_skip_building_tests': False, 'cmake_args': None, 'cmake_clean_cache': False, 'cmake_clean_first': False, 'cmake_force_configure': False, 'cmake_target': None, 'cmake_target_skip_unavailable': False, 'install_base': '/home/jsmoon/yax_jeju/install/my_custom_pkg', 'merge_install': False, 'path': '/home/jsmoon/yax_jeju/src/my_custom_pkg', 'symlink_install': True, 'test_result_base': None}[0m
[0.468s] [34mcolcon.colcon_core.verb[0m [1;30mLevel 5[0m set package 'ublox' build argument 'cmake_args' from command line to 'None'
[0.468s] [34mcolcon.colcon_core.verb[0m [1;30mLevel 5[0m set package 'ublox' build argument 'cmake_target' from command line to 'None'
[0.468s] [34mcolcon.colcon_core.verb[0m [1;30mLevel 5[0m set package 'ublox' build argument 'cmake_target_skip_unavailable' from command line to 'False'
[0.468s] [34mcolcon.colcon_core.verb[0m [1;30mLevel 5[0m set package 'ublox' build argument 'cmake_clean_cache' from command line to 'False'
[0.468s] [34mcolcon.colcon_core.verb[0m [1;30mLevel 5[0m set package 'ublox' build argument 'cmake_clean_first' from command line to 'False'
[0.468s] [34mcolcon.colcon_core.verb[0m [1;30mLevel 5[0m set package 'ublox' build argument 'cmake_force_configure' from command line to 'False'
[0.468s] [34mcolcon.colcon_core.verb[0m [1;30mLevel 5[0m set package 'ublox' build argument 'ament_cmake_args' from command line to 'None'
[0.468s] [34mcolcon.colcon_core.verb[0m [1;30mLevel 5[0m set package 'ublox' build argument 'catkin_cmake_args' from command line to 'None'
[0.468s] [34mcolcon.colcon_core.verb[0m [1;30mLevel 5[0m set package 'ublox' build argument 'catkin_skip_building_tests' from command line to 'False'
[0.468s] [34mcolcon.colcon_core.verb[0m [1;30mDEBUG[0m [32mBuilding package 'ublox' with the following arguments: {'ament_cmake_args': None, 'build_base': '/home/jsmoon/yax_jeju/build/ublox', 'catkin_cmake_args': None, 'catkin_skip_building_tests': False, 'cmake_args': None, 'cmake_clean_cache': False, 'cmake_clean_first': False, 'cmake_force_configure': False, 'cmake_target': None, 'cmake_target_skip_unavailable': False, 'install_base': '/home/jsmoon/yax_jeju/install/ublox', 'merge_install': False, 'path': '/home/jsmoon/yax_jeju/src/RTK_GPS_NTRIP/ublox', 'symlink_install': True, 'test_result_base': None}[0m
[0.468s] [34mcolcon.colcon_core.verb[0m [1;30mLevel 5[0m set package 'launch_pkg' build argument 'cmake_args' from command line to 'None'
[0.468s] [34mcolcon.colcon_core.verb[0m [1;30mLevel 5[0m set package 'launch_pkg' build argument 'cmake_target' from command line to 'None'
[0.468s] [34mcolcon.colcon_core.verb[0m [1;30mLevel 5[0m set package 'launch_pkg' build argument 'cmake_target_skip_unavailable' from command line to 'False'
[0.468s] [34mcolcon.colcon_core.verb[0m [1;30mLevel 5[0m set package 'launch_pkg' build argument 'cmake_clean_cache' from command line to 'False'
[0.468s] [34mcolcon.colcon_core.verb[0m [1;30mLevel 5[0m set package 'launch_pkg' build argument 'cmake_clean_first' from command line to 'False'
[0.468s] [34mcolcon.colcon_core.verb[0m [1;30mLevel 5[0m set package 'launch_pkg' build argument 'cmake_force_configure' from command line to 'False'
[0.468s] [34mcolcon.colcon_core.verb[0m [1;30mLevel 5[0m set package 'launch_pkg' build argument 'ament_cmake_args' from command line to 'None'
[0.468s] [34mcolcon.colcon_core.verb[0m [1;30mLevel 5[0m set package 'launch_pkg' build argument 'catkin_cmake_args' from command line to 'None'
[0.468s] [34mcolcon.colcon_core.verb[0m [1;30mLevel 5[0m set package 'launch_pkg' build argument 'catkin_skip_building_tests' from command line to 'False'
[0.468s] [34mcolcon.colcon_core.verb[0m [1;30mDEBUG[0m [32mBuilding package 'launch_pkg' with the following arguments: {'ament_cmake_args': None, 'build_base': '/home/jsmoon/yax_jeju/build/launch_pkg', 'catkin_cmake_args': None, 'catkin_skip_building_tests': False, 'cmake_args': None, 'cmake_clean_cache': False, 'cmake_clean_first': False, 'cmake_force_configure': False, 'cmake_target': None, 'cmake_target_skip_unavailable': False, 'install_base': '/home/jsmoon/yax_jeju/install/launch_pkg', 'merge_install': False, 'path': '/home/jsmoon/yax_jeju/src/launch_pkg', 'symlink_install': True, 'test_result_base': None}[0m
[0.468s] [34mcolcon.colcon_core.executor[0m [1;30mINFO[0m Executing jobs using 'parallel' executor
[0.470s] [34mcolcon.colcon_parallel_executor.executor.parallel[0m [1;30mDEBUG[0m [32mrun_until_complete[0m
[0.470s] [34mcolcon.colcon_ros.task.ament_cmake.build[0m [1;30mINFO[0m Building ROS package in '/home/jsmoon/yax_jeju/src/RTK_GPS_NTRIP/ublox_serialization' with build type 'ament_cmake'
[0.470s] [34mcolcon.colcon_cmake.task.cmake.build[0m [1;30mINFO[0m Building CMake package in '/home/jsmoon/yax_jeju/src/RTK_GPS_NTRIP/ublox_serialization'
[0.473s] [34mcolcon.colcon_core.plugin_system[0m [1;30mINFO[0m Skipping extension 'colcon_core.shell.bat': Not used on non-Windows systems
[0.473s] [34mcolcon.colcon_core.shell[0m [1;30mINFO[0m Skip shell extension 'powershell' for command environment: Not usable outside of PowerShell
[0.473s] [34mcolcon.colcon_core.shell[0m [1;30mDEBUG[0m [32mSkip shell extension 'dsv' for command environment[0m
[0.477s] [34mcolcon.colcon_ros.task.ament_cmake.build[0m [1;30mINFO[0m Building ROS package in '/home/jsmoon/yax_jeju/src/RTK_GPS_NTRIP/rtcm_msgs' with build type 'ament_cmake'
[0.477s] [34mcolcon.colcon_cmake.task.cmake.build[0m [1;30mINFO[0m Building CMake package in '/home/jsmoon/yax_jeju/src/RTK_GPS_NTRIP/rtcm_msgs'
[0.478s] [34mcolcon.colcon_core.shell[0m [1;30mINFO[0m Skip shell extension 'powershell' for command environment: Not usable outside of PowerShell
[0.478s] [34mcolcon.colcon_core.shell[0m [1;30mDEBUG[0m [32mSkip shell extension 'dsv' for command environment[0m
[0.481s] [34mcolcon.colcon_ros.task.ament_python.build[0m [1;30mINFO[0m Building ROS package in '/home/jsmoon/yax_jeju/src/camera_perception_pkg' with build type 'ament_python'
[0.481s] [34mcolcon.colcon_core.shell[0m [1;30mLevel 1[0m create_environment_hook('camera_perception_pkg', 'ament_prefix_path')
[0.481s] [34mcolcon.colcon_core.shell[0m [1;30mINFO[0m Creating environment hook '/home/jsmoon/yax_jeju/install/camera_perception_pkg/share/camera_perception_pkg/hook/ament_prefix_path.ps1'
[0.482s] [34mcolcon.colcon_core.shell[0m [1;30mINFO[0m Creating environment descriptor '/home/jsmoon/yax_jeju/install/camera_perception_pkg/share/camera_perception_pkg/hook/ament_prefix_path.dsv'
[0.482s] [34mcolcon.colcon_core.shell[0m [1;30mINFO[0m Creating environment hook '/home/jsmoon/yax_jeju/install/camera_perception_pkg/share/camera_perception_pkg/hook/ament_prefix_path.sh'
[0.483s] [34mcolcon.colcon_core.shell[0m [1;30mINFO[0m Skip shell extension 'powershell' for command environment: Not usable outside of PowerShell
[0.483s] [34mcolcon.colcon_core.shell[0m [1;30mDEBUG[0m [32mSkip shell extension 'dsv' for command environment[0m
[0.489s] [34mcolcon.colcon_ros.task.ament_python.build[0m [1;30mINFO[0m Building ROS package in '/home/jsmoon/yax_jeju/src/decision_making_pkg' with build type 'ament_python'
[0.489s] [34mcolcon.colcon_core.shell[0m [1;30mLevel 1[0m create_environment_hook('decision_making_pkg', 'ament_prefix_path')
[0.489s] [34mcolcon.colcon_core.shell[0m [1;30mINFO[0m Creating environment hook '/home/jsmoon/yax_jeju/install/decision_making_pkg/share/decision_making_pkg/hook/ament_prefix_path.ps1'
[0.489s] [34mcolcon.colcon_core.shell[0m [1;30mINFO[0m Creating environment descriptor '/home/jsmoon/yax_jeju/install/decision_making_pkg/share/decision_making_pkg/hook/ament_prefix_path.dsv'
[0.490s] [34mcolcon.colcon_core.shell[0m [1;30mINFO[0m Creating environment hook '/home/jsmoon/yax_jeju/install/decision_making_pkg/share/decision_making_pkg/hook/ament_prefix_path.sh'
[0.490s] [34mcolcon.colcon_core.shell[0m [1;30mINFO[0m Skip shell extension 'powershell' for command environment: Not usable outside of PowerShell
[0.490s] [34mcolcon.colcon_core.shell[0m [1;30mDEBUG[0m [32mSkip shell extension 'dsv' for command environment[0m
[0.494s] [34mcolcon.colcon_ros.task.ament_cmake.build[0m [1;30mINFO[0m Building ROS package in '/home/jsmoon/yax_jeju/src/interfaces_pkg' with build type 'ament_cmake'
[0.494s] [34mcolcon.colcon_cmake.task.cmake.build[0m [1;30mINFO[0m Building CMake package in '/home/jsmoon/yax_jeju/src/interfaces_pkg'
[0.494s] [34mcolcon.colcon_core.shell[0m [1;30mINFO[0m Skip shell extension 'powershell' for command environment: Not usable outside of PowerShell
[0.494s] [34mcolcon.colcon_core.shell[0m [1;30mDEBUG[0m [32mSkip shell extension 'dsv' for command environment[0m
[0.497s] [34mcolcon.colcon_ros.task.ament_python.build[0m [1;30mINFO[0m Building ROS package in '/home/jsmoon/yax_jeju/src/serial_communication_pkg' with build type 'ament_python'
[0.497s] [34mcolcon.colcon_core.shell[0m [1;30mLevel 1[0m create_environment_hook('serial_communication_pkg', 'ament_prefix_path')
[0.498s] [34mcolcon.colcon_core.shell[0m [1;30mINFO[0m Creating environment hook '/home/jsmoon/yax_jeju/install/serial_communication_pkg/share/serial_communication_pkg/hook/ament_prefix_path.ps1'
[0.498s] [34mcolcon.colcon_core.shell[0m [1;30mINFO[0m Creating environment descriptor '/home/jsmoon/yax_jeju/install/serial_communication_pkg/share/serial_communication_pkg/hook/ament_prefix_path.dsv'
[0.498s] [34mcolcon.colcon_core.shell[0m [1;30mINFO[0m Creating environment hook '/home/jsmoon/yax_jeju/install/serial_communication_pkg/share/serial_communication_pkg/hook/ament_prefix_path.sh'
[0.499s] [34mcolcon.colcon_core.shell[0m [1;30mINFO[0m Skip shell extension 'powershell' for command environment: Not usable outside of PowerShell
[0.499s] [34mcolcon.colcon_core.shell[0m [1;30mDEBUG[0m [32mSkip shell extension 'dsv' for command environment[0m
[0.502s] [34mcolcon.colcon_ros.task.ament_cmake.build[0m [1;30mINFO[0m Building ROS package in '/home/jsmoon/yax_jeju/src/ydlidar_ros2_driver' with build type 'ament_cmake'
[0.502s] [34mcolcon.colcon_cmake.task.cmake.build[0m [1;30mINFO[0m Building CMake package in '/home/jsmoon/yax_jeju/src/ydlidar_ros2_driver'
[0.502s] [34mcolcon.colcon_core.shell[0m [1;30mINFO[0m Skip shell extension 'powershell' for command environment: Not usable outside of PowerShell
[0.502s] [34mcolcon.colcon_core.shell[0m [1;30mDEBUG[0m [32mSkip shell extension 'dsv' for command environment[0m
[0.506s] [34mcolcon.colcon_ros.task.ament_python.build[0m [1;30mINFO[0m Building ROS package in '/home/jsmoon/yax_jeju/src/lidar_perception_pkg' with build type 'ament_python'
[0.506s] [34mcolcon.colcon_core.shell[0m [1;30mLevel 1[0m create_environment_hook('lidar_perception_pkg', 'ament_prefix_path')
[0.506s] [34mcolcon.colcon_core.shell[0m [1;30mINFO[0m Creating environment hook '/home/jsmoon/yax_jeju/install/lidar_perception_pkg/share/lidar_perception_pkg/hook/ament_prefix_path.ps1'
[0.507s] [34mcolcon.colcon_core.shell[0m [1;30mINFO[0m Creating environment descriptor '/home/jsmoon/yax_jeju/install/lidar_perception_pkg/share/lidar_perception_pkg/hook/ament_prefix_path.dsv'
[0.507s] [34mcolcon.colcon_core.shell[0m [1;30mINFO[0m Creating environment hook '/home/jsmoon/yax_jeju/install/lidar_perception_pkg/share/lidar_perception_pkg/hook/ament_prefix_path.sh'
[0.507s] [34mcolcon.colcon_core.shell[0m [1;30mINFO[0m Skip shell extension 'powershell' for command environment: Not usable outside of PowerShell
[0.507s] [34mcolcon.colcon_core.shell[0m [1;30mDEBUG[0m [32mSkip shell extension 'dsv' for command environment[0m
[0.510s] [34mcolcon.colcon_ros.task.ament_python.build[0m [1;30mINFO[0m Building ROS package in '/home/jsmoon/yax_jeju/src/RTK_GPS_NTRIP/ntrip_client' with build type 'ament_python'
[0.510s] [34mcolcon.colcon_core.shell[0m [1;30mLevel 1[0m create_environment_hook('ntrip_client', 'ament_prefix_path')
[0.511s] [34mcolcon.colcon_core.shell[0m [1;30mINFO[0m Creating environment hook '/home/jsmoon/yax_jeju/install/ntrip_client/share/ntrip_client/hook/ament_prefix_path.ps1'
[0.511s] [34mcolcon.colcon_core.shell[0m [1;30mINFO[0m Creating environment descriptor '/home/jsmoon/yax_jeju/install/ntrip_client/share/ntrip_client/hook/ament_prefix_path.dsv'
[0.511s] [34mcolcon.colcon_core.shell[0m [1;30mINFO[0m Creating environment hook '/home/jsmoon/yax_jeju/install/ntrip_client/share/ntrip_client/hook/ament_prefix_path.sh'
[0.511s] [34mcolcon.colcon_core.shell[0m [1;30mINFO[0m Skip shell extension 'powershell' for command environment: Not usable outside of PowerShell
[0.512s] [34mcolcon.colcon_core.shell[0m [1;30mDEBUG[0m [32mSkip shell extension 'dsv' for command environment[0m
[0.514s] [34mcolcon.colcon_ros.task.ament_python.build[0m [1;30mINFO[0m Building ROS package in '/home/jsmoon/yax_jeju/src/debug_pkg' with build type 'ament_python'
[0.514s] [34mcolcon.colcon_core.shell[0m [1;30mLevel 1[0m create_environment_hook('debug_pkg', 'ament_prefix_path')
[0.515s] [34mcolcon.colcon_core.shell[0m [1;30mINFO[0m Creating environment hook '/home/jsmoon/yax_jeju/install/debug_pkg/share/debug_pkg/hook/ament_prefix_path.ps1'
[0.515s] [34mcolcon.colcon_core.shell[0m [1;30mINFO[0m Creating environment descriptor '/home/jsmoon/yax_jeju/install/debug_pkg/share/debug_pkg/hook/ament_prefix_path.dsv'
[0.516s] [34mcolcon.colcon_core.shell[0m [1;30mINFO[0m Creating environment hook '/home/jsmoon/yax_jeju/install/debug_pkg/share/debug_pkg/hook/ament_prefix_path.sh'
[0.516s] [34mcolcon.colcon_core.shell[0m [1;30mINFO[0m Skip shell extension 'powershell' for command environment: Not usable outside of PowerShell
[0.516s] [34mcolcon.colcon_core.shell[0m [1;30mDEBUG[0m [32mSkip shell extension 'dsv' for command environment[0m
[0.519s] [34mcolcon.colcon_ros.task.ament_python.build[0m [1;30mINFO[0m Building ROS package in '/home/jsmoon/yax_jeju/src/UTM_conversion/src/latlong_utm' with build type 'ament_python'
[0.520s] [34mcolcon.colcon_core.shell[0m [1;30mLevel 1[0m create_environment_hook('latlong_utm', 'ament_prefix_path')
[0.520s] [34mcolcon.colcon_core.shell[0m [1;30mINFO[0m Creating environment hook '/home/jsmoon/yax_jeju/install/latlong_utm/share/latlong_utm/hook/ament_prefix_path.ps1'
[0.520s] [34mcolcon.colcon_core.shell[0m [1;30mINFO[0m Creating environment descriptor '/home/jsmoon/yax_jeju/install/latlong_utm/share/latlong_utm/hook/ament_prefix_path.dsv'
[0.520s] [34mcolcon.colcon_core.shell[0m [1;30mINFO[0m Creating environment hook '/home/jsmoon/yax_jeju/install/latlong_utm/share/latlong_utm/hook/ament_prefix_path.sh'
[0.521s] [34mcolcon.colcon_core.shell[0m [1;30mINFO[0m Skip shell extension 'powershell' for command environment: Not usable outside of PowerShell
[0.521s] [34mcolcon.colcon_core.shell[0m [1;30mDEBUG[0m [32mSkip shell extension 'dsv' for command environment[0m
[0.528s] [34mcolcon.colcon_core.event_handler.log_command[0m [1;30mDEBUG[0m [32mInvoking command in '/home/jsmoon/yax_jeju/build/ublox_serialization': CMAKE_PREFIX_PATH=${CMAKE_PREFIX_PATH}:/home/jsmoon/yax_jeju/install/my_custom_pkg:/home/jsmoon/yax_jeju/install/serial_communication_pkg:/home/jsmoon/yax_jeju/install/ntrip_client:/home/jsmoon/yax_jeju/install/lidar_perception_pkg:/home/jsmoon/yax_jeju/install/latlong_utm:/home/jsmoon/yax_jeju/install/decision_making_pkg:/home/jsmoon/yax_jeju/install/debug_pkg:/home/jsmoon/yax_jeju/install/camera_perception_pkg:/opt/ros/humble /usr/bin/cmake --build /home/jsmoon/yax_jeju/build/ublox_serialization -- -j16 -l16[0m
[0.532s] [34mcolcon.colcon_core.event_handler.log_command[0m [1;30mDEBUG[0m [32mInvoking command in '/home/jsmoon/yax_jeju/build/rtcm_msgs': CMAKE_PREFIX_PATH=${CMAKE_PREFIX_PATH}:/home/jsmoon/yax_jeju/install/my_custom_pkg:/home/jsmoon/yax_jeju/install/serial_communication_pkg:/home/jsmoon/yax_jeju/install/ntrip_client:/home/jsmoon/yax_jeju/install/lidar_perception_pkg:/home/jsmoon/yax_jeju/install/latlong_utm:/home/jsmoon/yax_jeju/install/decision_making_pkg:/home/jsmoon/yax_jeju/install/debug_pkg:/home/jsmoon/yax_jeju/install/camera_perception_pkg:/opt/ros/humble /usr/bin/cmake --build /home/jsmoon/yax_jeju/build/rtcm_msgs -- -j16 -l16[0m
[0.872s] [34mcolcon.colcon_core.task.python.build[0m [1;30mINFO[0m Building Python package in '/home/jsmoon/yax_jeju/src/camera_perception_pkg'
[0.873s] [34mcolcon.colcon_core.shell[0m [1;30mINFO[0m Skip shell extension 'powershell' for command environment: Not usable outside of PowerShell
[0.873s] [34mcolcon.colcon_core.shell[0m [1;30mDEBUG[0m [32mSkip shell extension 'dsv' for command environment[0m
[1.134s] [34mcolcon.colcon_core.task.python.build[0m [1;30mINFO[0m Building Python package in '/home/jsmoon/yax_jeju/src/decision_making_pkg'
[1.135s] [34mcolcon.colcon_core.shell[0m [1;30mINFO[0m Skip shell extension 'powershell' for command environment: Not usable outside of PowerShell
[1.135s] [34mcolcon.colcon_core.shell[0m [1;30mDEBUG[0m [32mSkip shell extension 'dsv' for command environment[0m
[1.142s] [34mcolcon.colcon_core.event_handler.log_command[0m [1;30mDEBUG[0m [32mInvoking command in '/home/jsmoon/yax_jeju/build/interfaces_pkg': CMAKE_PREFIX_PATH=${CMAKE_PREFIX_PATH}:/home/jsmoon/yax_jeju/install/my_custom_pkg:/home/jsmoon/yax_jeju/install/serial_communication_pkg:/home/jsmoon/yax_jeju/install/ntrip_client:/home/jsmoon/yax_jeju/install/lidar_perception_pkg:/home/jsmoon/yax_jeju/install/latlong_utm:/home/jsmoon/yax_jeju/install/decision_making_pkg:/home/jsmoon/yax_jeju/install/debug_pkg:/home/jsmoon/yax_jeju/install/camera_perception_pkg:/opt/ros/humble /usr/bin/cmake --build /home/jsmoon/yax_jeju/build/interfaces_pkg -- -j16 -l16[0m
[1.445s] [34mcolcon.colcon_core.task.python.build[0m [1;30mINFO[0m Building Python package in '/home/jsmoon/yax_jeju/src/serial_communication_pkg'
[1.446s] [34mcolcon.colcon_core.shell[0m [1;30mINFO[0m Skip shell extension 'powershell' for command environment: Not usable outside of PowerShell
[1.446s] [34mcolcon.colcon_core.shell[0m [1;30mDEBUG[0m [32mSkip shell extension 'dsv' for command environment[0m
[1.453s] [34mcolcon.colcon_core.event_handler.log_command[0m [1;30mDEBUG[0m [32mInvoking command in '/home/jsmoon/yax_jeju/build/ydlidar_ros2_driver': CMAKE_PREFIX_PATH=${CMAKE_PREFIX_PATH}:/home/jsmoon/yax_jeju/install/my_custom_pkg:/home/jsmoon/yax_jeju/install/serial_communication_pkg:/home/jsmoon/yax_jeju/install/ntrip_client:/home/jsmoon/yax_jeju/install/lidar_perception_pkg:/home/jsmoon/yax_jeju/install/latlong_utm:/home/jsmoon/yax_jeju/install/decision_making_pkg:/home/jsmoon/yax_jeju/install/debug_pkg:/home/jsmoon/yax_jeju/install/camera_perception_pkg:/opt/ros/humble /usr/bin/cmake --build /home/jsmoon/yax_jeju/build/ydlidar_ros2_driver -- -j16 -l16[0m
[1.769s] [34mcolcon.colcon_core.task.python.build[0m [1;30mINFO[0m Building Python package in '/home/jsmoon/yax_jeju/src/lidar_perception_pkg'
[1.769s] [34mcolcon.colcon_core.shell[0m [1;30mINFO[0m Skip shell extension 'powershell' for command environment: Not usable outside of PowerShell
[1.769s] [34mcolcon.colcon_core.shell[0m [1;30mDEBUG[0m [32mSkip shell extension 'dsv' for command environment[0m
[2.061s] [34mcolcon.colcon_core.task.python.build[0m [1;30mINFO[0m Building Python package in '/home/jsmoon/yax_jeju/src/RTK_GPS_NTRIP/ntrip_client'
[2.062s] [34mcolcon.colcon_core.shell[0m [1;30mINFO[0m Skip shell extension 'powershell' for command environment: Not usable outside of PowerShell
[2.062s] [34mcolcon.colcon_core.shell[0m [1;30mDEBUG[0m [32mSkip shell extension 'dsv' for command environment[0m
[2.321s] [34mcolcon.colcon_core.task.python.build[0m [1;30mINFO[0m Building Python package in '/home/jsmoon/yax_jeju/src/debug_pkg'
[2.322s] [34mcolcon.colcon_core.shell[0m [1;30mINFO[0m Skip shell extension 'powershell' for command environment: Not usable outside of PowerShell
[2.322s] [34mcolcon.colcon_core.shell[0m [1;30mDEBUG[0m [32mSkip shell extension 'dsv' for command environment[0m
[2.335s] [34mcolcon.colcon_core.event_handler.log_command[0m [1;30mDEBUG[0m [32mInvoked command in '/home/jsmoon/yax_jeju/build/ublox_serialization' returned '0': CMAKE_PREFIX_PATH=${CMAKE_PREFIX_PATH}:/home/jsmoon/yax_jeju/install/my_custom_pkg:/home/jsmoon/yax_jeju/install/serial_communication_pkg:/home/jsmoon/yax_jeju/install/ntrip_client:/home/jsmoon/yax_jeju/install/lidar_perception_pkg:/home/jsmoon/yax_jeju/install/latlong_utm:/home/jsmoon/yax_jeju/install/decision_making_pkg:/home/jsmoon/yax_jeju/install/debug_pkg:/home/jsmoon/yax_jeju/install/camera_perception_pkg:/opt/ros/humble /usr/bin/cmake --build /home/jsmoon/yax_jeju/build/ublox_serialization -- -j16 -l16[0m
[2.348s] [34mcolcon.colcon_core.event_handler.log_command[0m [1;30mDEBUG[0m [32mInvoking command in '/home/jsmoon/yax_jeju/build/ublox_serialization': CMAKE_PREFIX_PATH=${CMAKE_PREFIX_PATH}:/home/jsmoon/yax_jeju/install/my_custom_pkg:/home/jsmoon/yax_jeju/install/serial_communication_pkg:/home/jsmoon/yax_jeju/install/ntrip_client:/home/jsmoon/yax_jeju/install/lidar_perception_pkg:/home/jsmoon/yax_jeju/install/latlong_utm:/home/jsmoon/yax_jeju/install/decision_making_pkg:/home/jsmoon/yax_jeju/install/debug_pkg:/home/jsmoon/yax_jeju/install/camera_perception_pkg:/opt/ros/humble /usr/bin/cmake --install /home/jsmoon/yax_jeju/build/ublox_serialization[0m
[2.349s] [34mcolcon.colcon_core.event_handler.log_command[0m [1;30mDEBUG[0m [32mInvoked command in '/home/jsmoon/yax_jeju/build/rtcm_msgs' returned '0': CMAKE_PREFIX_PATH=${CMAKE_PREFIX_PATH}:/home/jsmoon/yax_jeju/install/my_custom_pkg:/home/jsmoon/yax_jeju/install/serial_communication_pkg:/home/jsmoon/yax_jeju/install/ntrip_client:/home/jsmoon/yax_jeju/install/lidar_perception_pkg:/home/jsmoon/yax_jeju/install/latlong_utm:/home/jsmoon/yax_jeju/install/decision_making_pkg:/home/jsmoon/yax_jeju/install/debug_pkg:/home/jsmoon/yax_jeju/install/camera_perception_pkg:/opt/ros/humble /usr/bin/cmake --build /home/jsmoon/yax_jeju/build/rtcm_msgs -- -j16 -l16[0m
[2.350s] [34mcolcon.colcon_core.event_handler.log_command[0m [1;30mDEBUG[0m [32mInvoking command in '/home/jsmoon/yax_jeju/build/rtcm_msgs': CMAKE_PREFIX_PATH=${CMAKE_PREFIX_PATH}:/home/jsmoon/yax_jeju/install/my_custom_pkg:/home/jsmoon/yax_jeju/install/serial_communication_pkg:/home/jsmoon/yax_jeju/install/ntrip_client:/home/jsmoon/yax_jeju/install/lidar_perception_pkg:/home/jsmoon/yax_jeju/install/latlong_utm:/home/jsmoon/yax_jeju/install/decision_making_pkg:/home/jsmoon/yax_jeju/install/debug_pkg:/home/jsmoon/yax_jeju/install/camera_perception_pkg:/opt/ros/humble /usr/bin/cmake --install /home/jsmoon/yax_jeju/build/rtcm_msgs[0m
[2.350s] [34mcolcon.colcon_core.event_handler.log_command[0m [1;30mDEBUG[0m [32mInvoked command in '/home/jsmoon/yax_jeju/build/ydlidar_ros2_driver' returned '0': CMAKE_PREFIX_PATH=${CMAKE_PREFIX_PATH}:/home/jsmoon/yax_jeju/install/my_custom_pkg:/home/jsmoon/yax_jeju/install/serial_communication_pkg:/home/jsmoon/yax_jeju/install/ntrip_client:/home/jsmoon/yax_jeju/install/lidar_perception_pkg:/home/jsmoon/yax_jeju/install/latlong_utm:/home/jsmoon/yax_jeju/install/decision_making_pkg:/home/jsmoon/yax_jeju/install/debug_pkg:/home/jsmoon/yax_jeju/install/camera_perception_pkg:/opt/ros/humble /usr/bin/cmake --build /home/jsmoon/yax_jeju/build/ydlidar_ros2_driver -- -j16 -l16[0m
[2.352s] [34mcolcon.colcon_core.event_handler.log_command[0m [1;30mDEBUG[0m [32mInvoking command in '/home/jsmoon/yax_jeju/build/ydlidar_ros2_driver': CMAKE_PREFIX_PATH=${CMAKE_PREFIX_PATH}:/home/jsmoon/yax_jeju/install/my_custom_pkg:/home/jsmoon/yax_jeju/install/serial_communication_pkg:/home/jsmoon/yax_jeju/install/ntrip_client:/home/jsmoon/yax_jeju/install/lidar_perception_pkg:/home/jsmoon/yax_jeju/install/latlong_utm:/home/jsmoon/yax_jeju/install/decision_making_pkg:/home/jsmoon/yax_jeju/install/debug_pkg:/home/jsmoon/yax_jeju/install/camera_perception_pkg:/opt/ros/humble /usr/bin/cmake --install /home/jsmoon/yax_jeju/build/ydlidar_ros2_driver[0m
[2.352s] [34mcolcon.colcon_core.event_handler.log_command[0m [1;30mDEBUG[0m [32mInvoked command in '/home/jsmoon/yax_jeju/build/interfaces_pkg' returned '0': CMAKE_PREFIX_PATH=${CMAKE_PREFIX_PATH}:/home/jsmoon/yax_jeju/install/my_custom_pkg:/home/jsmoon/yax_jeju/install/serial_communication_pkg:/home/jsmoon/yax_jeju/install/ntrip_client:/home/jsmoon/yax_jeju/install/lidar_perception_pkg:/home/jsmoon/yax_jeju/install/latlong_utm:/home/jsmoon/yax_jeju/install/decision_making_pkg:/home/jsmoon/yax_jeju/install/debug_pkg:/home/jsmoon/yax_jeju/install/camera_perception_pkg:/opt/ros/humble /usr/bin/cmake --build /home/jsmoon/yax_jeju/build/interfaces_pkg -- -j16 -l16[0m
[2.354s] [34mcolcon.colcon_core.event_handler.log_command[0m [1;30mDEBUG[0m [32mInvoking command in '/home/jsmoon/yax_jeju/build/interfaces_pkg': CMAKE_PREFIX_PATH=${CMAKE_PREFIX_PATH}:/home/jsmoon/yax_jeju/install/my_custom_pkg:/home/jsmoon/yax_jeju/install/serial_communication_pkg:/home/jsmoon/yax_jeju/install/ntrip_client:/home/jsmoon/yax_jeju/install/lidar_perception_pkg:/home/jsmoon/yax_jeju/install/latlong_utm:/home/jsmoon/yax_jeju/install/decision_making_pkg:/home/jsmoon/yax_jeju/install/debug_pkg:/home/jsmoon/yax_jeju/install/camera_perception_pkg:/opt/ros/humble /usr/bin/cmake --install /home/jsmoon/yax_jeju/build/interfaces_pkg[0m
[2.628s] [34mcolcon.colcon_core.task.python.build[0m [1;30mINFO[0m Building Python package in '/home/jsmoon/yax_jeju/src/UTM_conversion/src/latlong_utm'
[2.629s] [34mcolcon.colcon_core.shell[0m [1;30mINFO[0m Skip shell extension 'powershell' for command environment: Not usable outside of PowerShell
[2.629s] [34mcolcon.colcon_core.shell[0m [1;30mDEBUG[0m [32mSkip shell extension 'dsv' for command environment[0m
[2.661s] [34mcolcon.colcon_core.environment[0m [1;30mLevel 1[0m create_environment_scripts_only(ydlidar_ros2_driver)
[2.675s] [34mcolcon.colcon_core.environment[0m [1;30mLevel 1[0m checking '/home/jsmoon/yax_jeju/install/ydlidar_ros2_driver' for CMake module files
[2.678s] [34mcolcon.colcon_core.environment[0m [1;30mLevel 1[0m checking '/home/jsmoon/yax_jeju/install/ydlidar_ros2_driver' for CMake config files
[2.683s] [34mcolcon.colcon_core.shell[0m [1;30mLevel 1[0m create_environment_hook('ydlidar_ros2_driver', 'cmake_prefix_path')
[2.684s] [34mcolcon.colcon_core.shell[0m [1;30mINFO[0m Creating environment hook '/home/jsmoon/yax_jeju/install/ydlidar_ros2_driver/share/ydlidar_ros2_driver/hook/cmake_prefix_path.ps1'
[2.685s] [34mcolcon.colcon_core.event_handler.log_command[0m [1;30mDEBUG[0m [32mInvoked command in '/home/jsmoon/yax_jeju/build/ydlidar_ros2_driver' returned '0': CMAKE_PREFIX_PATH=${CMAKE_PREFIX_PATH}:/home/jsmoon/yax_jeju/install/my_custom_pkg:/home/jsmoon/yax_jeju/install/serial_communication_pkg:/home/jsmoon/yax_jeju/install/ntrip_client:/home/jsmoon/yax_jeju/install/lidar_perception_pkg:/home/jsmoon/yax_jeju/install/latlong_utm:/home/jsmoon/yax_jeju/install/decision_making_pkg:/home/jsmoon/yax_jeju/install/debug_pkg:/home/jsmoon/yax_jeju/install/camera_perception_pkg:/opt/ros/humble /usr/bin/cmake --install /home/jsmoon/yax_jeju/build/ydlidar_ros2_driver[0m
[2.686s] [34mcolcon.colcon_core.shell[0m [1;30mINFO[0m Creating environment descriptor '/home/jsmoon/yax_jeju/install/ydlidar_ros2_driver/share/ydlidar_ros2_driver/hook/cmake_prefix_path.dsv'
[2.687s] [34mcolcon.colcon_core.shell[0m [1;30mINFO[0m Creating environment hook '/home/jsmoon/yax_jeju/install/ydlidar_ros2_driver/share/ydlidar_ros2_driver/hook/cmake_prefix_path.sh'
[2.688s] [34mcolcon.colcon_core.environment[0m [1;30mLevel 1[0m checking '/home/jsmoon/yax_jeju/install/ydlidar_ros2_driver/lib'
[2.688s] [34mcolcon.colcon_core.environment[0m [1;30mLevel 1[0m checking '/home/jsmoon/yax_jeju/install/ydlidar_ros2_driver/bin'
[2.688s] [34mcolcon.colcon_core.environment[0m [1;30mLevel 1[0m checking '/home/jsmoon/yax_jeju/install/ydlidar_ros2_driver/lib/pkgconfig/ydlidar_ros2_driver.pc'
[2.689s] [34mcolcon.colcon_core.environment[0m [1;30mLevel 1[0m checking '/home/jsmoon/yax_jeju/install/ydlidar_ros2_driver/lib/python3.10/site-packages'
[2.689s] [34mcolcon.colcon_core.environment[0m [1;30mLevel 1[0m checking '/home/jsmoon/yax_jeju/install/ydlidar_ros2_driver/bin'
[2.690s] [34mcolcon.colcon_core.shell[0m [1;30mINFO[0m Creating package script '/home/jsmoon/yax_jeju/install/ydlidar_ros2_driver/share/ydlidar_ros2_driver/package.ps1'
[2.691s] [34mcolcon.colcon_core.shell[0m [1;30mINFO[0m Creating package descriptor '/home/jsmoon/yax_jeju/install/ydlidar_ros2_driver/share/ydlidar_ros2_driver/package.dsv'
[2.692s] [34mcolcon.colcon_core.shell[0m [1;30mINFO[0m Creating package script '/home/jsmoon/yax_jeju/install/ydlidar_ros2_driver/share/ydlidar_ros2_driver/package.sh'
[2.693s] [34mcolcon.colcon_core.shell[0m [1;30mINFO[0m Creating package script '/home/jsmoon/yax_jeju/install/ydlidar_ros2_driver/share/ydlidar_ros2_driver/package.bash'
[2.693s] [34mcolcon.colcon_core.shell[0m [1;30mINFO[0m Creating package script '/home/jsmoon/yax_jeju/install/ydlidar_ros2_driver/share/ydlidar_ros2_driver/package.zsh'
[2.695s] [34mcolcon.colcon_core.environment[0m [1;30mLevel 1[0m create_file_with_runtime_dependencies(/home/jsmoon/yax_jeju/install/ydlidar_ros2_driver/share/colcon-core/packages/ydlidar_ros2_driver)
[2.696s] [34mcolcon.colcon_core.environment[0m [1;30mLevel 1[0m create_environment_scripts_only(ydlidar_ros2_driver)
[2.696s] [34mcolcon.colcon_core.environment[0m [1;30mLevel 1[0m checking '/home/jsmoon/yax_jeju/install/ydlidar_ros2_driver' for CMake module files
[2.697s] [34mcolcon.colcon_core.environment[0m [1;30mLevel 1[0m checking '/home/jsmoon/yax_jeju/install/ydlidar_ros2_driver' for CMake config files
[2.697s] [34mcolcon.colcon_core.shell[0m [1;30mLevel 1[0m create_environment_hook('ydlidar_ros2_driver', 'cmake_prefix_path')
[2.697s] [34mcolcon.colcon_core.shell[0m [1;30mINFO[0m Creating environment hook '/home/jsmoon/yax_jeju/install/ydlidar_ros2_driver/share/ydlidar_ros2_driver/hook/cmake_prefix_path.ps1'
[2.698s] [34mcolcon.colcon_core.shell[0m [1;30mINFO[0m Creating environment descriptor '/home/jsmoon/yax_jeju/install/ydlidar_ros2_driver/share/ydlidar_ros2_driver/hook/cmake_prefix_path.dsv'
[2.698s] [34mcolcon.colcon_core.shell[0m [1;30mINFO[0m Creating environment hook '/home/jsmoon/yax_jeju/install/ydlidar_ros2_driver/share/ydlidar_ros2_driver/hook/cmake_prefix_path.sh'
[2.699s] [34mcolcon.colcon_core.environment[0m [1;30mLevel 1[0m checking '/home/jsmoon/yax_jeju/install/ydlidar_ros2_driver/lib'
[2.699s] [34mcolcon.colcon_core.environment[0m [1;30mLevel 1[0m checking '/home/jsmoon/yax_jeju/install/ydlidar_ros2_driver/bin'
[2.699s] [34mcolcon.colcon_core.environment[0m [1;30mLevel 1[0m checking '/home/jsmoon/yax_jeju/install/ydlidar_ros2_driver/lib/pkgconfig/ydlidar_ros2_driver.pc'
[2.699s] [34mcolcon.colcon_core.environment[0m [1;30mLevel 1[0m checking '/home/jsmoon/yax_jeju/install/ydlidar_ros2_driver/lib/python3.10/site-packages'
[2.700s] [34mcolcon.colcon_core.environment[0m [1;30mLevel 1[0m checking '/home/jsmoon/yax_jeju/install/ydlidar_ros2_driver/bin'
[2.700s] [34mcolcon.colcon_core.shell[0m [1;30mINFO[0m Creating package script '/home/jsmoon/yax_jeju/install/ydlidar_ros2_driver/share/ydlidar_ros2_driver/package.ps1'
[2.700s] [34mcolcon.colcon_core.shell[0m [1;30mINFO[0m Creating package descriptor '/home/jsmoon/yax_jeju/install/ydlidar_ros2_driver/share/ydlidar_ros2_driver/package.dsv'
[2.701s] [34mcolcon.colcon_core.shell[0m [1;30mINFO[0m Creating package script '/home/jsmoon/yax_jeju/install/ydlidar_ros2_driver/share/ydlidar_ros2_driver/package.sh'
[2.701s] [34mcolcon.colcon_core.shell[0m [1;30mINFO[0m Creating package script '/home/jsmoon/yax_jeju/install/ydlidar_ros2_driver/share/ydlidar_ros2_driver/package.bash'
[2.702s] [34mcolcon.colcon_core.shell[0m [1;30mINFO[0m Creating package script '/home/jsmoon/yax_jeju/install/ydlidar_ros2_driver/share/ydlidar_ros2_driver/package.zsh'
[2.702s] [34mcolcon.colcon_core.environment[0m [1;30mLevel 1[0m create_file_with_runtime_dependencies(/home/jsmoon/yax_jeju/install/ydlidar_ros2_driver/share/colcon-core/packages/ydlidar_ros2_driver)
[2.702s] [34mcolcon.colcon_core.environment[0m [1;30mLevel 1[0m create_environment_scripts_only(ublox_serialization)
[2.703s] [34mcolcon.colcon_core.environment[0m [1;30mLevel 1[0m checking '/home/jsmoon/yax_jeju/install/ublox_serialization' for CMake module files
[2.704s] [34mcolcon.colcon_core.event_handler.log_command[0m [1;30mDEBUG[0m [32mInvoked command in '/home/jsmoon/yax_jeju/build/ublox_serialization' returned '0': CMAKE_PREFIX_PATH=${CMAKE_PREFIX_PATH}:/home/jsmoon/yax_jeju/install/my_custom_pkg:/home/jsmoon/yax_jeju/install/serial_communication_pkg:/home/jsmoon/yax_jeju/install/ntrip_client:/home/jsmoon/yax_jeju/install/lidar_perception_pkg:/home/jsmoon/yax_jeju/install/latlong_utm:/home/jsmoon/yax_jeju/install/decision_making_pkg:/home/jsmoon/yax_jeju/install/debug_pkg:/home/jsmoon/yax_jeju/install/camera_perception_pkg:/opt/ros/humble /usr/bin/cmake --install /home/jsmoon/yax_jeju/build/ublox_serialization[0m
[2.705s] [34mcolcon.colcon_core.environment[0m [1;30mLevel 1[0m checking '/home/jsmoon/yax_jeju/install/ublox_serialization' for CMake config files
[2.705s] [34mcolcon.colcon_core.shell[0m [1;30mLevel 1[0m create_environment_hook('ublox_serialization', 'cmake_prefix_path')
[2.705s] [34mcolcon.colcon_core.shell[0m [1;30mINFO[0m Creating environment hook '/home/jsmoon/yax_jeju/install/ublox_serialization/share/ublox_serialization/hook/cmake_prefix_path.ps1'
[2.706s] [34mcolcon.colcon_core.shell[0m [1;30mINFO[0m Creating environment descriptor '/home/jsmoon/yax_jeju/install/ublox_serialization/share/ublox_serialization/hook/cmake_prefix_path.dsv'
[2.706s] [34mcolcon.colcon_core.shell[0m [1;30mINFO[0m Creating environment hook '/home/jsmoon/yax_jeju/install/ublox_serialization/share/ublox_serialization/hook/cmake_prefix_path.sh'
[2.707s] [34mcolcon.colcon_core.environment[0m [1;30mLevel 1[0m checking '/home/jsmoon/yax_jeju/install/ublox_serialization/bin'
[2.707s] [34mcolcon.colcon_core.environment[0m [1;30mLevel 1[0m checking '/home/jsmoon/yax_jeju/install/ublox_serialization/lib/pkgconfig/ublox_serialization.pc'
[2.707s] [34mcolcon.colcon_core.environment[0m [1;30mLevel 1[0m checking '/home/jsmoon/yax_jeju/install/ublox_serialization/lib/python3.10/site-packages'
[2.708s] [34mcolcon.colcon_core.environment[0m [1;30mLevel 1[0m checking '/home/jsmoon/yax_jeju/install/ublox_serialization/bin'
[2.708s] [34mcolcon.colcon_core.shell[0m [1;30mINFO[0m Creating package script '/home/jsmoon/yax_jeju/install/ublox_serialization/share/ublox_serialization/package.ps1'
[2.709s] [34mcolcon.colcon_core.shell[0m [1;30mINFO[0m Creating package descriptor '/home/jsmoon/yax_jeju/install/ublox_serialization/share/ublox_serialization/package.dsv'
[2.709s] [34mcolcon.colcon_core.shell[0m [1;30mINFO[0m Creating package script '/home/jsmoon/yax_jeju/install/ublox_serialization/share/ublox_serialization/package.sh'
[2.710s] [34mcolcon.colcon_core.shell[0m [1;30mINFO[0m Creating package script '/home/jsmoon/yax_jeju/install/ublox_serialization/share/ublox_serialization/package.bash'
[2.711s] [34mcolcon.colcon_core.shell[0m [1;30mINFO[0m Creating package script '/home/jsmoon/yax_jeju/install/ublox_serialization/share/ublox_serialization/package.zsh'
[2.711s] [34mcolcon.colcon_core.environment[0m [1;30mLevel 1[0m create_file_with_runtime_dependencies(/home/jsmoon/yax_jeju/install/ublox_serialization/share/colcon-core/packages/ublox_serialization)
[2.712s] [34mcolcon.colcon_core.environment[0m [1;30mLevel 1[0m create_environment_scripts_only(ublox_serialization)
[2.712s] [34mcolcon.colcon_core.environment[0m [1;30mLevel 1[0m checking '/home/jsmoon/yax_jeju/install/ublox_serialization' for CMake module files
[2.713s] [34mcolcon.colcon_core.environment[0m [1;30mLevel 1[0m checking '/home/jsmoon/yax_jeju/install/ublox_serialization' for CMake config files
[2.713s] [34mcolcon.colcon_core.shell[0m [1;30mLevel 1[0m create_environment_hook('ublox_serialization', 'cmake_prefix_path')
[2.714s] [34mcolcon.colcon_core.shell[0m [1;30mINFO[0m Creating environment hook '/home/jsmoon/yax_jeju/install/ublox_serialization/share/ublox_serialization/hook/cmake_prefix_path.ps1'
[2.714s] [34mcolcon.colcon_core.shell[0m [1;30mINFO[0m Creating environment descriptor '/home/jsmoon/yax_jeju/install/ublox_serialization/share/ublox_serialization/hook/cmake_prefix_path.dsv'
[2.714s] [34mcolcon.colcon_core.shell[0m [1;30mINFO[0m Creating environment hook '/home/jsmoon/yax_jeju/install/ublox_serialization/share/ublox_serialization/hook/cmake_prefix_path.sh'
[2.715s] [34mcolcon.colcon_core.environment[0m [1;30mLevel 1[0m checking '/home/jsmoon/yax_jeju/install/ublox_serialization/bin'
[2.715s] [34mcolcon.colcon_core.environment[0m [1;30mLevel 1[0m checking '/home/jsmoon/yax_jeju/install/ublox_serialization/lib/pkgconfig/ublox_serialization.pc'
[2.715s] [34mcolcon.colcon_core.environment[0m [1;30mLevel 1[0m checking '/home/jsmoon/yax_jeju/install/ublox_serialization/lib/python3.10/site-packages'
[2.716s] [34mcolcon.colcon_core.environment[0m [1;30mLevel 1[0m checking '/home/jsmoon/yax_jeju/install/ublox_serialization/bin'
[2.717s] [34mcolcon.colcon_core.shell[0m [1;30mINFO[0m Creating package script '/home/jsmoon/yax_jeju/install/ublox_serialization/share/ublox_serialization/package.ps1'
[2.717s] [34mcolcon.colcon_core.shell[0m [1;30mINFO[0m Creating package descriptor '/home/jsmoon/yax_jeju/install/ublox_serialization/share/ublox_serialization/package.dsv'
[2.718s] [34mcolcon.colcon_core.shell[0m [1;30mINFO[0m Creating package script '/home/jsmoon/yax_jeju/install/ublox_serialization/share/ublox_serialization/package.sh'
[2.718s] [34mcolcon.colcon_core.shell[0m [1;30mINFO[0m Creating package script '/home/jsmoon/yax_jeju/install/ublox_serialization/share/ublox_serialization/package.bash'
[2.719s] [34mcolcon.colcon_core.shell[0m [1;30mINFO[0m Creating package script '/home/jsmoon/yax_jeju/install/ublox_serialization/share/ublox_serialization/package.zsh'
[2.720s] [34mcolcon.colcon_core.environment[0m [1;30mLevel 1[0m create_file_with_runtime_dependencies(/home/jsmoon/yax_jeju/install/ublox_serialization/share/colcon-core/packages/ublox_serialization)
[2.720s] [34mcolcon.colcon_core.environment[0m [1;30mLevel 1[0m create_environment_scripts_only(rtcm_msgs)
[2.721s] [34mcolcon.colcon_core.environment[0m [1;30mLevel 1[0m checking '/home/jsmoon/yax_jeju/install/rtcm_msgs' for CMake module files
[2.723s] [34mcolcon.colcon_core.event_handler.log_command[0m [1;30mDEBUG[0m [32mInvoked command in '/home/jsmoon/yax_jeju/build/rtcm_msgs' returned '0': CMAKE_PREFIX_PATH=${CMAKE_PREFIX_PATH}:/home/jsmoon/yax_jeju/install/my_custom_pkg:/home/jsmoon/yax_jeju/install/serial_communication_pkg:/home/jsmoon/yax_jeju/install/ntrip_client:/home/jsmoon/yax_jeju/install/lidar_perception_pkg:/home/jsmoon/yax_jeju/install/latlong_utm:/home/jsmoon/yax_jeju/install/decision_making_pkg:/home/jsmoon/yax_jeju/install/debug_pkg:/home/jsmoon/yax_jeju/install/camera_perception_pkg:/opt/ros/humble /usr/bin/cmake --install /home/jsmoon/yax_jeju/build/rtcm_msgs[0m
[2.723s] [34mcolcon.colcon_core.environment[0m [1;30mLevel 1[0m checking '/home/jsmoon/yax_jeju/install/rtcm_msgs' for CMake config files
[2.724s] [34mcolcon.colcon_core.shell[0m [1;30mLevel 1[0m create_environment_hook('rtcm_msgs', 'cmake_prefix_path')
[2.724s] [34mcolcon.colcon_core.shell[0m [1;30mINFO[0m Creating environment hook '/home/jsmoon/yax_jeju/install/rtcm_msgs/share/rtcm_msgs/hook/cmake_prefix_path.ps1'
[2.725s] [34mcolcon.colcon_core.shell[0m [1;30mINFO[0m Creating environment descriptor '/home/jsmoon/yax_jeju/install/rtcm_msgs/share/rtcm_msgs/hook/cmake_prefix_path.dsv'
[2.726s] [34mcolcon.colcon_core.shell[0m [1;30mINFO[0m Creating environment hook '/home/jsmoon/yax_jeju/install/rtcm_msgs/share/rtcm_msgs/hook/cmake_prefix_path.sh'
[2.726s] [34mcolcon.colcon_core.environment[0m [1;30mLevel 1[0m checking '/home/jsmoon/yax_jeju/install/rtcm_msgs/lib'
[2.726s] [34mcolcon.colcon_core.shell[0m [1;30mLevel 1[0m create_environment_hook('rtcm_msgs', 'ld_library_path_lib')
[2.727s] [34mcolcon.colcon_core.shell[0m [1;30mINFO[0m Creating environment hook '/home/jsmoon/yax_jeju/install/rtcm_msgs/share/rtcm_msgs/hook/ld_library_path_lib.ps1'
[2.727s] [34mcolcon.colcon_core.shell[0m [1;30mINFO[0m Creating environment descriptor '/home/jsmoon/yax_jeju/install/rtcm_msgs/share/rtcm_msgs/hook/ld_library_path_lib.dsv'
[2.727s] [34mcolcon.colcon_core.shell[0m [1;30mINFO[0m Creating environment hook '/home/jsmoon/yax_jeju/install/rtcm_msgs/share/rtcm_msgs/hook/ld_library_path_lib.sh'
[2.728s] [34mcolcon.colcon_core.environment[0m [1;30mLevel 1[0m checking '/home/jsmoon/yax_jeju/install/rtcm_msgs/bin'
[2.728s] [34mcolcon.colcon_core.environment[0m [1;30mLevel 1[0m checking '/home/jsmoon/yax_jeju/install/rtcm_msgs/lib/pkgconfig/rtcm_msgs.pc'
[2.728s] [34mcolcon.colcon_core.environment[0m [1;30mLevel 1[0m checking '/home/jsmoon/yax_jeju/install/rtcm_msgs/lib/python3.10/site-packages'
[2.728s] [34mcolcon.colcon_core.environment[0m [1;30mLevel 1[0m checking '/home/jsmoon/yax_jeju/install/rtcm_msgs/bin'
[2.729s] [34mcolcon.colcon_core.shell[0m [1;30mINFO[0m Creating package script '/home/jsmoon/yax_jeju/install/rtcm_msgs/share/rtcm_msgs/package.ps1'
[2.729s] [34mcolcon.colcon_core.shell[0m [1;30mINFO[0m Creating package descriptor '/home/jsmoon/yax_jeju/install/rtcm_msgs/share/rtcm_msgs/package.dsv'
[2.730s] [34mcolcon.colcon_core.shell[0m [1;30mINFO[0m Creating package script '/home/jsmoon/yax_jeju/install/rtcm_msgs/share/rtcm_msgs/package.sh'
[2.730s] [34mcolcon.colcon_core.shell[0m [1;30mINFO[0m Creating package script '/home/jsmoon/yax_jeju/install/rtcm_msgs/share/rtcm_msgs/package.bash'
[2.731s] [34mcolcon.colcon_core.shell[0m [1;30mINFO[0m Creating package script '/home/jsmoon/yax_jeju/install/rtcm_msgs/share/rtcm_msgs/package.zsh'
[2.731s] [34mcolcon.colcon_core.environment[0m [1;30mLevel 1[0m create_file_with_runtime_dependencies(/home/jsmoon/yax_jeju/install/rtcm_msgs/share/colcon-core/packages/rtcm_msgs)
[2.732s] [34mcolcon.colcon_core.environment[0m [1;30mLevel 1[0m create_environment_scripts_only(rtcm_msgs)
[2.732s] [34mcolcon.colcon_core.environment[0m [1;30mLevel 1[0m checking '/home/jsmoon/yax_jeju/install/rtcm_msgs' for CMake module files
[2.733s] [34mcolcon.colcon_core.environment[0m [1;30mLevel 1[0m checking '/home/jsmoon/yax_jeju/install/rtcm_msgs' for CMake config files
[2.734s] [34mcolcon.colcon_core.shell[0m [1;30mLevel 1[0m create_environment_hook('rtcm_msgs', 'cmake_prefix_path')
[2.734s] [34mcolcon.colcon_core.shell[0m [1;30mINFO[0m Creating environment hook '/home/jsmoon/yax_jeju/install/rtcm_msgs/share/rtcm_msgs/hook/cmake_prefix_path.ps1'
[2.735s] [34mcolcon.colcon_core.shell[0m [1;30mINFO[0m Creating environment descriptor '/home/jsmoon/yax_jeju/install/rtcm_msgs/share/rtcm_msgs/hook/cmake_prefix_path.dsv'
[2.735s] [34mcolcon.colcon_core.shell[0m [1;30mINFO[0m Creating environment hook '/home/jsmoon/yax_jeju/install/rtcm_msgs/share/rtcm_msgs/hook/cmake_prefix_path.sh'
[2.736s] [34mcolcon.colcon_core.environment[0m [1;30mLevel 1[0m checking '/home/jsmoon/yax_jeju/install/rtcm_msgs/lib'
[2.736s] [34mcolcon.colcon_core.shell[0m [1;30mLevel 1[0m create_environment_hook('rtcm_msgs', 'ld_library_path_lib')
[2.736s] [34mcolcon.colcon_core.shell[0m [1;30mINFO[0m Creating environment hook '/home/jsmoon/yax_jeju/install/rtcm_msgs/share/rtcm_msgs/hook/ld_library_path_lib.ps1'
[2.737s] [34mcolcon.colcon_core.shell[0m [1;30mINFO[0m Creating environment descriptor '/home/jsmoon/yax_jeju/install/rtcm_msgs/share/rtcm_msgs/hook/ld_library_path_lib.dsv'
[2.737s] [34mcolcon.colcon_core.shell[0m [1;30mINFO[0m Creating environment hook '/home/jsmoon/yax_jeju/install/rtcm_msgs/share/rtcm_msgs/hook/ld_library_path_lib.sh'
[2.737s] [34mcolcon.colcon_core.environment[0m [1;30mLevel 1[0m checking '/home/jsmoon/yax_jeju/install/rtcm_msgs/bin'
[2.737s] [34mcolcon.colcon_core.environment[0m [1;30mLevel 1[0m checking '/home/jsmoon/yax_jeju/install/rtcm_msgs/lib/pkgconfig/rtcm_msgs.pc'
[2.738s] [34mcolcon.colcon_core.environment[0m [1;30mLevel 1[0m checking '/home/jsmoon/yax_jeju/install/rtcm_msgs/lib/python3.10/site-packages'
[2.738s] [34mcolcon.colcon_core.environment[0m [1;30mLevel 1[0m checking '/home/jsmoon/yax_jeju/install/rtcm_msgs/bin'
[2.739s] [34mcolcon.colcon_core.shell[0m [1;30mINFO[0m Creating package script '/home/jsmoon/yax_jeju/install/rtcm_msgs/share/rtcm_msgs/package.ps1'
[2.739s] [34mcolcon.colcon_core.shell[0m [1;30mINFO[0m Creating package descriptor '/home/jsmoon/yax_jeju/install/rtcm_msgs/share/rtcm_msgs/package.dsv'
[2.740s] [34mcolcon.colcon_core.shell[0m [1;30mINFO[0m Creating package script '/home/jsmoon/yax_jeju/install/rtcm_msgs/share/rtcm_msgs/package.sh'
[2.740s] [34mcolcon.colcon_core.shell[0m [1;30mINFO[0m Creating package script '/home/jsmoon/yax_jeju/install/rtcm_msgs/share/rtcm_msgs/package.bash'
[2.740s] [34mcolcon.colcon_core.shell[0m [1;30mINFO[0m Creating package script '/home/jsmoon/yax_jeju/install/rtcm_msgs/share/rtcm_msgs/package.zsh'
[2.741s] [34mcolcon.colcon_core.environment[0m [1;30mLevel 1[0m create_file_with_runtime_dependencies(/home/jsmoon/yax_jeju/install/rtcm_msgs/share/colcon-core/packages/rtcm_msgs)
[2.743s] [34mcolcon.colcon_ros.task.ament_cmake.build[0m [1;30mINFO[0m Building ROS package in '/home/jsmoon/yax_jeju/src/RTK_GPS_NTRIP/ublox_msgs' with build type 'ament_cmake'
[2.743s] [34mcolcon.colcon_cmake.task.cmake.build[0m [1;30mINFO[0m Building CMake package in '/home/jsmoon/yax_jeju/src/RTK_GPS_NTRIP/ublox_msgs'
[2.744s] [34mcolcon.colcon_core.shell[0m [1;30mINFO[0m Skip shell extension 'powershell' for command environment: Not usable outside of PowerShell
[2.744s] [34mcolcon.colcon_core.shell[0m [1;30mDEBUG[0m [32mSkip shell extension 'dsv' for command environment[0m
[2.760s] [34mcolcon.colcon_core.event_handler.log_command[0m [1;30mDEBUG[0m [32mInvoking command in '/home/jsmoon/yax_jeju/build/ublox_msgs': CMAKE_PREFIX_PATH=/home/jsmoon/yax_jeju/install/ublox_serialization:/home/jsmoon/yax_jeju/install/launch_pkg:/home/jsmoon/yax_jeju/install/ydlidar_ros2_driver:/home/jsmoon/yax_jeju/install/ublox:/home/jsmoon/yax_jeju/install/ublox_gps:/home/jsmoon/yax_jeju/install/fix2nmea:/home/jsmoon/yax_jeju/install/ublox_msgs:/home/jsmoon/yax_jeju/install/rtcm_msgs:/home/jsmoon/yax_jeju/install/interfaces_pkg:/home/jsmoon/ydlidar_ws/install/ydlidar_ros2_driver:/home/jsmoon/yax_jeju/install/my_custom_pkg:/home/jsmoon/yax_jeju/install/serial_communication_pkg:/home/jsmoon/yax_jeju/install/ntrip_client:/home/jsmoon/yax_jeju/install/lidar_perception_pkg:/home/jsmoon/yax_jeju/install/latlong_utm:/home/jsmoon/yax_jeju/install/decision_making_pkg:/home/jsmoon/yax_jeju/install/debug_pkg:/home/jsmoon/yax_jeju/install/camera_perception_pkg:/opt/ros/humble /usr/bin/cmake --build /home/jsmoon/yax_jeju/build/ublox_msgs -- -j16 -l16[0m
[2.859s] [34mcolcon.colcon_core.environment[0m [1;30mLevel 1[0m create_environment_scripts_only(interfaces_pkg)
[2.860s] [34mcolcon.colcon_core.environment[0m [1;30mLevel 1[0m checking '/home/jsmoon/yax_jeju/install/interfaces_pkg' for CMake module files
[2.860s] [34mcolcon.colcon_core.event_handler.log_command[0m [1;30mDEBUG[0m [32mInvoked command in '/home/jsmoon/yax_jeju/build/interfaces_pkg' returned '0': CMAKE_PREFIX_PATH=${CMAKE_PREFIX_PATH}:/home/jsmoon/yax_jeju/install/my_custom_pkg:/home/jsmoon/yax_jeju/install/serial_communication_pkg:/home/jsmoon/yax_jeju/install/ntrip_client:/home/jsmoon/yax_jeju/install/lidar_perception_pkg:/home/jsmoon/yax_jeju/install/latlong_utm:/home/jsmoon/yax_jeju/install/decision_making_pkg:/home/jsmoon/yax_jeju/install/debug_pkg:/home/jsmoon/yax_jeju/install/camera_perception_pkg:/opt/ros/humble /usr/bin/cmake --install /home/jsmoon/yax_jeju/build/interfaces_pkg[0m
[2.861s] [34mcolcon.colcon_core.environment[0m [1;30mLevel 1[0m checking '/home/jsmoon/yax_jeju/install/interfaces_pkg' for CMake config files
[2.863s] [34mcolcon.colcon_core.shell[0m [1;30mLevel 1[0m create_environment_hook('interfaces_pkg', 'cmake_prefix_path')
[2.864s] [34mcolcon.colcon_core.shell[0m [1;30mINFO[0m Creating environment hook '/home/jsmoon/yax_jeju/install/interfaces_pkg/share/interfaces_pkg/hook/cmake_prefix_path.ps1'
[2.865s] [34mcolcon.colcon_core.shell[0m [1;30mINFO[0m Creating environment descriptor '/home/jsmoon/yax_jeju/install/interfaces_pkg/share/interfaces_pkg/hook/cmake_prefix_path.dsv'
[2.865s] [34mcolcon.colcon_core.shell[0m [1;30mINFO[0m Creating environment hook '/home/jsmoon/yax_jeju/install/interfaces_pkg/share/interfaces_pkg/hook/cmake_prefix_path.sh'
[2.866s] [34mcolcon.colcon_core.environment[0m [1;30mLevel 1[0m checking '/home/jsmoon/yax_jeju/install/interfaces_pkg/lib'
[2.866s] [34mcolcon.colcon_core.shell[0m [1;30mLevel 1[0m create_environment_hook('interfaces_pkg', 'ld_library_path_lib')
[2.866s] [34mcolcon.colcon_core.shell[0m [1;30mINFO[0m Creating environment hook '/home/jsmoon/yax_jeju/install/interfaces_pkg/share/interfaces_pkg/hook/ld_library_path_lib.ps1'
[2.867s] [34mcolcon.colcon_core.shell[0m [1;30mINFO[0m Creating environment descriptor '/home/jsmoon/yax_jeju/install/interfaces_pkg/share/interfaces_pkg/hook/ld_library_path_lib.dsv'
[2.867s] [34mcolcon.colcon_core.shell[0m [1;30mINFO[0m Creating environment hook '/home/jsmoon/yax_jeju/install/interfaces_pkg/share/interfaces_pkg/hook/ld_library_path_lib.sh'
[2.868s] [34mcolcon.colcon_core.environment[0m [1;30mLevel 1[0m checking '/home/jsmoon/yax_jeju/install/interfaces_pkg/bin'
[2.868s] [34mcolcon.colcon_core.environment[0m [1;30mLevel 1[0m checking '/home/jsmoon/yax_jeju/install/interfaces_pkg/lib/pkgconfig/interfaces_pkg.pc'
[2.869s] [34mcolcon.colcon_core.environment[0m [1;30mLevel 1[0m checking '/home/jsmoon/yax_jeju/install/interfaces_pkg/lib/python3.10/site-packages'
[2.869s] [34mcolcon.colcon_core.environment[0m [1;30mLevel 1[0m checking '/home/jsmoon/yax_jeju/install/interfaces_pkg/bin'
[2.869s] [34mcolcon.colcon_core.shell[0m [1;30mINFO[0m Creating package script '/home/jsmoon/yax_jeju/install/interfaces_pkg/share/interfaces_pkg/package.ps1'
[2.870s] [34mcolcon.colcon_core.shell[0m [1;30mINFO[0m Creating package descriptor '/home/jsmoon/yax_jeju/install/interfaces_pkg/share/interfaces_pkg/package.dsv'
[2.871s] [34mcolcon.colcon_core.shell[0m [1;30mINFO[0m Creating package script '/home/jsmoon/yax_jeju/install/interfaces_pkg/share/interfaces_pkg/package.sh'
[2.872s] [34mcolcon.colcon_core.shell[0m [1;30mINFO[0m Creating package script '/home/jsmoon/yax_jeju/install/interfaces_pkg/share/interfaces_pkg/package.bash'
[2.872s] [34mcolcon.colcon_core.shell[0m [1;30mINFO[0m Creating package script '/home/jsmoon/yax_jeju/install/interfaces_pkg/share/interfaces_pkg/package.zsh'
[2.873s] [34mcolcon.colcon_core.environment[0m [1;30mLevel 1[0m create_file_with_runtime_dependencies(/home/jsmoon/yax_jeju/install/interfaces_pkg/share/colcon-core/packages/interfaces_pkg)
[2.874s] [34mcolcon.colcon_core.environment[0m [1;30mLevel 1[0m create_environment_scripts_only(interfaces_pkg)
[2.874s] [34mcolcon.colcon_core.environment[0m [1;30mLevel 1[0m checking '/home/jsmoon/yax_jeju/install/interfaces_pkg' for CMake module files
[2.875s] [34mcolcon.colcon_core.environment[0m [1;30mLevel 1[0m checking '/home/jsmoon/yax_jeju/install/interfaces_pkg' for CMake config files
[2.878s] [34mcolcon.colcon_core.shell[0m [1;30mLevel 1[0m create_environment_hook('interfaces_pkg', 'cmake_prefix_path')
[2.878s] [34mcolcon.colcon_core.shell[0m [1;30mINFO[0m Creating environment hook '/home/jsmoon/yax_jeju/install/interfaces_pkg/share/interfaces_pkg/hook/cmake_prefix_path.ps1'
[2.880s] [34mcolcon.colcon_core.shell[0m [1;30mINFO[0m Creating environment descriptor '/home/jsmoon/yax_jeju/install/interfaces_pkg/share/interfaces_pkg/hook/cmake_prefix_path.dsv'
[2.880s] [34mcolcon.colcon_core.shell[0m [1;30mINFO[0m Creating environment hook '/home/jsmoon/yax_jeju/install/interfaces_pkg/share/interfaces_pkg/hook/cmake_prefix_path.sh'
[2.881s] [34mcolcon.colcon_core.environment[0m [1;30mLevel 1[0m checking '/home/jsmoon/yax_jeju/install/interfaces_pkg/lib'
[2.882s] [34mcolcon.colcon_core.shell[0m [1;30mLevel 1[0m create_environment_hook('interfaces_pkg', 'ld_library_path_lib')
[2.882s] [34mcolcon.colcon_core.shell[0m [1;30mINFO[0m Creating environment hook '/home/jsmoon/yax_jeju/install/interfaces_pkg/share/interfaces_pkg/hook/ld_library_path_lib.ps1'
[2.883s] [34mcolcon.colcon_core.shell[0m [1;30mINFO[0m Creating environment descriptor '/home/jsmoon/yax_jeju/install/interfaces_pkg/share/interfaces_pkg/hook/ld_library_path_lib.dsv'
[2.884s] [34mcolcon.colcon_core.shell[0m [1;30mINFO[0m Creating environment hook '/home/jsmoon/yax_jeju/install/interfaces_pkg/share/interfaces_pkg/hook/ld_library_path_lib.sh'
[2.885s] [34mcolcon.colcon_core.environment[0m [1;30mLevel 1[0m checking '/home/jsmoon/yax_jeju/install/interfaces_pkg/bin'
[2.885s] [34mcolcon.colcon_core.environment[0m [1;30mLevel 1[0m checking '/home/jsmoon/yax_jeju/install/interfaces_pkg/lib/pkgconfig/interfaces_pkg.pc'
[2.886s] [34mcolcon.colcon_core.environment[0m [1;30mLevel 1[0m checking '/home/jsmoon/yax_jeju/install/interfaces_pkg/lib/python3.10/site-packages'
[2.886s] [34mcolcon.colcon_core.environment[0m [1;30mLevel 1[0m checking '/home/jsmoon/yax_jeju/install/interfaces_pkg/bin'
[2.887s] [34mcolcon.colcon_core.shell[0m [1;30mINFO[0m Creating package script '/home/jsmoon/yax_jeju/install/interfaces_pkg/share/interfaces_pkg/package.ps1'
[2.888s] [34mcolcon.colcon_core.shell[0m [1;30mINFO[0m Creating package descriptor '/home/jsmoon/yax_jeju/install/interfaces_pkg/share/interfaces_pkg/package.dsv'
[2.889s] [34mcolcon.colcon_core.shell[0m [1;30mINFO[0m Creating package script '/home/jsmoon/yax_jeju/install/interfaces_pkg/share/interfaces_pkg/package.sh'
[2.890s] [34mcolcon.colcon_core.shell[0m [1;30mINFO[0m Creating package script '/home/jsmoon/yax_jeju/install/interfaces_pkg/share/interfaces_pkg/package.bash'
[2.891s] [34mcolcon.colcon_core.shell[0m [1;30mINFO[0m Creating package script '/home/jsmoon/yax_jeju/install/interfaces_pkg/share/interfaces_pkg/package.zsh'
[2.892s] [34mcolcon.colcon_core.environment[0m [1;30mLevel 1[0m create_file_with_runtime_dependencies(/home/jsmoon/yax_jeju/install/interfaces_pkg/share/colcon-core/packages/interfaces_pkg)
[3.144s] [34mcolcon.colcon_core.event_handler.log_command[0m [1;30mDEBUG[0m [32mInvoking command in '/home/jsmoon/yax_jeju/build/ntrip_client': PYTHONPATH=/home/jsmoon/yax_jeju/build/ntrip_client/prefix_override:/usr/lib/python3/dist-packages/colcon_core/task/python/colcon_distutils_commands:/home/jsmoon/yax_jeju/install/ntrip_client/lib/python3.10/site-packages:${PYTHONPATH} /usr/bin/python3 -W ignore:setup.py install is deprecated -W ignore:easy_install command is deprecated setup.py develop --editable --build-directory /home/jsmoon/yax_jeju/build/ntrip_client/build --no-deps symlink_data[0m
[3.150s] [34mcolcon.colcon_core.event_handler.log_command[0m [1;30mDEBUG[0m [32mInvoking command in '/home/jsmoon/yax_jeju/build/lidar_perception_pkg': PYTHONPATH=/home/jsmoon/yax_jeju/build/lidar_perception_pkg/prefix_override:/usr/lib/python3/dist-packages/colcon_core/task/python/colcon_distutils_commands:/home/jsmoon/yax_jeju/install/lidar_perception_pkg/lib/python3.10/site-packages:${PYTHONPATH} /usr/bin/python3 -W ignore:setup.py install is deprecated -W ignore:easy_install command is deprecated setup.py develop --editable --build-directory /home/jsmoon/yax_jeju/build/lidar_perception_pkg/build --no-deps symlink_data[0m
[3.152s] [34mcolcon.colcon_core.event_handler.log_command[0m [1;30mDEBUG[0m [32mInvoking command in '/home/jsmoon/yax_jeju/build/decision_making_pkg': PYTHONPATH=/home/jsmoon/yax_jeju/build/decision_making_pkg/prefix_override:/usr/lib/python3/dist-packages/colcon_core/task/python/colcon_distutils_commands:/home/jsmoon/yax_jeju/install/decision_making_pkg/lib/python3.10/site-packages:${PYTHONPATH} /usr/bin/python3 -W ignore:setup.py install is deprecated -W ignore:easy_install command is deprecated setup.py develop --editable --build-directory /home/jsmoon/yax_jeju/build/decision_making_pkg/build --no-deps symlink_data[0m
[3.155s] [34mcolcon.colcon_core.event_handler.log_command[0m [1;30mDEBUG[0m [32mInvoking command in '/home/jsmoon/yax_jeju/build/serial_communication_pkg': PYTHONPATH=/home/jsmoon/yax_jeju/build/serial_communication_pkg/prefix_override:/usr/lib/python3/dist-packages/colcon_core/task/python/colcon_distutils_commands:/home/jsmoon/yax_jeju/install/serial_communication_pkg/lib/python3.10/site-packages:${PYTHONPATH} /usr/bin/python3 -W ignore:setup.py install is deprecated -W ignore:easy_install command is deprecated setup.py develop --editable --build-directory /home/jsmoon/yax_jeju/build/serial_communication_pkg/build --no-deps symlink_data[0m
[3.157s] [34mcolcon.colcon_core.event_handler.log_command[0m [1;30mDEBUG[0m [32mInvoking command in '/home/jsmoon/yax_jeju/build/camera_perception_pkg': PYTHONPATH=/home/jsmoon/yax_jeju/build/camera_perception_pkg/prefix_override:/usr/lib/python3/dist-packages/colcon_core/task/python/colcon_distutils_commands:/home/jsmoon/yax_jeju/install/camera_perception_pkg/lib/python3.10/site-packages:${PYTHONPATH} /usr/bin/python3 -W ignore:setup.py install is deprecated -W ignore:easy_install command is deprecated setup.py develop --editable --build-directory /home/jsmoon/yax_jeju/build/camera_perception_pkg/build --no-deps symlink_data[0m
[3.159s] [34mcolcon.colcon_core.event_handler.log_command[0m [1;30mDEBUG[0m [32mInvoking command in '/home/jsmoon/yax_jeju/build/debug_pkg': PYTHONPATH=/home/jsmoon/yax_jeju/build/debug_pkg/prefix_override:/usr/lib/python3/dist-packages/colcon_core/task/python/colcon_distutils_commands:/home/jsmoon/yax_jeju/install/debug_pkg/lib/python3.10/site-packages:${PYTHONPATH} /usr/bin/python3 -W ignore:setup.py install is deprecated -W ignore:easy_install command is deprecated setup.py develop --editable --build-directory /home/jsmoon/yax_jeju/build/debug_pkg/build --no-deps symlink_data[0m
[3.256s] [34mcolcon.colcon_core.event_handler.log_command[0m [1;30mDEBUG[0m [32mInvoking command in '/home/jsmoon/yax_jeju/build/latlong_utm': PYTHONPATH=/home/jsmoon/yax_jeju/build/latlong_utm/prefix_override:/usr/lib/python3/dist-packages/colcon_core/task/python/colcon_distutils_commands:/home/jsmoon/yax_jeju/install/latlong_utm/lib/python3.10/site-packages:${PYTHONPATH} /usr/bin/python3 -W ignore:setup.py install is deprecated -W ignore:easy_install command is deprecated setup.py develop --editable --build-directory /home/jsmoon/yax_jeju/build/latlong_utm/build --no-deps symlink_data[0m
[3.382s] [34mcolcon.colcon_core.event_handler.log_command[0m [1;30mDEBUG[0m [32mInvoked command in '/home/jsmoon/yax_jeju/build/ublox_msgs' returned '0': CMAKE_PREFIX_PATH=/home/jsmoon/yax_jeju/install/ublox_serialization:/home/jsmoon/yax_jeju/install/launch_pkg:/home/jsmoon/yax_jeju/install/ydlidar_ros2_driver:/home/jsmoon/yax_jeju/install/ublox:/home/jsmoon/yax_jeju/install/ublox_gps:/home/jsmoon/yax_jeju/install/fix2nmea:/home/jsmoon/yax_jeju/install/ublox_msgs:/home/jsmoon/yax_jeju/install/rtcm_msgs:/home/jsmoon/yax_jeju/install/interfaces_pkg:/home/jsmoon/ydlidar_ws/install/ydlidar_ros2_driver:/home/jsmoon/yax_jeju/install/my_custom_pkg:/home/jsmoon/yax_jeju/install/serial_communication_pkg:/home/jsmoon/yax_jeju/install/ntrip_client:/home/jsmoon/yax_jeju/install/lidar_perception_pkg:/home/jsmoon/yax_jeju/install/latlong_utm:/home/jsmoon/yax_jeju/install/decision_making_pkg:/home/jsmoon/yax_jeju/install/debug_pkg:/home/jsmoon/yax_jeju/install/camera_perception_pkg:/opt/ros/humble /usr/bin/cmake --build /home/jsmoon/yax_jeju/build/ublox_msgs -- -j16 -l16[0m
[3.384s] [34mcolcon.colcon_core.event_handler.log_command[0m [1;30mDEBUG[0m [32mInvoking command in '/home/jsmoon/yax_jeju/build/ublox_msgs': CMAKE_PREFIX_PATH=/home/jsmoon/yax_jeju/install/ublox_serialization:/home/jsmoon/yax_jeju/install/launch_pkg:/home/jsmoon/yax_jeju/install/ydlidar_ros2_driver:/home/jsmoon/yax_jeju/install/ublox:/home/jsmoon/yax_jeju/install/ublox_gps:/home/jsmoon/yax_jeju/install/fix2nmea:/home/jsmoon/yax_jeju/install/ublox_msgs:/home/jsmoon/yax_jeju/install/rtcm_msgs:/home/jsmoon/yax_jeju/install/interfaces_pkg:/home/jsmoon/ydlidar_ws/install/ydlidar_ros2_driver:/home/jsmoon/yax_jeju/install/my_custom_pkg:/home/jsmoon/yax_jeju/install/serial_communication_pkg:/home/jsmoon/yax_jeju/install/ntrip_client:/home/jsmoon/yax_jeju/install/lidar_perception_pkg:/home/jsmoon/yax_jeju/install/latlong_utm:/home/jsmoon/yax_jeju/install/decision_making_pkg:/home/jsmoon/yax_jeju/install/debug_pkg:/home/jsmoon/yax_jeju/install/camera_perception_pkg:/opt/ros/humble /usr/bin/cmake --install /home/jsmoon/yax_jeju/build/ublox_msgs[0m
[3.589s] [34mcolcon.colcon_core.shell[0m [1;30mLevel 1[0m create_environment_hook('lidar_perception_pkg', 'pythonpath_develop')
[3.589s] [34mcolcon.colcon_core.event_handler.log_command[0m [1;30mDEBUG[0m [32mInvoked command in '/home/jsmoon/yax_jeju/build/lidar_perception_pkg' returned '0': PYTHONPATH=/home/jsmoon/yax_jeju/build/lidar_perception_pkg/prefix_override:/usr/lib/python3/dist-packages/colcon_core/task/python/colcon_distutils_commands:/home/jsmoon/yax_jeju/install/lidar_perception_pkg/lib/python3.10/site-packages:${PYTHONPATH} /usr/bin/python3 -W ignore:setup.py install is deprecated -W ignore:easy_install command is deprecated setup.py develop --editable --build-directory /home/jsmoon/yax_jeju/build/lidar_perception_pkg/build --no-deps symlink_data[0m
[3.590s] [34mcolcon.colcon_core.shell[0m [1;30mINFO[0m Creating environment hook '/home/jsmoon/yax_jeju/build/lidar_perception_pkg/share/lidar_perception_pkg/hook/pythonpath_develop.ps1'
[3.590s] [34mcolcon.colcon_core.shell[0m [1;30mINFO[0m Creating environment descriptor '/home/jsmoon/yax_jeju/build/lidar_perception_pkg/share/lidar_perception_pkg/hook/pythonpath_develop.dsv'
[3.591s] [34mcolcon.colcon_core.shell[0m [1;30mINFO[0m Creating environment hook '/home/jsmoon/yax_jeju/build/lidar_perception_pkg/share/lidar_perception_pkg/hook/pythonpath_develop.sh'
[3.591s] [34mcolcon.colcon_core.environment[0m [1;30mLevel 1[0m checking '/home/jsmoon/yax_jeju/install/lidar_perception_pkg' for CMake module files
[3.591s] [34mcolcon.colcon_core.environment[0m [1;30mLevel 1[0m checking '/home/jsmoon/yax_jeju/install/lidar_perception_pkg' for CMake config files
[3.592s] [34mcolcon.colcon_core.environment[0m [1;30mLevel 1[0m checking '/home/jsmoon/yax_jeju/install/lidar_perception_pkg/lib'
[3.592s] [34mcolcon.colcon_core.environment[0m [1;30mLevel 1[0m checking '/home/jsmoon/yax_jeju/install/lidar_perception_pkg/bin'
[3.592s] [34mcolcon.colcon_core.environment[0m [1;30mLevel 1[0m checking '/home/jsmoon/yax_jeju/install/lidar_perception_pkg/lib/pkgconfig/lidar_perception_pkg.pc'
[3.592s] [34mcolcon.colcon_core.environment[0m [1;30mLevel 1[0m checking '/home/jsmoon/yax_jeju/install/lidar_perception_pkg/lib/python3.10/site-packages'
[3.592s] [34mcolcon.colcon_core.shell[0m [1;30mLevel 1[0m create_environment_hook('lidar_perception_pkg', 'pythonpath')
[3.592s] [34mcolcon.colcon_core.shell[0m [1;30mINFO[0m Creating environment hook '/home/jsmoon/yax_jeju/install/lidar_perception_pkg/share/lidar_perception_pkg/hook/pythonpath.ps1'
[3.593s] [34mcolcon.colcon_core.shell[0m [1;30mINFO[0m Creating environment descriptor '/home/jsmoon/yax_jeju/install/lidar_perception_pkg/share/lidar_perception_pkg/hook/pythonpath.dsv'
[3.593s] [34mcolcon.colcon_core.shell[0m [1;30mINFO[0m Creating environment hook '/home/jsmoon/yax_jeju/install/lidar_perception_pkg/share/lidar_perception_pkg/hook/pythonpath.sh'
[3.593s] [34mcolcon.colcon_core.environment[0m [1;30mLevel 1[0m checking '/home/jsmoon/yax_jeju/install/lidar_perception_pkg/bin'
[3.593s] [34mcolcon.colcon_core.environment[0m [1;30mLevel 1[0m create_environment_scripts_only(lidar_perception_pkg)
[3.594s] [34mcolcon.colcon_core.shell[0m [1;30mINFO[0m Creating package script '/home/jsmoon/yax_jeju/install/lidar_perception_pkg/share/lidar_perception_pkg/package.ps1'
[3.594s] [34mcolcon.colcon_core.shell[0m [1;30mINFO[0m Creating package descriptor '/home/jsmoon/yax_jeju/install/lidar_perception_pkg/share/lidar_perception_pkg/package.dsv'
[3.595s] [34mcolcon.colcon_core.shell[0m [1;30mINFO[0m Creating package script '/home/jsmoon/yax_jeju/install/lidar_perception_pkg/share/lidar_perception_pkg/package.sh'
[3.595s] [34mcolcon.colcon_core.shell[0m [1;30mINFO[0m Creating package script '/home/jsmoon/yax_jeju/install/lidar_perception_pkg/share/lidar_perception_pkg/package.bash'
[3.595s] [34mcolcon.colcon_core.shell[0m [1;30mINFO[0m Creating package script '/home/jsmoon/yax_jeju/install/lidar_perception_pkg/share/lidar_perception_pkg/package.zsh'
[3.595s] [34mcolcon.colcon_core.environment[0m [1;30mLevel 1[0m create_file_with_runtime_dependencies(/home/jsmoon/yax_jeju/install/lidar_perception_pkg/share/colcon-core/packages/lidar_perception_pkg)
[3.639s] [34mcolcon.colcon_core.shell[0m [1;30mLevel 1[0m create_environment_hook('ntrip_client', 'pythonpath_develop')
[3.639s] [34mcolcon.colcon_core.shell[0m [1;30mINFO[0m Creating environment hook '/home/jsmoon/yax_jeju/build/ntrip_client/src/share/ntrip_client/hook/pythonpath_develop.ps1'
[3.639s] [34mcolcon.colcon_core.event_handler.log_command[0m [1;30mDEBUG[0m [32mInvoked command in '/home/jsmoon/yax_jeju/build/ntrip_client' returned '0': PYTHONPATH=/home/jsmoon/yax_jeju/build/ntrip_client/prefix_override:/usr/lib/python3/dist-packages/colcon_core/task/python/colcon_distutils_commands:/home/jsmoon/yax_jeju/install/ntrip_client/lib/python3.10/site-packages:${PYTHONPATH} /usr/bin/python3 -W ignore:setup.py install is deprecated -W ignore:easy_install command is deprecated setup.py develop --editable --build-directory /home/jsmoon/yax_jeju/build/ntrip_client/build --no-deps symlink_data[0m
[3.640s] [34mcolcon.colcon_core.shell[0m [1;30mINFO[0m Creating environment descriptor '/home/jsmoon/yax_jeju/build/ntrip_client/src/share/ntrip_client/hook/pythonpath_develop.dsv'
[3.640s] [34mcolcon.colcon_core.shell[0m [1;30mINFO[0m Creating environment hook '/home/jsmoon/yax_jeju/build/ntrip_client/src/share/ntrip_client/hook/pythonpath_develop.sh'
[3.641s] [34mcolcon.colcon_core.environment[0m [1;30mLevel 1[0m checking '/home/jsmoon/yax_jeju/install/ntrip_client' for CMake module files
[3.641s] [34mcolcon.colcon_core.environment[0m [1;30mLevel 1[0m checking '/home/jsmoon/yax_jeju/install/ntrip_client' for CMake config files
[3.642s] [34mcolcon.colcon_core.environment[0m [1;30mLevel 1[0m checking '/home/jsmoon/yax_jeju/install/ntrip_client/lib'
[3.642s] [34mcolcon.colcon_core.environment[0m [1;30mLevel 1[0m checking '/home/jsmoon/yax_jeju/install/ntrip_client/bin'
[3.642s] [34mcolcon.colcon_core.environment[0m [1;30mLevel 1[0m checking '/home/jsmoon/yax_jeju/install/ntrip_client/lib/pkgconfig/ntrip_client.pc'
[3.642s] [34mcolcon.colcon_core.environment[0m [1;30mLevel 1[0m checking '/home/jsmoon/yax_jeju/install/ntrip_client/lib/python3.10/site-packages'
[3.642s] [34mcolcon.colcon_core.shell[0m [1;30mLevel 1[0m create_environment_hook('ntrip_client', 'pythonpath')
[3.642s] [34mcolcon.colcon_core.shell[0m [1;30mINFO[0m Creating environment hook '/home/jsmoon/yax_jeju/install/ntrip_client/share/ntrip_client/hook/pythonpath.ps1'
[3.643s] [34mcolcon.colcon_core.shell[0m [1;30mINFO[0m Creating environment descriptor '/home/jsmoon/yax_jeju/install/ntrip_client/share/ntrip_client/hook/pythonpath.dsv'
[3.643s] [34mcolcon.colcon_core.shell[0m [1;30mINFO[0m Creating environment hook '/home/jsmoon/yax_jeju/install/ntrip_client/share/ntrip_client/hook/pythonpath.sh'
[3.643s] [34mcolcon.colcon_core.environment[0m [1;30mLevel 1[0m checking '/home/jsmoon/yax_jeju/install/ntrip_client/bin'
[3.644s] [34mcolcon.colcon_core.environment[0m [1;30mLevel 1[0m create_environment_scripts_only(ntrip_client)
[3.644s] [34mcolcon.colcon_core.shell[0m [1;30mINFO[0m Creating package script '/home/jsmoon/yax_jeju/install/ntrip_client/share/ntrip_client/package.ps1'
[3.644s] [34mcolcon.colcon_core.shell[0m [1;30mINFO[0m Creating package descriptor '/home/jsmoon/yax_jeju/install/ntrip_client/share/ntrip_client/package.dsv'
[3.645s] [34mcolcon.colcon_core.shell[0m [1;30mINFO[0m Creating package script '/home/jsmoon/yax_jeju/install/ntrip_client/share/ntrip_client/package.sh'
[3.645s] [34mcolcon.colcon_core.shell[0m [1;30mINFO[0m Creating package script '/home/jsmoon/yax_jeju/install/ntrip_client/share/ntrip_client/package.bash'
[3.646s] [34mcolcon.colcon_core.shell[0m [1;30mINFO[0m Creating package script '/home/jsmoon/yax_jeju/install/ntrip_client/share/ntrip_client/package.zsh'
[3.646s] [34mcolcon.colcon_core.environment[0m [1;30mLevel 1[0m create_file_with_runtime_dependencies(/home/jsmoon/yax_jeju/install/ntrip_client/share/colcon-core/packages/ntrip_client)
[3.663s] [34mcolcon.colcon_core.shell[0m [1;30mLevel 1[0m create_environment_hook('camera_perception_pkg', 'pythonpath_develop')
[3.663s] [34mcolcon.colcon_core.shell[0m [1;30mINFO[0m Creating environment hook '/home/jsmoon/yax_jeju/build/camera_perception_pkg/share/camera_perception_pkg/hook/pythonpath_develop.ps1'
[3.663s] [34mcolcon.colcon_core.event_handler.log_command[0m [1;30mDEBUG[0m [32mInvoked command in '/home/jsmoon/yax_jeju/build/camera_perception_pkg' returned '0': PYTHONPATH=/home/jsmoon/yax_jeju/build/camera_perception_pkg/prefix_override:/usr/lib/python3/dist-packages/colcon_core/task/python/colcon_distutils_commands:/home/jsmoon/yax_jeju/install/camera_perception_pkg/lib/python3.10/site-packages:${PYTHONPATH} /usr/bin/python3 -W ignore:setup.py install is deprecated -W ignore:easy_install command is deprecated setup.py develop --editable --build-directory /home/jsmoon/yax_jeju/build/camera_perception_pkg/build --no-deps symlink_data[0m
[3.664s] [34mcolcon.colcon_core.shell[0m [1;30mINFO[0m Creating environment descriptor '/home/jsmoon/yax_jeju/build/camera_perception_pkg/share/camera_perception_pkg/hook/pythonpath_develop.dsv'
[3.664s] [34mcolcon.colcon_core.shell[0m [1;30mINFO[0m Creating environment hook '/home/jsmoon/yax_jeju/build/camera_perception_pkg/share/camera_perception_pkg/hook/pythonpath_develop.sh'
[3.665s] [34mcolcon.colcon_core.environment[0m [1;30mLevel 1[0m checking '/home/jsmoon/yax_jeju/install/camera_perception_pkg' for CMake module files
[3.666s] [34mcolcon.colcon_core.environment[0m [1;30mLevel 1[0m checking '/home/jsmoon/yax_jeju/install/camera_perception_pkg' for CMake config files
[3.666s] [34mcolcon.colcon_core.environment[0m [1;30mLevel 1[0m checking '/home/jsmoon/yax_jeju/install/camera_perception_pkg/lib'
[3.666s] [34mcolcon.colcon_core.environment[0m [1;30mLevel 1[0m checking '/home/jsmoon/yax_jeju/install/camera_perception_pkg/bin'
[3.666s] [34mcolcon.colcon_core.environment[0m [1;30mLevel 1[0m checking '/home/jsmoon/yax_jeju/install/camera_perception_pkg/lib/pkgconfig/camera_perception_pkg.pc'
[3.666s] [34mcolcon.colcon_core.environment[0m [1;30mLevel 1[0m checking '/home/jsmoon/yax_jeju/install/camera_perception_pkg/lib/python3.10/site-packages'
[3.667s] [34mcolcon.colcon_core.shell[0m [1;30mLevel 1[0m create_environment_hook('camera_perception_pkg', 'pythonpath')
[3.667s] [34mcolcon.colcon_core.shell[0m [1;30mINFO[0m Creating environment hook '/home/jsmoon/yax_jeju/install/camera_perception_pkg/share/camera_perception_pkg/hook/pythonpath.ps1'
[3.667s] [34mcolcon.colcon_core.shell[0m [1;30mINFO[0m Creating environment descriptor '/home/jsmoon/yax_jeju/install/camera_perception_pkg/share/camera_perception_pkg/hook/pythonpath.dsv'
[3.668s] [34mcolcon.colcon_core.shell[0m [1;30mINFO[0m Creating environment hook '/home/jsmoon/yax_jeju/install/camera_perception_pkg/share/camera_perception_pkg/hook/pythonpath.sh'
[3.668s] [34mcolcon.colcon_core.environment[0m [1;30mLevel 1[0m checking '/home/jsmoon/yax_jeju/install/camera_perception_pkg/bin'
[3.668s] [34mcolcon.colcon_core.environment[0m [1;30mLevel 1[0m create_environment_scripts_only(camera_perception_pkg)
[3.669s] [34mcolcon.colcon_core.shell[0m [1;30mINFO[0m Creating package script '/home/jsmoon/yax_jeju/install/camera_perception_pkg/share/camera_perception_pkg/package.ps1'
[3.669s] [34mcolcon.colcon_core.shell[0m [1;30mINFO[0m Creating package descriptor '/home/jsmoon/yax_jeju/install/camera_perception_pkg/share/camera_perception_pkg/package.dsv'
[3.670s] [34mcolcon.colcon_core.shell[0m [1;30mINFO[0m Creating package script '/home/jsmoon/yax_jeju/install/camera_perception_pkg/share/camera_perception_pkg/package.sh'
[3.670s] [34mcolcon.colcon_core.shell[0m [1;30mINFO[0m Creating package script '/home/jsmoon/yax_jeju/install/camera_perception_pkg/share/camera_perception_pkg/package.bash'
[3.671s] [34mcolcon.colcon_core.shell[0m [1;30mINFO[0m Creating package script '/home/jsmoon/yax_jeju/install/camera_perception_pkg/share/camera_perception_pkg/package.zsh'
[3.671s] [34mcolcon.colcon_core.environment[0m [1;30mLevel 1[0m create_file_with_runtime_dependencies(/home/jsmoon/yax_jeju/install/camera_perception_pkg/share/colcon-core/packages/camera_perception_pkg)
[3.688s] [34mcolcon.colcon_core.shell[0m [1;30mLevel 1[0m create_environment_hook('debug_pkg', 'pythonpath_develop')
[3.689s] [34mcolcon.colcon_core.shell[0m [1;30mINFO[0m Creating environment hook '/home/jsmoon/yax_jeju/build/debug_pkg/share/debug_pkg/hook/pythonpath_develop.ps1'
[3.689s] [34mcolcon.colcon_core.event_handler.log_command[0m [1;30mDEBUG[0m [32mInvoked command in '/home/jsmoon/yax_jeju/build/debug_pkg' returned '0': PYTHONPATH=/home/jsmoon/yax_jeju/build/debug_pkg/prefix_override:/usr/lib/python3/dist-packages/colcon_core/task/python/colcon_distutils_commands:/home/jsmoon/yax_jeju/install/debug_pkg/lib/python3.10/site-packages:${PYTHONPATH} /usr/bin/python3 -W ignore:setup.py install is deprecated -W ignore:easy_install command is deprecated setup.py develop --editable --build-directory /home/jsmoon/yax_jeju/build/debug_pkg/build --no-deps symlink_data[0m
[3.690s] [34mcolcon.colcon_core.shell[0m [1;30mINFO[0m Creating environment descriptor '/home/jsmoon/yax_jeju/build/debug_pkg/share/debug_pkg/hook/pythonpath_develop.dsv'
[3.690s] [34mcolcon.colcon_core.shell[0m [1;30mINFO[0m Creating environment hook '/home/jsmoon/yax_jeju/build/debug_pkg/share/debug_pkg/hook/pythonpath_develop.sh'
[3.690s] [34mcolcon.colcon_core.environment[0m [1;30mLevel 1[0m checking '/home/jsmoon/yax_jeju/install/debug_pkg' for CMake module files
[3.691s] [34mcolcon.colcon_core.environment[0m [1;30mLevel 1[0m checking '/home/jsmoon/yax_jeju/install/debug_pkg' for CMake config files
[3.691s] [34mcolcon.colcon_core.environment[0m [1;30mLevel 1[0m checking '/home/jsmoon/yax_jeju/install/debug_pkg/lib'
[3.691s] [34mcolcon.colcon_core.environment[0m [1;30mLevel 1[0m checking '/home/jsmoon/yax_jeju/install/debug_pkg/bin'
[3.691s] [34mcolcon.colcon_core.environment[0m [1;30mLevel 1[0m checking '/home/jsmoon/yax_jeju/install/debug_pkg/lib/pkgconfig/debug_pkg.pc'
[3.691s] [34mcolcon.colcon_core.environment[0m [1;30mLevel 1[0m checking '/home/jsmoon/yax_jeju/install/debug_pkg/lib/python3.10/site-packages'
[3.692s] [34mcolcon.colcon_core.shell[0m [1;30mLevel 1[0m create_environment_hook('debug_pkg', 'pythonpath')
[3.692s] [34mcolcon.colcon_core.shell[0m [1;30mINFO[0m Creating environment hook '/home/jsmoon/yax_jeju/install/debug_pkg/share/debug_pkg/hook/pythonpath.ps1'
[3.692s] [34mcolcon.colcon_core.shell[0m [1;30mINFO[0m Creating environment descriptor '/home/jsmoon/yax_jeju/install/debug_pkg/share/debug_pkg/hook/pythonpath.dsv'
[3.692s] [34mcolcon.colcon_core.shell[0m [1;30mINFO[0m Creating environment hook '/home/jsmoon/yax_jeju/install/debug_pkg/share/debug_pkg/hook/pythonpath.sh'
[3.693s] [34mcolcon.colcon_core.environment[0m [1;30mLevel 1[0m checking '/home/jsmoon/yax_jeju/install/debug_pkg/bin'
[3.693s] [34mcolcon.colcon_core.environment[0m [1;30mLevel 1[0m create_environment_scripts_only(debug_pkg)
[3.693s] [34mcolcon.colcon_core.shell[0m [1;30mINFO[0m Creating package script '/home/jsmoon/yax_jeju/install/debug_pkg/share/debug_pkg/package.ps1'
[3.694s] [34mcolcon.colcon_core.shell[0m [1;30mINFO[0m Creating package descriptor '/home/jsmoon/yax_jeju/install/debug_pkg/share/debug_pkg/package.dsv'
[3.695s] [34mcolcon.colcon_core.shell[0m [1;30mINFO[0m Creating package script '/home/jsmoon/yax_jeju/install/debug_pkg/share/debug_pkg/package.sh'
[3.696s] [34mcolcon.colcon_core.shell[0m [1;30mINFO[0m Creating package script '/home/jsmoon/yax_jeju/install/debug_pkg/share/debug_pkg/package.bash'
[3.696s] [34mcolcon.colcon_core.shell[0m [1;30mINFO[0m Creating package script '/home/jsmoon/yax_jeju/install/debug_pkg/share/debug_pkg/package.zsh'
[3.697s] [34mcolcon.colcon_core.environment[0m [1;30mLevel 1[0m create_file_with_runtime_dependencies(/home/jsmoon/yax_jeju/install/debug_pkg/share/colcon-core/packages/debug_pkg)
[3.698s] [34mcolcon.colcon_core.environment[0m [1;30mLevel 1[0m create_environment_scripts_only(ublox_msgs)
[3.698s] [34mcolcon.colcon_core.environment[0m [1;30mLevel 1[0m checking '/home/jsmoon/yax_jeju/install/ublox_msgs' for CMake module files
[3.699s] [34mcolcon.colcon_core.event_handler.log_command[0m [1;30mDEBUG[0m [32mInvoked command in '/home/jsmoon/yax_jeju/build/ublox_msgs' returned '0': CMAKE_PREFIX_PATH=/home/jsmoon/yax_jeju/install/ublox_serialization:/home/jsmoon/yax_jeju/install/launch_pkg:/home/jsmoon/yax_jeju/install/ydlidar_ros2_driver:/home/jsmoon/yax_jeju/install/ublox:/home/jsmoon/yax_jeju/install/ublox_gps:/home/jsmoon/yax_jeju/install/fix2nmea:/home/jsmoon/yax_jeju/install/ublox_msgs:/home/jsmoon/yax_jeju/install/rtcm_msgs:/home/jsmoon/yax_jeju/install/interfaces_pkg:/home/jsmoon/ydlidar_ws/install/ydlidar_ros2_driver:/home/jsmoon/yax_jeju/install/my_custom_pkg:/home/jsmoon/yax_jeju/install/serial_communication_pkg:/home/jsmoon/yax_jeju/install/ntrip_client:/home/jsmoon/yax_jeju/install/lidar_perception_pkg:/home/jsmoon/yax_jeju/install/latlong_utm:/home/jsmoon/yax_jeju/install/decision_making_pkg:/home/jsmoon/yax_jeju/install/debug_pkg:/home/jsmoon/yax_jeju/install/camera_perception_pkg:/opt/ros/humble /usr/bin/cmake --install /home/jsmoon/yax_jeju/build/ublox_msgs[0m
[3.699s] [34mcolcon.colcon_core.environment[0m [1;30mLevel 1[0m checking '/home/jsmoon/yax_jeju/install/ublox_msgs' for CMake config files
[3.705s] [34mcolcon.colcon_core.shell[0m [1;30mLevel 1[0m create_environment_hook('ublox_msgs', 'cmake_prefix_path')
[3.705s] [34mcolcon.colcon_core.shell[0m [1;30mINFO[0m Creating environment hook '/home/jsmoon/yax_jeju/install/ublox_msgs/share/ublox_msgs/hook/cmake_prefix_path.ps1'
[3.706s] [34mcolcon.colcon_core.shell[0m [1;30mINFO[0m Creating environment descriptor '/home/jsmoon/yax_jeju/install/ublox_msgs/share/ublox_msgs/hook/cmake_prefix_path.dsv'
[3.706s] [34mcolcon.colcon_core.shell[0m [1;30mINFO[0m Creating environment hook '/home/jsmoon/yax_jeju/install/ublox_msgs/share/ublox_msgs/hook/cmake_prefix_path.sh'
[3.707s] [34mcolcon.colcon_core.environment[0m [1;30mLevel 1[0m checking '/home/jsmoon/yax_jeju/install/ublox_msgs/lib'
[3.707s] [34mcolcon.colcon_core.shell[0m [1;30mLevel 1[0m create_environment_hook('ublox_msgs', 'ld_library_path_lib')
[3.707s] [34mcolcon.colcon_core.shell[0m [1;30mINFO[0m Creating environment hook '/home/jsmoon/yax_jeju/install/ublox_msgs/share/ublox_msgs/hook/ld_library_path_lib.ps1'
[3.707s] [34mcolcon.colcon_core.shell[0m [1;30mINFO[0m Creating environment descriptor '/home/jsmoon/yax_jeju/install/ublox_msgs/share/ublox_msgs/hook/ld_library_path_lib.dsv'
[3.708s] [34mcolcon.colcon_core.shell[0m [1;30mINFO[0m Creating environment hook '/home/jsmoon/yax_jeju/install/ublox_msgs/share/ublox_msgs/hook/ld_library_path_lib.sh'
[3.708s] [34mcolcon.colcon_core.environment[0m [1;30mLevel 1[0m checking '/home/jsmoon/yax_jeju/install/ublox_msgs/bin'
[3.708s] [34mcolcon.colcon_core.environment[0m [1;30mLevel 1[0m checking '/home/jsmoon/yax_jeju/install/ublox_msgs/lib/pkgconfig/ublox_msgs.pc'
[3.708s] [34mcolcon.colcon_core.environment[0m [1;30mLevel 1[0m checking '/home/jsmoon/yax_jeju/install/ublox_msgs/lib/python3.10/site-packages'
[3.709s] [34mcolcon.colcon_core.environment[0m [1;30mLevel 1[0m checking '/home/jsmoon/yax_jeju/install/ublox_msgs/bin'
[3.709s] [34mcolcon.colcon_core.shell[0m [1;30mINFO[0m Creating package script '/home/jsmoon/yax_jeju/install/ublox_msgs/share/ublox_msgs/package.ps1'
[3.709s] [34mcolcon.colcon_core.shell[0m [1;30mINFO[0m Creating package descriptor '/home/jsmoon/yax_jeju/install/ublox_msgs/share/ublox_msgs/package.dsv'
[3.710s] [34mcolcon.colcon_core.shell[0m [1;30mINFO[0m Creating package script '/home/jsmoon/yax_jeju/install/ublox_msgs/share/ublox_msgs/package.sh'
[3.710s] [34mcolcon.colcon_core.shell[0m [1;30mINFO[0m Creating package script '/home/jsmoon/yax_jeju/install/ublox_msgs/share/ublox_msgs/package.bash'
[3.710s] [34mcolcon.colcon_core.shell[0m [1;30mINFO[0m Creating package script '/home/jsmoon/yax_jeju/install/ublox_msgs/share/ublox_msgs/package.zsh'
[3.710s] [34mcolcon.colcon_core.environment[0m [1;30mLevel 1[0m create_file_with_runtime_dependencies(/home/jsmoon/yax_jeju/install/ublox_msgs/share/colcon-core/packages/ublox_msgs)
[3.711s] [34mcolcon.colcon_core.environment[0m [1;30mLevel 1[0m create_environment_scripts_only(ublox_msgs)
[3.711s] [34mcolcon.colcon_core.environment[0m [1;30mLevel 1[0m checking '/home/jsmoon/yax_jeju/install/ublox_msgs' for CMake module files
[3.711s] [34mcolcon.colcon_core.environment[0m [1;30mLevel 1[0m checking '/home/jsmoon/yax_jeju/install/ublox_msgs' for CMake config files
[3.717s] [34mcolcon.colcon_core.shell[0m [1;30mLevel 1[0m create_environment_hook('ublox_msgs', 'cmake_prefix_path')
[3.718s] [34mcolcon.colcon_core.shell[0m [1;30mINFO[0m Creating environment hook '/home/jsmoon/yax_jeju/install/ublox_msgs/share/ublox_msgs/hook/cmake_prefix_path.ps1'
[3.718s] [34mcolcon.colcon_core.shell[0m [1;30mINFO[0m Creating environment descriptor '/home/jsmoon/yax_jeju/install/ublox_msgs/share/ublox_msgs/hook/cmake_prefix_path.dsv'
[3.718s] [34mcolcon.colcon_core.shell[0m [1;30mINFO[0m Creating environment hook '/home/jsmoon/yax_jeju/install/ublox_msgs/share/ublox_msgs/hook/cmake_prefix_path.sh'
[3.719s] [34mcolcon.colcon_core.environment[0m [1;30mLevel 1[0m checking '/home/jsmoon/yax_jeju/install/ublox_msgs/lib'
[3.719s] [34mcolcon.colcon_core.shell[0m [1;30mLevel 1[0m create_environment_hook('ublox_msgs', 'ld_library_path_lib')
[3.719s] [34mcolcon.colcon_core.shell[0m [1;30mINFO[0m Creating environment hook '/home/jsmoon/yax_jeju/install/ublox_msgs/share/ublox_msgs/hook/ld_library_path_lib.ps1'
[3.719s] [34mcolcon.colcon_core.shell[0m [1;30mINFO[0m Creating environment descriptor '/home/jsmoon/yax_jeju/install/ublox_msgs/share/ublox_msgs/hook/ld_library_path_lib.dsv'
[3.720s] [34mcolcon.colcon_core.shell[0m [1;30mINFO[0m Creating environment hook '/home/jsmoon/yax_jeju/install/ublox_msgs/share/ublox_msgs/hook/ld_library_path_lib.sh'
[3.720s] [34mcolcon.colcon_core.environment[0m [1;30mLevel 1[0m checking '/home/jsmoon/yax_jeju/install/ublox_msgs/bin'
[3.720s] [34mcolcon.colcon_core.environment[0m [1;30mLevel 1[0m checking '/home/jsmoon/yax_jeju/install/ublox_msgs/lib/pkgconfig/ublox_msgs.pc'
[3.720s] [34mcolcon.colcon_core.environment[0m [1;30mLevel 1[0m checking '/home/jsmoon/yax_jeju/install/ublox_msgs/lib/python3.10/site-packages'
[3.720s] [34mcolcon.colcon_core.environment[0m [1;30mLevel 1[0m checking '/home/jsmoon/yax_jeju/install/ublox_msgs/bin'
[3.721s] [34mcolcon.colcon_core.shell[0m [1;30mINFO[0m Creating package script '/home/jsmoon/yax_jeju/install/ublox_msgs/share/ublox_msgs/package.ps1'
[3.721s] [34mcolcon.colcon_core.shell[0m [1;30mINFO[0m Creating package descriptor '/home/jsmoon/yax_jeju/install/ublox_msgs/share/ublox_msgs/package.dsv'
[3.721s] [34mcolcon.colcon_core.shell[0m [1;30mINFO[0m Creating package script '/home/jsmoon/yax_jeju/install/ublox_msgs/share/ublox_msgs/package.sh'
[3.721s] [34mcolcon.colcon_core.shell[0m [1;30mINFO[0m Creating package script '/home/jsmoon/yax_jeju/install/ublox_msgs/share/ublox_msgs/package.bash'
[3.722s] [34mcolcon.colcon_core.shell[0m [1;30mINFO[0m Creating package script '/home/jsmoon/yax_jeju/install/ublox_msgs/share/ublox_msgs/package.zsh'
[3.722s] [34mcolcon.colcon_core.environment[0m [1;30mLevel 1[0m create_file_with_runtime_dependencies(/home/jsmoon/yax_jeju/install/ublox_msgs/share/colcon-core/packages/ublox_msgs)
[3.722s] [34mcolcon.colcon_ros.task.ament_cmake.build[0m [1;30mINFO[0m Building ROS package in '/home/jsmoon/yax_jeju/src/RTK_GPS_NTRIP/ublox_gps' with build type 'ament_cmake'
[3.722s] [34mcolcon.colcon_cmake.task.cmake.build[0m [1;30mINFO[0m Building CMake package in '/home/jsmoon/yax_jeju/src/RTK_GPS_NTRIP/ublox_gps'
[3.723s] [34mcolcon.colcon_core.shell[0m [1;30mINFO[0m Skip shell extension 'powershell' for command environment: Not usable outside of PowerShell
[3.723s] [34mcolcon.colcon_core.shell[0m [1;30mDEBUG[0m [32mSkip shell extension 'dsv' for command environment[0m
[3.727s] [34mcolcon.colcon_ros.task.ament_cmake.build[0m [1;30mINFO[0m Building ROS package in '/home/jsmoon/yax_jeju/src/RTK_GPS_NTRIP/fix2nmea' with build type 'ament_cmake'
[3.727s] [34mcolcon.colcon_cmake.task.cmake.build[0m [1;30mINFO[0m Building CMake package in '/home/jsmoon/yax_jeju/src/RTK_GPS_NTRIP/fix2nmea'
[3.727s] [34mcolcon.colcon_core.shell[0m [1;30mINFO[0m Skip shell extension 'powershell' for command environment: Not usable outside of PowerShell
[3.728s] [34mcolcon.colcon_core.shell[0m [1;30mDEBUG[0m [32mSkip shell extension 'dsv' for command environment[0m
[3.732s] [34mcolcon.colcon_core.shell[0m [1;30mLevel 1[0m create_environment_hook('serial_communication_pkg', 'pythonpath_develop')
[3.732s] [34mcolcon.colcon_core.shell[0m [1;30mINFO[0m Creating environment hook '/home/jsmoon/yax_jeju/build/serial_communication_pkg/share/serial_communication_pkg/hook/pythonpath_develop.ps1'
[3.733s] [34mcolcon.colcon_core.event_handler.log_command[0m [1;30mDEBUG[0m [32mInvoked command in '/home/jsmoon/yax_jeju/build/serial_communication_pkg' returned '0': PYTHONPATH=/home/jsmoon/yax_jeju/build/serial_communication_pkg/prefix_override:/usr/lib/python3/dist-packages/colcon_core/task/python/colcon_distutils_commands:/home/jsmoon/yax_jeju/install/serial_communication_pkg/lib/python3.10/site-packages:${PYTHONPATH} /usr/bin/python3 -W ignore:setup.py install is deprecated -W ignore:easy_install command is deprecated setup.py develop --editable --build-directory /home/jsmoon/yax_jeju/build/serial_communication_pkg/build --no-deps symlink_data[0m
[3.733s] [34mcolcon.colcon_core.shell[0m [1;30mINFO[0m Creating environment descriptor '/home/jsmoon/yax_jeju/build/serial_communication_pkg/share/serial_communication_pkg/hook/pythonpath_develop.dsv'
[3.733s] [34mcolcon.colcon_core.shell[0m [1;30mINFO[0m Creating environment hook '/home/jsmoon/yax_jeju/build/serial_communication_pkg/share/serial_communication_pkg/hook/pythonpath_develop.sh'
[3.734s] [34mcolcon.colcon_core.environment[0m [1;30mLevel 1[0m checking '/home/jsmoon/yax_jeju/install/serial_communication_pkg' for CMake module files
[3.734s] [34mcolcon.colcon_core.environment[0m [1;30mLevel 1[0m checking '/home/jsmoon/yax_jeju/install/serial_communication_pkg' for CMake config files
[3.734s] [34mcolcon.colcon_core.environment[0m [1;30mLevel 1[0m checking '/home/jsmoon/yax_jeju/install/serial_communication_pkg/lib'
[3.734s] [34mcolcon.colcon_core.environment[0m [1;30mLevel 1[0m checking '/home/jsmoon/yax_jeju/install/serial_communication_pkg/bin'
[3.734s] [34mcolcon.colcon_core.environment[0m [1;30mLevel 1[0m checking '/home/jsmoon/yax_jeju/install/serial_communication_pkg/lib/pkgconfig/serial_communication_pkg.pc'
[3.735s] [34mcolcon.colcon_core.environment[0m [1;30mLevel 1[0m checking '/home/jsmoon/yax_jeju/install/serial_communication_pkg/lib/python3.10/site-packages'
[3.735s] [34mcolcon.colcon_core.shell[0m [1;30mLevel 1[0m create_environment_hook('serial_communication_pkg', 'pythonpath')
[3.735s] [34mcolcon.colcon_core.shell[0m [1;30mINFO[0m Creating environment hook '/home/jsmoon/yax_jeju/install/serial_communication_pkg/share/serial_communication_pkg/hook/pythonpath.ps1'
[3.735s] [34mcolcon.colcon_core.shell[0m [1;30mINFO[0m Creating environment descriptor '/home/jsmoon/yax_jeju/install/serial_communication_pkg/share/serial_communication_pkg/hook/pythonpath.dsv'
[3.735s] [34mcolcon.colcon_core.shell[0m [1;30mINFO[0m Creating environment hook '/home/jsmoon/yax_jeju/install/serial_communication_pkg/share/serial_communication_pkg/hook/pythonpath.sh'
[3.736s] [34mcolcon.colcon_core.environment[0m [1;30mLevel 1[0m checking '/home/jsmoon/yax_jeju/install/serial_communication_pkg/bin'
[3.736s] [34mcolcon.colcon_core.environment[0m [1;30mLevel 1[0m create_environment_scripts_only(serial_communication_pkg)
[3.736s] [34mcolcon.colcon_core.shell[0m [1;30mINFO[0m Creating package script '/home/jsmoon/yax_jeju/install/serial_communication_pkg/share/serial_communication_pkg/package.ps1'
[3.736s] [34mcolcon.colcon_core.shell[0m [1;30mINFO[0m Creating package descriptor '/home/jsmoon/yax_jeju/install/serial_communication_pkg/share/serial_communication_pkg/package.dsv'
[3.737s] [34mcolcon.colcon_core.shell[0m [1;30mINFO[0m Creating package script '/home/jsmoon/yax_jeju/install/serial_communication_pkg/share/serial_communication_pkg/package.sh'
[3.737s] [34mcolcon.colcon_core.shell[0m [1;30mINFO[0m Creating package script '/home/jsmoon/yax_jeju/install/serial_communication_pkg/share/serial_communication_pkg/package.bash'
[3.737s] [34mcolcon.colcon_core.shell[0m [1;30mINFO[0m Creating package script '/home/jsmoon/yax_jeju/install/serial_communication_pkg/share/serial_communication_pkg/package.zsh'
[3.738s] [34mcolcon.colcon_core.environment[0m [1;30mLevel 1[0m create_file_with_runtime_dependencies(/home/jsmoon/yax_jeju/install/serial_communication_pkg/share/colcon-core/packages/serial_communication_pkg)
[3.741s] [34mcolcon.colcon_core.event_handler.log_command[0m [1;30mDEBUG[0m [32mInvoking command in '/home/jsmoon/yax_jeju/build/ublox_gps': CMAKE_PREFIX_PATH=/home/jsmoon/yax_jeju/install/ublox_msgs:/home/jsmoon/yax_jeju/install/ublox_serialization:/home/jsmoon/yax_jeju/install/rtcm_msgs:/home/jsmoon/yax_jeju/install/launch_pkg:/home/jsmoon/yax_jeju/install/ydlidar_ros2_driver:/home/jsmoon/yax_jeju/install/ublox:/home/jsmoon/yax_jeju/install/ublox_gps:/home/jsmoon/yax_jeju/install/fix2nmea:/home/jsmoon/yax_jeju/install/interfaces_pkg:/home/jsmoon/ydlidar_ws/install/ydlidar_ros2_driver:/home/jsmoon/yax_jeju/install/my_custom_pkg:/home/jsmoon/yax_jeju/install/serial_communication_pkg:/home/jsmoon/yax_jeju/install/ntrip_client:/home/jsmoon/yax_jeju/install/lidar_perception_pkg:/home/jsmoon/yax_jeju/install/latlong_utm:/home/jsmoon/yax_jeju/install/decision_making_pkg:/home/jsmoon/yax_jeju/install/debug_pkg:/home/jsmoon/yax_jeju/install/camera_perception_pkg:/opt/ros/humble LD_LIBRARY_PATH=/home/jsmoon/yax_jeju/install/ublox_msgs/lib:/home/jsmoon/yax_jeju/install/rtcm_msgs/lib:/home/jsmoon/yax_jeju/install/ublox_gps/lib:/home/jsmoon/yax_jeju/install/interfaces_pkg/lib:/opt/ros/humble/opt/rviz_ogre_vendor/lib:/opt/ros/humble/lib/x86_64-linux-gnu:/opt/ros/humble/lib:/home/jsmoon/Desktop/JSMOON/MLCS/project1/Personalized-Adaptive-Cruise/external/acados/lib /usr/bin/cmake --build /home/jsmoon/yax_jeju/build/ublox_gps -- -j16 -l16[0m
[3.744s] [34mcolcon.colcon_core.shell[0m [1;30mLevel 1[0m create_environment_hook('decision_making_pkg', 'pythonpath_develop')
[3.744s] [34mcolcon.colcon_core.shell[0m [1;30mINFO[0m Creating environment hook '/home/jsmoon/yax_jeju/build/decision_making_pkg/share/decision_making_pkg/hook/pythonpath_develop.ps1'
[3.745s] [34mcolcon.colcon_core.event_handler.log_command[0m [1;30mDEBUG[0m [32mInvoking command in '/home/jsmoon/yax_jeju/build/fix2nmea': CMAKE_PREFIX_PATH=/home/jsmoon/yax_jeju/install/ublox_msgs:/home/jsmoon/yax_jeju/install/ublox_serialization:/home/jsmoon/yax_jeju/install/launch_pkg:/home/jsmoon/yax_jeju/install/ydlidar_ros2_driver:/home/jsmoon/yax_jeju/install/ublox:/home/jsmoon/yax_jeju/install/ublox_gps:/home/jsmoon/yax_jeju/install/fix2nmea:/home/jsmoon/yax_jeju/install/rtcm_msgs:/home/jsmoon/yax_jeju/install/interfaces_pkg:/home/jsmoon/ydlidar_ws/install/ydlidar_ros2_driver:/home/jsmoon/yax_jeju/install/my_custom_pkg:/home/jsmoon/yax_jeju/install/serial_communication_pkg:/home/jsmoon/yax_jeju/install/ntrip_client:/home/jsmoon/yax_jeju/install/lidar_perception_pkg:/home/jsmoon/yax_jeju/install/latlong_utm:/home/jsmoon/yax_jeju/install/decision_making_pkg:/home/jsmoon/yax_jeju/install/debug_pkg:/home/jsmoon/yax_jeju/install/camera_perception_pkg:/opt/ros/humble LD_LIBRARY_PATH=/home/jsmoon/yax_jeju/install/ublox_msgs/lib:/home/jsmoon/yax_jeju/install/ublox_gps/lib:/home/jsmoon/yax_jeju/install/rtcm_msgs/lib:/home/jsmoon/yax_jeju/install/interfaces_pkg/lib:/opt/ros/humble/opt/rviz_ogre_vendor/lib:/opt/ros/humble/lib/x86_64-linux-gnu:/opt/ros/humble/lib:/home/jsmoon/Desktop/JSMOON/MLCS/project1/Personalized-Adaptive-Cruise/external/acados/lib /usr/bin/cmake --build /home/jsmoon/yax_jeju/build/fix2nmea -- -j16 -l16[0m
[3.745s] [34mcolcon.colcon_core.event_handler.log_command[0m [1;30mDEBUG[0m [32mInvoked command in '/home/jsmoon/yax_jeju/build/decision_making_pkg' returned '0': PYTHONPATH=/home/jsmoon/yax_jeju/build/decision_making_pkg/prefix_override:/usr/lib/python3/dist-packages/colcon_core/task/python/colcon_distutils_commands:/home/jsmoon/yax_jeju/install/decision_making_pkg/lib/python3.10/site-packages:${PYTHONPATH} /usr/bin/python3 -W ignore:setup.py install is deprecated -W ignore:easy_install command is deprecated setup.py develop --editable --build-directory /home/jsmoon/yax_jeju/build/decision_making_pkg/build --no-deps symlink_data[0m
[3.745s] [34mcolcon.colcon_core.shell[0m [1;30mINFO[0m Creating environment descriptor '/home/jsmoon/yax_jeju/build/decision_making_pkg/share/decision_making_pkg/hook/pythonpath_develop.dsv'
[3.746s] [34mcolcon.colcon_core.shell[0m [1;30mINFO[0m Creating environment hook '/home/jsmoon/yax_jeju/build/decision_making_pkg/share/decision_making_pkg/hook/pythonpath_develop.sh'
[3.746s] [34mcolcon.colcon_core.environment[0m [1;30mLevel 1[0m checking '/home/jsmoon/yax_jeju/install/decision_making_pkg' for CMake module files
[3.746s] [34mcolcon.colcon_core.environment[0m [1;30mLevel 1[0m checking '/home/jsmoon/yax_jeju/install/decision_making_pkg' for CMake config files
[3.747s] [34mcolcon.colcon_core.environment[0m [1;30mLevel 1[0m checking '/home/jsmoon/yax_jeju/install/decision_making_pkg/lib'
[3.747s] [34mcolcon.colcon_core.environment[0m [1;30mLevel 1[0m checking '/home/jsmoon/yax_jeju/install/decision_making_pkg/bin'
[3.747s] [34mcolcon.colcon_core.environment[0m [1;30mLevel 1[0m checking '/home/jsmoon/yax_jeju/install/decision_making_pkg/lib/pkgconfig/decision_making_pkg.pc'
[3.747s] [34mcolcon.colcon_core.environment[0m [1;30mLevel 1[0m checking '/home/jsmoon/yax_jeju/install/decision_making_pkg/lib/python3.10/site-packages'
[3.747s] [34mcolcon.colcon_core.shell[0m [1;30mLevel 1[0m create_environment_hook('decision_making_pkg', 'pythonpath')
[3.747s] [34mcolcon.colcon_core.shell[0m [1;30mINFO[0m Creating environment hook '/home/jsmoon/yax_jeju/install/decision_making_pkg/share/decision_making_pkg/hook/pythonpath.ps1'
[3.747s] [34mcolcon.colcon_core.shell[0m [1;30mINFO[0m Creating environment descriptor '/home/jsmoon/yax_jeju/install/decision_making_pkg/share/decision_making_pkg/hook/pythonpath.dsv'
[3.748s] [34mcolcon.colcon_core.shell[0m [1;30mINFO[0m Creating environment hook '/home/jsmoon/yax_jeju/install/decision_making_pkg/share/decision_making_pkg/hook/pythonpath.sh'
[3.748s] [34mcolcon.colcon_core.environment[0m [1;30mLevel 1[0m checking '/home/jsmoon/yax_jeju/install/decision_making_pkg/bin'
[3.748s] [34mcolcon.colcon_core.environment[0m [1;30mLevel 1[0m create_environment_scripts_only(decision_making_pkg)
[3.748s] [34mcolcon.colcon_core.shell[0m [1;30mINFO[0m Creating package script '/home/jsmoon/yax_jeju/install/decision_making_pkg/share/decision_making_pkg/package.ps1'
[3.749s] [34mcolcon.colcon_core.shell[0m [1;30mINFO[0m Creating package descriptor '/home/jsmoon/yax_jeju/install/decision_making_pkg/share/decision_making_pkg/package.dsv'
[3.749s] [34mcolcon.colcon_core.shell[0m [1;30mINFO[0m Creating package script '/home/jsmoon/yax_jeju/install/decision_making_pkg/share/decision_making_pkg/package.sh'
[3.749s] [34mcolcon.colcon_core.shell[0m [1;30mINFO[0m Creating package script '/home/jsmoon/yax_jeju/install/decision_making_pkg/share/decision_making_pkg/package.bash'
[3.750s] [34mcolcon.colcon_core.shell[0m [1;30mINFO[0m Creating package script '/home/jsmoon/yax_jeju/install/decision_making_pkg/share/decision_making_pkg/package.zsh'
[3.750s] [34mcolcon.colcon_core.environment[0m [1;30mLevel 1[0m create_file_with_runtime_dependencies(/home/jsmoon/yax_jeju/install/decision_making_pkg/share/colcon-core/packages/decision_making_pkg)
[3.751s] [34mcolcon.colcon_core.shell[0m [1;30mLevel 1[0m create_environment_hook('latlong_utm', 'pythonpath_develop')
[3.751s] [34mcolcon.colcon_core.shell[0m [1;30mINFO[0m Creating environment hook '/home/jsmoon/yax_jeju/build/latlong_utm/share/latlong_utm/hook/pythonpath_develop.ps1'
[3.752s] [34mcolcon.colcon_core.event_handler.log_command[0m [1;30mDEBUG[0m [32mInvoked command in '/home/jsmoon/yax_jeju/build/latlong_utm' returned '0': PYTHONPATH=/home/jsmoon/yax_jeju/build/latlong_utm/prefix_override:/usr/lib/python3/dist-packages/colcon_core/task/python/colcon_distutils_commands:/home/jsmoon/yax_jeju/install/latlong_utm/lib/python3.10/site-packages:${PYTHONPATH} /usr/bin/python3 -W ignore:setup.py install is deprecated -W ignore:easy_install command is deprecated setup.py develop --editable --build-directory /home/jsmoon/yax_jeju/build/latlong_utm/build --no-deps symlink_data[0m
[3.752s] [34mcolcon.colcon_core.shell[0m [1;30mINFO[0m Creating environment descriptor '/home/jsmoon/yax_jeju/build/latlong_utm/share/latlong_utm/hook/pythonpath_develop.dsv'
[3.752s] [34mcolcon.colcon_core.shell[0m [1;30mINFO[0m Creating environment hook '/home/jsmoon/yax_jeju/build/latlong_utm/share/latlong_utm/hook/pythonpath_develop.sh'
[3.753s] [34mcolcon.colcon_core.environment[0m [1;30mLevel 1[0m checking '/home/jsmoon/yax_jeju/install/latlong_utm' for CMake module files
[3.753s] [34mcolcon.colcon_core.environment[0m [1;30mLevel 1[0m checking '/home/jsmoon/yax_jeju/install/latlong_utm' for CMake config files
[3.753s] [34mcolcon.colcon_core.environment[0m [1;30mLevel 1[0m checking '/home/jsmoon/yax_jeju/install/latlong_utm/lib'
[3.753s] [34mcolcon.colcon_core.environment[0m [1;30mLevel 1[0m checking '/home/jsmoon/yax_jeju/install/latlong_utm/bin'
[3.753s] [34mcolcon.colcon_core.environment[0m [1;30mLevel 1[0m checking '/home/jsmoon/yax_jeju/install/latlong_utm/lib/pkgconfig/latlong_utm.pc'
[3.753s] [34mcolcon.colcon_core.environment[0m [1;30mLevel 1[0m checking '/home/jsmoon/yax_jeju/install/latlong_utm/lib/python3.10/site-packages'
[3.753s] [34mcolcon.colcon_core.shell[0m [1;30mLevel 1[0m create_environment_hook('latlong_utm', 'pythonpath')
[3.754s] [34mcolcon.colcon_core.shell[0m [1;30mINFO[0m Creating environment hook '/home/jsmoon/yax_jeju/install/latlong_utm/share/latlong_utm/hook/pythonpath.ps1'
[3.754s] [34mcolcon.colcon_core.shell[0m [1;30mINFO[0m Creating environment descriptor '/home/jsmoon/yax_jeju/install/latlong_utm/share/latlong_utm/hook/pythonpath.dsv'
[3.754s] [34mcolcon.colcon_core.shell[0m [1;30mINFO[0m Creating environment hook '/home/jsmoon/yax_jeju/install/latlong_utm/share/latlong_utm/hook/pythonpath.sh'
[3.754s] [34mcolcon.colcon_core.environment[0m [1;30mLevel 1[0m checking '/home/jsmoon/yax_jeju/install/latlong_utm/bin'
[3.754s] [34mcolcon.colcon_core.environment[0m [1;30mLevel 1[0m create_environment_scripts_only(latlong_utm)
[3.755s] [34mcolcon.colcon_core.shell[0m [1;30mINFO[0m Creating package script '/home/jsmoon/yax_jeju/install/latlong_utm/share/latlong_utm/package.ps1'
[3.755s] [34mcolcon.colcon_core.shell[0m [1;30mINFO[0m Creating package descriptor '/home/jsmoon/yax_jeju/install/latlong_utm/share/latlong_utm/package.dsv'
[3.755s] [34mcolcon.colcon_core.shell[0m [1;30mINFO[0m Creating package script '/home/jsmoon/yax_jeju/install/latlong_utm/share/latlong_utm/package.sh'
[3.756s] [34mcolcon.colcon_core.shell[0m [1;30mINFO[0m Creating package script '/home/jsmoon/yax_jeju/install/latlong_utm/share/latlong_utm/package.bash'
[3.756s] [34mcolcon.colcon_core.shell[0m [1;30mINFO[0m Creating package script '/home/jsmoon/yax_jeju/install/latlong_utm/share/latlong_utm/package.zsh'
[3.756s] [34mcolcon.colcon_core.environment[0m [1;30mLevel 1[0m create_file_with_runtime_dependencies(/home/jsmoon/yax_jeju/install/latlong_utm/share/colcon-core/packages/latlong_utm)
[3.831s] [34mcolcon.colcon_core.event_handler.log_command[0m [1;30mDEBUG[0m [32mInvoked command in '/home/jsmoon/yax_jeju/build/fix2nmea' returned '0': CMAKE_PREFIX_PATH=/home/jsmoon/yax_jeju/install/ublox_msgs:/home/jsmoon/yax_jeju/install/ublox_serialization:/home/jsmoon/yax_jeju/install/launch_pkg:/home/jsmoon/yax_jeju/install/ydlidar_ros2_driver:/home/jsmoon/yax_jeju/install/ublox:/home/jsmoon/yax_jeju/install/ublox_gps:/home/jsmoon/yax_jeju/install/fix2nmea:/home/jsmoon/yax_jeju/install/rtcm_msgs:/home/jsmoon/yax_jeju/install/interfaces_pkg:/home/jsmoon/ydlidar_ws/install/ydlidar_ros2_driver:/home/jsmoon/yax_jeju/install/my_custom_pkg:/home/jsmoon/yax_jeju/install/serial_communication_pkg:/home/jsmoon/yax_jeju/install/ntrip_client:/home/jsmoon/yax_jeju/install/lidar_perception_pkg:/home/jsmoon/yax_jeju/install/latlong_utm:/home/jsmoon/yax_jeju/install/decision_making_pkg:/home/jsmoon/yax_jeju/install/debug_pkg:/home/jsmoon/yax_jeju/install/camera_perception_pkg:/opt/ros/humble LD_LIBRARY_PATH=/home/jsmoon/yax_jeju/install/ublox_msgs/lib:/home/jsmoon/yax_jeju/install/ublox_gps/lib:/home/jsmoon/yax_jeju/install/rtcm_msgs/lib:/home/jsmoon/yax_jeju/install/interfaces_pkg/lib:/opt/ros/humble/opt/rviz_ogre_vendor/lib:/opt/ros/humble/lib/x86_64-linux-gnu:/opt/ros/humble/lib:/home/jsmoon/Desktop/JSMOON/MLCS/project1/Personalized-Adaptive-Cruise/external/acados/lib /usr/bin/cmake --build /home/jsmoon/yax_jeju/build/fix2nmea -- -j16 -l16[0m
[3.832s] [34mcolcon.colcon_core.event_handler.log_command[0m [1;30mDEBUG[0m [32mInvoking command in '/home/jsmoon/yax_jeju/build/fix2nmea': CMAKE_PREFIX_PATH=/home/jsmoon/yax_jeju/install/ublox_msgs:/home/jsmoon/yax_jeju/install/ublox_serialization:/home/jsmoon/yax_jeju/install/launch_pkg:/home/jsmoon/yax_jeju/install/ydlidar_ros2_driver:/home/jsmoon/yax_jeju/install/ublox:/home/jsmoon/yax_jeju/install/ublox_gps:/home/jsmoon/yax_jeju/install/fix2nmea:/home/jsmoon/yax_jeju/install/rtcm_msgs:/home/jsmoon/yax_jeju/install/interfaces_pkg:/home/jsmoon/ydlidar_ws/install/ydlidar_ros2_driver:/home/jsmoon/yax_jeju/install/my_custom_pkg:/home/jsmoon/yax_jeju/install/serial_communication_pkg:/home/jsmoon/yax_jeju/install/ntrip_client:/home/jsmoon/yax_jeju/install/lidar_perception_pkg:/home/jsmoon/yax_jeju/install/latlong_utm:/home/jsmoon/yax_jeju/install/decision_making_pkg:/home/jsmoon/yax_jeju/install/debug_pkg:/home/jsmoon/yax_jeju/install/camera_perception_pkg:/opt/ros/humble LD_LIBRARY_PATH=/home/jsmoon/yax_jeju/install/ublox_msgs/lib:/home/jsmoon/yax_jeju/install/ublox_gps/lib:/home/jsmoon/yax_jeju/install/rtcm_msgs/lib:/home/jsmoon/yax_jeju/install/interfaces_pkg/lib:/opt/ros/humble/opt/rviz_ogre_vendor/lib:/opt/ros/humble/lib/x86_64-linux-gnu:/opt/ros/humble/lib:/home/jsmoon/Desktop/JSMOON/MLCS/project1/Personalized-Adaptive-Cruise/external/acados/lib /usr/bin/cmake --install /home/jsmoon/yax_jeju/build/fix2nmea[0m
[3.851s] [34mcolcon.colcon_core.environment[0m [1;30mLevel 1[0m create_environment_scripts_only(fix2nmea)
[3.852s] [34mcolcon.colcon_core.environment[0m [1;30mLevel 1[0m checking '/home/jsmoon/yax_jeju/install/fix2nmea' for CMake module files
[3.852s] [34mcolcon.colcon_core.event_handler.log_command[0m [1;30mDEBUG[0m [32mInvoked command in '/home/jsmoon/yax_jeju/build/fix2nmea' returned '0': CMAKE_PREFIX_PATH=/home/jsmoon/yax_jeju/install/ublox_msgs:/home/jsmoon/yax_jeju/install/ublox_serialization:/home/jsmoon/yax_jeju/install/launch_pkg:/home/jsmoon/yax_jeju/install/ydlidar_ros2_driver:/home/jsmoon/yax_jeju/install/ublox:/home/jsmoon/yax_jeju/install/ublox_gps:/home/jsmoon/yax_jeju/install/fix2nmea:/home/jsmoon/yax_jeju/install/rtcm_msgs:/home/jsmoon/yax_jeju/install/interfaces_pkg:/home/jsmoon/ydlidar_ws/install/ydlidar_ros2_driver:/home/jsmoon/yax_jeju/install/my_custom_pkg:/home/jsmoon/yax_jeju/install/serial_communication_pkg:/home/jsmoon/yax_jeju/install/ntrip_client:/home/jsmoon/yax_jeju/install/lidar_perception_pkg:/home/jsmoon/yax_jeju/install/latlong_utm:/home/jsmoon/yax_jeju/install/decision_making_pkg:/home/jsmoon/yax_jeju/install/debug_pkg:/home/jsmoon/yax_jeju/install/camera_perception_pkg:/opt/ros/humble LD_LIBRARY_PATH=/home/jsmoon/yax_jeju/install/ublox_msgs/lib:/home/jsmoon/yax_jeju/install/ublox_gps/lib:/home/jsmoon/yax_jeju/install/rtcm_msgs/lib:/home/jsmoon/yax_jeju/install/interfaces_pkg/lib:/opt/ros/humble/opt/rviz_ogre_vendor/lib:/opt/ros/humble/lib/x86_64-linux-gnu:/opt/ros/humble/lib:/home/jsmoon/Desktop/JSMOON/MLCS/project1/Personalized-Adaptive-Cruise/external/acados/lib /usr/bin/cmake --install /home/jsmoon/yax_jeju/build/fix2nmea[0m
[3.852s] [34mcolcon.colcon_core.environment[0m [1;30mLevel 1[0m checking '/home/jsmoon/yax_jeju/install/fix2nmea' for CMake config files
[3.853s] [34mcolcon.colcon_core.shell[0m [1;30mLevel 1[0m create_environment_hook('fix2nmea', 'cmake_prefix_path')
[3.853s] [34mcolcon.colcon_core.shell[0m [1;30mINFO[0m Creating environment hook '/home/jsmoon/yax_jeju/install/fix2nmea/share/fix2nmea/hook/cmake_prefix_path.ps1'
[3.853s] [34mcolcon.colcon_core.shell[0m [1;30mINFO[0m Creating environment descriptor '/home/jsmoon/yax_jeju/install/fix2nmea/share/fix2nmea/hook/cmake_prefix_path.dsv'
[3.853s] [34mcolcon.colcon_core.shell[0m [1;30mINFO[0m Creating environment hook '/home/jsmoon/yax_jeju/install/fix2nmea/share/fix2nmea/hook/cmake_prefix_path.sh'
[3.854s] [34mcolcon.colcon_core.environment[0m [1;30mLevel 1[0m checking '/home/jsmoon/yax_jeju/install/fix2nmea/lib'
[3.854s] [34mcolcon.colcon_core.environment[0m [1;30mLevel 1[0m checking '/home/jsmoon/yax_jeju/install/fix2nmea/bin'
[3.854s] [34mcolcon.colcon_core.environment[0m [1;30mLevel 1[0m checking '/home/jsmoon/yax_jeju/install/fix2nmea/lib/pkgconfig/fix2nmea.pc'
[3.854s] [34mcolcon.colcon_core.environment[0m [1;30mLevel 1[0m checking '/home/jsmoon/yax_jeju/install/fix2nmea/lib/python3.10/site-packages'
[3.854s] [34mcolcon.colcon_core.environment[0m [1;30mLevel 1[0m checking '/home/jsmoon/yax_jeju/install/fix2nmea/bin'
[3.854s] [34mcolcon.colcon_core.shell[0m [1;30mINFO[0m Creating package script '/home/jsmoon/yax_jeju/install/fix2nmea/share/fix2nmea/package.ps1'
[3.855s] [34mcolcon.colcon_core.shell[0m [1;30mINFO[0m Creating package descriptor '/home/jsmoon/yax_jeju/install/fix2nmea/share/fix2nmea/package.dsv'
[3.855s] [34mcolcon.colcon_core.shell[0m [1;30mINFO[0m Creating package script '/home/jsmoon/yax_jeju/install/fix2nmea/share/fix2nmea/package.sh'
[3.855s] [34mcolcon.colcon_core.shell[0m [1;30mINFO[0m Creating package script '/home/jsmoon/yax_jeju/install/fix2nmea/share/fix2nmea/package.bash'
[3.855s] [34mcolcon.colcon_core.shell[0m [1;30mINFO[0m Creating package script '/home/jsmoon/yax_jeju/install/fix2nmea/share/fix2nmea/package.zsh'
[3.855s] [34mcolcon.colcon_core.environment[0m [1;30mLevel 1[0m create_file_with_runtime_dependencies(/home/jsmoon/yax_jeju/install/fix2nmea/share/colcon-core/packages/fix2nmea)
[3.856s] [34mcolcon.colcon_core.environment[0m [1;30mLevel 1[0m create_environment_scripts_only(fix2nmea)
[3.856s] [34mcolcon.colcon_core.environment[0m [1;30mLevel 1[0m checking '/home/jsmoon/yax_jeju/install/fix2nmea' for CMake module files
[3.856s] [34mcolcon.colcon_core.environment[0m [1;30mLevel 1[0m checking '/home/jsmoon/yax_jeju/install/fix2nmea' for CMake config files
[3.856s] [34mcolcon.colcon_core.shell[0m [1;30mLevel 1[0m create_environment_hook('fix2nmea', 'cmake_prefix_path')
[3.857s] [34mcolcon.colcon_core.shell[0m [1;30mINFO[0m Creating environment hook '/home/jsmoon/yax_jeju/install/fix2nmea/share/fix2nmea/hook/cmake_prefix_path.ps1'
[3.857s] [34mcolcon.colcon_core.shell[0m [1;30mINFO[0m Creating environment descriptor '/home/jsmoon/yax_jeju/install/fix2nmea/share/fix2nmea/hook/cmake_prefix_path.dsv'
[3.857s] [34mcolcon.colcon_core.shell[0m [1;30mINFO[0m Creating environment hook '/home/jsmoon/yax_jeju/install/fix2nmea/share/fix2nmea/hook/cmake_prefix_path.sh'
[3.857s] [34mcolcon.colcon_core.environment[0m [1;30mLevel 1[0m checking '/home/jsmoon/yax_jeju/install/fix2nmea/lib'
[3.857s] [34mcolcon.colcon_core.environment[0m [1;30mLevel 1[0m checking '/home/jsmoon/yax_jeju/install/fix2nmea/bin'
[3.857s] [34mcolcon.colcon_core.environment[0m [1;30mLevel 1[0m checking '/home/jsmoon/yax_jeju/install/fix2nmea/lib/pkgconfig/fix2nmea.pc'
[3.857s] [34mcolcon.colcon_core.environment[0m [1;30mLevel 1[0m checking '/home/jsmoon/yax_jeju/install/fix2nmea/lib/python3.10/site-packages'
[3.858s] [34mcolcon.colcon_core.environment[0m [1;30mLevel 1[0m checking '/home/jsmoon/yax_jeju/install/fix2nmea/bin'
[3.858s] [34mcolcon.colcon_core.shell[0m [1;30mINFO[0m Creating package script '/home/jsmoon/yax_jeju/install/fix2nmea/share/fix2nmea/package.ps1'
[3.858s] [34mcolcon.colcon_core.shell[0m [1;30mINFO[0m Creating package descriptor '/home/jsmoon/yax_jeju/install/fix2nmea/share/fix2nmea/package.dsv'
[3.858s] [34mcolcon.colcon_core.shell[0m [1;30mINFO[0m Creating package script '/home/jsmoon/yax_jeju/install/fix2nmea/share/fix2nmea/package.sh'
[3.859s] [34mcolcon.colcon_core.shell[0m [1;30mINFO[0m Creating package script '/home/jsmoon/yax_jeju/install/fix2nmea/share/fix2nmea/package.bash'
[3.859s] [34mcolcon.colcon_core.shell[0m [1;30mINFO[0m Creating package script '/home/jsmoon/yax_jeju/install/fix2nmea/share/fix2nmea/package.zsh'
[3.859s] [34mcolcon.colcon_core.environment[0m [1;30mLevel 1[0m create_file_with_runtime_dependencies(/home/jsmoon/yax_jeju/install/fix2nmea/share/colcon-core/packages/fix2nmea)
[3.912s] [34mcolcon.colcon_core.event_handler.log_command[0m [1;30mDEBUG[0m [32mInvoked command in '/home/jsmoon/yax_jeju/build/ublox_gps' returned '0': CMAKE_PREFIX_PATH=/home/jsmoon/yax_jeju/install/ublox_msgs:/home/jsmoon/yax_jeju/install/ublox_serialization:/home/jsmoon/yax_jeju/install/rtcm_msgs:/home/jsmoon/yax_jeju/install/launch_pkg:/home/jsmoon/yax_jeju/install/ydlidar_ros2_driver:/home/jsmoon/yax_jeju/install/ublox:/home/jsmoon/yax_jeju/install/ublox_gps:/home/jsmoon/yax_jeju/install/fix2nmea:/home/jsmoon/yax_jeju/install/interfaces_pkg:/home/jsmoon/ydlidar_ws/install/ydlidar_ros2_driver:/home/jsmoon/yax_jeju/install/my_custom_pkg:/home/jsmoon/yax_jeju/install/serial_communication_pkg:/home/jsmoon/yax_jeju/install/ntrip_client:/home/jsmoon/yax_jeju/install/lidar_perception_pkg:/home/jsmoon/yax_jeju/install/latlong_utm:/home/jsmoon/yax_jeju/install/decision_making_pkg:/home/jsmoon/yax_jeju/install/debug_pkg:/home/jsmoon/yax_jeju/install/camera_perception_pkg:/opt/ros/humble LD_LIBRARY_PATH=/home/jsmoon/yax_jeju/install/ublox_msgs/lib:/home/jsmoon/yax_jeju/install/rtcm_msgs/lib:/home/jsmoon/yax_jeju/install/ublox_gps/lib:/home/jsmoon/yax_jeju/install/interfaces_pkg/lib:/opt/ros/humble/opt/rviz_ogre_vendor/lib:/opt/ros/humble/lib/x86_64-linux-gnu:/opt/ros/humble/lib:/home/jsmoon/Desktop/JSMOON/MLCS/project1/Personalized-Adaptive-Cruise/external/acados/lib /usr/bin/cmake --build /home/jsmoon/yax_jeju/build/ublox_gps -- -j16 -l16[0m
[3.914s] [34mcolcon.colcon_core.event_handler.log_command[0m [1;30mDEBUG[0m [32mInvoking command in '/home/jsmoon/yax_jeju/build/ublox_gps': CMAKE_PREFIX_PATH=/home/jsmoon/yax_jeju/install/ublox_msgs:/home/jsmoon/yax_jeju/install/ublox_serialization:/home/jsmoon/yax_jeju/install/rtcm_msgs:/home/jsmoon/yax_jeju/install/launch_pkg:/home/jsmoon/yax_jeju/install/ydlidar_ros2_driver:/home/jsmoon/yax_jeju/install/ublox:/home/jsmoon/yax_jeju/install/ublox_gps:/home/jsmoon/yax_jeju/install/fix2nmea:/home/jsmoon/yax_jeju/install/interfaces_pkg:/home/jsmoon/ydlidar_ws/install/ydlidar_ros2_driver:/home/jsmoon/yax_jeju/install/my_custom_pkg:/home/jsmoon/yax_jeju/install/serial_communication_pkg:/home/jsmoon/yax_jeju/install/ntrip_client:/home/jsmoon/yax_jeju/install/lidar_perception_pkg:/home/jsmoon/yax_jeju/install/latlong_utm:/home/jsmoon/yax_jeju/install/decision_making_pkg:/home/jsmoon/yax_jeju/install/debug_pkg:/home/jsmoon/yax_jeju/install/camera_perception_pkg:/opt/ros/humble LD_LIBRARY_PATH=/home/jsmoon/yax_jeju/install/ublox_msgs/lib:/home/jsmoon/yax_jeju/install/rtcm_msgs/lib:/home/jsmoon/yax_jeju/install/ublox_gps/lib:/home/jsmoon/yax_jeju/install/interfaces_pkg/lib:/opt/ros/humble/opt/rviz_ogre_vendor/lib:/opt/ros/humble/lib/x86_64-linux-gnu:/opt/ros/humble/lib:/home/jsmoon/Desktop/JSMOON/MLCS/project1/Personalized-Adaptive-Cruise/external/acados/lib /usr/bin/cmake --install /home/jsmoon/yax_jeju/build/ublox_gps[0m
[3.939s] [34mcolcon.colcon_core.environment[0m [1;30mLevel 1[0m create_environment_scripts_only(ublox_gps)
[3.940s] [34mcolcon.colcon_core.environment[0m [1;30mLevel 1[0m checking '/home/jsmoon/yax_jeju/install/ublox_gps' for CMake module files
[3.940s] [34mcolcon.colcon_core.event_handler.log_command[0m [1;30mDEBUG[0m [32mInvoked command in '/home/jsmoon/yax_jeju/build/ublox_gps' returned '0': CMAKE_PREFIX_PATH=/home/jsmoon/yax_jeju/install/ublox_msgs:/home/jsmoon/yax_jeju/install/ublox_serialization:/home/jsmoon/yax_jeju/install/rtcm_msgs:/home/jsmoon/yax_jeju/install/launch_pkg:/home/jsmoon/yax_jeju/install/ydlidar_ros2_driver:/home/jsmoon/yax_jeju/install/ublox:/home/jsmoon/yax_jeju/install/ublox_gps:/home/jsmoon/yax_jeju/install/fix2nmea:/home/jsmoon/yax_jeju/install/interfaces_pkg:/home/jsmoon/ydlidar_ws/install/ydlidar_ros2_driver:/home/jsmoon/yax_jeju/install/my_custom_pkg:/home/jsmoon/yax_jeju/install/serial_communication_pkg:/home/jsmoon/yax_jeju/install/ntrip_client:/home/jsmoon/yax_jeju/install/lidar_perception_pkg:/home/jsmoon/yax_jeju/install/latlong_utm:/home/jsmoon/yax_jeju/install/decision_making_pkg:/home/jsmoon/yax_jeju/install/debug_pkg:/home/jsmoon/yax_jeju/install/camera_perception_pkg:/opt/ros/humble LD_LIBRARY_PATH=/home/jsmoon/yax_jeju/install/ublox_msgs/lib:/home/jsmoon/yax_jeju/install/rtcm_msgs/lib:/home/jsmoon/yax_jeju/install/ublox_gps/lib:/home/jsmoon/yax_jeju/install/interfaces_pkg/lib:/opt/ros/humble/opt/rviz_ogre_vendor/lib:/opt/ros/humble/lib/x86_64-linux-gnu:/opt/ros/humble/lib:/home/jsmoon/Desktop/JSMOON/MLCS/project1/Personalized-Adaptive-Cruise/external/acados/lib /usr/bin/cmake --install /home/jsmoon/yax_jeju/build/ublox_gps[0m
[3.941s] [34mcolcon.colcon_core.environment[0m [1;30mLevel 1[0m checking '/home/jsmoon/yax_jeju/install/ublox_gps' for CMake config files
[3.941s] [34mcolcon.colcon_core.shell[0m [1;30mLevel 1[0m create_environment_hook('ublox_gps', 'cmake_prefix_path')
[3.941s] [34mcolcon.colcon_core.shell[0m [1;30mINFO[0m Creating environment hook '/home/jsmoon/yax_jeju/install/ublox_gps/share/ublox_gps/hook/cmake_prefix_path.ps1'
[3.942s] [34mcolcon.colcon_core.shell[0m [1;30mINFO[0m Creating environment descriptor '/home/jsmoon/yax_jeju/install/ublox_gps/share/ublox_gps/hook/cmake_prefix_path.dsv'
[3.942s] [34mcolcon.colcon_core.shell[0m [1;30mINFO[0m Creating environment hook '/home/jsmoon/yax_jeju/install/ublox_gps/share/ublox_gps/hook/cmake_prefix_path.sh'
[3.942s] [34mcolcon.colcon_core.environment[0m [1;30mLevel 1[0m checking '/home/jsmoon/yax_jeju/install/ublox_gps/lib'
[3.942s] [34mcolcon.colcon_core.shell[0m [1;30mLevel 1[0m create_environment_hook('ublox_gps', 'ld_library_path_lib')
[3.942s] [34mcolcon.colcon_core.shell[0m [1;30mINFO[0m Creating environment hook '/home/jsmoon/yax_jeju/install/ublox_gps/share/ublox_gps/hook/ld_library_path_lib.ps1'
[3.943s] [34mcolcon.colcon_core.shell[0m [1;30mINFO[0m Creating environment descriptor '/home/jsmoon/yax_jeju/install/ublox_gps/share/ublox_gps/hook/ld_library_path_lib.dsv'
[3.943s] [34mcolcon.colcon_core.shell[0m [1;30mINFO[0m Creating environment hook '/home/jsmoon/yax_jeju/install/ublox_gps/share/ublox_gps/hook/ld_library_path_lib.sh'
[3.943s] [34mcolcon.colcon_core.environment[0m [1;30mLevel 1[0m checking '/home/jsmoon/yax_jeju/install/ublox_gps/bin'
[3.943s] [34mcolcon.colcon_core.environment[0m [1;30mLevel 1[0m checking '/home/jsmoon/yax_jeju/install/ublox_gps/lib/pkgconfig/ublox_gps.pc'
[3.943s] [34mcolcon.colcon_core.environment[0m [1;30mLevel 1[0m checking '/home/jsmoon/yax_jeju/install/ublox_gps/lib/python3.10/site-packages'
[3.943s] [34mcolcon.colcon_core.environment[0m [1;30mLevel 1[0m checking '/home/jsmoon/yax_jeju/install/ublox_gps/bin'
[3.944s] [34mcolcon.colcon_core.shell[0m [1;30mINFO[0m Creating package script '/home/jsmoon/yax_jeju/install/ublox_gps/share/ublox_gps/package.ps1'
[3.944s] [34mcolcon.colcon_core.shell[0m [1;30mINFO[0m Creating package descriptor '/home/jsmoon/yax_jeju/install/ublox_gps/share/ublox_gps/package.dsv'
[3.944s] [34mcolcon.colcon_core.shell[0m [1;30mINFO[0m Creating package script '/home/jsmoon/yax_jeju/install/ublox_gps/share/ublox_gps/package.sh'
[3.944s] [34mcolcon.colcon_core.shell[0m [1;30mINFO[0m Creating package script '/home/jsmoon/yax_jeju/install/ublox_gps/share/ublox_gps/package.bash'
[3.945s] [34mcolcon.colcon_core.shell[0m [1;30mINFO[0m Creating package script '/home/jsmoon/yax_jeju/install/ublox_gps/share/ublox_gps/package.zsh'
[3.945s] [34mcolcon.colcon_core.environment[0m [1;30mLevel 1[0m create_file_with_runtime_dependencies(/home/jsmoon/yax_jeju/install/ublox_gps/share/colcon-core/packages/ublox_gps)
[3.945s] [34mcolcon.colcon_core.environment[0m [1;30mLevel 1[0m create_environment_scripts_only(ublox_gps)
[3.945s] [34mcolcon.colcon_core.environment[0m [1;30mLevel 1[0m checking '/home/jsmoon/yax_jeju/install/ublox_gps' for CMake module files
[3.946s] [34mcolcon.colcon_core.environment[0m [1;30mLevel 1[0m checking '/home/jsmoon/yax_jeju/install/ublox_gps' for CMake config files
[3.946s] [34mcolcon.colcon_core.shell[0m [1;30mLevel 1[0m create_environment_hook('ublox_gps', 'cmake_prefix_path')
[3.946s] [34mcolcon.colcon_core.shell[0m [1;30mINFO[0m Creating environment hook '/home/jsmoon/yax_jeju/install/ublox_gps/share/ublox_gps/hook/cmake_prefix_path.ps1'
[3.946s] [34mcolcon.colcon_core.shell[0m [1;30mINFO[0m Creating environment descriptor '/home/jsmoon/yax_jeju/install/ublox_gps/share/ublox_gps/hook/cmake_prefix_path.dsv'
[3.947s] [34mcolcon.colcon_core.shell[0m [1;30mINFO[0m Creating environment hook '/home/jsmoon/yax_jeju/install/ublox_gps/share/ublox_gps/hook/cmake_prefix_path.sh'
[3.947s] [34mcolcon.colcon_core.environment[0m [1;30mLevel 1[0m checking '/home/jsmoon/yax_jeju/install/ublox_gps/lib'
[3.947s] [34mcolcon.colcon_core.shell[0m [1;30mLevel 1[0m create_environment_hook('ublox_gps', 'ld_library_path_lib')
[3.947s] [34mcolcon.colcon_core.shell[0m [1;30mINFO[0m Creating environment hook '/home/jsmoon/yax_jeju/install/ublox_gps/share/ublox_gps/hook/ld_library_path_lib.ps1'
[3.948s] [34mcolcon.colcon_core.shell[0m [1;30mINFO[0m Creating environment descriptor '/home/jsmoon/yax_jeju/install/ublox_gps/share/ublox_gps/hook/ld_library_path_lib.dsv'
[3.948s] [34mcolcon.colcon_core.shell[0m [1;30mINFO[0m Creating environment hook '/home/jsmoon/yax_jeju/install/ublox_gps/share/ublox_gps/hook/ld_library_path_lib.sh'
[3.949s] [34mcolcon.colcon_core.environment[0m [1;30mLevel 1[0m checking '/home/jsmoon/yax_jeju/install/ublox_gps/bin'
[3.949s] [34mcolcon.colcon_core.environment[0m [1;30mLevel 1[0m checking '/home/jsmoon/yax_jeju/install/ublox_gps/lib/pkgconfig/ublox_gps.pc'
[3.949s] [34mcolcon.colcon_core.environment[0m [1;30mLevel 1[0m checking '/home/jsmoon/yax_jeju/install/ublox_gps/lib/python3.10/site-packages'
[3.949s] [34mcolcon.colcon_core.environment[0m [1;30mLevel 1[0m checking '/home/jsmoon/yax_jeju/install/ublox_gps/bin'
[3.949s] [34mcolcon.colcon_core.shell[0m [1;30mINFO[0m Creating package script '/home/jsmoon/yax_jeju/install/ublox_gps/share/ublox_gps/package.ps1'
[3.950s] [34mcolcon.colcon_core.shell[0m [1;30mINFO[0m Creating package descriptor '/home/jsmoon/yax_jeju/install/ublox_gps/share/ublox_gps/package.dsv'
[3.950s] [34mcolcon.colcon_core.shell[0m [1;30mINFO[0m Creating package script '/home/jsmoon/yax_jeju/install/ublox_gps/share/ublox_gps/package.sh'
[3.950s] [34mcolcon.colcon_core.shell[0m [1;30mINFO[0m Creating package script '/home/jsmoon/yax_jeju/install/ublox_gps/share/ublox_gps/package.bash'
[3.950s] [34mcolcon.colcon_core.shell[0m [1;30mINFO[0m Creating package script '/home/jsmoon/yax_jeju/install/ublox_gps/share/ublox_gps/package.zsh'
[3.951s] [34mcolcon.colcon_core.environment[0m [1;30mLevel 1[0m create_file_with_runtime_dependencies(/home/jsmoon/yax_jeju/install/ublox_gps/share/colcon-core/packages/ublox_gps)
[3.951s] [34mcolcon.colcon_ros.task.ament_python.build[0m [1;30mINFO[0m Building ROS package in '/home/jsmoon/yax_jeju/src/my_custom_pkg' with build type 'ament_python'
[3.951s] [34mcolcon.colcon_core.shell[0m [1;30mLevel 1[0m create_environment_hook('my_custom_pkg', 'ament_prefix_path')
[3.951s] [34mcolcon.colcon_core.shell[0m [1;30mINFO[0m Creating environment hook '/home/jsmoon/yax_jeju/install/my_custom_pkg/share/my_custom_pkg/hook/ament_prefix_path.ps1'
[3.952s] [34mcolcon.colcon_core.shell[0m [1;30mINFO[0m Creating environment descriptor '/home/jsmoon/yax_jeju/install/my_custom_pkg/share/my_custom_pkg/hook/ament_prefix_path.dsv'
[3.952s] [34mcolcon.colcon_core.shell[0m [1;30mINFO[0m Creating environment hook '/home/jsmoon/yax_jeju/install/my_custom_pkg/share/my_custom_pkg/hook/ament_prefix_path.sh'
[3.952s] [34mcolcon.colcon_core.shell[0m [1;30mINFO[0m Skip shell extension 'powershell' for command environment: Not usable outside of PowerShell
[3.952s] [34mcolcon.colcon_core.shell[0m [1;30mDEBUG[0m [32mSkip shell extension 'dsv' for command environment[0m
[3.955s] [34mcolcon.colcon_ros.task.ament_cmake.build[0m [1;30mINFO[0m Building ROS package in '/home/jsmoon/yax_jeju/src/RTK_GPS_NTRIP/ublox' with build type 'ament_cmake'
[3.956s] [34mcolcon.colcon_cmake.task.cmake.build[0m [1;30mINFO[0m Building CMake package in '/home/jsmoon/yax_jeju/src/RTK_GPS_NTRIP/ublox'
[3.956s] [34mcolcon.colcon_core.shell[0m [1;30mINFO[0m Skip shell extension 'powershell' for command environment: Not usable outside of PowerShell
[3.956s] [34mcolcon.colcon_core.shell[0m [1;30mDEBUG[0m [32mSkip shell extension 'dsv' for command environment[0m
[3.967s] [34mcolcon.colcon_core.event_handler.log_command[0m [1;30mDEBUG[0m [32mInvoking command in '/home/jsmoon/yax_jeju/build/ublox': CMAKE_PREFIX_PATH=/home/jsmoon/yax_jeju/install/ublox_gps:/home/jsmoon/yax_jeju/install/ublox_msgs:/home/jsmoon/yax_jeju/install/ublox_serialization:/home/jsmoon/yax_jeju/install/rtcm_msgs:/home/jsmoon/yax_jeju/install/launch_pkg:/home/jsmoon/yax_jeju/install/ydlidar_ros2_driver:/home/jsmoon/yax_jeju/install/ublox:/home/jsmoon/yax_jeju/install/fix2nmea:/home/jsmoon/yax_jeju/install/interfaces_pkg:/home/jsmoon/ydlidar_ws/install/ydlidar_ros2_driver:/home/jsmoon/yax_jeju/install/my_custom_pkg:/home/jsmoon/yax_jeju/install/serial_communication_pkg:/home/jsmoon/yax_jeju/install/ntrip_client:/home/jsmoon/yax_jeju/install/lidar_perception_pkg:/home/jsmoon/yax_jeju/install/latlong_utm:/home/jsmoon/yax_jeju/install/decision_making_pkg:/home/jsmoon/yax_jeju/install/debug_pkg:/home/jsmoon/yax_jeju/install/camera_perception_pkg:/opt/ros/humble LD_LIBRARY_PATH=/home/jsmoon/yax_jeju/install/ublox_gps/lib:/home/jsmoon/yax_jeju/install/ublox_msgs/lib:/home/jsmoon/yax_jeju/install/rtcm_msgs/lib:/home/jsmoon/yax_jeju/install/interfaces_pkg/lib:/opt/ros/humble/opt/rviz_ogre_vendor/lib:/opt/ros/humble/lib/x86_64-linux-gnu:/opt/ros/humble/lib:/home/jsmoon/Desktop/JSMOON/MLCS/project1/Personalized-Adaptive-Cruise/external/acados/lib /usr/bin/cmake --build /home/jsmoon/yax_jeju/build/ublox -- -j16 -l16[0m
[4.171s] [34mcolcon.colcon_core.task.python.build[0m [1;30mINFO[0m Building Python package in '/home/jsmoon/yax_jeju/src/my_custom_pkg'
[4.172s] [34mcolcon.colcon_core.shell[0m [1;30mINFO[0m Skip shell extension 'powershell' for command environment: Not usable outside of PowerShell
[4.172s] [34mcolcon.colcon_core.shell[0m [1;30mDEBUG[0m [32mSkip shell extension 'dsv' for command environment[0m
[4.177s] [34mcolcon.colcon_core.event_handler.log_command[0m [1;30mDEBUG[0m [32mInvoked command in '/home/jsmoon/yax_jeju/build/ublox' returned '0': CMAKE_PREFIX_PATH=/home/jsmoon/yax_jeju/install/ublox_gps:/home/jsmoon/yax_jeju/install/ublox_msgs:/home/jsmoon/yax_jeju/install/ublox_serialization:/home/jsmoon/yax_jeju/install/rtcm_msgs:/home/jsmoon/yax_jeju/install/launch_pkg:/home/jsmoon/yax_jeju/install/ydlidar_ros2_driver:/home/jsmoon/yax_jeju/install/ublox:/home/jsmoon/yax_jeju/install/fix2nmea:/home/jsmoon/yax_jeju/install/interfaces_pkg:/home/jsmoon/ydlidar_ws/install/ydlidar_ros2_driver:/home/jsmoon/yax_jeju/install/my_custom_pkg:/home/jsmoon/yax_jeju/install/serial_communication_pkg:/home/jsmoon/yax_jeju/install/ntrip_client:/home/jsmoon/yax_jeju/install/lidar_perception_pkg:/home/jsmoon/yax_jeju/install/latlong_utm:/home/jsmoon/yax_jeju/install/decision_making_pkg:/home/jsmoon/yax_jeju/install/debug_pkg:/home/jsmoon/yax_jeju/install/camera_perception_pkg:/opt/ros/humble LD_LIBRARY_PATH=/home/jsmoon/yax_jeju/install/ublox_gps/lib:/home/jsmoon/yax_jeju/install/ublox_msgs/lib:/home/jsmoon/yax_jeju/install/rtcm_msgs/lib:/home/jsmoon/yax_jeju/install/interfaces_pkg/lib:/opt/ros/humble/opt/rviz_ogre_vendor/lib:/opt/ros/humble/lib/x86_64-linux-gnu:/opt/ros/humble/lib:/home/jsmoon/Desktop/JSMOON/MLCS/project1/Personalized-Adaptive-Cruise/external/acados/lib /usr/bin/cmake --build /home/jsmoon/yax_jeju/build/ublox -- -j16 -l16[0m
[4.179s] [34mcolcon.colcon_core.event_handler.log_command[0m [1;30mDEBUG[0m [32mInvoking command in '/home/jsmoon/yax_jeju/build/ublox': CMAKE_PREFIX_PATH=/home/jsmoon/yax_jeju/install/ublox_gps:/home/jsmoon/yax_jeju/install/ublox_msgs:/home/jsmoon/yax_jeju/install/ublox_serialization:/home/jsmoon/yax_jeju/install/rtcm_msgs:/home/jsmoon/yax_jeju/install/launch_pkg:/home/jsmoon/yax_jeju/install/ydlidar_ros2_driver:/home/jsmoon/yax_jeju/install/ublox:/home/jsmoon/yax_jeju/install/fix2nmea:/home/jsmoon/yax_jeju/install/interfaces_pkg:/home/jsmoon/ydlidar_ws/install/ydlidar_ros2_driver:/home/jsmoon/yax_jeju/install/my_custom_pkg:/home/jsmoon/yax_jeju/install/serial_communication_pkg:/home/jsmoon/yax_jeju/install/ntrip_client:/home/jsmoon/yax_jeju/install/lidar_perception_pkg:/home/jsmoon/yax_jeju/install/latlong_utm:/home/jsmoon/yax_jeju/install/decision_making_pkg:/home/jsmoon/yax_jeju/install/debug_pkg:/home/jsmoon/yax_jeju/install/camera_perception_pkg:/opt/ros/humble LD_LIBRARY_PATH=/home/jsmoon/yax_jeju/install/ublox_gps/lib:/home/jsmoon/yax_jeju/install/ublox_msgs/lib:/home/jsmoon/yax_jeju/install/rtcm_msgs/lib:/home/jsmoon/yax_jeju/install/interfaces_pkg/lib:/opt/ros/humble/opt/rviz_ogre_vendor/lib:/opt/ros/humble/lib/x86_64-linux-gnu:/opt/ros/humble/lib:/home/jsmoon/Desktop/JSMOON/MLCS/project1/Personalized-Adaptive-Cruise/external/acados/lib /usr/bin/cmake --install /home/jsmoon/yax_jeju/build/ublox[0m
[4.199s] [34mcolcon.colcon_core.environment[0m [1;30mLevel 1[0m create_environment_scripts_only(ublox)
[4.199s] [34mcolcon.colcon_core.environment[0m [1;30mLevel 1[0m checking '/home/jsmoon/yax_jeju/install/ublox' for CMake module files
[4.199s] [34mcolcon.colcon_core.event_handler.log_command[0m [1;30mDEBUG[0m [32mInvoked command in '/home/jsmoon/yax_jeju/build/ublox' returned '0': CMAKE_PREFIX_PATH=/home/jsmoon/yax_jeju/install/ublox_gps:/home/jsmoon/yax_jeju/install/ublox_msgs:/home/jsmoon/yax_jeju/install/ublox_serialization:/home/jsmoon/yax_jeju/install/rtcm_msgs:/home/jsmoon/yax_jeju/install/launch_pkg:/home/jsmoon/yax_jeju/install/ydlidar_ros2_driver:/home/jsmoon/yax_jeju/install/ublox:/home/jsmoon/yax_jeju/install/fix2nmea:/home/jsmoon/yax_jeju/install/interfaces_pkg:/home/jsmoon/ydlidar_ws/install/ydlidar_ros2_driver:/home/jsmoon/yax_jeju/install/my_custom_pkg:/home/jsmoon/yax_jeju/install/serial_communication_pkg:/home/jsmoon/yax_jeju/install/ntrip_client:/home/jsmoon/yax_jeju/install/lidar_perception_pkg:/home/jsmoon/yax_jeju/install/latlong_utm:/home/jsmoon/yax_jeju/install/decision_making_pkg:/home/jsmoon/yax_jeju/install/debug_pkg:/home/jsmoon/yax_jeju/install/camera_perception_pkg:/opt/ros/humble LD_LIBRARY_PATH=/home/jsmoon/yax_jeju/install/ublox_gps/lib:/home/jsmoon/yax_jeju/install/ublox_msgs/lib:/home/jsmoon/yax_jeju/install/rtcm_msgs/lib:/home/jsmoon/yax_jeju/install/interfaces_pkg/lib:/opt/ros/humble/opt/rviz_ogre_vendor/lib:/opt/ros/humble/lib/x86_64-linux-gnu:/opt/ros/humble/lib:/home/jsmoon/Desktop/JSMOON/MLCS/project1/Personalized-Adaptive-Cruise/external/acados/lib /usr/bin/cmake --install /home/jsmoon/yax_jeju/build/ublox[0m
[4.200s] [34mcolcon.colcon_core.environment[0m [1;30mLevel 1[0m checking '/home/jsmoon/yax_jeju/install/ublox' for CMake config files
[4.200s] [34mcolcon.colcon_core.shell[0m [1;30mLevel 1[0m create_environment_hook('ublox', 'cmake_prefix_path')
[4.200s] [34mcolcon.colcon_core.shell[0m [1;30mINFO[0m Creating environment hook '/home/jsmoon/yax_jeju/install/ublox/share/ublox/hook/cmake_prefix_path.ps1'
[4.200s] [34mcolcon.colcon_core.shell[0m [1;30mINFO[0m Creating environment descriptor '/home/jsmoon/yax_jeju/install/ublox/share/ublox/hook/cmake_prefix_path.dsv'
[4.201s] [34mcolcon.colcon_core.shell[0m [1;30mINFO[0m Creating environment hook '/home/jsmoon/yax_jeju/install/ublox/share/ublox/hook/cmake_prefix_path.sh'
[4.201s] [34mcolcon.colcon_core.environment[0m [1;30mLevel 1[0m checking '/home/jsmoon/yax_jeju/install/ublox/bin'
[4.201s] [34mcolcon.colcon_core.environment[0m [1;30mLevel 1[0m checking '/home/jsmoon/yax_jeju/install/ublox/lib/pkgconfig/ublox.pc'
[4.201s] [34mcolcon.colcon_core.environment[0m [1;30mLevel 1[0m checking '/home/jsmoon/yax_jeju/install/ublox/lib/python3.10/site-packages'
[4.201s] [34mcolcon.colcon_core.environment[0m [1;30mLevel 1[0m checking '/home/jsmoon/yax_jeju/install/ublox/bin'
[4.202s] [34mcolcon.colcon_core.shell[0m [1;30mINFO[0m Creating package script '/home/jsmoon/yax_jeju/install/ublox/share/ublox/package.ps1'
[4.202s] [34mcolcon.colcon_core.shell[0m [1;30mINFO[0m Creating package descriptor '/home/jsmoon/yax_jeju/install/ublox/share/ublox/package.dsv'
[4.202s] [34mcolcon.colcon_core.shell[0m [1;30mINFO[0m Creating package script '/home/jsmoon/yax_jeju/install/ublox/share/ublox/package.sh'
[4.202s] [34mcolcon.colcon_core.shell[0m [1;30mINFO[0m Creating package script '/home/jsmoon/yax_jeju/install/ublox/share/ublox/package.bash'
[4.203s] [34mcolcon.colcon_core.shell[0m [1;30mINFO[0m Creating package script '/home/jsmoon/yax_jeju/install/ublox/share/ublox/package.zsh'
[4.203s] [34mcolcon.colcon_core.environment[0m [1;30mLevel 1[0m create_file_with_runtime_dependencies(/home/jsmoon/yax_jeju/install/ublox/share/colcon-core/packages/ublox)
[4.203s] [34mcolcon.colcon_core.environment[0m [1;30mLevel 1[0m create_environment_scripts_only(ublox)
[4.203s] [34mcolcon.colcon_core.environment[0m [1;30mLevel 1[0m checking '/home/jsmoon/yax_jeju/install/ublox' for CMake module files
[4.204s] [34mcolcon.colcon_core.environment[0m [1;30mLevel 1[0m checking '/home/jsmoon/yax_jeju/install/ublox' for CMake config files
[4.204s] [34mcolcon.colcon_core.shell[0m [1;30mLevel 1[0m create_environment_hook('ublox', 'cmake_prefix_path')
[4.204s] [34mcolcon.colcon_core.shell[0m [1;30mINFO[0m Creating environment hook '/home/jsmoon/yax_jeju/install/ublox/share/ublox/hook/cmake_prefix_path.ps1'
[4.204s] [34mcolcon.colcon_core.shell[0m [1;30mINFO[0m Creating environment descriptor '/home/jsmoon/yax_jeju/install/ublox/share/ublox/hook/cmake_prefix_path.dsv'
[4.204s] [34mcolcon.colcon_core.shell[0m [1;30mINFO[0m Creating environment hook '/home/jsmoon/yax_jeju/install/ublox/share/ublox/hook/cmake_prefix_path.sh'
[4.205s] [34mcolcon.colcon_core.environment[0m [1;30mLevel 1[0m checking '/home/jsmoon/yax_jeju/install/ublox/bin'
[4.205s] [34mcolcon.colcon_core.environment[0m [1;30mLevel 1[0m checking '/home/jsmoon/yax_jeju/install/ublox/lib/pkgconfig/ublox.pc'
[4.205s] [34mcolcon.colcon_core.environment[0m [1;30mLevel 1[0m checking '/home/jsmoon/yax_jeju/install/ublox/lib/python3.10/site-packages'
[4.205s] [34mcolcon.colcon_core.environment[0m [1;30mLevel 1[0m checking '/home/jsmoon/yax_jeju/install/ublox/bin'
[4.205s] [34mcolcon.colcon_core.shell[0m [1;30mINFO[0m Creating package script '/home/jsmoon/yax_jeju/install/ublox/share/ublox/package.ps1'
[4.206s] [34mcolcon.colcon_core.shell[0m [1;30mINFO[0m Creating package descriptor '/home/jsmoon/yax_jeju/install/ublox/share/ublox/package.dsv'
[4.206s] [34mcolcon.colcon_core.shell[0m [1;30mINFO[0m Creating package script '/home/jsmoon/yax_jeju/install/ublox/share/ublox/package.sh'
[4.206s] [34mcolcon.colcon_core.shell[0m [1;30mINFO[0m Creating package script '/home/jsmoon/yax_jeju/install/ublox/share/ublox/package.bash'
[4.206s] [34mcolcon.colcon_core.shell[0m [1;30mINFO[0m Creating package script '/home/jsmoon/yax_jeju/install/ublox/share/ublox/package.zsh'
[4.207s] [34mcolcon.colcon_core.environment[0m [1;30mLevel 1[0m create_file_with_runtime_dependencies(/home/jsmoon/yax_jeju/install/ublox/share/colcon-core/packages/ublox)
[4.470s] [34mcolcon.colcon_core.event_handler.log_command[0m [1;30mDEBUG[0m [32mInvoking command in '/home/jsmoon/yax_jeju/build/my_custom_pkg': AMENT_PREFIX_PATH=/home/jsmoon/yax_jeju/install/serial_communication_pkg:/home/jsmoon/yax_jeju/install/decision_making_pkg:/home/jsmoon/yax_jeju/install/camera_perception_pkg:/home/jsmoon/yax_jeju/install/launch_pkg:/home/jsmoon/yax_jeju/install/my_custom_pkg:/home/jsmoon/yax_jeju/install/ydlidar_ros2_driver:/home/jsmoon/yax_jeju/install/ublox:/home/jsmoon/yax_jeju/install/ublox_gps:/home/jsmoon/yax_jeju/install/fix2nmea:/home/jsmoon/yax_jeju/install/ublox_msgs:/home/jsmoon/yax_jeju/install/ublox_serialization:/home/jsmoon/yax_jeju/install/rtcm_msgs:/home/jsmoon/yax_jeju/install/ntrip_client:/home/jsmoon/yax_jeju/install/lidar_perception_pkg:/home/jsmoon/yax_jeju/install/latlong_utm:/home/jsmoon/yax_jeju/install/interfaces_pkg:/home/jsmoon/yax_jeju/install/debug_pkg:/home/jsmoon/ydlidar_ws/install/ydlidar_ros2_driver:/opt/ros/humble CMAKE_PREFIX_PATH=/home/jsmoon/yax_jeju/install/ublox_gps:/home/jsmoon/yax_jeju/install/fix2nmea:/home/jsmoon/yax_jeju/install/ublox_msgs:/home/jsmoon/yax_jeju/install/ydlidar_ros2_driver:/home/jsmoon/yax_jeju/install/ublox_serialization:/home/jsmoon/yax_jeju/install/rtcm_msgs:/home/jsmoon/yax_jeju/install/interfaces_pkg:/home/jsmoon/yax_jeju/install/launch_pkg:/home/jsmoon/yax_jeju/install/ublox:/home/jsmoon/ydlidar_ws/install/ydlidar_ros2_driver LD_LIBRARY_PATH=/home/jsmoon/yax_jeju/install/ublox_gps/lib:/home/jsmoon/yax_jeju/install/ublox_msgs/lib:/home/jsmoon/yax_jeju/install/rtcm_msgs/lib:/home/jsmoon/yax_jeju/install/interfaces_pkg/lib:/opt/ros/humble/opt/rviz_ogre_vendor/lib:/opt/ros/humble/lib/x86_64-linux-gnu:/opt/ros/humble/lib:/home/jsmoon/Desktop/JSMOON/MLCS/project1/Personalized-Adaptive-Cruise/external/acados/lib PYTHONPATH=/home/jsmoon/yax_jeju/build/my_custom_pkg/prefix_override:/usr/lib/python3/dist-packages/colcon_core/task/python/colcon_distutils_commands:/home/jsmoon/yax_jeju/install/my_custom_pkg/lib/python3.10/site-packages:/home/jsmoon/yax_jeju/build/serial_communication_pkg:/home/jsmoon/yax_jeju/install/serial_communication_pkg/lib/python3.10/site-packages:/home/jsmoon/yax_jeju/build/decision_making_pkg:/home/jsmoon/yax_jeju/install/decision_making_pkg/lib/python3.10/site-packages:/home/jsmoon/yax_jeju/build/camera_perception_pkg:/home/jsmoon/yax_jeju/install/camera_perception_pkg/lib/python3.10/site-packages:/home/jsmoon/yax_jeju/build/my_custom_pkg:/home/jsmoon/yax_jeju/install/my_custom_pkg/lib/python3.10/site-packages:/home/jsmoon/yax_jeju/install/ublox_msgs/local/lib/python3.10/dist-packages:/home/jsmoon/yax_jeju/install/rtcm_msgs/local/lib/python3.10/dist-packages:/home/jsmoon/yax_jeju/build/ntrip_client/src:/home/jsmoon/yax_jeju/install/ntrip_client/lib/python3.10/site-packages:/home/jsmoon/yax_jeju/build/lidar_perception_pkg:/home/jsmoon/yax_jeju/install/lidar_perception_pkg/lib/python3.10/site-packages:/home/jsmoon/yax_jeju/build/latlong_utm:/home/jsmoon/yax_jeju/install/latlong_utm/lib/python3.10/site-packages:/home/jsmoon/yax_jeju/install/interfaces_pkg/local/lib/python3.10/dist-packages:/home/jsmoon/yax_jeju/build/debug_pkg:/home/jsmoon/yax_jeju/install/debug_pkg/lib/python3.10/site-packages:/opt/ros/humble/lib/python3.10/site-packages:/opt/ros/humble/local/lib/python3.10/dist-packages /usr/bin/python3 -W ignore:setup.py install is deprecated -W ignore:easy_install command is deprecated setup.py develop --editable --build-directory /home/jsmoon/yax_jeju/build/my_custom_pkg/build --no-deps symlink_data[0m
[4.842s] [34mcolcon.colcon_core.shell[0m [1;30mLevel 1[0m create_environment_hook('my_custom_pkg', 'pythonpath_develop')
[4.843s] [34mcolcon.colcon_core.shell[0m [1;30mINFO[0m Creating environment hook '/home/jsmoon/yax_jeju/build/my_custom_pkg/share/my_custom_pkg/hook/pythonpath_develop.ps1'
[4.844s] [34mcolcon.colcon_core.event_handler.log_command[0m [1;30mDEBUG[0m [32mInvoked command in '/home/jsmoon/yax_jeju/build/my_custom_pkg' returned '0': AMENT_PREFIX_PATH=/home/jsmoon/yax_jeju/install/serial_communication_pkg:/home/jsmoon/yax_jeju/install/decision_making_pkg:/home/jsmoon/yax_jeju/install/camera_perception_pkg:/home/jsmoon/yax_jeju/install/launch_pkg:/home/jsmoon/yax_jeju/install/my_custom_pkg:/home/jsmoon/yax_jeju/install/ydlidar_ros2_driver:/home/jsmoon/yax_jeju/install/ublox:/home/jsmoon/yax_jeju/install/ublox_gps:/home/jsmoon/yax_jeju/install/fix2nmea:/home/jsmoon/yax_jeju/install/ublox_msgs:/home/jsmoon/yax_jeju/install/ublox_serialization:/home/jsmoon/yax_jeju/install/rtcm_msgs:/home/jsmoon/yax_jeju/install/ntrip_client:/home/jsmoon/yax_jeju/install/lidar_perception_pkg:/home/jsmoon/yax_jeju/install/latlong_utm:/home/jsmoon/yax_jeju/install/interfaces_pkg:/home/jsmoon/yax_jeju/install/debug_pkg:/home/jsmoon/ydlidar_ws/install/ydlidar_ros2_driver:/opt/ros/humble CMAKE_PREFIX_PATH=/home/jsmoon/yax_jeju/install/ublox_gps:/home/jsmoon/yax_jeju/install/fix2nmea:/home/jsmoon/yax_jeju/install/ublox_msgs:/home/jsmoon/yax_jeju/install/ydlidar_ros2_driver:/home/jsmoon/yax_jeju/install/ublox_serialization:/home/jsmoon/yax_jeju/install/rtcm_msgs:/home/jsmoon/yax_jeju/install/interfaces_pkg:/home/jsmoon/yax_jeju/install/launch_pkg:/home/jsmoon/yax_jeju/install/ublox:/home/jsmoon/ydlidar_ws/install/ydlidar_ros2_driver LD_LIBRARY_PATH=/home/jsmoon/yax_jeju/install/ublox_gps/lib:/home/jsmoon/yax_jeju/install/ublox_msgs/lib:/home/jsmoon/yax_jeju/install/rtcm_msgs/lib:/home/jsmoon/yax_jeju/install/interfaces_pkg/lib:/opt/ros/humble/opt/rviz_ogre_vendor/lib:/opt/ros/humble/lib/x86_64-linux-gnu:/opt/ros/humble/lib:/home/jsmoon/Desktop/JSMOON/MLCS/project1/Personalized-Adaptive-Cruise/external/acados/lib PYTHONPATH=/home/jsmoon/yax_jeju/build/my_custom_pkg/prefix_override:/usr/lib/python3/dist-packages/colcon_core/task/python/colcon_distutils_commands:/home/jsmoon/yax_jeju/install/my_custom_pkg/lib/python3.10/site-packages:/home/jsmoon/yax_jeju/build/serial_communication_pkg:/home/jsmoon/yax_jeju/install/serial_communication_pkg/lib/python3.10/site-packages:/home/jsmoon/yax_jeju/build/decision_making_pkg:/home/jsmoon/yax_jeju/install/decision_making_pkg/lib/python3.10/site-packages:/home/jsmoon/yax_jeju/build/camera_perception_pkg:/home/jsmoon/yax_jeju/install/camera_perception_pkg/lib/python3.10/site-packages:/home/jsmoon/yax_jeju/build/my_custom_pkg:/home/jsmoon/yax_jeju/install/my_custom_pkg/lib/python3.10/site-packages:/home/jsmoon/yax_jeju/install/ublox_msgs/local/lib/python3.10/dist-packages:/home/jsmoon/yax_jeju/install/rtcm_msgs/local/lib/python3.10/dist-packages:/home/jsmoon/yax_jeju/build/ntrip_client/src:/home/jsmoon/yax_jeju/install/ntrip_client/lib/python3.10/site-packages:/home/jsmoon/yax_jeju/build/lidar_perception_pkg:/home/jsmoon/yax_jeju/install/lidar_perception_pkg/lib/python3.10/site-packages:/home/jsmoon/yax_jeju/build/latlong_utm:/home/jsmoon/yax_jeju/install/latlong_utm/lib/python3.10/site-packages:/home/jsmoon/yax_jeju/install/interfaces_pkg/local/lib/python3.10/dist-packages:/home/jsmoon/yax_jeju/build/debug_pkg:/home/jsmoon/yax_jeju/install/debug_pkg/lib/python3.10/site-packages:/opt/ros/humble/lib/python3.10/site-packages:/opt/ros/humble/local/lib/python3.10/dist-packages /usr/bin/python3 -W ignore:setup.py install is deprecated -W ignore:easy_install command is deprecated setup.py develop --editable --build-directory /home/jsmoon/yax_jeju/build/my_custom_pkg/build --no-deps symlink_data[0m
[4.844s] [34mcolcon.colcon_core.shell[0m [1;30mINFO[0m Creating environment descriptor '/home/jsmoon/yax_jeju/build/my_custom_pkg/share/my_custom_pkg/hook/pythonpath_develop.dsv'
[4.844s] [34mcolcon.colcon_core.shell[0m [1;30mINFO[0m Creating environment hook '/home/jsmoon/yax_jeju/build/my_custom_pkg/share/my_custom_pkg/hook/pythonpath_develop.sh'
[4.845s] [34mcolcon.colcon_core.environment[0m [1;30mLevel 1[0m checking '/home/jsmoon/yax_jeju/install/my_custom_pkg' for CMake module files
[4.845s] [34mcolcon.colcon_core.environment[0m [1;30mLevel 1[0m checking '/home/jsmoon/yax_jeju/install/my_custom_pkg' for CMake config files
[4.845s] [34mcolcon.colcon_core.environment[0m [1;30mLevel 1[0m checking '/home/jsmoon/yax_jeju/install/my_custom_pkg/lib'
[4.845s] [34mcolcon.colcon_core.environment[0m [1;30mLevel 1[0m checking '/home/jsmoon/yax_jeju/install/my_custom_pkg/bin'
[4.845s] [34mcolcon.colcon_core.environment[0m [1;30mLevel 1[0m checking '/home/jsmoon/yax_jeju/install/my_custom_pkg/lib/pkgconfig/my_custom_pkg.pc'
[4.846s] [34mcolcon.colcon_core.environment[0m [1;30mLevel 1[0m checking '/home/jsmoon/yax_jeju/install/my_custom_pkg/lib/python3.10/site-packages'
[4.846s] [34mcolcon.colcon_core.shell[0m [1;30mLevel 1[0m create_environment_hook('my_custom_pkg', 'pythonpath')
[4.846s] [34mcolcon.colcon_core.shell[0m [1;30mINFO[0m Creating environment hook '/home/jsmoon/yax_jeju/install/my_custom_pkg/share/my_custom_pkg/hook/pythonpath.ps1'
[4.846s] [34mcolcon.colcon_core.shell[0m [1;30mINFO[0m Creating environment descriptor '/home/jsmoon/yax_jeju/install/my_custom_pkg/share/my_custom_pkg/hook/pythonpath.dsv'
[4.846s] [34mcolcon.colcon_core.shell[0m [1;30mINFO[0m Creating environment hook '/home/jsmoon/yax_jeju/install/my_custom_pkg/share/my_custom_pkg/hook/pythonpath.sh'
[4.847s] [34mcolcon.colcon_core.environment[0m [1;30mLevel 1[0m checking '/home/jsmoon/yax_jeju/install/my_custom_pkg/bin'
[4.847s] [34mcolcon.colcon_core.environment[0m [1;30mLevel 1[0m create_environment_scripts_only(my_custom_pkg)
[4.847s] [34mcolcon.colcon_core.shell[0m [1;30mINFO[0m Creating package script '/home/jsmoon/yax_jeju/install/my_custom_pkg/share/my_custom_pkg/package.ps1'
[4.848s] [34mcolcon.colcon_core.shell[0m [1;30mINFO[0m Creating package descriptor '/home/jsmoon/yax_jeju/install/my_custom_pkg/share/my_custom_pkg/package.dsv'
[4.848s] [34mcolcon.colcon_core.shell[0m [1;30mINFO[0m Creating package script '/home/jsmoon/yax_jeju/install/my_custom_pkg/share/my_custom_pkg/package.sh'
[4.849s] [34mcolcon.colcon_core.shell[0m [1;30mINFO[0m Creating package script '/home/jsmoon/yax_jeju/install/my_custom_pkg/share/my_custom_pkg/package.bash'
[4.849s] [34mcolcon.colcon_core.shell[0m [1;30mINFO[0m Creating package script '/home/jsmoon/yax_jeju/install/my_custom_pkg/share/my_custom_pkg/package.zsh'
[4.849s] [34mcolcon.colcon_core.environment[0m [1;30mLevel 1[0m create_file_with_runtime_dependencies(/home/jsmoon/yax_jeju/install/my_custom_pkg/share/colcon-core/packages/my_custom_pkg)
[4.850s] [34mcolcon.colcon_ros.task.ament_cmake.build[0m [1;30mINFO[0m Building ROS package in '/home/jsmoon/yax_jeju/src/launch_pkg' with build type 'ament_cmake'
[4.850s] [34mcolcon.colcon_cmake.task.cmake.build[0m [1;30mINFO[0m Building CMake package in '/home/jsmoon/yax_jeju/src/launch_pkg'
[4.850s] [34mcolcon.colcon_core.shell[0m [1;30mINFO[0m Skip shell extension 'powershell' for command environment: Not usable outside of PowerShell
[4.850s] [34mcolcon.colcon_core.shell[0m [1;30mDEBUG[0m [32mSkip shell extension 'dsv' for command environment[0m
[4.882s] [34mcolcon.colcon_core.event_handler.log_command[0m [1;30mDEBUG[0m [32mInvoking command in '/home/jsmoon/yax_jeju/build/launch_pkg': AMENT_PREFIX_PATH=/home/jsmoon/yax_jeju/install/my_custom_pkg:/home/jsmoon/yax_jeju/install/serial_communication_pkg:/home/jsmoon/yax_jeju/install/ntrip_client:/home/jsmoon/yax_jeju/install/lidar_perception_pkg:/home/jsmoon/yax_jeju/install/decision_making_pkg:/home/jsmoon/yax_jeju/install/camera_perception_pkg:/home/jsmoon/yax_jeju/install/launch_pkg:/home/jsmoon/yax_jeju/install/ydlidar_ros2_driver:/home/jsmoon/yax_jeju/install/ublox:/home/jsmoon/yax_jeju/install/ublox_gps:/home/jsmoon/yax_jeju/install/fix2nmea:/home/jsmoon/yax_jeju/install/ublox_msgs:/home/jsmoon/yax_jeju/install/ublox_serialization:/home/jsmoon/yax_jeju/install/rtcm_msgs:/home/jsmoon/yax_jeju/install/latlong_utm:/home/jsmoon/yax_jeju/install/interfaces_pkg:/home/jsmoon/yax_jeju/install/debug_pkg:/home/jsmoon/ydlidar_ws/install/ydlidar_ros2_driver:/opt/ros/humble CMAKE_PREFIX_PATH=/home/jsmoon/yax_jeju/install/ublox_gps:/home/jsmoon/yax_jeju/install/fix2nmea:/home/jsmoon/yax_jeju/install/ublox_msgs:/home/jsmoon/yax_jeju/install/ydlidar_ros2_driver:/home/jsmoon/yax_jeju/install/ublox_serialization:/home/jsmoon/yax_jeju/install/rtcm_msgs:/home/jsmoon/yax_jeju/install/interfaces_pkg:/home/jsmoon/yax_jeju/install/launch_pkg:/home/jsmoon/yax_jeju/install/ublox:/home/jsmoon/ydlidar_ws/install/ydlidar_ros2_driver:/home/jsmoon/yax_jeju/install/my_custom_pkg:/home/jsmoon/yax_jeju/install/serial_communication_pkg:/home/jsmoon/yax_jeju/install/ntrip_client:/home/jsmoon/yax_jeju/install/lidar_perception_pkg:/home/jsmoon/yax_jeju/install/latlong_utm:/home/jsmoon/yax_jeju/install/decision_making_pkg:/home/jsmoon/yax_jeju/install/debug_pkg:/home/jsmoon/yax_jeju/install/camera_perception_pkg:/opt/ros/humble LD_LIBRARY_PATH=/home/jsmoon/yax_jeju/install/ublox_gps/lib:/home/jsmoon/yax_jeju/install/ublox_msgs/lib:/home/jsmoon/yax_jeju/install/rtcm_msgs/lib:/home/jsmoon/yax_jeju/install/interfaces_pkg/lib:/opt/ros/humble/opt/rviz_ogre_vendor/lib:/opt/ros/humble/lib/x86_64-linux-gnu:/opt/ros/humble/lib:/home/jsmoon/Desktop/JSMOON/MLCS/project1/Personalized-Adaptive-Cruise/external/acados/lib PYTHONPATH=/home/jsmoon/yax_jeju/build/my_custom_pkg:/home/jsmoon/yax_jeju/install/my_custom_pkg/lib/python3.10/site-packages:/home/jsmoon/yax_jeju/build/serial_communication_pkg:/home/jsmoon/yax_jeju/install/serial_communication_pkg/lib/python3.10/site-packages:/home/jsmoon/yax_jeju/build/ntrip_client/src:/home/jsmoon/yax_jeju/install/ntrip_client/lib/python3.10/site-packages:/home/jsmoon/yax_jeju/build/lidar_perception_pkg:/home/jsmoon/yax_jeju/install/lidar_perception_pkg/lib/python3.10/site-packages:/home/jsmoon/yax_jeju/build/decision_making_pkg:/home/jsmoon/yax_jeju/install/decision_making_pkg/lib/python3.10/site-packages:/home/jsmoon/yax_jeju/build/camera_perception_pkg:/home/jsmoon/yax_jeju/install/camera_perception_pkg/lib/python3.10/site-packages:/home/jsmoon/yax_jeju/install/ublox_msgs/local/lib/python3.10/dist-packages:/home/jsmoon/yax_jeju/install/rtcm_msgs/local/lib/python3.10/dist-packages:/home/jsmoon/yax_jeju/build/latlong_utm:/home/jsmoon/yax_jeju/install/latlong_utm/lib/python3.10/site-packages:/home/jsmoon/yax_jeju/install/interfaces_pkg/local/lib/python3.10/dist-packages:/home/jsmoon/yax_jeju/build/debug_pkg:/home/jsmoon/yax_jeju/install/debug_pkg/lib/python3.10/site-packages:/opt/ros/humble/lib/python3.10/site-packages:/opt/ros/humble/local/lib/python3.10/dist-packages /usr/bin/cmake --build /home/jsmoon/yax_jeju/build/launch_pkg -- -j16 -l16[0m
[4.920s] [34mcolcon.colcon_core.event_handler.log_command[0m [1;30mDEBUG[0m [32mInvoked command in '/home/jsmoon/yax_jeju/build/launch_pkg' returned '0': AMENT_PREFIX_PATH=/home/jsmoon/yax_jeju/install/my_custom_pkg:/home/jsmoon/yax_jeju/install/serial_communication_pkg:/home/jsmoon/yax_jeju/install/ntrip_client:/home/jsmoon/yax_jeju/install/lidar_perception_pkg:/home/jsmoon/yax_jeju/install/decision_making_pkg:/home/jsmoon/yax_jeju/install/camera_perception_pkg:/home/jsmoon/yax_jeju/install/launch_pkg:/home/jsmoon/yax_jeju/install/ydlidar_ros2_driver:/home/jsmoon/yax_jeju/install/ublox:/home/jsmoon/yax_jeju/install/ublox_gps:/home/jsmoon/yax_jeju/install/fix2nmea:/home/jsmoon/yax_jeju/install/ublox_msgs:/home/jsmoon/yax_jeju/install/ublox_serialization:/home/jsmoon/yax_jeju/install/rtcm_msgs:/home/jsmoon/yax_jeju/install/latlong_utm:/home/jsmoon/yax_jeju/install/interfaces_pkg:/home/jsmoon/yax_jeju/install/debug_pkg:/home/jsmoon/ydlidar_ws/install/ydlidar_ros2_driver:/opt/ros/humble CMAKE_PREFIX_PATH=/home/jsmoon/yax_jeju/install/ublox_gps:/home/jsmoon/yax_jeju/install/fix2nmea:/home/jsmoon/yax_jeju/install/ublox_msgs:/home/jsmoon/yax_jeju/install/ydlidar_ros2_driver:/home/jsmoon/yax_jeju/install/ublox_serialization:/home/jsmoon/yax_jeju/install/rtcm_msgs:/home/jsmoon/yax_jeju/install/interfaces_pkg:/home/jsmoon/yax_jeju/install/launch_pkg:/home/jsmoon/yax_jeju/install/ublox:/home/jsmoon/ydlidar_ws/install/ydlidar_ros2_driver:/home/jsmoon/yax_jeju/install/my_custom_pkg:/home/jsmoon/yax_jeju/install/serial_communication_pkg:/home/jsmoon/yax_jeju/install/ntrip_client:/home/jsmoon/yax_jeju/install/lidar_perception_pkg:/home/jsmoon/yax_jeju/install/latlong_utm:/home/jsmoon/yax_jeju/install/decision_making_pkg:/home/jsmoon/yax_jeju/install/debug_pkg:/home/jsmoon/yax_jeju/install/camera_perception_pkg:/opt/ros/humble LD_LIBRARY_PATH=/home/jsmoon/yax_jeju/install/ublox_gps/lib:/home/jsmoon/yax_jeju/install/ublox_msgs/lib:/home/jsmoon/yax_jeju/install/rtcm_msgs/lib:/home/jsmoon/yax_jeju/install/interfaces_pkg/lib:/opt/ros/humble/opt/rviz_ogre_vendor/lib:/opt/ros/humble/lib/x86_64-linux-gnu:/opt/ros/humble/lib:/home/jsmoon/Desktop/JSMOON/MLCS/project1/Personalized-Adaptive-Cruise/external/acados/lib PYTHONPATH=/home/jsmoon/yax_jeju/build/my_custom_pkg:/home/jsmoon/yax_jeju/install/my_custom_pkg/lib/python3.10/site-packages:/home/jsmoon/yax_jeju/build/serial_communication_pkg:/home/jsmoon/yax_jeju/install/serial_communication_pkg/lib/python3.10/site-packages:/home/jsmoon/yax_jeju/build/ntrip_client/src:/home/jsmoon/yax_jeju/install/ntrip_client/lib/python3.10/site-packages:/home/jsmoon/yax_jeju/build/lidar_perception_pkg:/home/jsmoon/yax_jeju/install/lidar_perception_pkg/lib/python3.10/site-packages:/home/jsmoon/yax_jeju/build/decision_making_pkg:/home/jsmoon/yax_jeju/install/decision_making_pkg/lib/python3.10/site-packages:/home/jsmoon/yax_jeju/build/camera_perception_pkg:/home/jsmoon/yax_jeju/install/camera_perception_pkg/lib/python3.10/site-packages:/home/jsmoon/yax_jeju/install/ublox_msgs/local/lib/python3.10/dist-packages:/home/jsmoon/yax_jeju/install/rtcm_msgs/local/lib/python3.10/dist-packages:/home/jsmoon/yax_jeju/build/latlong_utm:/home/jsmoon/yax_jeju/install/latlong_utm/lib/python3.10/site-packages:/home/jsmoon/yax_jeju/install/interfaces_pkg/local/lib/python3.10/dist-packages:/home/jsmoon/yax_jeju/build/debug_pkg:/home/jsmoon/yax_jeju/install/debug_pkg/lib/python3.10/site-packages:/opt/ros/humble/lib/python3.10/site-packages:/opt/ros/humble/local/lib/python3.10/dist-packages /usr/bin/cmake --build /home/jsmoon/yax_jeju/build/launch_pkg -- -j16 -l16[0m
[4.921s] [34mcolcon.colcon_core.event_handler.log_command[0m [1;30mDEBUG[0m [32mInvoking command in '/home/jsmoon/yax_jeju/build/launch_pkg': AMENT_PREFIX_PATH=/home/jsmoon/yax_jeju/install/my_custom_pkg:/home/jsmoon/yax_jeju/install/serial_communication_pkg:/home/jsmoon/yax_jeju/install/ntrip_client:/home/jsmoon/yax_jeju/install/lidar_perception_pkg:/home/jsmoon/yax_jeju/install/decision_making_pkg:/home/jsmoon/yax_jeju/install/camera_perception_pkg:/home/jsmoon/yax_jeju/install/launch_pkg:/home/jsmoon/yax_jeju/install/ydlidar_ros2_driver:/home/jsmoon/yax_jeju/install/ublox:/home/jsmoon/yax_jeju/install/ublox_gps:/home/jsmoon/yax_jeju/install/fix2nmea:/home/jsmoon/yax_jeju/install/ublox_msgs:/home/jsmoon/yax_jeju/install/ublox_serialization:/home/jsmoon/yax_jeju/install/rtcm_msgs:/home/jsmoon/yax_jeju/install/latlong_utm:/home/jsmoon/yax_jeju/install/interfaces_pkg:/home/jsmoon/yax_jeju/install/debug_pkg:/home/jsmoon/ydlidar_ws/install/ydlidar_ros2_driver:/opt/ros/humble CMAKE_PREFIX_PATH=/home/jsmoon/yax_jeju/install/ublox_gps:/home/jsmoon/yax_jeju/install/fix2nmea:/home/jsmoon/yax_jeju/install/ublox_msgs:/home/jsmoon/yax_jeju/install/ydlidar_ros2_driver:/home/jsmoon/yax_jeju/install/ublox_serialization:/home/jsmoon/yax_jeju/install/rtcm_msgs:/home/jsmoon/yax_jeju/install/interfaces_pkg:/home/jsmoon/yax_jeju/install/launch_pkg:/home/jsmoon/yax_jeju/install/ublox:/home/jsmoon/ydlidar_ws/install/ydlidar_ros2_driver:/home/jsmoon/yax_jeju/install/my_custom_pkg:/home/jsmoon/yax_jeju/install/serial_communication_pkg:/home/jsmoon/yax_jeju/install/ntrip_client:/home/jsmoon/yax_jeju/install/lidar_perception_pkg:/home/jsmoon/yax_jeju/install/latlong_utm:/home/jsmoon/yax_jeju/install/decision_making_pkg:/home/jsmoon/yax_jeju/install/debug_pkg:/home/jsmoon/yax_jeju/install/camera_perception_pkg:/opt/ros/humble LD_LIBRARY_PATH=/home/jsmoon/yax_jeju/install/ublox_gps/lib:/home/jsmoon/yax_jeju/install/ublox_msgs/lib:/home/jsmoon/yax_jeju/install/rtcm_msgs/lib:/home/jsmoon/yax_jeju/install/interfaces_pkg/lib:/opt/ros/humble/opt/rviz_ogre_vendor/lib:/opt/ros/humble/lib/x86_64-linux-gnu:/opt/ros/humble/lib:/home/jsmoon/Desktop/JSMOON/MLCS/project1/Personalized-Adaptive-Cruise/external/acados/lib PYTHONPATH=/home/jsmoon/yax_jeju/build/my_custom_pkg:/home/jsmoon/yax_jeju/install/my_custom_pkg/lib/python3.10/site-packages:/home/jsmoon/yax_jeju/build/serial_communication_pkg:/home/jsmoon/yax_jeju/install/serial_communication_pkg/lib/python3.10/site-packages:/home/jsmoon/yax_jeju/build/ntrip_client/src:/home/jsmoon/yax_jeju/install/ntrip_client/lib/python3.10/site-packages:/home/jsmoon/yax_jeju/build/lidar_perception_pkg:/home/jsmoon/yax_jeju/install/lidar_perception_pkg/lib/python3.10/site-packages:/home/jsmoon/yax_jeju/build/decision_making_pkg:/home/jsmoon/yax_jeju/install/decision_making_pkg/lib/python3.10/site-packages:/home/jsmoon/yax_jeju/build/camera_perception_pkg:/home/jsmoon/yax_jeju/install/camera_perception_pkg/lib/python3.10/site-packages:/home/jsmoon/yax_jeju/install/ublox_msgs/local/lib/python3.10/dist-packages:/home/jsmoon/yax_jeju/install/rtcm_msgs/local/lib/python3.10/dist-packages:/home/jsmoon/yax_jeju/build/latlong_utm:/home/jsmoon/yax_jeju/install/latlong_utm/lib/python3.10/site-packages:/home/jsmoon/yax_jeju/install/interfaces_pkg/local/lib/python3.10/dist-packages:/home/jsmoon/yax_jeju/build/debug_pkg:/home/jsmoon/yax_jeju/install/debug_pkg/lib/python3.10/site-packages:/opt/ros/humble/lib/python3.10/site-packages:/opt/ros/humble/local/lib/python3.10/dist-packages /usr/bin/cmake --install /home/jsmoon/yax_jeju/build/launch_pkg[0m
[4.940s] [34mcolcon.colcon_core.environment[0m [1;30mLevel 1[0m create_environment_scripts_only(launch_pkg)
[4.941s] [34mcolcon.colcon_core.environment[0m [1;30mLevel 1[0m checking '/home/jsmoon/yax_jeju/install/launch_pkg' for CMake module files
[4.941s] [34mcolcon.colcon_core.event_handler.log_command[0m [1;30mDEBUG[0m [32mInvoked command in '/home/jsmoon/yax_jeju/build/launch_pkg' returned '0': AMENT_PREFIX_PATH=/home/jsmoon/yax_jeju/install/my_custom_pkg:/home/jsmoon/yax_jeju/install/serial_communication_pkg:/home/jsmoon/yax_jeju/install/ntrip_client:/home/jsmoon/yax_jeju/install/lidar_perception_pkg:/home/jsmoon/yax_jeju/install/decision_making_pkg:/home/jsmoon/yax_jeju/install/camera_perception_pkg:/home/jsmoon/yax_jeju/install/launch_pkg:/home/jsmoon/yax_jeju/install/ydlidar_ros2_driver:/home/jsmoon/yax_jeju/install/ublox:/home/jsmoon/yax_jeju/install/ublox_gps:/home/jsmoon/yax_jeju/install/fix2nmea:/home/jsmoon/yax_jeju/install/ublox_msgs:/home/jsmoon/yax_jeju/install/ublox_serialization:/home/jsmoon/yax_jeju/install/rtcm_msgs:/home/jsmoon/yax_jeju/install/latlong_utm:/home/jsmoon/yax_jeju/install/interfaces_pkg:/home/jsmoon/yax_jeju/install/debug_pkg:/home/jsmoon/ydlidar_ws/install/ydlidar_ros2_driver:/opt/ros/humble CMAKE_PREFIX_PATH=/home/jsmoon/yax_jeju/install/ublox_gps:/home/jsmoon/yax_jeju/install/fix2nmea:/home/jsmoon/yax_jeju/install/ublox_msgs:/home/jsmoon/yax_jeju/install/ydlidar_ros2_driver:/home/jsmoon/yax_jeju/install/ublox_serialization:/home/jsmoon/yax_jeju/install/rtcm_msgs:/home/jsmoon/yax_jeju/install/interfaces_pkg:/home/jsmoon/yax_jeju/install/launch_pkg:/home/jsmoon/yax_jeju/install/ublox:/home/jsmoon/ydlidar_ws/install/ydlidar_ros2_driver:/home/jsmoon/yax_jeju/install/my_custom_pkg:/home/jsmoon/yax_jeju/install/serial_communication_pkg:/home/jsmoon/yax_jeju/install/ntrip_client:/home/jsmoon/yax_jeju/install/lidar_perception_pkg:/home/jsmoon/yax_jeju/install/latlong_utm:/home/jsmoon/yax_jeju/install/decision_making_pkg:/home/jsmoon/yax_jeju/install/debug_pkg:/home/jsmoon/yax_jeju/install/camera_perception_pkg:/opt/ros/humble LD_LIBRARY_PATH=/home/jsmoon/yax_jeju/install/ublox_gps/lib:/home/jsmoon/yax_jeju/install/ublox_msgs/lib:/home/jsmoon/yax_jeju/install/rtcm_msgs/lib:/home/jsmoon/yax_jeju/install/interfaces_pkg/lib:/opt/ros/humble/opt/rviz_ogre_vendor/lib:/opt/ros/humble/lib/x86_64-linux-gnu:/opt/ros/humble/lib:/home/jsmoon/Desktop/JSMOON/MLCS/project1/Personalized-Adaptive-Cruise/external/acados/lib PYTHONPATH=/home/jsmoon/yax_jeju/build/my_custom_pkg:/home/jsmoon/yax_jeju/install/my_custom_pkg/lib/python3.10/site-packages:/home/jsmoon/yax_jeju/build/serial_communication_pkg:/home/jsmoon/yax_jeju/install/serial_communication_pkg/lib/python3.10/site-packages:/home/jsmoon/yax_jeju/build/ntrip_client/src:/home/jsmoon/yax_jeju/install/ntrip_client/lib/python3.10/site-packages:/home/jsmoon/yax_jeju/build/lidar_perception_pkg:/home/jsmoon/yax_jeju/install/lidar_perception_pkg/lib/python3.10/site-packages:/home/jsmoon/yax_jeju/build/decision_making_pkg:/home/jsmoon/yax_jeju/install/decision_making_pkg/lib/python3.10/site-packages:/home/jsmoon/yax_jeju/build/camera_perception_pkg:/home/jsmoon/yax_jeju/install/camera_perception_pkg/lib/python3.10/site-packages:/home/jsmoon/yax_jeju/install/ublox_msgs/local/lib/python3.10/dist-packages:/home/jsmoon/yax_jeju/install/rtcm_msgs/local/lib/python3.10/dist-packages:/home/jsmoon/yax_jeju/build/latlong_utm:/home/jsmoon/yax_jeju/install/latlong_utm/lib/python3.10/site-packages:/home/jsmoon/yax_jeju/install/interfaces_pkg/local/lib/python3.10/dist-packages:/home/jsmoon/yax_jeju/build/debug_pkg:/home/jsmoon/yax_jeju/install/debug_pkg/lib/python3.10/site-packages:/opt/ros/humble/lib/python3.10/site-packages:/opt/ros/humble/local/lib/python3.10/dist-packages /usr/bin/cmake --install /home/jsmoon/yax_jeju/build/launch_pkg[0m
[4.942s] [34mcolcon.colcon_core.environment[0m [1;30mLevel 1[0m checking '/home/jsmoon/yax_jeju/install/launch_pkg' for CMake config files
[4.942s] [34mcolcon.colcon_core.shell[0m [1;30mLevel 1[0m create_environment_hook('launch_pkg', 'cmake_prefix_path')
[4.942s] [34mcolcon.colcon_core.shell[0m [1;30mINFO[0m Creating environment hook '/home/jsmoon/yax_jeju/install/launch_pkg/share/launch_pkg/hook/cmake_prefix_path.ps1'
[4.942s] [34mcolcon.colcon_core.shell[0m [1;30mINFO[0m Creating environment descriptor '/home/jsmoon/yax_jeju/install/launch_pkg/share/launch_pkg/hook/cmake_prefix_path.dsv'
[4.943s] [34mcolcon.colcon_core.shell[0m [1;30mINFO[0m Creating environment hook '/home/jsmoon/yax_jeju/install/launch_pkg/share/launch_pkg/hook/cmake_prefix_path.sh'
[4.943s] [34mcolcon.colcon_core.environment[0m [1;30mLevel 1[0m checking '/home/jsmoon/yax_jeju/install/launch_pkg/bin'
[4.943s] [34mcolcon.colcon_core.environment[0m [1;30mLevel 1[0m checking '/home/jsmoon/yax_jeju/install/launch_pkg/lib/pkgconfig/launch_pkg.pc'
[4.943s] [34mcolcon.colcon_core.environment[0m [1;30mLevel 1[0m checking '/home/jsmoon/yax_jeju/install/launch_pkg/lib/python3.10/site-packages'
[4.944s] [34mcolcon.colcon_core.environment[0m [1;30mLevel 1[0m checking '/home/jsmoon/yax_jeju/install/launch_pkg/bin'
[4.944s] [34mcolcon.colcon_core.shell[0m [1;30mINFO[0m Creating package script '/home/jsmoon/yax_jeju/install/launch_pkg/share/launch_pkg/package.ps1'
[4.944s] [34mcolcon.colcon_core.shell[0m [1;30mINFO[0m Creating package descriptor '/home/jsmoon/yax_jeju/install/launch_pkg/share/launch_pkg/package.dsv'
[4.944s] [34mcolcon.colcon_core.shell[0m [1;30mINFO[0m Creating package script '/home/jsmoon/yax_jeju/install/launch_pkg/share/launch_pkg/package.sh'
[4.944s] [34mcolcon.colcon_core.shell[0m [1;30mINFO[0m Creating package script '/home/jsmoon/yax_jeju/install/launch_pkg/share/launch_pkg/package.bash'
[4.945s] [34mcolcon.colcon_core.shell[0m [1;30mINFO[0m Creating package script '/home/jsmoon/yax_jeju/install/launch_pkg/share/launch_pkg/package.zsh'
[4.945s] [34mcolcon.colcon_core.environment[0m [1;30mLevel 1[0m create_file_with_runtime_dependencies(/home/jsmoon/yax_jeju/install/launch_pkg/share/colcon-core/packages/launch_pkg)
[4.945s] [34mcolcon.colcon_core.environment[0m [1;30mLevel 1[0m create_environment_scripts_only(launch_pkg)
[4.945s] [34mcolcon.colcon_core.environment[0m [1;30mLevel 1[0m checking '/home/jsmoon/yax_jeju/install/launch_pkg' for CMake module files
[4.946s] [34mcolcon.colcon_core.environment[0m [1;30mLevel 1[0m checking '/home/jsmoon/yax_jeju/install/launch_pkg' for CMake config files
[4.946s] [34mcolcon.colcon_core.shell[0m [1;30mLevel 1[0m create_environment_hook('launch_pkg', 'cmake_prefix_path')
[4.946s] [34mcolcon.colcon_core.shell[0m [1;30mINFO[0m Creating environment hook '/home/jsmoon/yax_jeju/install/launch_pkg/share/launch_pkg/hook/cmake_prefix_path.ps1'
[4.946s] [34mcolcon.colcon_core.shell[0m [1;30mINFO[0m Creating environment descriptor '/home/jsmoon/yax_jeju/install/launch_pkg/share/launch_pkg/hook/cmake_prefix_path.dsv'
[4.946s] [34mcolcon.colcon_core.shell[0m [1;30mINFO[0m Creating environment hook '/home/jsmoon/yax_jeju/install/launch_pkg/share/launch_pkg/hook/cmake_prefix_path.sh'
[4.947s] [34mcolcon.colcon_core.environment[0m [1;30mLevel 1[0m checking '/home/jsmoon/yax_jeju/install/launch_pkg/bin'
[4.947s] [34mcolcon.colcon_core.environment[0m [1;30mLevel 1[0m checking '/home/jsmoon/yax_jeju/install/launch_pkg/lib/pkgconfig/launch_pkg.pc'
[4.947s] [34mcolcon.colcon_core.environment[0m [1;30mLevel 1[0m checking '/home/jsmoon/yax_jeju/install/launch_pkg/lib/python3.10/site-packages'
[4.947s] [34mcolcon.colcon_core.environment[0m [1;30mLevel 1[0m checking '/home/jsmoon/yax_jeju/install/launch_pkg/bin'
[4.947s] [34mcolcon.colcon_core.shell[0m [1;30mINFO[0m Creating package script '/home/jsmoon/yax_jeju/install/launch_pkg/share/launch_pkg/package.ps1'
[4.948s] [34mcolcon.colcon_core.shell[0m [1;30mINFO[0m Creating package descriptor '/home/jsmoon/yax_jeju/install/launch_pkg/share/launch_pkg/package.dsv'
[4.948s] [34mcolcon.colcon_core.shell[0m [1;30mINFO[0m Creating package script '/home/jsmoon/yax_jeju/install/launch_pkg/share/launch_pkg/package.sh'
[4.948s] [34mcolcon.colcon_core.shell[0m [1;30mINFO[0m Creating package script '/home/jsmoon/yax_jeju/install/launch_pkg/share/launch_pkg/package.bash'
[4.948s] [34mcolcon.colcon_core.shell[0m [1;30mINFO[0m Creating package script '/home/jsmoon/yax_jeju/install/launch_pkg/share/launch_pkg/package.zsh'
[4.949s] [34mcolcon.colcon_core.environment[0m [1;30mLevel 1[0m create_file_with_runtime_dependencies(/home/jsmoon/yax_jeju/install/launch_pkg/share/colcon-core/packages/launch_pkg)
[4.949s] [34mcolcon.colcon_parallel_executor.executor.parallel[0m [1;30mDEBUG[0m [32mclosing loop[0m
[4.949s] [34mcolcon.colcon_parallel_executor.executor.parallel[0m [1;30mDEBUG[0m [32mloop closed[0m
[4.949s] [34mcolcon.colcon_parallel_executor.executor.parallel[0m [1;30mDEBUG[0m [32mrun_until_complete finished with '0'[0m
[4.949s] [34mcolcon.colcon_core.event_reactor[0m [1;30mDEBUG[0m [32mjoining thread[0m
[4.955s] [34mcolcon.colcon_core.plugin_system[0m [1;30mINFO[0m Skipping extension 'colcon_notification.desktop_notification.terminal_notifier': Not used on non-Darwin systems
[4.955s] [34mcolcon.colcon_core.plugin_system[0m [1;30mINFO[0m Skipping extension 'colcon_notification.desktop_notification.win32': Not used on non-Windows systems
[4.955s] [34mcolcon.colcon_notification.desktop_notification[0m [1;30mINFO[0m Sending desktop notification using 'notify2'
[4.967s] [34mcolcon.colcon_core.event_reactor[0m [1;30mDEBUG[0m [32mjoined thread[0m
[4.968s] [34mcolcon.colcon_core.shell[0m [1;30mINFO[0m Creating prefix script '/home/jsmoon/yax_jeju/install/local_setup.ps1'
[4.968s] [34mcolcon.colcon_core.shell[0m [1;30mINFO[0m Creating prefix util module '/home/jsmoon/yax_jeju/install/_local_setup_util_ps1.py'
[4.969s] [34mcolcon.colcon_core.shell[0m [1;30mINFO[0m Creating prefix chain script '/home/jsmoon/yax_jeju/install/setup.ps1'
[4.971s] [34mcolcon.colcon_core.shell[0m [1;30mINFO[0m Creating prefix script '/home/jsmoon/yax_jeju/install/local_setup.sh'
[4.971s] [34mcolcon.colcon_core.shell[0m [1;30mINFO[0m Creating prefix util module '/home/jsmoon/yax_jeju/install/_local_setup_util_sh.py'
[4.972s] [34mcolcon.colcon_core.shell[0m [1;30mINFO[0m Creating prefix chain script '/home/jsmoon/yax_jeju/install/setup.sh'
[4.973s] [34mcolcon.colcon_core.shell[0m [1;30mINFO[0m Creating prefix script '/home/jsmoon/yax_jeju/install/local_setup.bash'
[4.974s] [34mcolcon.colcon_core.shell[0m [1;30mINFO[0m Creating prefix chain script '/home/jsmoon/yax_jeju/install/setup.bash'
[4.975s] [34mcolcon.colcon_core.shell[0m [1;30mINFO[0m Creating prefix script '/home/jsmoon/yax_jeju/install/local_setup.zsh'
[4.975s] [34mcolcon.colcon_core.shell[0m [1;30mINFO[0m Creating prefix chain script '/home/jsmoon/yax_jeju/install/setup.zsh'
