[0.008s] Invoking command in '/home/jsmoon/yax_jeju/build/ublox_msgs': AMENT_PREFIX_PATH=/home/jsmoon/yax_jeju/install/ublox_serialization:${AMENT_PREFIX_PATH} CMAKE_PREFIX_PATH=/home/jsmoon/yax_jeju/install/ublox_serialization:/home/jsmoon/ydlidar_ws/install/ydlidar_ros2_driver:/opt/ros/humble /usr/bin/cmake /home/jsmoon/yax_jeju/src/RTK_GPS_NTRIP/ublox_msgs -DAMENT_CMAKE_SYMLINK_INSTALL=1 -DCMAKE_INSTALL_PREFIX=/home/jsmoon/yax_jeju/install/ublox_msgs
[0.080s] -- The C compiler identification is GNU 11.4.0
[0.151s] -- The CXX compiler identification is GNU 11.4.0
[0.160s] -- Detecting C compiler ABI info
[0.259s] -- Detecting C compiler ABI info - done
[0.267s] -- Check for working C compiler: /usr/bin/cc - skipped
[0.267s] -- Detecting C compile features
[0.267s] -- Detecting C compile features - done
[0.269s] -- Detecting CXX compiler ABI info
[0.381s] -- Detecting CXX compiler ABI info - done
[0.388s] -- Check for working CXX compiler: /usr/bin/c++ - skipped
[0.388s] -- Detecting CXX compile features
[0.389s] -- Detecting CXX compile features - done
[0.391s] -- Found ament_cmake_ros: 0.10.0 (/opt/ros/humble/share/ament_cmake_ros/cmake)
[0.890s] -- Found Python3: /home/jsmoon/.pyenv/shims/python3 (found version "3.10.12") found components: Interpreter 
[0.980s] -- Override CMake install command with custom implementation using symlinks instead of copying resources
[0.999s] -- Found rosidl_default_generators: 1.2.0 (/opt/ros/humble/share/rosidl_default_generators/cmake)
[1.000s] -- Using all available rosidl_typesupport_c: rosidl_typesupport_fastrtps_c;rosidl_typesupport_introspection_c
[1.004s] -- Found rosidl_adapter: 3.1.7 (/opt/ros/humble/share/rosidl_adapter/cmake)
[1.031s] -- Using all available rosidl_typesupport_cpp: rosidl_typesupport_fastrtps_cpp;rosidl_typesupport_introspection_cpp
[1.053s] -- Found sensor_msgs: 4.9.0 (/opt/ros/humble/share/sensor_msgs/cmake)
[1.089s] -- Found ublox_serialization: 2.3.0 (/home/jsmoon/yax_jeju/install/ublox_serialization/share/ublox_serialization/cmake)
[2.361s] -- Using all available rosidl_typesupport_c: rosidl_typesupport_fastrtps_c;rosidl_typesupport_introspection_c
[3.018s] -- Using all available rosidl_typesupport_cpp: rosidl_typesupport_fastrtps_cpp;rosidl_typesupport_introspection_cpp
[3.111s] -- Found PythonInterp: /home/jsmoon/.pyenv/shims/python3 (found suitable version "3.10.12", minimum required is "3.6") 
[3.117s] -- Found python_cmake_module: 0.10.0 (/opt/ros/humble/share/python_cmake_module/cmake)
[3.300s] -- Found PythonLibs: /usr/lib/x86_64-linux-gnu/libpython3.10.so (found suitable version "3.10.12", minimum required is "3.5") 
[3.300s] -- Using PYTHON_EXECUTABLE: /home/jsmoon/.pyenv/shims/python3
[3.303s] -- Using PYTHON_INCLUDE_DIRS: /usr/include/python3.10
[3.303s] -- Using PYTHON_LIBRARIES: /usr/lib/x86_64-linux-gnu/libpython3.10.so
[3.529s] -- Found PythonExtra: .so  
[3.927s] -- Configuring done
[4.120s] -- Generating done
[4.145s] -- Build files have been written to: /home/jsmoon/yax_jeju/build/ublox_msgs
[4.168s] Invoked command in '/home/jsmoon/yax_jeju/build/ublox_msgs' returned '0': AMENT_PREFIX_PATH=/home/jsmoon/yax_jeju/install/ublox_serialization:${AMENT_PREFIX_PATH} CMAKE_PREFIX_PATH=/home/jsmoon/yax_jeju/install/ublox_serialization:/home/jsmoon/ydlidar_ws/install/ydlidar_ros2_driver:/opt/ros/humble /usr/bin/cmake /home/jsmoon/yax_jeju/src/RTK_GPS_NTRIP/ublox_msgs -DAMENT_CMAKE_SYMLINK_INSTALL=1 -DCMAKE_INSTALL_PREFIX=/home/jsmoon/yax_jeju/install/ublox_msgs
[4.169s] Invoking command in '/home/jsmoon/yax_jeju/build/ublox_msgs': AMENT_PREFIX_PATH=/home/jsmoon/yax_jeju/install/ublox_serialization:${AMENT_PREFIX_PATH} CMAKE_PREFIX_PATH=/home/jsmoon/yax_jeju/install/ublox_serialization:/home/jsmoon/ydlidar_ws/install/ydlidar_ros2_driver:/opt/ros/humble /usr/bin/cmake --build /home/jsmoon/yax_jeju/build/ublox_msgs -- -j16 -l16
[4.388s] [  0%] [34m[1mGenerating C code for ROS interfaces[0m
[4.410s] [  0%] Built target ament_cmake_python_symlink_ublox_msgs
[4.425s] [  0%] [34m[1mGenerating C++ code for ROS interfaces[0m
[5.089s] running egg_info
[5.090s] creating ublox_msgs.egg-info
[5.090s] writing ublox_msgs.egg-info/PKG-INFO
[5.093s] writing dependency_links to ublox_msgs.egg-info/dependency_links.txt
[5.093s] writing top-level names to ublox_msgs.egg-info/top_level.txt
[5.093s] writing manifest file 'ublox_msgs.egg-info/SOURCES.txt'
[5.094s] reading manifest file 'ublox_msgs.egg-info/SOURCES.txt'
[5.094s] writing manifest file 'ublox_msgs.egg-info/SOURCES.txt'
[5.137s] [  0%] Built target ament_cmake_python_build_ublox_msgs_egg
[16.908s] [  0%] Built target ublox_msgs__cpp
[16.922s] [  0%] [34m[1mGenerating C++ type support for eProsima Fast-RTPS[0m
[16.922s] [  0%] [34m[1mGenerating C++ type support dispatch for ROS interfaces[0m
[16.922s] [  0%] [34m[1mGenerating C++ introspection for ROS interfaces[0m
[16.959s] [  0%] [32mBuilding C object CMakeFiles/ublox_msgs__rosidl_generator_c.dir/rosidl_generator_c/ublox_msgs/msg/detail/ack__functions.c.o[0m
[16.960s] [  1%] [32mBuilding C object CMakeFiles/ublox_msgs__rosidl_generator_c.dir/rosidl_generator_c/ublox_msgs/msg/detail/aid_hui__functions.c.o[0m
[16.960s] [  1%] [32mBuilding C object CMakeFiles/ublox_msgs__rosidl_generator_c.dir/rosidl_generator_c/ublox_msgs/msg/detail/aid_alm__functions.c.o[0m
[16.960s] [  1%] [32mBuilding C object CMakeFiles/ublox_msgs__rosidl_generator_c.dir/rosidl_generator_c/ublox_msgs/msg/detail/cfg_dat__functions.c.o[0m
[16.960s] [  1%] [32mBuilding C object CMakeFiles/ublox_msgs__rosidl_generator_c.dir/rosidl_generator_c/ublox_msgs/msg/detail/cfg_dgnss__functions.c.o[0m
[16.960s] [  1%] [32mBuilding C object CMakeFiles/ublox_msgs__rosidl_generator_c.dir/rosidl_generator_c/ublox_msgs/msg/detail/cfg_cfg__functions.c.o[0m
[16.960s] [  1%] [32mBuilding C object CMakeFiles/ublox_msgs__rosidl_generator_c.dir/rosidl_generator_c/ublox_msgs/msg/detail/aid_eph__functions.c.o[0m
[16.960s] [  1%] [32mBuilding C object CMakeFiles/ublox_msgs__rosidl_generator_c.dir/rosidl_generator_c/ublox_msgs/msg/detail/cfg_ant__functions.c.o[0m
[16.960s] [  1%] [32mBuilding C object CMakeFiles/ublox_msgs__rosidl_generator_c.dir/rosidl_generator_c/ublox_msgs/msg/detail/cfg_gnss_block__functions.c.o[0m
[16.960s] [  1%] [32mBuilding C object CMakeFiles/ublox_msgs__rosidl_generator_c.dir/rosidl_generator_c/ublox_msgs/msg/detail/cfg_inf_block__functions.c.o[0m
[16.961s] [  1%] [32mBuilding C object CMakeFiles/ublox_msgs__rosidl_generator_c.dir/rosidl_generator_c/ublox_msgs/msg/detail/cfg_hnr__functions.c.o[0m
[16.961s] [  2%] [32mBuilding C object CMakeFiles/ublox_msgs__rosidl_generator_c.dir/rosidl_generator_c/ublox_msgs/msg/detail/cfg_gnss__functions.c.o[0m
[16.962s] [  2%] [32mBuilding C object CMakeFiles/ublox_msgs__rosidl_generator_c.dir/rosidl_generator_c/ublox_msgs/msg/detail/cfg_inf__functions.c.o[0m
[17.051s] [  3%] [32mBuilding C object CMakeFiles/ublox_msgs__rosidl_generator_c.dir/rosidl_generator_c/ublox_msgs/msg/detail/cfg_msg__functions.c.o[0m
[17.051s] [  3%] [32mBuilding C object CMakeFiles/ublox_msgs__rosidl_generator_c.dir/rosidl_generator_c/ublox_msgs/msg/detail/cfg_nav5__functions.c.o[0m
[17.051s] [  3%] [32mBuilding C object CMakeFiles/ublox_msgs__rosidl_generator_c.dir/rosidl_generator_c/ublox_msgs/msg/detail/cfg_navx5__functions.c.o[0m
[17.051s] [  3%] [32mBuilding C object CMakeFiles/ublox_msgs__rosidl_generator_c.dir/rosidl_generator_c/ublox_msgs/msg/detail/cfg_rate__functions.c.o[0m
[17.051s] [  3%] [32mBuilding C object CMakeFiles/ublox_msgs__rosidl_generator_c.dir/rosidl_generator_c/ublox_msgs/msg/detail/cfg_nmea6__functions.c.o[0m
[17.051s] [  3%] [32mBuilding C object CMakeFiles/ublox_msgs__rosidl_generator_c.dir/rosidl_generator_c/ublox_msgs/msg/detail/cfg_nmea7__functions.c.o[0m
[17.051s] [  3%] [32mBuilding C object CMakeFiles/ublox_msgs__rosidl_generator_c.dir/rosidl_generator_c/ublox_msgs/msg/detail/cfg_nmea__functions.c.o[0m
[17.051s] [  3%] [32mBuilding C object CMakeFiles/ublox_msgs__rosidl_generator_c.dir/rosidl_generator_c/ublox_msgs/msg/detail/cfg_prt__functions.c.o[0m
[17.053s] [  4%] [32mBuilding C object CMakeFiles/ublox_msgs__rosidl_generator_c.dir/rosidl_generator_c/ublox_msgs/msg/detail/cfg_usb__functions.c.o[0m
[17.053s] [  4%] [32mBuilding C object CMakeFiles/ublox_msgs__rosidl_generator_c.dir/rosidl_generator_c/ublox_msgs/msg/detail/cfg_sbas__functions.c.o[0m
[17.053s] [  4%] [32mBuilding C object CMakeFiles/ublox_msgs__rosidl_generator_c.dir/rosidl_generator_c/ublox_msgs/msg/detail/esf_ins__functions.c.o[0m
[17.053s] [  4%] [32mBuilding C object CMakeFiles/ublox_msgs__rosidl_generator_c.dir/rosidl_generator_c/ublox_msgs/msg/detail/cfg_rst__functions.c.o[0m
[17.053s] [  4%] [32mBuilding C object CMakeFiles/ublox_msgs__rosidl_generator_c.dir/rosidl_generator_c/ublox_msgs/msg/detail/cfg_tmode3__functions.c.o[0m
[17.099s] [  4%] [32mBuilding C object CMakeFiles/ublox_msgs__rosidl_generator_c.dir/rosidl_generator_c/ublox_msgs/msg/detail/esf_meas__functions.c.o[0m
[17.100s] [  4%] [32mBuilding C object CMakeFiles/ublox_msgs__rosidl_generator_c.dir/rosidl_generator_c/ublox_msgs/msg/detail/esf_raw__functions.c.o[0m
[17.101s] [  5%] [32mBuilding C object CMakeFiles/ublox_msgs__rosidl_generator_c.dir/rosidl_generator_c/ublox_msgs/msg/detail/esf_raw_block__functions.c.o[0m
[17.101s] [  5%] [32mBuilding C object CMakeFiles/ublox_msgs__rosidl_generator_c.dir/rosidl_generator_c/ublox_msgs/msg/detail/esf_status__functions.c.o[0m
[17.102s] [  5%] [32mBuilding C object CMakeFiles/ublox_msgs__rosidl_generator_c.dir/rosidl_generator_c/ublox_msgs/msg/detail/esf_status_sens__functions.c.o[0m
[17.104s] [  5%] [32mBuilding C object CMakeFiles/ublox_msgs__rosidl_generator_c.dir/rosidl_generator_c/ublox_msgs/msg/detail/hnr_pvt__functions.c.o[0m
[17.106s] [  5%] [32mBuilding C object CMakeFiles/ublox_msgs__rosidl_generator_c.dir/rosidl_generator_c/ublox_msgs/msg/detail/inf__functions.c.o[0m
[17.106s] [  5%] [32mBuilding C object CMakeFiles/ublox_msgs__rosidl_generator_c.dir/rosidl_generator_c/ublox_msgs/msg/detail/mon_gnss__functions.c.o[0m
[17.106s] [  5%] [32mBuilding C object CMakeFiles/ublox_msgs__rosidl_generator_c.dir/rosidl_generator_c/ublox_msgs/msg/detail/mga_gal__functions.c.o[0m
[17.109s] [  6%] [32mBuilding C object CMakeFiles/ublox_msgs__rosidl_generator_c.dir/rosidl_generator_c/ublox_msgs/msg/detail/mon_hw6__functions.c.o[0m
[17.109s] [  6%] [32mBuilding C object CMakeFiles/ublox_msgs__rosidl_generator_c.dir/rosidl_generator_c/ublox_msgs/msg/detail/mon_hw__functions.c.o[0m
[17.110s] [  6%] [32mBuilding C object CMakeFiles/ublox_msgs__rosidl_generator_c.dir/rosidl_generator_c/ublox_msgs/msg/detail/mon_ver__functions.c.o[0m
[17.110s] [  6%] [32mBuilding C object CMakeFiles/ublox_msgs__rosidl_generator_c.dir/rosidl_generator_c/ublox_msgs/msg/detail/mon_ver_extension__functions.c.o[0m
[17.150s] [  6%] [32mBuilding C object CMakeFiles/ublox_msgs__rosidl_generator_c.dir/rosidl_generator_c/ublox_msgs/msg/detail/nav_clock__functions.c.o[0m
[17.150s] [  6%] [32mBuilding C object CMakeFiles/ublox_msgs__rosidl_generator_c.dir/rosidl_generator_c/ublox_msgs/msg/detail/nav_att__functions.c.o[0m
[17.153s] [  6%] [32mBuilding C object CMakeFiles/ublox_msgs__rosidl_generator_c.dir/rosidl_generator_c/ublox_msgs/msg/detail/nav_dgpssv__functions.c.o[0m
[17.153s] [  7%] [32mBuilding C object CMakeFiles/ublox_msgs__rosidl_generator_c.dir/rosidl_generator_c/ublox_msgs/msg/detail/nav_dop__functions.c.o[0m
[17.153s] [  7%] [32mBuilding C object CMakeFiles/ublox_msgs__rosidl_generator_c.dir/rosidl_generator_c/ublox_msgs/msg/detail/nav_dgps__functions.c.o[0m
[17.154s] [  7%] [32mBuilding C object CMakeFiles/ublox_msgs__rosidl_generator_c.dir/rosidl_generator_c/ublox_msgs/msg/detail/nav_posecef__functions.c.o[0m
[17.157s] [  7%] [32mBuilding C object CMakeFiles/ublox_msgs__rosidl_generator_c.dir/rosidl_generator_c/ublox_msgs/msg/detail/nav_posllh__functions.c.o[0m
[17.159s] [  7%] [32mBuilding C object CMakeFiles/ublox_msgs__rosidl_generator_c.dir/rosidl_generator_c/ublox_msgs/msg/detail/nav_pvt7__functions.c.o[0m
[17.159s] [  7%] [32mBuilding C object CMakeFiles/ublox_msgs__rosidl_generator_c.dir/rosidl_generator_c/ublox_msgs/msg/detail/nav_pvt__functions.c.o[0m
[17.160s] [  8%] [32mBuilding C object CMakeFiles/ublox_msgs__rosidl_generator_c.dir/rosidl_generator_c/ublox_msgs/msg/detail/nav_relposned9__functions.c.o[0m
[17.165s] [  8%] [32mBuilding C object CMakeFiles/ublox_msgs__rosidl_generator_c.dir/rosidl_generator_c/ublox_msgs/msg/detail/nav_sat__functions.c.o[0m
[17.165s] [  8%] [32mBuilding C object CMakeFiles/ublox_msgs__rosidl_generator_c.dir/rosidl_generator_c/ublox_msgs/msg/detail/nav_satsv__functions.c.o[0m
[17.181s] [  8%] [32mBuilding C object CMakeFiles/ublox_msgs__rosidl_generator_c.dir/rosidl_generator_c/ublox_msgs/msg/detail/nav_relposned__functions.c.o[0m
[17.204s] [  9%] [32mBuilding C object CMakeFiles/ublox_msgs__rosidl_generator_c.dir/rosidl_generator_c/ublox_msgs/msg/detail/nav_sbas__functions.c.o[0m
[17.204s] [  9%] [32mBuilding C object CMakeFiles/ublox_msgs__rosidl_generator_c.dir/rosidl_generator_c/ublox_msgs/msg/detail/nav_sol__functions.c.o[0m
[17.204s] [  9%] [32mBuilding C object CMakeFiles/ublox_msgs__rosidl_generator_c.dir/rosidl_generator_c/ublox_msgs/msg/detail/nav_sbassv__functions.c.o[0m
[17.206s] [  9%] [32mBuilding C object CMakeFiles/ublox_msgs__rosidl_generator_c.dir/rosidl_generator_c/ublox_msgs/msg/detail/nav_status__functions.c.o[0m
[17.207s] [  9%] [32mBuilding C object CMakeFiles/ublox_msgs__rosidl_generator_c.dir/rosidl_generator_c/ublox_msgs/msg/detail/nav_svinfo__functions.c.o[0m
[17.213s] [  9%] [32mBuilding C object CMakeFiles/ublox_msgs__rosidl_generator_c.dir/rosidl_generator_c/ublox_msgs/msg/detail/nav_svin__functions.c.o[0m
[17.213s] [  9%] [32mBuilding C object CMakeFiles/ublox_msgs__rosidl_generator_c.dir/rosidl_generator_c/ublox_msgs/msg/detail/nav_timeutc__functions.c.o[0m
[17.213s] [  9%] [32mBuilding C object CMakeFiles/ublox_msgs__rosidl_generator_c.dir/rosidl_generator_c/ublox_msgs/msg/detail/nav_timegps__functions.c.o[0m
[17.214s] [  9%] [32mBuilding C object CMakeFiles/ublox_msgs__rosidl_generator_c.dir/rosidl_generator_c/ublox_msgs/msg/detail/nav_svinfosv__functions.c.o[0m
[17.219s] [ 10%] [32mBuilding C object CMakeFiles/ublox_msgs__rosidl_generator_c.dir/rosidl_generator_c/ublox_msgs/msg/detail/nav_velecef__functions.c.o[0m
[17.224s] [ 10%] [32mBuilding C object CMakeFiles/ublox_msgs__rosidl_generator_c.dir/rosidl_generator_c/ublox_msgs/msg/detail/nav_velned__functions.c.o[0m
[17.225s] [ 10%] [32mBuilding C object CMakeFiles/ublox_msgs__rosidl_generator_c.dir/rosidl_generator_c/ublox_msgs/msg/detail/rxm_alm__functions.c.o[0m
[17.246s] [ 10%] [32mBuilding C object CMakeFiles/ublox_msgs__rosidl_generator_c.dir/rosidl_generator_c/ublox_msgs/msg/detail/rxm_eph__functions.c.o[0m
[17.253s] [ 11%] [32mBuilding C object CMakeFiles/ublox_msgs__rosidl_generator_c.dir/rosidl_generator_c/ublox_msgs/msg/detail/rxm_rawx_meas__functions.c.o[0m
[17.253s] [ 11%] [32mBuilding C object CMakeFiles/ublox_msgs__rosidl_generator_c.dir/rosidl_generator_c/ublox_msgs/msg/detail/rxm_raw__functions.c.o[0m
[17.253s] [ 11%] [32mBuilding C object CMakeFiles/ublox_msgs__rosidl_generator_c.dir/rosidl_generator_c/ublox_msgs/msg/detail/rxm_rawsv__functions.c.o[0m
[17.254s] [ 11%] [32mBuilding C object CMakeFiles/ublox_msgs__rosidl_generator_c.dir/rosidl_generator_c/ublox_msgs/msg/detail/rxm_rawx__functions.c.o[0m
[17.257s] [ 11%] [32mBuilding C object CMakeFiles/ublox_msgs__rosidl_generator_c.dir/rosidl_generator_c/ublox_msgs/msg/detail/rxm_sfrb__functions.c.o[0m
[17.258s] [ 11%] [32mBuilding C object CMakeFiles/ublox_msgs__rosidl_generator_c.dir/rosidl_generator_c/ublox_msgs/msg/detail/rxm_rtcm__functions.c.o[0m
[17.263s] [ 11%] [32mBuilding C object CMakeFiles/ublox_msgs__rosidl_generator_c.dir/rosidl_generator_c/ublox_msgs/msg/detail/rxm_svsi__functions.c.o[0m
[17.263s] [ 11%] [32mBuilding C object CMakeFiles/ublox_msgs__rosidl_generator_c.dir/rosidl_generator_c/ublox_msgs/msg/detail/rxm_sfrbx__functions.c.o[0m
[17.266s] [ 12%] [32mBuilding C object CMakeFiles/ublox_msgs__rosidl_generator_c.dir/rosidl_generator_c/ublox_msgs/msg/detail/rxm_svsisv__functions.c.o[0m
[17.270s] [ 12%] [32mBuilding C object CMakeFiles/ublox_msgs__rosidl_generator_c.dir/rosidl_generator_c/ublox_msgs/msg/detail/tim_tm2__functions.c.o[0m
[17.286s] [ 12%] [32mBuilding C object CMakeFiles/ublox_msgs__rosidl_generator_c.dir/rosidl_generator_c/ublox_msgs/msg/detail/upd_sos_ack__functions.c.o[0m
[17.296s] [ 12%] [32mBuilding C object CMakeFiles/ublox_msgs__rosidl_generator_c.dir/rosidl_generator_c/ublox_msgs/msg/detail/upd_sos__functions.c.o[0m
[17.332s] [ 12%] [32m[1mLinking C shared library libublox_msgs__rosidl_generator_c.so[0m
[17.378s] [ 12%] Built target ublox_msgs__rosidl_generator_c
[17.389s] [ 12%] [34m[1mGenerating C type support for eProsima Fast-RTPS[0m
[17.389s] [ 12%] [34m[1mGenerating C type support dispatch for ROS interfaces[0m
[17.390s] [ 12%] [34m[1mGenerating C introspection for ROS interfaces[0m
[27.391s] [ 12%] [32mBuilding CXX object CMakeFiles/ublox_msgs__rosidl_typesupport_cpp.dir/rosidl_typesupport_cpp/ublox_msgs/msg/aid_hui__type_support.cpp.o[0m
[27.391s] [ 12%] [32mBuilding CXX object CMakeFiles/ublox_msgs__rosidl_typesupport_cpp.dir/rosidl_typesupport_cpp/ublox_msgs/msg/cfg_cfg__type_support.cpp.o[0m
[27.391s] [ 12%] [32mBuilding CXX object CMakeFiles/ublox_msgs__rosidl_typesupport_cpp.dir/rosidl_typesupport_cpp/ublox_msgs/msg/cfg_dat__type_support.cpp.o[0m
[27.391s] [ 12%] [32mBuilding CXX object CMakeFiles/ublox_msgs__rosidl_typesupport_cpp.dir/rosidl_typesupport_cpp/ublox_msgs/msg/cfg_ant__type_support.cpp.o[0m
[27.391s] [ 12%] [32mBuilding CXX object CMakeFiles/ublox_msgs__rosidl_typesupport_cpp.dir/rosidl_typesupport_cpp/ublox_msgs/msg/ack__type_support.cpp.o[0m
[27.391s] [ 12%] [32mBuilding CXX object CMakeFiles/ublox_msgs__rosidl_typesupport_cpp.dir/rosidl_typesupport_cpp/ublox_msgs/msg/cfg_gnss__type_support.cpp.o[0m
[27.391s] [ 12%] [32mBuilding CXX object CMakeFiles/ublox_msgs__rosidl_typesupport_cpp.dir/rosidl_typesupport_cpp/ublox_msgs/msg/aid_alm__type_support.cpp.o[0m
[27.391s] [ 13%] [32mBuilding CXX object CMakeFiles/ublox_msgs__rosidl_typesupport_cpp.dir/rosidl_typesupport_cpp/ublox_msgs/msg/cfg_gnss_block__type_support.cpp.o[0m
[27.391s] [ 14%] [32mBuilding CXX object CMakeFiles/ublox_msgs__rosidl_typesupport_cpp.dir/rosidl_typesupport_cpp/ublox_msgs/msg/aid_eph__type_support.cpp.o[0m
[27.391s] [ 14%] [32mBuilding CXX object CMakeFiles/ublox_msgs__rosidl_typesupport_cpp.dir/rosidl_typesupport_cpp/ublox_msgs/msg/cfg_dgnss__type_support.cpp.o[0m
[27.392s] [ 14%] [32mBuilding CXX object CMakeFiles/ublox_msgs__rosidl_typesupport_cpp.dir/rosidl_typesupport_cpp/ublox_msgs/msg/cfg_hnr__type_support.cpp.o[0m
[27.681s] [ 14%] [32mBuilding CXX object CMakeFiles/ublox_msgs__rosidl_typesupport_cpp.dir/rosidl_typesupport_cpp/ublox_msgs/msg/cfg_msg__type_support.cpp.o[0m
[27.681s] [ 14%] [32mBuilding CXX object CMakeFiles/ublox_msgs__rosidl_typesupport_cpp.dir/rosidl_typesupport_cpp/ublox_msgs/msg/cfg_inf__type_support.cpp.o[0m
[27.681s] [ 14%] [32mBuilding CXX object CMakeFiles/ublox_msgs__rosidl_typesupport_cpp.dir/rosidl_typesupport_cpp/ublox_msgs/msg/cfg_inf_block__type_support.cpp.o[0m
[27.682s] [ 15%] [32mBuilding CXX object CMakeFiles/ublox_msgs__rosidl_typesupport_cpp.dir/rosidl_typesupport_cpp/ublox_msgs/msg/cfg_prt__type_support.cpp.o[0m
[27.682s] [ 15%] [32mBuilding CXX object CMakeFiles/ublox_msgs__rosidl_typesupport_cpp.dir/rosidl_typesupport_cpp/ublox_msgs/msg/cfg_navx5__type_support.cpp.o[0m
[27.682s] [ 15%] [32mBuilding CXX object CMakeFiles/ublox_msgs__rosidl_typesupport_cpp.dir/rosidl_typesupport_cpp/ublox_msgs/msg/cfg_nmea6__type_support.cpp.o[0m
[27.683s] [ 15%] [32mBuilding CXX object CMakeFiles/ublox_msgs__rosidl_typesupport_cpp.dir/rosidl_typesupport_cpp/ublox_msgs/msg/cfg_nmea7__type_support.cpp.o[0m
[27.683s] [ 15%] [32mBuilding CXX object CMakeFiles/ublox_msgs__rosidl_typesupport_cpp.dir/rosidl_typesupport_cpp/ublox_msgs/msg/cfg_nmea__type_support.cpp.o[0m
[27.685s] [ 15%] [32mBuilding CXX object CMakeFiles/ublox_msgs__rosidl_typesupport_cpp.dir/rosidl_typesupport_cpp/ublox_msgs/msg/cfg_rate__type_support.cpp.o[0m
[27.685s] [ 15%] [32mBuilding CXX object CMakeFiles/ublox_msgs__rosidl_typesupport_cpp.dir/rosidl_typesupport_cpp/ublox_msgs/msg/cfg_nav5__type_support.cpp.o[0m
[27.687s] [ 16%] [32mBuilding CXX object CMakeFiles/ublox_msgs__rosidl_typesupport_cpp.dir/rosidl_typesupport_cpp/ublox_msgs/msg/cfg_rst__type_support.cpp.o[0m
[27.933s] [ 16%] [32mBuilding CXX object CMakeFiles/ublox_msgs__rosidl_typesupport_cpp.dir/rosidl_typesupport_cpp/ublox_msgs/msg/cfg_sbas__type_support.cpp.o[0m
[27.941s] [ 16%] [32mBuilding CXX object CMakeFiles/ublox_msgs__rosidl_typesupport_cpp.dir/rosidl_typesupport_cpp/ublox_msgs/msg/cfg_tmode3__type_support.cpp.o[0m
[27.950s] [ 16%] [32mBuilding CXX object CMakeFiles/ublox_msgs__rosidl_typesupport_cpp.dir/rosidl_typesupport_cpp/ublox_msgs/msg/cfg_usb__type_support.cpp.o[0m
[27.950s] [ 16%] [32mBuilding CXX object CMakeFiles/ublox_msgs__rosidl_typesupport_cpp.dir/rosidl_typesupport_cpp/ublox_msgs/msg/esf_ins__type_support.cpp.o[0m
[27.954s] [ 16%] [32mBuilding CXX object CMakeFiles/ublox_msgs__rosidl_typesupport_cpp.dir/rosidl_typesupport_cpp/ublox_msgs/msg/esf_meas__type_support.cpp.o[0m
[27.954s] [ 16%] [32mBuilding CXX object CMakeFiles/ublox_msgs__rosidl_typesupport_cpp.dir/rosidl_typesupport_cpp/ublox_msgs/msg/esf_raw_block__type_support.cpp.o[0m
[27.956s] [ 17%] [32mBuilding CXX object CMakeFiles/ublox_msgs__rosidl_typesupport_cpp.dir/rosidl_typesupport_cpp/ublox_msgs/msg/esf_raw__type_support.cpp.o[0m
[27.970s] [ 17%] [32mBuilding CXX object CMakeFiles/ublox_msgs__rosidl_typesupport_cpp.dir/rosidl_typesupport_cpp/ublox_msgs/msg/esf_status_sens__type_support.cpp.o[0m
[27.971s] [ 17%] [32mBuilding CXX object CMakeFiles/ublox_msgs__rosidl_typesupport_cpp.dir/rosidl_typesupport_cpp/ublox_msgs/msg/esf_status__type_support.cpp.o[0m
[27.972s] [ 17%] [32mBuilding CXX object CMakeFiles/ublox_msgs__rosidl_typesupport_cpp.dir/rosidl_typesupport_cpp/ublox_msgs/msg/hnr_pvt__type_support.cpp.o[0m
[27.982s] [ 17%] [32mBuilding CXX object CMakeFiles/ublox_msgs__rosidl_typesupport_cpp.dir/rosidl_typesupport_cpp/ublox_msgs/msg/inf__type_support.cpp.o[0m
[28.200s] [ 17%] [32mBuilding CXX object CMakeFiles/ublox_msgs__rosidl_typesupport_cpp.dir/rosidl_typesupport_cpp/ublox_msgs/msg/mga_gal__type_support.cpp.o[0m
[28.200s] [ 18%] [32mBuilding CXX object CMakeFiles/ublox_msgs__rosidl_typesupport_cpp.dir/rosidl_typesupport_cpp/ublox_msgs/msg/mon_gnss__type_support.cpp.o[0m
[28.205s] [ 18%] [32mBuilding CXX object CMakeFiles/ublox_msgs__rosidl_typesupport_cpp.dir/rosidl_typesupport_cpp/ublox_msgs/msg/mon_hw6__type_support.cpp.o[0m
[28.206s] [ 18%] [32mBuilding CXX object CMakeFiles/ublox_msgs__rosidl_typesupport_cpp.dir/rosidl_typesupport_cpp/ublox_msgs/msg/mon_ver_extension__type_support.cpp.o[0m
[28.206s] [ 18%] [32mBuilding CXX object CMakeFiles/ublox_msgs__rosidl_typesupport_cpp.dir/rosidl_typesupport_cpp/ublox_msgs/msg/mon_hw__type_support.cpp.o[0m
[28.213s] [ 18%] [32mBuilding CXX object CMakeFiles/ublox_msgs__rosidl_typesupport_cpp.dir/rosidl_typesupport_cpp/ublox_msgs/msg/mon_ver__type_support.cpp.o[0m
[28.224s] [ 18%] [32mBuilding CXX object CMakeFiles/ublox_msgs__rosidl_typesupport_cpp.dir/rosidl_typesupport_cpp/ublox_msgs/msg/nav_att__type_support.cpp.o[0m
[28.232s] [ 18%] [32mBuilding CXX object CMakeFiles/ublox_msgs__rosidl_typesupport_cpp.dir/rosidl_typesupport_cpp/ublox_msgs/msg/nav_clock__type_support.cpp.o[0m
[28.247s] [ 19%] [32mBuilding CXX object CMakeFiles/ublox_msgs__rosidl_typesupport_cpp.dir/rosidl_typesupport_cpp/ublox_msgs/msg/nav_dgps__type_support.cpp.o[0m
[28.254s] [ 19%] [32mBuilding CXX object CMakeFiles/ublox_msgs__rosidl_typesupport_cpp.dir/rosidl_typesupport_cpp/ublox_msgs/msg/nav_dgpssv__type_support.cpp.o[0m
[28.259s] [ 19%] [32mBuilding CXX object CMakeFiles/ublox_msgs__rosidl_typesupport_cpp.dir/rosidl_typesupport_cpp/ublox_msgs/msg/nav_dop__type_support.cpp.o[0m
[28.472s] [ 19%] [32mBuilding CXX object CMakeFiles/ublox_msgs__rosidl_typesupport_cpp.dir/rosidl_typesupport_cpp/ublox_msgs/msg/nav_posecef__type_support.cpp.o[0m
[28.478s] [ 19%] [32mBuilding CXX object CMakeFiles/ublox_msgs__rosidl_typesupport_cpp.dir/rosidl_typesupport_cpp/ublox_msgs/msg/nav_posllh__type_support.cpp.o[0m
[28.483s] [ 19%] [32mBuilding CXX object CMakeFiles/ublox_msgs__rosidl_typesupport_cpp.dir/rosidl_typesupport_cpp/ublox_msgs/msg/nav_pvt7__type_support.cpp.o[0m
[28.497s] [ 20%] [32mBuilding CXX object CMakeFiles/ublox_msgs__rosidl_typesupport_cpp.dir/rosidl_typesupport_cpp/ublox_msgs/msg/nav_pvt__type_support.cpp.o[0m
[28.506s] [ 20%] [32mBuilding CXX object CMakeFiles/ublox_msgs__rosidl_typesupport_cpp.dir/rosidl_typesupport_cpp/ublox_msgs/msg/nav_relposned9__type_support.cpp.o[0m
[28.510s] [ 20%] [32mBuilding CXX object CMakeFiles/ublox_msgs__rosidl_typesupport_cpp.dir/rosidl_typesupport_cpp/ublox_msgs/msg/nav_relposned__type_support.cpp.o[0m
[28.518s] [ 20%] [32mBuilding CXX object CMakeFiles/ublox_msgs__rosidl_typesupport_cpp.dir/rosidl_typesupport_cpp/ublox_msgs/msg/nav_sat__type_support.cpp.o[0m
[28.530s] [ 20%] [32mBuilding CXX object CMakeFiles/ublox_msgs__rosidl_typesupport_cpp.dir/rosidl_typesupport_cpp/ublox_msgs/msg/nav_satsv__type_support.cpp.o[0m
[28.536s] [ 20%] [32mBuilding CXX object CMakeFiles/ublox_msgs__rosidl_typesupport_cpp.dir/rosidl_typesupport_cpp/ublox_msgs/msg/nav_sbas__type_support.cpp.o[0m
[28.553s] [ 21%] [32mBuilding CXX object CMakeFiles/ublox_msgs__rosidl_typesupport_cpp.dir/rosidl_typesupport_cpp/ublox_msgs/msg/nav_sbassv__type_support.cpp.o[0m
[28.563s] [ 21%] [32mBuilding CXX object CMakeFiles/ublox_msgs__rosidl_typesupport_cpp.dir/rosidl_typesupport_cpp/ublox_msgs/msg/nav_sol__type_support.cpp.o[0m
[28.710s] [ 22%] [32mBuilding CXX object CMakeFiles/ublox_msgs__rosidl_typesupport_c.dir/rosidl_typesupport_c/ublox_msgs/msg/ack__type_support.cpp.o[0m
[28.732s] [ 22%] [32mBuilding CXX object CMakeFiles/ublox_msgs__rosidl_typesupport_c.dir/rosidl_typesupport_c/ublox_msgs/msg/aid_alm__type_support.cpp.o[0m
[28.742s] [ 22%] [32mBuilding CXX object CMakeFiles/ublox_msgs__rosidl_typesupport_c.dir/rosidl_typesupport_c/ublox_msgs/msg/aid_eph__type_support.cpp.o[0m
[28.750s] [ 22%] [32mBuilding CXX object CMakeFiles/ublox_msgs__rosidl_typesupport_c.dir/rosidl_typesupport_c/ublox_msgs/msg/aid_hui__type_support.cpp.o[0m
[28.761s] [ 22%] [32mBuilding CXX object CMakeFiles/ublox_msgs__rosidl_typesupport_cpp.dir/rosidl_typesupport_cpp/ublox_msgs/msg/nav_status__type_support.cpp.o[0m
[28.765s] [ 22%] [32mBuilding CXX object CMakeFiles/ublox_msgs__rosidl_typesupport_cpp.dir/rosidl_typesupport_cpp/ublox_msgs/msg/nav_svinfosv__type_support.cpp.o[0m
[28.765s] [ 22%] [32mBuilding CXX object CMakeFiles/ublox_msgs__rosidl_typesupport_cpp.dir/rosidl_typesupport_cpp/ublox_msgs/msg/nav_svinfo__type_support.cpp.o[0m
[28.774s] [ 22%] [32mBuilding CXX object CMakeFiles/ublox_msgs__rosidl_typesupport_cpp.dir/rosidl_typesupport_cpp/ublox_msgs/msg/nav_svin__type_support.cpp.o[0m
[28.779s] [ 22%] [32mBuilding CXX object CMakeFiles/ublox_msgs__rosidl_typesupport_c.dir/rosidl_typesupport_c/ublox_msgs/msg/cfg_ant__type_support.cpp.o[0m
[28.785s] [ 22%] [32mBuilding CXX object CMakeFiles/ublox_msgs__rosidl_typesupport_c.dir/rosidl_typesupport_c/ublox_msgs/msg/cfg_cfg__type_support.cpp.o[0m
[28.788s] [ 23%] [32mBuilding CXX object CMakeFiles/ublox_msgs__rosidl_typesupport_c.dir/rosidl_typesupport_c/ublox_msgs/msg/cfg_dat__type_support.cpp.o[0m
[28.788s] [ 23%] [32mBuilding CXX object CMakeFiles/ublox_msgs__rosidl_typesupport_c.dir/rosidl_typesupport_c/ublox_msgs/msg/cfg_dgnss__type_support.cpp.o[0m
[28.809s] [ 24%] [32mBuilding CXX object CMakeFiles/ublox_msgs__rosidl_typesupport_cpp.dir/rosidl_typesupport_cpp/ublox_msgs/msg/nav_timegps__type_support.cpp.o[0m
[28.809s] [ 24%] [32mBuilding CXX object CMakeFiles/ublox_msgs__rosidl_typesupport_c.dir/rosidl_typesupport_c/ublox_msgs/msg/cfg_gnss_block__type_support.cpp.o[0m
[28.809s] [ 24%] [32mBuilding CXX object CMakeFiles/ublox_msgs__rosidl_typesupport_cpp.dir/rosidl_typesupport_cpp/ublox_msgs/msg/nav_timeutc__type_support.cpp.o[0m
[28.814s] [ 24%] [32mBuilding CXX object CMakeFiles/ublox_msgs__rosidl_typesupport_c.dir/rosidl_typesupport_c/ublox_msgs/msg/cfg_gnss__type_support.cpp.o[0m
[28.824s] [ 24%] [32mBuilding CXX object CMakeFiles/ublox_msgs__rosidl_typesupport_c.dir/rosidl_typesupport_c/ublox_msgs/msg/cfg_hnr__type_support.cpp.o[0m
[28.830s] [ 24%] [32mBuilding CXX object CMakeFiles/ublox_msgs__rosidl_typesupport_cpp.dir/rosidl_typesupport_cpp/ublox_msgs/msg/nav_velecef__type_support.cpp.o[0m
[28.833s] [ 24%] [32mBuilding CXX object CMakeFiles/ublox_msgs__rosidl_typesupport_c.dir/rosidl_typesupport_c/ublox_msgs/msg/cfg_inf_block__type_support.cpp.o[0m
[28.840s] [ 24%] [32mBuilding CXX object CMakeFiles/ublox_msgs__rosidl_typesupport_cpp.dir/rosidl_typesupport_cpp/ublox_msgs/msg/nav_velned__type_support.cpp.o[0m
[28.849s] [ 24%] [32mBuilding CXX object CMakeFiles/ublox_msgs__rosidl_typesupport_cpp.dir/rosidl_typesupport_cpp/ublox_msgs/msg/rxm_alm__type_support.cpp.o[0m
[28.849s] [ 24%] [32mBuilding CXX object CMakeFiles/ublox_msgs__rosidl_typesupport_cpp.dir/rosidl_typesupport_cpp/ublox_msgs/msg/rxm_eph__type_support.cpp.o[0m
[28.863s] [ 24%] [32mBuilding CXX object CMakeFiles/ublox_msgs__rosidl_typesupport_c.dir/rosidl_typesupport_c/ublox_msgs/msg/cfg_inf__type_support.cpp.o[0m
[28.883s] [ 24%] [32mBuilding CXX object CMakeFiles/ublox_msgs__rosidl_typesupport_cpp.dir/rosidl_typesupport_cpp/ublox_msgs/msg/rxm_raw__type_support.cpp.o[0m
[28.899s] [ 25%] [32mBuilding CXX object CMakeFiles/ublox_msgs__rosidl_typesupport_c.dir/rosidl_typesupport_c/ublox_msgs/msg/cfg_msg__type_support.cpp.o[0m
[28.938s] [ 25%] [32mBuilding CXX object CMakeFiles/ublox_msgs__rosidl_typesupport_c.dir/rosidl_typesupport_c/ublox_msgs/msg/cfg_nav5__type_support.cpp.o[0m
[28.973s] [ 25%] [32mBuilding CXX object CMakeFiles/ublox_msgs__rosidl_typesupport_c.dir/rosidl_typesupport_c/ublox_msgs/msg/cfg_navx5__type_support.cpp.o[0m
[29.007s] [ 25%] [32mBuilding CXX object CMakeFiles/ublox_msgs__rosidl_typesupport_c.dir/rosidl_typesupport_c/ublox_msgs/msg/cfg_nmea6__type_support.cpp.o[0m
[29.007s] [ 25%] [32mBuilding CXX object CMakeFiles/ublox_msgs__rosidl_typesupport_introspection_cpp.dir/rosidl_typesupport_introspection_cpp/ublox_msgs/msg/detail/ack__type_support.cpp.o[0m
[29.018s] [ 25%] [32mBuilding CXX object CMakeFiles/ublox_msgs__rosidl_typesupport_c.dir/rosidl_typesupport_c/ublox_msgs/msg/cfg_nmea7__type_support.cpp.o[0m
[29.019s] [ 25%] [32mBuilding CXX object CMakeFiles/ublox_msgs__rosidl_typesupport_introspection_cpp.dir/rosidl_typesupport_introspection_cpp/ublox_msgs/msg/detail/aid_alm__type_support.cpp.o[0m
[29.027s] [ 25%] [32mBuilding CXX object CMakeFiles/ublox_msgs__rosidl_typesupport_introspection_cpp.dir/rosidl_typesupport_introspection_cpp/ublox_msgs/msg/detail/aid_eph__type_support.cpp.o[0m
[29.027s] [ 25%] [32mBuilding CXX object CMakeFiles/ublox_msgs__rosidl_typesupport_c.dir/rosidl_typesupport_c/ublox_msgs/msg/cfg_nmea__type_support.cpp.o[0m
[29.050s] [ 26%] [32mBuilding CXX object CMakeFiles/ublox_msgs__rosidl_typesupport_c.dir/rosidl_typesupport_c/ublox_msgs/msg/cfg_prt__type_support.cpp.o[0m
[29.055s] [ 27%] [32mBuilding CXX object CMakeFiles/ublox_msgs__rosidl_typesupport_introspection_cpp.dir/rosidl_typesupport_introspection_cpp/ublox_msgs/msg/detail/aid_hui__type_support.cpp.o[0m
[29.061s] [ 27%] [32mBuilding CXX object CMakeFiles/ublox_msgs__rosidl_typesupport_introspection_cpp.dir/rosidl_typesupport_introspection_cpp/ublox_msgs/msg/detail/cfg_ant__type_support.cpp.o[0m
[29.061s] [ 27%] [32mBuilding CXX object CMakeFiles/ublox_msgs__rosidl_typesupport_introspection_cpp.dir/rosidl_typesupport_introspection_cpp/ublox_msgs/msg/detail/cfg_cfg__type_support.cpp.o[0m
[29.061s] [ 28%] [32mBuilding CXX object CMakeFiles/ublox_msgs__rosidl_typesupport_cpp.dir/rosidl_typesupport_cpp/ublox_msgs/msg/rxm_rawsv__type_support.cpp.o[0m
[29.085s] [ 28%] [32mBuilding CXX object CMakeFiles/ublox_msgs__rosidl_typesupport_c.dir/rosidl_typesupport_c/ublox_msgs/msg/cfg_rate__type_support.cpp.o[0m
[29.091s] [ 28%] [32mBuilding CXX object CMakeFiles/ublox_msgs__rosidl_typesupport_introspection_cpp.dir/rosidl_typesupport_introspection_cpp/ublox_msgs/msg/detail/cfg_dat__type_support.cpp.o[0m
[29.097s] [ 28%] [32mBuilding CXX object CMakeFiles/ublox_msgs__rosidl_typesupport_c.dir/rosidl_typesupport_c/ublox_msgs/msg/cfg_rst__type_support.cpp.o[0m
[29.097s] [ 28%] [32mBuilding CXX object CMakeFiles/ublox_msgs__rosidl_typesupport_introspection_cpp.dir/rosidl_typesupport_introspection_cpp/ublox_msgs/msg/detail/cfg_dgnss__type_support.cpp.o[0m
[29.097s] [ 28%] [32mBuilding CXX object CMakeFiles/ublox_msgs__rosidl_typesupport_c.dir/rosidl_typesupport_c/ublox_msgs/msg/cfg_sbas__type_support.cpp.o[0m
[29.128s] [ 28%] [32mBuilding CXX object CMakeFiles/ublox_msgs__rosidl_typesupport_introspection_cpp.dir/rosidl_typesupport_introspection_cpp/ublox_msgs/msg/detail/cfg_gnss_block__type_support.cpp.o[0m
[29.131s] [ 28%] [32mBuilding CXX object CMakeFiles/ublox_msgs__rosidl_typesupport_cpp.dir/rosidl_typesupport_cpp/ublox_msgs/msg/rxm_rawx_meas__type_support.cpp.o[0m
[29.131s] [ 28%] [32mBuilding CXX object CMakeFiles/ublox_msgs__rosidl_typesupport_c.dir/rosidl_typesupport_c/ublox_msgs/msg/cfg_tmode3__type_support.cpp.o[0m
[29.148s] [ 28%] [32mBuilding CXX object CMakeFiles/ublox_msgs__rosidl_typesupport_cpp.dir/rosidl_typesupport_cpp/ublox_msgs/msg/rxm_rawx__type_support.cpp.o[0m
[29.168s] [ 28%] [32mBuilding CXX object CMakeFiles/ublox_msgs__rosidl_typesupport_c.dir/rosidl_typesupport_c/ublox_msgs/msg/cfg_usb__type_support.cpp.o[0m
[29.203s] [ 29%] [32mBuilding CXX object CMakeFiles/ublox_msgs__rosidl_typesupport_c.dir/rosidl_typesupport_c/ublox_msgs/msg/esf_ins__type_support.cpp.o[0m
[29.240s] [ 29%] [32mBuilding CXX object CMakeFiles/ublox_msgs__rosidl_typesupport_c.dir/rosidl_typesupport_c/ublox_msgs/msg/esf_meas__type_support.cpp.o[0m
[29.280s] [ 29%] [32mBuilding CXX object CMakeFiles/ublox_msgs__rosidl_typesupport_c.dir/rosidl_typesupport_c/ublox_msgs/msg/esf_raw_block__type_support.cpp.o[0m
[29.331s] [ 29%] [32mBuilding CXX object CMakeFiles/ublox_msgs__rosidl_typesupport_c.dir/rosidl_typesupport_c/ublox_msgs/msg/esf_raw__type_support.cpp.o[0m
[29.359s] [ 29%] [32mBuilding CXX object CMakeFiles/ublox_msgs__rosidl_typesupport_cpp.dir/rosidl_typesupport_cpp/ublox_msgs/msg/rxm_rtcm__type_support.cpp.o[0m
[29.379s] [ 29%] [32mBuilding CXX object CMakeFiles/ublox_msgs__rosidl_typesupport_c.dir/rosidl_typesupport_c/ublox_msgs/msg/esf_status__type_support.cpp.o[0m
[29.379s] [ 29%] [32mBuilding CXX object CMakeFiles/ublox_msgs__rosidl_typesupport_cpp.dir/rosidl_typesupport_cpp/ublox_msgs/msg/rxm_sfrb__type_support.cpp.o[0m
[29.418s] [ 29%] [32mBuilding CXX object CMakeFiles/ublox_msgs__rosidl_typesupport_c.dir/rosidl_typesupport_c/ublox_msgs/msg/esf_status_sens__type_support.cpp.o[0m
[29.418s] [ 29%] [32mBuilding CXX object CMakeFiles/ublox_msgs__rosidl_typesupport_cpp.dir/rosidl_typesupport_cpp/ublox_msgs/msg/rxm_sfrbx__type_support.cpp.o[0m
[29.431s] [ 30%] [32mBuilding CXX object CMakeFiles/ublox_msgs__rosidl_typesupport_introspection_cpp.dir/rosidl_typesupport_introspection_cpp/ublox_msgs/msg/detail/cfg_gnss__type_support.cpp.o[0m
[29.436s] [ 30%] [32mBuilding CXX object CMakeFiles/ublox_msgs__rosidl_typesupport_introspection_cpp.dir/rosidl_typesupport_introspection_cpp/ublox_msgs/msg/detail/cfg_hnr__type_support.cpp.o[0m
[29.443s] [ 30%] [32mBuilding CXX object CMakeFiles/ublox_msgs__rosidl_typesupport_cpp.dir/rosidl_typesupport_cpp/ublox_msgs/msg/rxm_svsi__type_support.cpp.o[0m
[29.452s] [ 30%] [32mBuilding CXX object CMakeFiles/ublox_msgs__rosidl_typesupport_c.dir/rosidl_typesupport_c/ublox_msgs/msg/hnr_pvt__type_support.cpp.o[0m
[29.472s] [ 30%] [32mBuilding CXX object CMakeFiles/ublox_msgs__rosidl_typesupport_introspection_cpp.dir/rosidl_typesupport_introspection_cpp/ublox_msgs/msg/detail/cfg_inf__type_support.cpp.o[0m
[29.472s] [ 30%] [32mBuilding CXX object CMakeFiles/ublox_msgs__rosidl_typesupport_introspection_cpp.dir/rosidl_typesupport_introspection_cpp/ublox_msgs/msg/detail/cfg_inf_block__type_support.cpp.o[0m
[29.477s] [ 31%] [32mBuilding CXX object CMakeFiles/ublox_msgs__rosidl_typesupport_c.dir/rosidl_typesupport_c/ublox_msgs/msg/inf__type_support.cpp.o[0m
[29.484s] [ 31%] [32mBuilding CXX object CMakeFiles/ublox_msgs__rosidl_typesupport_c.dir/rosidl_typesupport_c/ublox_msgs/msg/mga_gal__type_support.cpp.o[0m
[29.487s] [ 32%] [32mBuilding CXX object CMakeFiles/ublox_msgs__rosidl_typesupport_cpp.dir/rosidl_typesupport_cpp/ublox_msgs/msg/rxm_svsisv__type_support.cpp.o[0m
[29.498s] [ 32%] [32mBuilding CXX object CMakeFiles/ublox_msgs__rosidl_typesupport_introspection_cpp.dir/rosidl_typesupport_introspection_cpp/ublox_msgs/msg/detail/cfg_msg__type_support.cpp.o[0m
[29.511s] [ 32%] [32mBuilding CXX object CMakeFiles/ublox_msgs__rosidl_typesupport_c.dir/rosidl_typesupport_c/ublox_msgs/msg/mon_gnss__type_support.cpp.o[0m
[29.524s] [ 32%] [32mBuilding CXX object CMakeFiles/ublox_msgs__rosidl_typesupport_c.dir/rosidl_typesupport_c/ublox_msgs/msg/mon_hw6__type_support.cpp.o[0m
[29.534s] [ 32%] [32mBuilding CXX object CMakeFiles/ublox_msgs__rosidl_typesupport_c.dir/rosidl_typesupport_c/ublox_msgs/msg/mon_hw__type_support.cpp.o[0m
[29.554s] [ 32%] [32mBuilding CXX object CMakeFiles/ublox_msgs__rosidl_typesupport_c.dir/rosidl_typesupport_c/ublox_msgs/msg/mon_ver_extension__type_support.cpp.o[0m
[29.590s] [ 32%] [32mBuilding CXX object CMakeFiles/ublox_msgs__rosidl_typesupport_introspection_cpp.dir/rosidl_typesupport_introspection_cpp/ublox_msgs/msg/detail/cfg_nav5__type_support.cpp.o[0m
[29.590s] [ 32%] [32mBuilding CXX object CMakeFiles/ublox_msgs__rosidl_typesupport_c.dir/rosidl_typesupport_c/ublox_msgs/msg/nav_att__type_support.cpp.o[0m
[29.593s] [ 33%] [32mBuilding CXX object CMakeFiles/ublox_msgs__rosidl_typesupport_c.dir/rosidl_typesupport_c/ublox_msgs/msg/mon_ver__type_support.cpp.o[0m
[29.626s] [ 33%] [32mBuilding CXX object CMakeFiles/ublox_msgs__rosidl_typesupport_c.dir/rosidl_typesupport_c/ublox_msgs/msg/nav_clock__type_support.cpp.o[0m
[29.638s] [ 34%] [32mBuilding CXX object CMakeFiles/ublox_msgs__rosidl_typesupport_introspection_cpp.dir/rosidl_typesupport_introspection_cpp/ublox_msgs/msg/detail/cfg_navx5__type_support.cpp.o[0m
[29.653s] [ 34%] [32mBuilding CXX object CMakeFiles/ublox_msgs__rosidl_typesupport_introspection_cpp.dir/rosidl_typesupport_introspection_cpp/ublox_msgs/msg/detail/cfg_nmea6__type_support.cpp.o[0m
[29.666s] [ 34%] [32mBuilding CXX object CMakeFiles/ublox_msgs__rosidl_typesupport_c.dir/rosidl_typesupport_c/ublox_msgs/msg/nav_dgps__type_support.cpp.o[0m
[29.686s] [ 34%] [32mBuilding CXX object CMakeFiles/ublox_msgs__rosidl_typesupport_c.dir/rosidl_typesupport_c/ublox_msgs/msg/nav_dgpssv__type_support.cpp.o[0m
[29.710s] [ 34%] [32mBuilding CXX object CMakeFiles/ublox_msgs__rosidl_typesupport_introspection_cpp.dir/rosidl_typesupport_introspection_cpp/ublox_msgs/msg/detail/cfg_nmea7__type_support.cpp.o[0m
[29.718s] [ 34%] [32mBuilding CXX object CMakeFiles/ublox_msgs__rosidl_typesupport_cpp.dir/rosidl_typesupport_cpp/ublox_msgs/msg/tim_tm2__type_support.cpp.o[0m
[29.725s] [ 34%] [32mBuilding CXX object CMakeFiles/ublox_msgs__rosidl_typesupport_c.dir/rosidl_typesupport_c/ublox_msgs/msg/nav_dop__type_support.cpp.o[0m
[29.739s] [ 34%] [32mBuilding CXX object CMakeFiles/ublox_msgs__rosidl_typesupport_cpp.dir/rosidl_typesupport_cpp/ublox_msgs/msg/upd_sos_ack__type_support.cpp.o[0m
[29.760s] [ 34%] [32mBuilding CXX object CMakeFiles/ublox_msgs__rosidl_typesupport_introspection_cpp.dir/rosidl_typesupport_introspection_cpp/ublox_msgs/msg/detail/cfg_nmea__type_support.cpp.o[0m
[29.773s] [ 34%] [32mBuilding CXX object CMakeFiles/ublox_msgs__rosidl_typesupport_c.dir/rosidl_typesupport_c/ublox_msgs/msg/nav_posecef__type_support.cpp.o[0m
[29.811s] [ 35%] [32mBuilding CXX object CMakeFiles/ublox_msgs__rosidl_typesupport_c.dir/rosidl_typesupport_c/ublox_msgs/msg/nav_posllh__type_support.cpp.o[0m
[29.820s] [ 35%] [32mBuilding CXX object CMakeFiles/ublox_msgs__rosidl_typesupport_cpp.dir/rosidl_typesupport_cpp/ublox_msgs/msg/upd_sos__type_support.cpp.o[0m
[29.855s] [ 35%] [32mBuilding CXX object CMakeFiles/ublox_msgs__rosidl_typesupport_c.dir/rosidl_typesupport_c/ublox_msgs/msg/nav_pvt7__type_support.cpp.o[0m
[29.855s] [ 35%] [32mBuilding CXX object CMakeFiles/ublox_msgs__rosidl_typesupport_c.dir/rosidl_typesupport_c/ublox_msgs/msg/nav_pvt__type_support.cpp.o[0m
[29.879s] [ 35%] [32mBuilding CXX object CMakeFiles/ublox_msgs__rosidl_typesupport_introspection_cpp.dir/rosidl_typesupport_introspection_cpp/ublox_msgs/msg/detail/cfg_prt__type_support.cpp.o[0m
[29.885s] [ 35%] [32mBuilding CXX object CMakeFiles/ublox_msgs__rosidl_typesupport_c.dir/rosidl_typesupport_c/ublox_msgs/msg/nav_relposned9__type_support.cpp.o[0m
[29.897s] [ 35%] [32mBuilding CXX object CMakeFiles/ublox_msgs__rosidl_typesupport_introspection_cpp.dir/rosidl_typesupport_introspection_cpp/ublox_msgs/msg/detail/cfg_rate__type_support.cpp.o[0m
[29.903s] [ 35%] [32mBuilding CXX object CMakeFiles/ublox_msgs__rosidl_typesupport_c.dir/rosidl_typesupport_c/ublox_msgs/msg/nav_relposned__type_support.cpp.o[0m
[29.913s] [ 35%] [32mBuilding CXX object CMakeFiles/ublox_msgs__rosidl_typesupport_introspection_cpp.dir/rosidl_typesupport_introspection_cpp/ublox_msgs/msg/detail/cfg_rst__type_support.cpp.o[0m
[29.927s] [ 36%] [32mBuilding CXX object CMakeFiles/ublox_msgs__rosidl_typesupport_introspection_cpp.dir/rosidl_typesupport_introspection_cpp/ublox_msgs/msg/detail/cfg_sbas__type_support.cpp.o[0m
[29.944s] [ 36%] [32mBuilding CXX object CMakeFiles/ublox_msgs__rosidl_typesupport_c.dir/rosidl_typesupport_c/ublox_msgs/msg/nav_sat__type_support.cpp.o[0m
[29.957s] [ 36%] [32mBuilding CXX object CMakeFiles/ublox_msgs__rosidl_typesupport_fastrtps_cpp.dir/rosidl_typesupport_fastrtps_cpp/ublox_msgs/msg/detail/dds_fastrtps/ack__type_support.cpp.o[0m
[29.988s] [ 37%] [32mBuilding CXX object CMakeFiles/ublox_msgs__rosidl_typesupport_c.dir/rosidl_typesupport_c/ublox_msgs/msg/nav_satsv__type_support.cpp.o[0m
[29.996s] [ 37%] [32mBuilding CXX object CMakeFiles/ublox_msgs__rosidl_typesupport_c.dir/rosidl_typesupport_c/ublox_msgs/msg/nav_sbas__type_support.cpp.o[0m
[30.022s] [ 37%] [32mBuilding CXX object CMakeFiles/ublox_msgs__rosidl_typesupport_fastrtps_cpp.dir/rosidl_typesupport_fastrtps_cpp/ublox_msgs/msg/detail/dds_fastrtps/aid_alm__type_support.cpp.o[0m
[30.025s] [ 37%] [32mBuilding CXX object CMakeFiles/ublox_msgs__rosidl_typesupport_c.dir/rosidl_typesupport_c/ublox_msgs/msg/nav_sbassv__type_support.cpp.o[0m
[30.034s] [ 38%] [32mBuilding CXX object CMakeFiles/ublox_msgs__rosidl_typesupport_fastrtps_cpp.dir/rosidl_typesupport_fastrtps_cpp/ublox_msgs/msg/detail/dds_fastrtps/aid_eph__type_support.cpp.o[0m
[30.046s] [ 38%] [32mBuilding CXX object CMakeFiles/ublox_msgs__rosidl_typesupport_fastrtps_cpp.dir/rosidl_typesupport_fastrtps_cpp/ublox_msgs/msg/detail/dds_fastrtps/aid_hui__type_support.cpp.o[0m
[30.048s] [ 38%] [32mBuilding CXX object CMakeFiles/ublox_msgs__rosidl_typesupport_fastrtps_cpp.dir/rosidl_typesupport_fastrtps_cpp/ublox_msgs/msg/detail/dds_fastrtps/cfg_ant__type_support.cpp.o[0m
[30.058s] [ 38%] [32mBuilding CXX object CMakeFiles/ublox_msgs__rosidl_typesupport_c.dir/rosidl_typesupport_c/ublox_msgs/msg/nav_status__type_support.cpp.o[0m
[30.058s] [ 38%] [32mBuilding CXX object CMakeFiles/ublox_msgs__rosidl_typesupport_c.dir/rosidl_typesupport_c/ublox_msgs/msg/nav_sol__type_support.cpp.o[0m
[30.093s] [ 38%] [32mBuilding CXX object CMakeFiles/ublox_msgs__rosidl_typesupport_fastrtps_cpp.dir/rosidl_typesupport_fastrtps_cpp/ublox_msgs/msg/detail/dds_fastrtps/cfg_cfg__type_support.cpp.o[0m
[30.093s] [ 38%] [32mBuilding CXX object CMakeFiles/ublox_msgs__rosidl_typesupport_c.dir/rosidl_typesupport_c/ublox_msgs/msg/nav_svinfo__type_support.cpp.o[0m
[30.099s] [ 38%] [32m[1mLinking CXX shared library libublox_msgs__rosidl_typesupport_cpp.so[0m
[30.117s] [ 38%] [32mBuilding CXX object CMakeFiles/ublox_msgs__rosidl_typesupport_introspection_cpp.dir/rosidl_typesupport_introspection_cpp/ublox_msgs/msg/detail/cfg_tmode3__type_support.cpp.o[0m
[30.126s] [ 39%] [32mBuilding CXX object CMakeFiles/ublox_msgs__rosidl_typesupport_c.dir/rosidl_typesupport_c/ublox_msgs/msg/nav_svinfosv__type_support.cpp.o[0m
[30.157s] [ 39%] [32mBuilding CXX object CMakeFiles/ublox_msgs__rosidl_typesupport_fastrtps_cpp.dir/rosidl_typesupport_fastrtps_cpp/ublox_msgs/msg/detail/dds_fastrtps/cfg_dat__type_support.cpp.o[0m
[30.169s] [ 39%] Built target ublox_msgs__rosidl_typesupport_cpp
[30.172s] [ 39%] [32mBuilding CXX object CMakeFiles/ublox_msgs__rosidl_typesupport_c.dir/rosidl_typesupport_c/ublox_msgs/msg/nav_svin__type_support.cpp.o[0m
[30.181s] [ 39%] [32mBuilding CXX object CMakeFiles/ublox_msgs__rosidl_typesupport_introspection_cpp.dir/rosidl_typesupport_introspection_cpp/ublox_msgs/msg/detail/cfg_usb__type_support.cpp.o[0m
[30.218s] [ 39%] [32mBuilding CXX object CMakeFiles/ublox_msgs__rosidl_typesupport_c.dir/rosidl_typesupport_c/ublox_msgs/msg/nav_timegps__type_support.cpp.o[0m
[30.256s] [ 39%] [32mBuilding CXX object CMakeFiles/ublox_msgs__rosidl_typesupport_c.dir/rosidl_typesupport_c/ublox_msgs/msg/nav_timeutc__type_support.cpp.o[0m
[30.282s] [ 39%] [32mBuilding CXX object CMakeFiles/ublox_msgs__rosidl_typesupport_fastrtps_cpp.dir/rosidl_typesupport_fastrtps_cpp/ublox_msgs/msg/detail/dds_fastrtps/cfg_dgnss__type_support.cpp.o[0m
[30.288s] [ 39%] [32mBuilding CXX object CMakeFiles/ublox_msgs__rosidl_typesupport_c.dir/rosidl_typesupport_c/ublox_msgs/msg/nav_velecef__type_support.cpp.o[0m
[30.292s] [ 39%] [32mBuilding CXX object CMakeFiles/ublox_msgs_lib.dir/src/ublox_msgs.cpp.o[0m
[30.292s] [ 39%] [32mBuilding CXX object CMakeFiles/ublox_msgs__rosidl_typesupport_fastrtps_cpp.dir/rosidl_typesupport_fastrtps_cpp/ublox_msgs/msg/detail/dds_fastrtps/cfg_gnss_block__type_support.cpp.o[0m
[30.323s] [ 39%] [32mBuilding CXX object CMakeFiles/ublox_msgs__rosidl_typesupport_introspection_cpp.dir/rosidl_typesupport_introspection_cpp/ublox_msgs/msg/detail/esf_ins__type_support.cpp.o[0m
[30.325s] [ 39%] [32mBuilding CXX object CMakeFiles/ublox_msgs__rosidl_typesupport_c.dir/rosidl_typesupport_c/ublox_msgs/msg/nav_velned__type_support.cpp.o[0m
[30.345s] [ 39%] [32mBuilding CXX object CMakeFiles/ublox_msgs__rosidl_typesupport_introspection_cpp.dir/rosidl_typesupport_introspection_cpp/ublox_msgs/msg/detail/esf_meas__type_support.cpp.o[0m
[30.369s] [ 39%] [32mBuilding CXX object CMakeFiles/ublox_msgs__rosidl_typesupport_c.dir/rosidl_typesupport_c/ublox_msgs/msg/rxm_alm__type_support.cpp.o[0m
[30.404s] [ 40%] [32mBuilding CXX object CMakeFiles/ublox_msgs__rosidl_typesupport_c.dir/rosidl_typesupport_c/ublox_msgs/msg/rxm_eph__type_support.cpp.o[0m
[30.422s] [ 41%] [32mBuilding CXX object CMakeFiles/ublox_msgs__rosidl_typesupport_fastrtps_cpp.dir/rosidl_typesupport_fastrtps_cpp/ublox_msgs/msg/detail/dds_fastrtps/cfg_gnss__type_support.cpp.o[0m
[30.433s] [ 41%] [32mBuilding CXX object CMakeFiles/ublox_msgs__rosidl_typesupport_introspection_cpp.dir/rosidl_typesupport_introspection_cpp/ublox_msgs/msg/detail/esf_raw_block__type_support.cpp.o[0m
[30.439s] [ 41%] [32mBuilding CXX object CMakeFiles/ublox_msgs__rosidl_typesupport_c.dir/rosidl_typesupport_c/ublox_msgs/msg/rxm_raw__type_support.cpp.o[0m
[30.444s] [ 42%] [32mBuilding CXX object CMakeFiles/ublox_msgs__rosidl_typesupport_introspection_cpp.dir/rosidl_typesupport_introspection_cpp/ublox_msgs/msg/detail/esf_raw__type_support.cpp.o[0m
[30.471s] [ 42%] [32mBuilding CXX object CMakeFiles/ublox_msgs__rosidl_typesupport_c.dir/rosidl_typesupport_c/ublox_msgs/msg/rxm_rawsv__type_support.cpp.o[0m
[30.471s] [ 42%] [32mBuilding CXX object CMakeFiles/ublox_msgs__rosidl_typesupport_introspection_cpp.dir/rosidl_typesupport_introspection_cpp/ublox_msgs/msg/detail/esf_status__type_support.cpp.o[0m
[30.490s] [ 42%] [32mBuilding CXX object CMakeFiles/ublox_msgs__rosidl_typesupport_introspection_cpp.dir/rosidl_typesupport_introspection_cpp/ublox_msgs/msg/detail/esf_status_sens__type_support.cpp.o[0m
[30.498s] [ 42%] [32mBuilding CXX object CMakeFiles/ublox_msgs__rosidl_typesupport_fastrtps_cpp.dir/rosidl_typesupport_fastrtps_cpp/ublox_msgs/msg/detail/dds_fastrtps/cfg_hnr__type_support.cpp.o[0m
[30.506s] [ 42%] [32mBuilding CXX object CMakeFiles/ublox_msgs__rosidl_typesupport_c.dir/rosidl_typesupport_c/ublox_msgs/msg/rxm_rawx_meas__type_support.cpp.o[0m
[30.538s] [ 42%] [32mBuilding CXX object CMakeFiles/ublox_msgs__rosidl_typesupport_c.dir/rosidl_typesupport_c/ublox_msgs/msg/rxm_rawx__type_support.cpp.o[0m
[30.564s] [ 42%] [32mBuilding CXX object CMakeFiles/ublox_msgs__rosidl_typesupport_c.dir/rosidl_typesupport_c/ublox_msgs/msg/rxm_rtcm__type_support.cpp.o[0m
[30.569s] [ 43%] [32mBuilding CXX object CMakeFiles/ublox_msgs__rosidl_typesupport_c.dir/rosidl_typesupport_c/ublox_msgs/msg/rxm_sfrb__type_support.cpp.o[0m
[30.585s] [ 43%] [32mBuilding CXX object CMakeFiles/ublox_msgs__rosidl_typesupport_c.dir/rosidl_typesupport_c/ublox_msgs/msg/rxm_sfrbx__type_support.cpp.o[0m
[30.605s] [ 43%] [32mBuilding CXX object CMakeFiles/ublox_msgs__rosidl_typesupport_introspection_cpp.dir/rosidl_typesupport_introspection_cpp/ublox_msgs/msg/detail/hnr_pvt__type_support.cpp.o[0m
[30.609s] [ 43%] [32mBuilding CXX object CMakeFiles/ublox_msgs__rosidl_typesupport_introspection_cpp.dir/rosidl_typesupport_introspection_cpp/ublox_msgs/msg/detail/inf__type_support.cpp.o[0m
[30.620s] [ 43%] [32mBuilding CXX object CMakeFiles/ublox_msgs__rosidl_typesupport_c.dir/rosidl_typesupport_c/ublox_msgs/msg/rxm_svsi__type_support.cpp.o[0m
[30.685s] [ 43%] [32mBuilding CXX object CMakeFiles/ublox_msgs__rosidl_typesupport_c.dir/rosidl_typesupport_c/ublox_msgs/msg/rxm_svsisv__type_support.cpp.o[0m
[30.689s] [ 43%] [32mBuilding CXX object CMakeFiles/ublox_msgs__rosidl_typesupport_introspection_cpp.dir/rosidl_typesupport_introspection_cpp/ublox_msgs/msg/detail/mga_gal__type_support.cpp.o[0m
[30.695s] [ 43%] [32mBuilding CXX object CMakeFiles/ublox_msgs__rosidl_typesupport_fastrtps_cpp.dir/rosidl_typesupport_fastrtps_cpp/ublox_msgs/msg/detail/dds_fastrtps/cfg_inf_block__type_support.cpp.o[0m
[30.707s] [ 43%] [32mBuilding CXX object CMakeFiles/ublox_msgs__rosidl_typesupport_c.dir/rosidl_typesupport_c/ublox_msgs/msg/tim_tm2__type_support.cpp.o[0m
[30.746s] [ 43%] [32mBuilding CXX object CMakeFiles/ublox_msgs__rosidl_typesupport_fastrtps_cpp.dir/rosidl_typesupport_fastrtps_cpp/ublox_msgs/msg/detail/dds_fastrtps/cfg_inf__type_support.cpp.o[0m
[30.750s] [ 43%] [32mBuilding CXX object CMakeFiles/ublox_msgs__rosidl_typesupport_c.dir/rosidl_typesupport_c/ublox_msgs/msg/upd_sos_ack__type_support.cpp.o[0m
[30.767s] [ 43%] [32mBuilding CXX object CMakeFiles/ublox_msgs__rosidl_typesupport_fastrtps_cpp.dir/rosidl_typesupport_fastrtps_cpp/ublox_msgs/msg/detail/dds_fastrtps/cfg_msg__type_support.cpp.o[0m
[30.817s] [ 43%] [32mBuilding CXX object CMakeFiles/ublox_msgs__rosidl_typesupport_c.dir/rosidl_typesupport_c/ublox_msgs/msg/upd_sos__type_support.cpp.o[0m
[30.851s] [ 43%] [32mBuilding CXX object CMakeFiles/ublox_msgs__rosidl_typesupport_introspection_cpp.dir/rosidl_typesupport_introspection_cpp/ublox_msgs/msg/detail/mon_gnss__type_support.cpp.o[0m
[30.872s] [ 44%] [32m[1mLinking CXX shared library libublox_msgs__rosidl_typesupport_c.so[0m
[30.872s] [ 45%] [32mBuilding CXX object CMakeFiles/ublox_msgs__rosidl_typesupport_introspection_cpp.dir/rosidl_typesupport_introspection_cpp/ublox_msgs/msg/detail/mon_hw6__type_support.cpp.o[0m
[30.892s] [ 45%] [32mBuilding CXX object CMakeFiles/ublox_msgs__rosidl_typesupport_fastrtps_cpp.dir/rosidl_typesupport_fastrtps_cpp/ublox_msgs/msg/detail/dds_fastrtps/cfg_nav5__type_support.cpp.o[0m
[30.904s] [ 45%] [32mBuilding CXX object CMakeFiles/ublox_msgs__rosidl_typesupport_introspection_cpp.dir/rosidl_typesupport_introspection_cpp/ublox_msgs/msg/detail/mon_hw__type_support.cpp.o[0m
[30.911s] [ 46%] [32mBuilding CXX object CMakeFiles/ublox_msgs__rosidl_typesupport_fastrtps_cpp.dir/rosidl_typesupport_fastrtps_cpp/ublox_msgs/msg/detail/dds_fastrtps/cfg_navx5__type_support.cpp.o[0m
[30.911s] [ 46%] [32mBuilding CXX object CMakeFiles/ublox_msgs__rosidl_typesupport_fastrtps_cpp.dir/rosidl_typesupport_fastrtps_cpp/ublox_msgs/msg/detail/dds_fastrtps/cfg_nmea6__type_support.cpp.o[0m
[30.936s] [ 47%] [32mBuilding C object CMakeFiles/ublox_msgs__rosidl_typesupport_introspection_c.dir/rosidl_typesupport_introspection_c/ublox_msgs/msg/detail/ack__type_support.c.o[0m
[30.950s] [ 47%] Built target ublox_msgs__rosidl_typesupport_c
[30.962s] [ 47%] [32mBuilding CXX object CMakeFiles/ublox_msgs__rosidl_typesupport_introspection_cpp.dir/rosidl_typesupport_introspection_cpp/ublox_msgs/msg/detail/mon_ver_extension__type_support.cpp.o[0m
[30.976s] [ 47%] [32mBuilding C object CMakeFiles/ublox_msgs__rosidl_typesupport_introspection_c.dir/rosidl_typesupport_introspection_c/ublox_msgs/msg/detail/aid_alm__type_support.c.o[0m
[31.005s] [ 47%] [32mBuilding CXX object CMakeFiles/ublox_msgs__rosidl_typesupport_fastrtps_cpp.dir/rosidl_typesupport_fastrtps_cpp/ublox_msgs/msg/detail/dds_fastrtps/cfg_nmea7__type_support.cpp.o[0m
[31.006s] [ 47%] [32mBuilding C object CMakeFiles/ublox_msgs__rosidl_typesupport_introspection_c.dir/rosidl_typesupport_introspection_c/ublox_msgs/msg/detail/aid_eph__type_support.c.o[0m
[31.020s] [ 47%] [32mBuilding CXX object CMakeFiles/ublox_msgs__rosidl_typesupport_fastrtps_cpp.dir/rosidl_typesupport_fastrtps_cpp/ublox_msgs/msg/detail/dds_fastrtps/cfg_nmea__type_support.cpp.o[0m
[31.024s] [ 48%] [32mBuilding CXX object CMakeFiles/ublox_msgs__rosidl_typesupport_fastrtps_c.dir/rosidl_typesupport_fastrtps_c/ublox_msgs/msg/detail/ack__type_support_c.cpp.o[0m
[31.054s] [ 48%] [32mBuilding C object CMakeFiles/ublox_msgs__rosidl_typesupport_introspection_c.dir/rosidl_typesupport_introspection_c/ublox_msgs/msg/detail/aid_hui__type_support.c.o[0m
[31.081s] [ 48%] [32mBuilding C object CMakeFiles/ublox_msgs__rosidl_typesupport_introspection_c.dir/rosidl_typesupport_introspection_c/ublox_msgs/msg/detail/cfg_ant__type_support.c.o[0m
[31.085s] [ 48%] [32mBuilding CXX object CMakeFiles/ublox_msgs__rosidl_typesupport_introspection_cpp.dir/rosidl_typesupport_introspection_cpp/ublox_msgs/msg/detail/mon_ver__type_support.cpp.o[0m
[31.100s] [ 48%] [32mBuilding CXX object CMakeFiles/ublox_msgs__rosidl_typesupport_fastrtps_c.dir/rosidl_typesupport_fastrtps_c/ublox_msgs/msg/detail/aid_alm__type_support_c.cpp.o[0m
[31.121s] [ 48%] [32mBuilding C object CMakeFiles/ublox_msgs__rosidl_typesupport_introspection_c.dir/rosidl_typesupport_introspection_c/ublox_msgs/msg/detail/cfg_cfg__type_support.c.o[0m
[31.149s] [ 48%] [32mBuilding CXX object CMakeFiles/ublox_msgs__rosidl_typesupport_fastrtps_c.dir/rosidl_typesupport_fastrtps_c/ublox_msgs/msg/detail/aid_eph__type_support_c.cpp.o[0m
[31.165s] [ 48%] [32mBuilding C object CMakeFiles/ublox_msgs__rosidl_typesupport_introspection_c.dir/rosidl_typesupport_introspection_c/ublox_msgs/msg/detail/cfg_dat__type_support.c.o[0m
[31.210s] [ 49%] [32mBuilding C object CMakeFiles/ublox_msgs__rosidl_typesupport_introspection_c.dir/rosidl_typesupport_introspection_c/ublox_msgs/msg/detail/cfg_dgnss__type_support.c.o[0m
[31.214s] [ 49%] [32mBuilding C object CMakeFiles/ublox_msgs__rosidl_typesupport_introspection_c.dir/rosidl_typesupport_introspection_c/ublox_msgs/msg/detail/cfg_gnss_block__type_support.c.o[0m
[31.231s] [ 49%] [32mBuilding C object CMakeFiles/ublox_msgs__rosidl_typesupport_introspection_c.dir/rosidl_typesupport_introspection_c/ublox_msgs/msg/detail/cfg_gnss__type_support.c.o[0m
[31.258s] [ 49%] [32mBuilding CXX object CMakeFiles/ublox_msgs__rosidl_typesupport_fastrtps_c.dir/rosidl_typesupport_fastrtps_c/ublox_msgs/msg/detail/aid_hui__type_support_c.cpp.o[0m
[31.258s] [ 49%] [32mBuilding CXX object CMakeFiles/ublox_msgs__rosidl_typesupport_fastrtps_cpp.dir/rosidl_typesupport_fastrtps_cpp/ublox_msgs/msg/detail/dds_fastrtps/cfg_prt__type_support.cpp.o[0m
[31.268s] [ 49%] [32mBuilding CXX object CMakeFiles/ublox_msgs__rosidl_typesupport_fastrtps_c.dir/rosidl_typesupport_fastrtps_c/ublox_msgs/msg/detail/cfg_ant__type_support_c.cpp.o[0m
[31.273s] [ 49%] [32mBuilding C object CMakeFiles/ublox_msgs__rosidl_typesupport_introspection_c.dir/rosidl_typesupport_introspection_c/ublox_msgs/msg/detail/cfg_hnr__type_support.c.o[0m
[31.285s] [ 49%] [32mBuilding C object CMakeFiles/ublox_msgs__rosidl_typesupport_introspection_c.dir/rosidl_typesupport_introspection_c/ublox_msgs/msg/detail/cfg_inf_block__type_support.c.o[0m
[31.306s] [ 49%] [32mBuilding C object CMakeFiles/ublox_msgs__rosidl_typesupport_introspection_c.dir/rosidl_typesupport_introspection_c/ublox_msgs/msg/detail/cfg_inf__type_support.c.o[0m
[31.314s] [ 50%] [32mBuilding C object CMakeFiles/ublox_msgs__rosidl_typesupport_introspection_c.dir/rosidl_typesupport_introspection_c/ublox_msgs/msg/detail/cfg_msg__type_support.c.o[0m
[31.315s] [ 50%] [32mBuilding CXX object CMakeFiles/ublox_msgs__rosidl_typesupport_fastrtps_cpp.dir/rosidl_typesupport_fastrtps_cpp/ublox_msgs/msg/detail/dds_fastrtps/cfg_rate__type_support.cpp.o[0m
[31.317s] [ 50%] [32mBuilding CXX object CMakeFiles/ublox_msgs__rosidl_typesupport_introspection_cpp.dir/rosidl_typesupport_introspection_cpp/ublox_msgs/msg/detail/nav_att__type_support.cpp.o[0m
[31.330s] [ 50%] [32mBuilding CXX object CMakeFiles/ublox_msgs__rosidl_typesupport_fastrtps_c.dir/rosidl_typesupport_fastrtps_c/ublox_msgs/msg/detail/cfg_cfg__type_support_c.cpp.o[0m
[31.338s] [ 51%] [32mBuilding CXX object CMakeFiles/ublox_msgs__rosidl_typesupport_fastrtps_c.dir/rosidl_typesupport_fastrtps_c/ublox_msgs/msg/detail/cfg_dat__type_support_c.cpp.o[0m
[31.350s] [ 51%] [32mBuilding CXX object CMakeFiles/ublox_msgs__rosidl_typesupport_fastrtps_cpp.dir/rosidl_typesupport_fastrtps_cpp/ublox_msgs/msg/detail/dds_fastrtps/cfg_rst__type_support.cpp.o[0m
[31.351s] [ 52%] [32mBuilding CXX object CMakeFiles/ublox_msgs__rosidl_typesupport_fastrtps_cpp.dir/rosidl_typesupport_fastrtps_cpp/ublox_msgs/msg/detail/dds_fastrtps/cfg_sbas__type_support.cpp.o[0m
[31.358s] [ 52%] [32mBuilding C object CMakeFiles/ublox_msgs__rosidl_typesupport_introspection_c.dir/rosidl_typesupport_introspection_c/ublox_msgs/msg/detail/cfg_nav5__type_support.c.o[0m
[31.390s] [ 52%] [32mBuilding C object CMakeFiles/ublox_msgs__rosidl_typesupport_introspection_c.dir/rosidl_typesupport_introspection_c/ublox_msgs/msg/detail/cfg_navx5__type_support.c.o[0m
[31.412s] [ 52%] [32mBuilding C object CMakeFiles/ublox_msgs__rosidl_typesupport_introspection_c.dir/rosidl_typesupport_introspection_c/ublox_msgs/msg/detail/cfg_nmea6__type_support.c.o[0m
[31.440s] [ 52%] [32mBuilding C object CMakeFiles/ublox_msgs__rosidl_typesupport_introspection_c.dir/rosidl_typesupport_introspection_c/ublox_msgs/msg/detail/cfg_nmea__type_support.c.o[0m
[31.449s] [ 52%] [32mBuilding C object CMakeFiles/ublox_msgs__rosidl_typesupport_introspection_c.dir/rosidl_typesupport_introspection_c/ublox_msgs/msg/detail/cfg_nmea7__type_support.c.o[0m
[31.469s] [ 52%] [32mBuilding CXX object CMakeFiles/ublox_msgs__rosidl_typesupport_fastrtps_cpp.dir/rosidl_typesupport_fastrtps_cpp/ublox_msgs/msg/detail/dds_fastrtps/cfg_tmode3__type_support.cpp.o[0m
[31.470s] [ 52%] [32mBuilding CXX object CMakeFiles/ublox_msgs__rosidl_typesupport_fastrtps_c.dir/rosidl_typesupport_fastrtps_c/ublox_msgs/msg/detail/cfg_dgnss__type_support_c.cpp.o[0m
[31.497s] [ 52%] [32mBuilding CXX object CMakeFiles/ublox_msgs__rosidl_typesupport_introspection_cpp.dir/rosidl_typesupport_introspection_cpp/ublox_msgs/msg/detail/nav_clock__type_support.cpp.o[0m
[31.503s] [ 52%] [32mBuilding CXX object CMakeFiles/ublox_msgs__rosidl_typesupport_fastrtps_cpp.dir/rosidl_typesupport_fastrtps_cpp/ublox_msgs/msg/detail/dds_fastrtps/cfg_usb__type_support.cpp.o[0m
[31.510s] [ 53%] [32mBuilding C object CMakeFiles/ublox_msgs__rosidl_typesupport_introspection_c.dir/rosidl_typesupport_introspection_c/ublox_msgs/msg/detail/cfg_prt__type_support.c.o[0m
[31.510s] [ 53%] [32mBuilding CXX object CMakeFiles/ublox_msgs__rosidl_typesupport_fastrtps_c.dir/rosidl_typesupport_fastrtps_c/ublox_msgs/msg/detail/cfg_gnss_block__type_support_c.cpp.o[0m
[31.573s] [ 53%] [32mBuilding C object CMakeFiles/ublox_msgs__rosidl_typesupport_introspection_c.dir/rosidl_typesupport_introspection_c/ublox_msgs/msg/detail/cfg_rate__type_support.c.o[0m
[31.612s] [ 54%] [32mBuilding CXX object CMakeFiles/ublox_msgs__rosidl_typesupport_introspection_cpp.dir/rosidl_typesupport_introspection_cpp/ublox_msgs/msg/detail/nav_dgps__type_support.cpp.o[0m
[31.621s] [ 54%] [32mBuilding C object CMakeFiles/ublox_msgs__rosidl_typesupport_introspection_c.dir/rosidl_typesupport_introspection_c/ublox_msgs/msg/detail/cfg_rst__type_support.c.o[0m
[31.629s] [ 54%] [32mBuilding C object CMakeFiles/ublox_msgs__rosidl_typesupport_introspection_c.dir/rosidl_typesupport_introspection_c/ublox_msgs/msg/detail/cfg_sbas__type_support.c.o[0m
[31.654s] [ 54%] [32mBuilding CXX object CMakeFiles/ublox_msgs__rosidl_typesupport_fastrtps_cpp.dir/rosidl_typesupport_fastrtps_cpp/ublox_msgs/msg/detail/dds_fastrtps/esf_ins__type_support.cpp.o[0m
[31.669s] [ 54%] [32mBuilding C object CMakeFiles/ublox_msgs__rosidl_typesupport_introspection_c.dir/rosidl_typesupport_introspection_c/ublox_msgs/msg/detail/cfg_tmode3__type_support.c.o[0m
[31.677s] [ 54%] [32mBuilding C object CMakeFiles/ublox_msgs__rosidl_typesupport_introspection_c.dir/rosidl_typesupport_introspection_c/ublox_msgs/msg/detail/cfg_usb__type_support.c.o[0m
[31.693s] [ 54%] [32mBuilding CXX object CMakeFiles/ublox_msgs__rosidl_typesupport_introspection_cpp.dir/rosidl_typesupport_introspection_cpp/ublox_msgs/msg/detail/nav_dgpssv__type_support.cpp.o[0m
[31.704s] [ 54%] [32mBuilding CXX object CMakeFiles/ublox_msgs__rosidl_typesupport_fastrtps_c.dir/rosidl_typesupport_fastrtps_c/ublox_msgs/msg/detail/cfg_gnss__type_support_c.cpp.o[0m
[31.713s] [ 54%] [32mBuilding C object CMakeFiles/ublox_msgs__rosidl_typesupport_introspection_c.dir/rosidl_typesupport_introspection_c/ublox_msgs/msg/detail/esf_ins__type_support.c.o[0m
[31.724s] [ 54%] [32mBuilding CXX object CMakeFiles/ublox_msgs__rosidl_typesupport_introspection_cpp.dir/rosidl_typesupport_introspection_cpp/ublox_msgs/msg/detail/nav_dop__type_support.cpp.o[0m
[31.733s] [ 54%] [32mBuilding CXX object CMakeFiles/ublox_msgs__rosidl_typesupport_introspection_cpp.dir/rosidl_typesupport_introspection_cpp/ublox_msgs/msg/detail/nav_posecef__type_support.cpp.o[0m
[31.736s] [ 55%] [32mBuilding C object CMakeFiles/ublox_msgs__rosidl_typesupport_introspection_c.dir/rosidl_typesupport_introspection_c/ublox_msgs/msg/detail/esf_meas__type_support.c.o[0m
[31.757s] [ 55%] [32mBuilding C object CMakeFiles/ublox_msgs__rosidl_typesupport_introspection_c.dir/rosidl_typesupport_introspection_c/ublox_msgs/msg/detail/esf_raw_block__type_support.c.o[0m
[31.764s] [ 55%] [32mBuilding CXX object CMakeFiles/ublox_msgs__rosidl_typesupport_fastrtps_cpp.dir/rosidl_typesupport_fastrtps_cpp/ublox_msgs/msg/detail/dds_fastrtps/esf_meas__type_support.cpp.o[0m
[31.787s] [ 55%] [32mBuilding C object CMakeFiles/ublox_msgs__rosidl_typesupport_introspection_c.dir/rosidl_typesupport_introspection_c/ublox_msgs/msg/detail/esf_raw__type_support.c.o[0m
[31.797s] [ 55%] [32mBuilding CXX object CMakeFiles/ublox_msgs__rosidl_typesupport_fastrtps_c.dir/rosidl_typesupport_fastrtps_c/ublox_msgs/msg/detail/cfg_hnr__type_support_c.cpp.o[0m
[31.805s] [ 55%] [32mBuilding CXX object CMakeFiles/ublox_msgs__rosidl_typesupport_fastrtps_c.dir/rosidl_typesupport_fastrtps_c/ublox_msgs/msg/detail/cfg_inf_block__type_support_c.cpp.o[0m
[31.812s] [ 55%] [32mBuilding CXX object CMakeFiles/ublox_msgs__rosidl_typesupport_fastrtps_cpp.dir/rosidl_typesupport_fastrtps_cpp/ublox_msgs/msg/detail/dds_fastrtps/esf_raw_block__type_support.cpp.o[0m
[31.841s] [ 55%] [32mBuilding C object CMakeFiles/ublox_msgs__rosidl_typesupport_introspection_c.dir/rosidl_typesupport_introspection_c/ublox_msgs/msg/detail/esf_status__type_support.c.o[0m
[31.864s] [ 55%] [32mBuilding CXX object CMakeFiles/ublox_msgs__rosidl_typesupport_introspection_cpp.dir/rosidl_typesupport_introspection_cpp/ublox_msgs/msg/detail/nav_posllh__type_support.cpp.o[0m
[31.890s] [ 55%] [32mBuilding C object CMakeFiles/ublox_msgs__rosidl_typesupport_introspection_c.dir/rosidl_typesupport_introspection_c/ublox_msgs/msg/detail/esf_status_sens__type_support.c.o[0m
[31.897s] [ 55%] [32mBuilding CXX object CMakeFiles/ublox_msgs__rosidl_typesupport_fastrtps_c.dir/rosidl_typesupport_fastrtps_c/ublox_msgs/msg/detail/cfg_inf__type_support_c.cpp.o[0m
[31.917s] [ 55%] [32mBuilding CXX object CMakeFiles/ublox_msgs__rosidl_typesupport_introspection_cpp.dir/rosidl_typesupport_introspection_cpp/ublox_msgs/msg/detail/nav_pvt7__type_support.cpp.o[0m
[31.928s] [ 55%] [32mBuilding C object CMakeFiles/ublox_msgs__rosidl_typesupport_introspection_c.dir/rosidl_typesupport_introspection_c/ublox_msgs/msg/detail/hnr_pvt__type_support.c.o[0m
[31.934s] [ 56%] [32mBuilding CXX object CMakeFiles/ublox_msgs__rosidl_typesupport_fastrtps_cpp.dir/rosidl_typesupport_fastrtps_cpp/ublox_msgs/msg/detail/dds_fastrtps/esf_raw__type_support.cpp.o[0m
[31.972s] [ 57%] [32mBuilding C object CMakeFiles/ublox_msgs__rosidl_typesupport_introspection_c.dir/rosidl_typesupport_introspection_c/ublox_msgs/msg/detail/inf__type_support.c.o[0m
[32.014s] [ 57%] [32mBuilding C object CMakeFiles/ublox_msgs__rosidl_typesupport_introspection_c.dir/rosidl_typesupport_introspection_c/ublox_msgs/msg/detail/mga_gal__type_support.c.o[0m
[32.052s] [ 58%] [32mBuilding CXX object CMakeFiles/ublox_msgs__rosidl_typesupport_fastrtps_c.dir/rosidl_typesupport_fastrtps_c/ublox_msgs/msg/detail/cfg_msg__type_support_c.cpp.o[0m
[32.052s] [ 59%] [32mBuilding CXX object CMakeFiles/ublox_msgs__rosidl_typesupport_introspection_cpp.dir/rosidl_typesupport_introspection_cpp/ublox_msgs/msg/detail/nav_pvt__type_support.cpp.o[0m
[32.062s] [ 59%] [32mBuilding C object CMakeFiles/ublox_msgs__rosidl_typesupport_introspection_c.dir/rosidl_typesupport_introspection_c/ublox_msgs/msg/detail/mon_gnss__type_support.c.o[0m
[32.068s] [ 59%] [32mBuilding CXX object CMakeFiles/ublox_msgs__rosidl_typesupport_fastrtps_c.dir/rosidl_typesupport_fastrtps_c/ublox_msgs/msg/detail/cfg_nav5__type_support_c.cpp.o[0m
[32.080s] [ 59%] [32mBuilding C object CMakeFiles/ublox_msgs__rosidl_typesupport_introspection_c.dir/rosidl_typesupport_introspection_c/ublox_msgs/msg/detail/mon_hw6__type_support.c.o[0m
[32.101s] [ 59%] [32mBuilding CXX object CMakeFiles/ublox_msgs__rosidl_typesupport_fastrtps_c.dir/rosidl_typesupport_fastrtps_c/ublox_msgs/msg/detail/cfg_navx5__type_support_c.cpp.o[0m
[32.104s] [ 59%] [32mBuilding C object CMakeFiles/ublox_msgs__rosidl_typesupport_introspection_c.dir/rosidl_typesupport_introspection_c/ublox_msgs/msg/detail/mon_hw__type_support.c.o[0m
[32.116s] [ 59%] [32mBuilding CXX object CMakeFiles/ublox_msgs__rosidl_typesupport_fastrtps_cpp.dir/rosidl_typesupport_fastrtps_cpp/ublox_msgs/msg/detail/dds_fastrtps/esf_status__type_support.cpp.o[0m
[32.122s] [ 59%] [32mBuilding CXX object CMakeFiles/ublox_msgs__rosidl_typesupport_fastrtps_cpp.dir/rosidl_typesupport_fastrtps_cpp/ublox_msgs/msg/detail/dds_fastrtps/esf_status_sens__type_support.cpp.o[0m
[32.123s] [ 59%] [32mBuilding C object CMakeFiles/ublox_msgs__rosidl_typesupport_introspection_c.dir/rosidl_typesupport_introspection_c/ublox_msgs/msg/detail/mon_ver_extension__type_support.c.o[0m
[32.131s] [ 59%] [32mBuilding C object CMakeFiles/ublox_msgs__rosidl_typesupport_introspection_c.dir/rosidl_typesupport_introspection_c/ublox_msgs/msg/detail/mon_ver__type_support.c.o[0m
[32.151s] [ 60%] [32mBuilding C object CMakeFiles/ublox_msgs__rosidl_typesupport_introspection_c.dir/rosidl_typesupport_introspection_c/ublox_msgs/msg/detail/nav_att__type_support.c.o[0m
[32.169s] [ 60%] [32mBuilding CXX object CMakeFiles/ublox_msgs__rosidl_typesupport_introspection_cpp.dir/rosidl_typesupport_introspection_cpp/ublox_msgs/msg/detail/nav_relposned9__type_support.cpp.o[0m
[32.181s] [ 60%] [32mBuilding CXX object CMakeFiles/ublox_msgs__rosidl_typesupport_fastrtps_cpp.dir/rosidl_typesupport_fastrtps_cpp/ublox_msgs/msg/detail/dds_fastrtps/hnr_pvt__type_support.cpp.o[0m
[32.193s] [ 60%] [32mBuilding CXX object CMakeFiles/ublox_msgs__rosidl_typesupport_fastrtps_c.dir/rosidl_typesupport_fastrtps_c/ublox_msgs/msg/detail/cfg_nmea6__type_support_c.cpp.o[0m
[32.208s] [ 60%] [32mBuilding C object CMakeFiles/ublox_msgs__rosidl_typesupport_introspection_c.dir/rosidl_typesupport_introspection_c/ublox_msgs/msg/detail/nav_clock__type_support.c.o[0m
[32.208s] [ 60%] [32mBuilding CXX object CMakeFiles/ublox_msgs__rosidl_typesupport_fastrtps_cpp.dir/rosidl_typesupport_fastrtps_cpp/ublox_msgs/msg/detail/dds_fastrtps/inf__type_support.cpp.o[0m
[32.229s] [ 60%] [32mBuilding C object CMakeFiles/ublox_msgs__rosidl_typesupport_introspection_c.dir/rosidl_typesupport_introspection_c/ublox_msgs/msg/detail/nav_dgps__type_support.c.o[0m
[32.229s] [ 60%] [32mBuilding C object CMakeFiles/ublox_msgs__rosidl_typesupport_introspection_c.dir/rosidl_typesupport_introspection_c/ublox_msgs/msg/detail/nav_dgpssv__type_support.c.o[0m
[32.249s] [ 60%] [32mBuilding C object CMakeFiles/ublox_msgs__rosidl_typesupport_introspection_c.dir/rosidl_typesupport_introspection_c/ublox_msgs/msg/detail/nav_dop__type_support.c.o[0m
[32.269s] [ 60%] [32mBuilding C object CMakeFiles/ublox_msgs__rosidl_typesupport_introspection_c.dir/rosidl_typesupport_introspection_c/ublox_msgs/msg/detail/nav_posecef__type_support.c.o[0m
[32.273s] [ 60%] [32mBuilding CXX object CMakeFiles/ublox_msgs__rosidl_typesupport_fastrtps_c.dir/rosidl_typesupport_fastrtps_c/ublox_msgs/msg/detail/cfg_nmea7__type_support_c.cpp.o[0m
[32.273s] [ 60%] [32mBuilding CXX object CMakeFiles/ublox_msgs__rosidl_typesupport_fastrtps_cpp.dir/rosidl_typesupport_fastrtps_cpp/ublox_msgs/msg/detail/dds_fastrtps/mga_gal__type_support.cpp.o[0m
[32.288s] [ 61%] [32mBuilding C object CMakeFiles/ublox_msgs__rosidl_typesupport_introspection_c.dir/rosidl_typesupport_introspection_c/ublox_msgs/msg/detail/nav_posllh__type_support.c.o[0m
[32.306s] [ 61%] [32mBuilding CXX object CMakeFiles/ublox_msgs__rosidl_typesupport_fastrtps_c.dir/rosidl_typesupport_fastrtps_c/ublox_msgs/msg/detail/cfg_nmea__type_support_c.cpp.o[0m
[32.333s] [ 61%] [32mBuilding C object CMakeFiles/ublox_msgs__rosidl_typesupport_introspection_c.dir/rosidl_typesupport_introspection_c/ublox_msgs/msg/detail/nav_pvt7__type_support.c.o[0m
[32.366s] [ 62%] [32mBuilding CXX object CMakeFiles/ublox_msgs__rosidl_typesupport_fastrtps_c.dir/rosidl_typesupport_fastrtps_c/ublox_msgs/msg/detail/cfg_prt__type_support_c.cpp.o[0m
[32.375s] [ 62%] [32mBuilding C object CMakeFiles/ublox_msgs__rosidl_typesupport_introspection_c.dir/rosidl_typesupport_introspection_c/ublox_msgs/msg/detail/nav_pvt__type_support.c.o[0m
[32.384s] [ 63%] [32mBuilding CXX object CMakeFiles/ublox_msgs__rosidl_typesupport_fastrtps_cpp.dir/rosidl_typesupport_fastrtps_cpp/ublox_msgs/msg/detail/dds_fastrtps/mon_gnss__type_support.cpp.o[0m
[32.401s] [ 63%] [32mBuilding C object CMakeFiles/ublox_msgs__rosidl_typesupport_introspection_c.dir/rosidl_typesupport_introspection_c/ublox_msgs/msg/detail/nav_relposned9__type_support.c.o[0m
[32.416s] [ 63%] [32mBuilding CXX object CMakeFiles/ublox_msgs__rosidl_typesupport_introspection_cpp.dir/rosidl_typesupport_introspection_cpp/ublox_msgs/msg/detail/nav_relposned__type_support.cpp.o[0m
[32.430s] [ 63%] [32mBuilding CXX object CMakeFiles/ublox_msgs__rosidl_typesupport_fastrtps_cpp.dir/rosidl_typesupport_fastrtps_cpp/ublox_msgs/msg/detail/dds_fastrtps/mon_hw6__type_support.cpp.o[0m
[32.447s] [ 63%] [32mBuilding C object CMakeFiles/ublox_msgs__rosidl_typesupport_introspection_c.dir/rosidl_typesupport_introspection_c/ublox_msgs/msg/detail/nav_relposned__type_support.c.o[0m
[32.451s] [ 63%] [32mBuilding CXX object CMakeFiles/ublox_msgs__rosidl_typesupport_fastrtps_c.dir/rosidl_typesupport_fastrtps_c/ublox_msgs/msg/detail/cfg_rate__type_support_c.cpp.o[0m
[32.488s] [ 63%] [32mBuilding C object CMakeFiles/ublox_msgs__rosidl_typesupport_introspection_c.dir/rosidl_typesupport_introspection_c/ublox_msgs/msg/detail/nav_sat__type_support.c.o[0m
[32.510s] [ 63%] [32mBuilding C object CMakeFiles/ublox_msgs__rosidl_typesupport_introspection_c.dir/rosidl_typesupport_introspection_c/ublox_msgs/msg/detail/nav_satsv__type_support.c.o[0m
[32.526s] [ 63%] [32mBuilding CXX object CMakeFiles/ublox_msgs__rosidl_typesupport_introspection_cpp.dir/rosidl_typesupport_introspection_cpp/ublox_msgs/msg/detail/nav_sat__type_support.cpp.o[0m
[32.534s] [ 63%] [32mBuilding CXX object CMakeFiles/ublox_msgs__rosidl_typesupport_fastrtps_cpp.dir/rosidl_typesupport_fastrtps_cpp/ublox_msgs/msg/detail/dds_fastrtps/mon_hw__type_support.cpp.o[0m
[32.545s] [ 63%] [32mBuilding CXX object CMakeFiles/ublox_msgs__rosidl_typesupport_fastrtps_c.dir/rosidl_typesupport_fastrtps_c/ublox_msgs/msg/detail/cfg_rst__type_support_c.cpp.o[0m
[32.550s] [ 64%] [32mBuilding C object CMakeFiles/ublox_msgs__rosidl_typesupport_introspection_c.dir/rosidl_typesupport_introspection_c/ublox_msgs/msg/detail/nav_sbas__type_support.c.o[0m
[32.557s] [ 65%] [32m[1mLinking CXX shared library libublox_msgs_lib.so[0m
[32.563s] [ 65%] [32mBuilding C object CMakeFiles/ublox_msgs__rosidl_typesupport_introspection_c.dir/rosidl_typesupport_introspection_c/ublox_msgs/msg/detail/nav_sbassv__type_support.c.o[0m
[32.580s] [ 65%] [32mBuilding CXX object CMakeFiles/ublox_msgs__rosidl_typesupport_fastrtps_c.dir/rosidl_typesupport_fastrtps_c/ublox_msgs/msg/detail/cfg_sbas__type_support_c.cpp.o[0m
[32.593s] [ 65%] [32mBuilding CXX object CMakeFiles/ublox_msgs__rosidl_typesupport_introspection_cpp.dir/rosidl_typesupport_introspection_cpp/ublox_msgs/msg/detail/nav_satsv__type_support.cpp.o[0m
[32.603s] [ 65%] [32mBuilding CXX object CMakeFiles/ublox_msgs__rosidl_typesupport_fastrtps_cpp.dir/rosidl_typesupport_fastrtps_cpp/ublox_msgs/msg/detail/dds_fastrtps/mon_ver_extension__type_support.cpp.o[0m
[32.603s] [ 65%] [32mBuilding C object CMakeFiles/ublox_msgs__rosidl_typesupport_introspection_c.dir/rosidl_typesupport_introspection_c/ublox_msgs/msg/detail/nav_sol__type_support.c.o[0m
[32.641s] [ 65%] [32mBuilding CXX object CMakeFiles/ublox_msgs__rosidl_typesupport_introspection_cpp.dir/rosidl_typesupport_introspection_cpp/ublox_msgs/msg/detail/nav_sbas__type_support.cpp.o[0m
[32.645s] [ 65%] [32mBuilding C object CMakeFiles/ublox_msgs__rosidl_typesupport_introspection_c.dir/rosidl_typesupport_introspection_c/ublox_msgs/msg/detail/nav_status__type_support.c.o[0m
[32.648s] [ 65%] [32mBuilding C object CMakeFiles/ublox_msgs__rosidl_typesupport_introspection_c.dir/rosidl_typesupport_introspection_c/ublox_msgs/msg/detail/nav_svinfo__type_support.c.o[0m
[32.678s] [ 65%] [32mBuilding C object CMakeFiles/ublox_msgs__rosidl_typesupport_introspection_c.dir/rosidl_typesupport_introspection_c/ublox_msgs/msg/detail/nav_svinfosv__type_support.c.o[0m
[32.688s] [ 65%] [32mBuilding CXX object CMakeFiles/ublox_msgs__rosidl_typesupport_fastrtps_cpp.dir/rosidl_typesupport_fastrtps_cpp/ublox_msgs/msg/detail/dds_fastrtps/mon_ver__type_support.cpp.o[0m
[32.692s] [ 65%] [32mBuilding CXX object CMakeFiles/ublox_msgs__rosidl_typesupport_fastrtps_cpp.dir/rosidl_typesupport_fastrtps_cpp/ublox_msgs/msg/detail/dds_fastrtps/nav_att__type_support.cpp.o[0m
[32.696s] [ 65%] [32mBuilding CXX object CMakeFiles/ublox_msgs__rosidl_typesupport_fastrtps_c.dir/rosidl_typesupport_fastrtps_c/ublox_msgs/msg/detail/cfg_tmode3__type_support_c.cpp.o[0m
[32.701s] [ 65%] Built target ublox_msgs_lib
[32.713s] [ 65%] [32mBuilding CXX object CMakeFiles/ublox_msgs__rosidl_typesupport_fastrtps_cpp.dir/rosidl_typesupport_fastrtps_cpp/ublox_msgs/msg/detail/dds_fastrtps/nav_clock__type_support.cpp.o[0m
[32.722s] [ 66%] [32mBuilding C object CMakeFiles/ublox_msgs__rosidl_typesupport_introspection_c.dir/rosidl_typesupport_introspection_c/ublox_msgs/msg/detail/nav_svin__type_support.c.o[0m
[32.761s] [ 66%] [32mBuilding C object CMakeFiles/ublox_msgs__rosidl_typesupport_introspection_c.dir/rosidl_typesupport_introspection_c/ublox_msgs/msg/detail/nav_timegps__type_support.c.o[0m
[32.767s] [ 66%] [32mBuilding CXX object CMakeFiles/ublox_msgs__rosidl_typesupport_introspection_cpp.dir/rosidl_typesupport_introspection_cpp/ublox_msgs/msg/detail/nav_sbassv__type_support.cpp.o[0m
[32.782s] [ 67%] [32mBuilding CXX object CMakeFiles/ublox_msgs__rosidl_typesupport_fastrtps_cpp.dir/rosidl_typesupport_fastrtps_cpp/ublox_msgs/msg/detail/dds_fastrtps/nav_dgps__type_support.cpp.o[0m
[32.784s] [ 67%] [32mBuilding C object CMakeFiles/ublox_msgs__rosidl_typesupport_introspection_c.dir/rosidl_typesupport_introspection_c/ublox_msgs/msg/detail/nav_timeutc__type_support.c.o[0m
[32.812s] [ 67%] [32mBuilding C object CMakeFiles/ublox_msgs__rosidl_typesupport_introspection_c.dir/rosidl_typesupport_introspection_c/ublox_msgs/msg/detail/nav_velecef__type_support.c.o[0m
[32.832s] [ 67%] [32mBuilding CXX object CMakeFiles/ublox_msgs__rosidl_typesupport_fastrtps_cpp.dir/rosidl_typesupport_fastrtps_cpp/ublox_msgs/msg/detail/dds_fastrtps/nav_dgpssv__type_support.cpp.o[0m
[32.837s] [ 67%] [32mBuilding C object CMakeFiles/ublox_msgs__rosidl_typesupport_introspection_c.dir/rosidl_typesupport_introspection_c/ublox_msgs/msg/detail/nav_velned__type_support.c.o[0m
[32.866s] [ 67%] [32mBuilding CXX object CMakeFiles/ublox_msgs__rosidl_typesupport_fastrtps_c.dir/rosidl_typesupport_fastrtps_c/ublox_msgs/msg/detail/cfg_usb__type_support_c.cpp.o[0m
[32.876s] [ 68%] [32mBuilding CXX object CMakeFiles/ublox_msgs__rosidl_typesupport_introspection_cpp.dir/rosidl_typesupport_introspection_cpp/ublox_msgs/msg/detail/nav_sol__type_support.cpp.o[0m
[32.885s] [ 68%] [32mBuilding C object CMakeFiles/ublox_msgs__rosidl_typesupport_introspection_c.dir/rosidl_typesupport_introspection_c/ublox_msgs/msg/detail/rxm_alm__type_support.c.o[0m
[32.913s] [ 68%] [32mBuilding CXX object CMakeFiles/ublox_msgs__rosidl_typesupport_fastrtps_cpp.dir/rosidl_typesupport_fastrtps_cpp/ublox_msgs/msg/detail/dds_fastrtps/nav_dop__type_support.cpp.o[0m
[32.928s] [ 69%] [32mBuilding C object CMakeFiles/ublox_msgs__rosidl_typesupport_introspection_c.dir/rosidl_typesupport_introspection_c/ublox_msgs/msg/detail/rxm_eph__type_support.c.o[0m
[32.928s] [ 69%] [32mBuilding CXX object CMakeFiles/ublox_msgs__rosidl_typesupport_fastrtps_c.dir/rosidl_typesupport_fastrtps_c/ublox_msgs/msg/detail/esf_ins__type_support_c.cpp.o[0m
[32.935s] [ 69%] [32mBuilding CXX object CMakeFiles/ublox_msgs__rosidl_typesupport_introspection_cpp.dir/rosidl_typesupport_introspection_cpp/ublox_msgs/msg/detail/nav_status__type_support.cpp.o[0m
[32.975s] [ 70%] [32mBuilding C object CMakeFiles/ublox_msgs__rosidl_typesupport_introspection_c.dir/rosidl_typesupport_introspection_c/ublox_msgs/msg/detail/rxm_raw__type_support.c.o[0m
[32.975s] [ 70%] [32mBuilding CXX object CMakeFiles/ublox_msgs__rosidl_typesupport_fastrtps_c.dir/rosidl_typesupport_fastrtps_c/ublox_msgs/msg/detail/esf_meas__type_support_c.cpp.o[0m
[33.011s] [ 70%] [32mBuilding CXX object CMakeFiles/ublox_msgs__rosidl_typesupport_introspection_cpp.dir/rosidl_typesupport_introspection_cpp/ublox_msgs/msg/detail/nav_svinfo__type_support.cpp.o[0m
[33.016s] [ 70%] [32mBuilding C object CMakeFiles/ublox_msgs__rosidl_typesupport_introspection_c.dir/rosidl_typesupport_introspection_c/ublox_msgs/msg/detail/rxm_rawsv__type_support.c.o[0m
[33.036s] [ 70%] [32mBuilding CXX object CMakeFiles/ublox_msgs__rosidl_typesupport_fastrtps_cpp.dir/rosidl_typesupport_fastrtps_cpp/ublox_msgs/msg/detail/dds_fastrtps/nav_posecef__type_support.cpp.o[0m
[33.052s] [ 70%] [32mBuilding CXX object CMakeFiles/ublox_msgs__rosidl_typesupport_fastrtps_c.dir/rosidl_typesupport_fastrtps_c/ublox_msgs/msg/detail/esf_raw_block__type_support_c.cpp.o[0m
[33.054s] [ 70%] [32mBuilding C object CMakeFiles/ublox_msgs__rosidl_typesupport_introspection_c.dir/rosidl_typesupport_introspection_c/ublox_msgs/msg/detail/rxm_rawx_meas__type_support.c.o[0m
[33.097s] [ 70%] [32mBuilding C object CMakeFiles/ublox_msgs__rosidl_typesupport_introspection_c.dir/rosidl_typesupport_introspection_c/ublox_msgs/msg/detail/rxm_rawx__type_support.c.o[0m
[33.106s] [ 70%] [32mBuilding CXX object CMakeFiles/ublox_msgs__rosidl_typesupport_introspection_cpp.dir/rosidl_typesupport_introspection_cpp/ublox_msgs/msg/detail/nav_svinfosv__type_support.cpp.o[0m
[33.132s] [ 70%] [32mBuilding C object CMakeFiles/ublox_msgs__rosidl_typesupport_introspection_c.dir/rosidl_typesupport_introspection_c/ublox_msgs/msg/detail/rxm_rtcm__type_support.c.o[0m
[33.148s] [ 70%] [32mBuilding CXX object CMakeFiles/ublox_msgs__rosidl_typesupport_fastrtps_cpp.dir/rosidl_typesupport_fastrtps_cpp/ublox_msgs/msg/detail/dds_fastrtps/nav_posllh__type_support.cpp.o[0m
[33.151s] [ 70%] [32mBuilding CXX object CMakeFiles/ublox_msgs__rosidl_typesupport_fastrtps_c.dir/rosidl_typesupport_fastrtps_c/ublox_msgs/msg/detail/esf_raw__type_support_c.cpp.o[0m
[33.178s] [ 70%] [32mBuilding C object CMakeFiles/ublox_msgs__rosidl_typesupport_introspection_c.dir/rosidl_typesupport_introspection_c/ublox_msgs/msg/detail/rxm_sfrb__type_support.c.o[0m
[33.182s] [ 70%] [32mBuilding CXX object CMakeFiles/ublox_msgs__rosidl_typesupport_fastrtps_c.dir/rosidl_typesupport_fastrtps_c/ublox_msgs/msg/detail/esf_status__type_support_c.cpp.o[0m
[33.202s] [ 70%] [32mBuilding CXX object CMakeFiles/ublox_msgs__rosidl_typesupport_fastrtps_cpp.dir/rosidl_typesupport_fastrtps_cpp/ublox_msgs/msg/detail/dds_fastrtps/nav_pvt7__type_support.cpp.o[0m
[33.221s] [ 71%] [32mBuilding CXX object CMakeFiles/ublox_msgs__rosidl_typesupport_fastrtps_cpp.dir/rosidl_typesupport_fastrtps_cpp/ublox_msgs/msg/detail/dds_fastrtps/nav_pvt__type_support.cpp.o[0m
[33.228s] [ 72%] [32mBuilding C object CMakeFiles/ublox_msgs__rosidl_typesupport_introspection_c.dir/rosidl_typesupport_introspection_c/ublox_msgs/msg/detail/rxm_sfrbx__type_support.c.o[0m
[33.266s] [ 72%] [32mBuilding CXX object CMakeFiles/ublox_msgs__rosidl_typesupport_introspection_cpp.dir/rosidl_typesupport_introspection_cpp/ublox_msgs/msg/detail/nav_svin__type_support.cpp.o[0m
[33.270s] [ 72%] [32mBuilding CXX object CMakeFiles/ublox_msgs__rosidl_typesupport_introspection_cpp.dir/rosidl_typesupport_introspection_cpp/ublox_msgs/msg/detail/nav_timegps__type_support.cpp.o[0m
[33.276s] [ 72%] [32mBuilding C object CMakeFiles/ublox_msgs__rosidl_typesupport_introspection_c.dir/rosidl_typesupport_introspection_c/ublox_msgs/msg/detail/rxm_svsi__type_support.c.o[0m
[33.280s] [ 72%] [32mBuilding CXX object CMakeFiles/ublox_msgs__rosidl_typesupport_fastrtps_c.dir/rosidl_typesupport_fastrtps_c/ublox_msgs/msg/detail/esf_status_sens__type_support_c.cpp.o[0m
[33.301s] [ 73%] [32mBuilding CXX object CMakeFiles/ublox_msgs__rosidl_typesupport_introspection_cpp.dir/rosidl_typesupport_introspection_cpp/ublox_msgs/msg/detail/nav_timeutc__type_support.cpp.o[0m
[33.320s] [ 73%] [32mBuilding C object CMakeFiles/ublox_msgs__rosidl_typesupport_introspection_c.dir/rosidl_typesupport_introspection_c/ublox_msgs/msg/detail/rxm_svsisv__type_support.c.o[0m
[33.334s] [ 73%] [32mBuilding C object CMakeFiles/ublox_msgs__rosidl_typesupport_introspection_c.dir/rosidl_typesupport_introspection_c/ublox_msgs/msg/detail/tim_tm2__type_support.c.o[0m
[33.342s] [ 73%] [32mBuilding CXX object CMakeFiles/ublox_msgs__rosidl_typesupport_fastrtps_c.dir/rosidl_typesupport_fastrtps_c/ublox_msgs/msg/detail/hnr_pvt__type_support_c.cpp.o[0m
[33.365s] [ 73%] [32mBuilding C object CMakeFiles/ublox_msgs__rosidl_typesupport_introspection_c.dir/rosidl_typesupport_introspection_c/ublox_msgs/msg/detail/upd_sos_ack__type_support.c.o[0m
[33.378s] [ 73%] [32mBuilding C object CMakeFiles/ublox_msgs__rosidl_typesupport_introspection_c.dir/rosidl_typesupport_introspection_c/ublox_msgs/msg/detail/upd_sos__type_support.c.o[0m
[33.382s] [ 74%] [32mBuilding CXX object CMakeFiles/ublox_msgs__rosidl_typesupport_fastrtps_c.dir/rosidl_typesupport_fastrtps_c/ublox_msgs/msg/detail/inf__type_support_c.cpp.o[0m
[33.409s] [ 74%] [32mBuilding CXX object CMakeFiles/ublox_msgs__rosidl_typesupport_introspection_cpp.dir/rosidl_typesupport_introspection_cpp/ublox_msgs/msg/detail/nav_velecef__type_support.cpp.o[0m
[33.416s] [ 74%] [32mBuilding CXX object CMakeFiles/ublox_msgs__rosidl_typesupport_fastrtps_cpp.dir/rosidl_typesupport_fastrtps_cpp/ublox_msgs/msg/detail/dds_fastrtps/nav_relposned9__type_support.cpp.o[0m
[33.419s] [ 75%] [32mBuilding CXX object CMakeFiles/ublox_msgs__rosidl_typesupport_introspection_cpp.dir/rosidl_typesupport_introspection_cpp/ublox_msgs/msg/detail/nav_velned__type_support.cpp.o[0m
[33.419s] [ 75%] [32m[1mLinking C shared library libublox_msgs__rosidl_typesupport_introspection_c.so[0m
[33.487s] [ 75%] [32mBuilding CXX object CMakeFiles/ublox_msgs__rosidl_typesupport_fastrtps_c.dir/rosidl_typesupport_fastrtps_c/ublox_msgs/msg/detail/mga_gal__type_support_c.cpp.o[0m
[33.487s] [ 75%] Built target ublox_msgs__rosidl_typesupport_introspection_c
[33.499s] [ 75%] [32mBuilding CXX object CMakeFiles/ublox_msgs__rosidl_typesupport_introspection_cpp.dir/rosidl_typesupport_introspection_cpp/ublox_msgs/msg/detail/rxm_alm__type_support.cpp.o[0m
[33.499s] [ 75%] [32mBuilding CXX object CMakeFiles/ublox_msgs__rosidl_typesupport_introspection_cpp.dir/rosidl_typesupport_introspection_cpp/ublox_msgs/msg/detail/rxm_eph__type_support.cpp.o[0m
[33.533s] [ 75%] [32mBuilding CXX object CMakeFiles/ublox_msgs__rosidl_typesupport_introspection_cpp.dir/rosidl_typesupport_introspection_cpp/ublox_msgs/msg/detail/rxm_raw__type_support.cpp.o[0m
[33.534s] [ 75%] [32mBuilding CXX object CMakeFiles/ublox_msgs__rosidl_typesupport_introspection_cpp.dir/rosidl_typesupport_introspection_cpp/ublox_msgs/msg/detail/rxm_rawsv__type_support.cpp.o[0m
[33.605s] [ 76%] [32mBuilding CXX object CMakeFiles/ublox_msgs__rosidl_typesupport_introspection_cpp.dir/rosidl_typesupport_introspection_cpp/ublox_msgs/msg/detail/rxm_rawx_meas__type_support.cpp.o[0m
[33.614s] [ 76%] [32mBuilding CXX object CMakeFiles/ublox_msgs__rosidl_typesupport_fastrtps_cpp.dir/rosidl_typesupport_fastrtps_cpp/ublox_msgs/msg/detail/dds_fastrtps/nav_relposned__type_support.cpp.o[0m
[33.642s] [ 76%] [32mBuilding CXX object CMakeFiles/ublox_msgs__rosidl_typesupport_fastrtps_cpp.dir/rosidl_typesupport_fastrtps_cpp/ublox_msgs/msg/detail/dds_fastrtps/nav_sat__type_support.cpp.o[0m
[33.663s] [ 76%] [32mBuilding CXX object CMakeFiles/ublox_msgs__rosidl_typesupport_fastrtps_cpp.dir/rosidl_typesupport_fastrtps_cpp/ublox_msgs/msg/detail/dds_fastrtps/nav_satsv__type_support.cpp.o[0m
[33.670s] [ 76%] [32mBuilding CXX object CMakeFiles/ublox_msgs__rosidl_typesupport_fastrtps_cpp.dir/rosidl_typesupport_fastrtps_cpp/ublox_msgs/msg/detail/dds_fastrtps/nav_sbas__type_support.cpp.o[0m
[33.713s] [ 76%] [32mBuilding CXX object CMakeFiles/ublox_msgs__rosidl_typesupport_fastrtps_cpp.dir/rosidl_typesupport_fastrtps_cpp/ublox_msgs/msg/detail/dds_fastrtps/nav_sbassv__type_support.cpp.o[0m
[33.713s] [ 76%] [32mBuilding CXX object CMakeFiles/ublox_msgs__rosidl_typesupport_introspection_cpp.dir/rosidl_typesupport_introspection_cpp/ublox_msgs/msg/detail/rxm_rawx__type_support.cpp.o[0m
[33.724s] [ 76%] [32mBuilding CXX object CMakeFiles/ublox_msgs__rosidl_typesupport_fastrtps_c.dir/rosidl_typesupport_fastrtps_c/ublox_msgs/msg/detail/mon_gnss__type_support_c.cpp.o[0m
[33.778s] [ 76%] [32mBuilding CXX object CMakeFiles/ublox_msgs__rosidl_typesupport_fastrtps_c.dir/rosidl_typesupport_fastrtps_c/ublox_msgs/msg/detail/mon_hw6__type_support_c.cpp.o[0m
[33.789s] [ 77%] [32mBuilding CXX object CMakeFiles/ublox_msgs__rosidl_typesupport_fastrtps_cpp.dir/rosidl_typesupport_fastrtps_cpp/ublox_msgs/msg/detail/dds_fastrtps/nav_sol__type_support.cpp.o[0m
[33.811s] [ 77%] [32mBuilding CXX object CMakeFiles/ublox_msgs__rosidl_typesupport_fastrtps_cpp.dir/rosidl_typesupport_fastrtps_cpp/ublox_msgs/msg/detail/dds_fastrtps/nav_status__type_support.cpp.o[0m
[33.874s] [ 77%] [32mBuilding CXX object CMakeFiles/ublox_msgs__rosidl_typesupport_fastrtps_c.dir/rosidl_typesupport_fastrtps_c/ublox_msgs/msg/detail/mon_hw__type_support_c.cpp.o[0m
[33.899s] [ 77%] [32mBuilding CXX object CMakeFiles/ublox_msgs__rosidl_typesupport_fastrtps_c.dir/rosidl_typesupport_fastrtps_c/ublox_msgs/msg/detail/mon_ver_extension__type_support_c.cpp.o[0m
[33.903s] [ 78%] [32mBuilding CXX object CMakeFiles/ublox_msgs__rosidl_typesupport_fastrtps_c.dir/rosidl_typesupport_fastrtps_c/ublox_msgs/msg/detail/mon_ver__type_support_c.cpp.o[0m
[33.923s] [ 78%] [32mBuilding CXX object CMakeFiles/ublox_msgs__rosidl_typesupport_fastrtps_cpp.dir/rosidl_typesupport_fastrtps_cpp/ublox_msgs/msg/detail/dds_fastrtps/nav_svinfo__type_support.cpp.o[0m
[33.945s] [ 78%] [32mBuilding CXX object CMakeFiles/ublox_msgs__rosidl_typesupport_fastrtps_c.dir/rosidl_typesupport_fastrtps_c/ublox_msgs/msg/detail/nav_att__type_support_c.cpp.o[0m
[33.993s] [ 78%] [32mBuilding CXX object CMakeFiles/ublox_msgs__rosidl_typesupport_fastrtps_cpp.dir/rosidl_typesupport_fastrtps_cpp/ublox_msgs/msg/detail/dds_fastrtps/nav_svinfosv__type_support.cpp.o[0m
[34.008s] [ 78%] [32mBuilding CXX object CMakeFiles/ublox_msgs__rosidl_typesupport_introspection_cpp.dir/rosidl_typesupport_introspection_cpp/ublox_msgs/msg/detail/rxm_rtcm__type_support.cpp.o[0m
[34.045s] [ 78%] [32mBuilding CXX object CMakeFiles/ublox_msgs__rosidl_typesupport_fastrtps_c.dir/rosidl_typesupport_fastrtps_c/ublox_msgs/msg/detail/nav_clock__type_support_c.cpp.o[0m
[34.053s] [ 78%] [32mBuilding CXX object CMakeFiles/ublox_msgs__rosidl_typesupport_fastrtps_cpp.dir/rosidl_typesupport_fastrtps_cpp/ublox_msgs/msg/detail/dds_fastrtps/nav_svin__type_support.cpp.o[0m
[34.084s] [ 78%] [32mBuilding CXX object CMakeFiles/ublox_msgs__rosidl_typesupport_introspection_cpp.dir/rosidl_typesupport_introspection_cpp/ublox_msgs/msg/detail/rxm_sfrb__type_support.cpp.o[0m
[34.110s] [ 78%] [32mBuilding CXX object CMakeFiles/ublox_msgs__rosidl_typesupport_fastrtps_c.dir/rosidl_typesupport_fastrtps_c/ublox_msgs/msg/detail/nav_dgps__type_support_c.cpp.o[0m
[34.117s] [ 78%] [32mBuilding CXX object CMakeFiles/ublox_msgs__rosidl_typesupport_introspection_cpp.dir/rosidl_typesupport_introspection_cpp/ublox_msgs/msg/detail/rxm_sfrbx__type_support.cpp.o[0m
[34.128s] [ 78%] [32mBuilding CXX object CMakeFiles/ublox_msgs__rosidl_typesupport_fastrtps_c.dir/rosidl_typesupport_fastrtps_c/ublox_msgs/msg/detail/nav_dgpssv__type_support_c.cpp.o[0m
[34.180s] [ 78%] [32mBuilding CXX object CMakeFiles/ublox_msgs__rosidl_typesupport_fastrtps_c.dir/rosidl_typesupport_fastrtps_c/ublox_msgs/msg/detail/nav_dop__type_support_c.cpp.o[0m
[34.187s] [ 78%] [32mBuilding CXX object CMakeFiles/ublox_msgs__rosidl_typesupport_introspection_cpp.dir/rosidl_typesupport_introspection_cpp/ublox_msgs/msg/detail/rxm_svsi__type_support.cpp.o[0m
[34.197s] [ 78%] [32mBuilding CXX object CMakeFiles/ublox_msgs__rosidl_typesupport_fastrtps_c.dir/rosidl_typesupport_fastrtps_c/ublox_msgs/msg/detail/nav_posecef__type_support_c.cpp.o[0m
[34.213s] [ 79%] [32mBuilding CXX object CMakeFiles/ublox_msgs__rosidl_typesupport_introspection_cpp.dir/rosidl_typesupport_introspection_cpp/ublox_msgs/msg/detail/rxm_svsisv__type_support.cpp.o[0m
[34.222s] [ 79%] [32mBuilding CXX object CMakeFiles/ublox_msgs__rosidl_typesupport_fastrtps_cpp.dir/rosidl_typesupport_fastrtps_cpp/ublox_msgs/msg/detail/dds_fastrtps/nav_timegps__type_support.cpp.o[0m
[34.258s] [ 79%] [32mBuilding CXX object CMakeFiles/ublox_msgs__rosidl_typesupport_introspection_cpp.dir/rosidl_typesupport_introspection_cpp/ublox_msgs/msg/detail/tim_tm2__type_support.cpp.o[0m
[34.287s] [ 80%] [32mBuilding CXX object CMakeFiles/ublox_msgs__rosidl_typesupport_fastrtps_cpp.dir/rosidl_typesupport_fastrtps_cpp/ublox_msgs/msg/detail/dds_fastrtps/nav_timeutc__type_support.cpp.o[0m
[34.360s] [ 80%] [32mBuilding CXX object CMakeFiles/ublox_msgs__rosidl_typesupport_introspection_cpp.dir/rosidl_typesupport_introspection_cpp/ublox_msgs/msg/detail/upd_sos_ack__type_support.cpp.o[0m
[34.371s] [ 81%] [32mBuilding CXX object CMakeFiles/ublox_msgs__rosidl_typesupport_fastrtps_c.dir/rosidl_typesupport_fastrtps_c/ublox_msgs/msg/detail/nav_posllh__type_support_c.cpp.o[0m
[34.385s] [ 81%] [32mBuilding CXX object CMakeFiles/ublox_msgs__rosidl_typesupport_fastrtps_c.dir/rosidl_typesupport_fastrtps_c/ublox_msgs/msg/detail/nav_pvt7__type_support_c.cpp.o[0m
[34.417s] [ 81%] [32mBuilding CXX object CMakeFiles/ublox_msgs__rosidl_typesupport_fastrtps_cpp.dir/rosidl_typesupport_fastrtps_cpp/ublox_msgs/msg/detail/dds_fastrtps/nav_velecef__type_support.cpp.o[0m
[34.444s] [ 81%] [32mBuilding CXX object CMakeFiles/ublox_msgs__rosidl_typesupport_fastrtps_cpp.dir/rosidl_typesupport_fastrtps_cpp/ublox_msgs/msg/detail/dds_fastrtps/nav_velned__type_support.cpp.o[0m
[34.456s] [ 81%] [32mBuilding CXX object CMakeFiles/ublox_msgs__rosidl_typesupport_introspection_cpp.dir/rosidl_typesupport_introspection_cpp/ublox_msgs/msg/detail/upd_sos__type_support.cpp.o[0m
[34.470s] [ 81%] [32mBuilding CXX object CMakeFiles/ublox_msgs__rosidl_typesupport_fastrtps_c.dir/rosidl_typesupport_fastrtps_c/ublox_msgs/msg/detail/nav_pvt__type_support_c.cpp.o[0m
[34.472s] [ 81%] [32mBuilding CXX object CMakeFiles/ublox_msgs__rosidl_typesupport_fastrtps_cpp.dir/rosidl_typesupport_fastrtps_cpp/ublox_msgs/msg/detail/dds_fastrtps/rxm_alm__type_support.cpp.o[0m
[34.570s] [ 81%] [32mBuilding CXX object CMakeFiles/ublox_msgs__rosidl_typesupport_fastrtps_cpp.dir/rosidl_typesupport_fastrtps_cpp/ublox_msgs/msg/detail/dds_fastrtps/rxm_eph__type_support.cpp.o[0m
[34.575s] [ 81%] [32mBuilding CXX object CMakeFiles/ublox_msgs__rosidl_typesupport_fastrtps_cpp.dir/rosidl_typesupport_fastrtps_cpp/ublox_msgs/msg/detail/dds_fastrtps/rxm_raw__type_support.cpp.o[0m
[34.591s] [ 81%] [32mBuilding CXX object CMakeFiles/ublox_msgs__rosidl_typesupport_fastrtps_c.dir/rosidl_typesupport_fastrtps_c/ublox_msgs/msg/detail/nav_relposned9__type_support_c.cpp.o[0m
[34.593s] [ 82%] [32mBuilding CXX object CMakeFiles/ublox_msgs__rosidl_typesupport_fastrtps_cpp.dir/rosidl_typesupport_fastrtps_cpp/ublox_msgs/msg/detail/dds_fastrtps/rxm_rawsv__type_support.cpp.o[0m
[34.602s] [ 82%] [32mBuilding CXX object CMakeFiles/ublox_msgs__rosidl_typesupport_fastrtps_c.dir/rosidl_typesupport_fastrtps_c/ublox_msgs/msg/detail/nav_relposned__type_support_c.cpp.o[0m
[34.643s] [ 82%] [32mBuilding CXX object CMakeFiles/ublox_msgs__rosidl_typesupport_fastrtps_c.dir/rosidl_typesupport_fastrtps_c/ublox_msgs/msg/detail/nav_sat__type_support_c.cpp.o[0m
[34.643s] [ 82%] [32mBuilding CXX object CMakeFiles/ublox_msgs__rosidl_typesupport_fastrtps_cpp.dir/rosidl_typesupport_fastrtps_cpp/ublox_msgs/msg/detail/dds_fastrtps/rxm_rawx_meas__type_support.cpp.o[0m
[34.686s] [ 82%] [32mBuilding CXX object CMakeFiles/ublox_msgs__rosidl_typesupport_fastrtps_cpp.dir/rosidl_typesupport_fastrtps_cpp/ublox_msgs/msg/detail/dds_fastrtps/rxm_rawx__type_support.cpp.o[0m
[34.697s] [ 82%] [32mBuilding CXX object CMakeFiles/ublox_msgs__rosidl_typesupport_fastrtps_cpp.dir/rosidl_typesupport_fastrtps_cpp/ublox_msgs/msg/detail/dds_fastrtps/rxm_rtcm__type_support.cpp.o[0m
[34.727s] [ 82%] [32mBuilding CXX object CMakeFiles/ublox_msgs__rosidl_typesupport_fastrtps_cpp.dir/rosidl_typesupport_fastrtps_cpp/ublox_msgs/msg/detail/dds_fastrtps/rxm_sfrb__type_support.cpp.o[0m
[34.761s] [ 83%] [32mBuilding CXX object CMakeFiles/ublox_msgs__rosidl_typesupport_fastrtps_c.dir/rosidl_typesupport_fastrtps_c/ublox_msgs/msg/detail/nav_satsv__type_support_c.cpp.o[0m
[34.838s] [ 83%] [32mBuilding CXX object CMakeFiles/ublox_msgs__rosidl_typesupport_fastrtps_c.dir/rosidl_typesupport_fastrtps_c/ublox_msgs/msg/detail/nav_sbas__type_support_c.cpp.o[0m
[34.841s] [ 83%] [32mBuilding CXX object CMakeFiles/ublox_msgs__rosidl_typesupport_fastrtps_c.dir/rosidl_typesupport_fastrtps_c/ublox_msgs/msg/detail/nav_sbassv__type_support_c.cpp.o[0m
[34.881s] [ 83%] [32m[1mLinking CXX shared library libublox_msgs__rosidl_typesupport_introspection_cpp.so[0m
[34.925s] [ 83%] [32mBuilding CXX object CMakeFiles/ublox_msgs__rosidl_typesupport_fastrtps_cpp.dir/rosidl_typesupport_fastrtps_cpp/ublox_msgs/msg/detail/dds_fastrtps/rxm_sfrbx__type_support.cpp.o[0m
[34.932s] [ 83%] [32mBuilding CXX object CMakeFiles/ublox_msgs__rosidl_typesupport_fastrtps_c.dir/rosidl_typesupport_fastrtps_c/ublox_msgs/msg/detail/nav_sol__type_support_c.cpp.o[0m
[34.952s] [ 83%] [32mBuilding CXX object CMakeFiles/ublox_msgs__rosidl_typesupport_fastrtps_cpp.dir/rosidl_typesupport_fastrtps_cpp/ublox_msgs/msg/detail/dds_fastrtps/rxm_svsi__type_support.cpp.o[0m
[34.977s] [ 83%] [32mBuilding CXX object CMakeFiles/ublox_msgs__rosidl_typesupport_fastrtps_c.dir/rosidl_typesupport_fastrtps_c/ublox_msgs/msg/detail/nav_status__type_support_c.cpp.o[0m
[34.999s] [ 83%] [32mBuilding CXX object CMakeFiles/ublox_msgs__rosidl_typesupport_fastrtps_c.dir/rosidl_typesupport_fastrtps_c/ublox_msgs/msg/detail/nav_svinfo__type_support_c.cpp.o[0m
[35.027s] [ 83%] [32mBuilding CXX object CMakeFiles/ublox_msgs__rosidl_typesupport_fastrtps_c.dir/rosidl_typesupport_fastrtps_c/ublox_msgs/msg/detail/nav_svinfosv__type_support_c.cpp.o[0m
[35.045s] [ 84%] [32mBuilding CXX object CMakeFiles/ublox_msgs__rosidl_typesupport_fastrtps_cpp.dir/rosidl_typesupport_fastrtps_cpp/ublox_msgs/msg/detail/dds_fastrtps/rxm_svsisv__type_support.cpp.o[0m
[35.077s] [ 85%] [32mBuilding CXX object CMakeFiles/ublox_msgs__rosidl_typesupport_fastrtps_c.dir/rosidl_typesupport_fastrtps_c/ublox_msgs/msg/detail/nav_svin__type_support_c.cpp.o[0m
[35.083s] [ 85%] Built target ublox_msgs__rosidl_typesupport_introspection_cpp
[35.095s] [ 85%] [32mBuilding CXX object CMakeFiles/ublox_msgs__rosidl_typesupport_fastrtps_c.dir/rosidl_typesupport_fastrtps_c/ublox_msgs/msg/detail/nav_timeutc__type_support_c.cpp.o[0m
[35.095s] [ 85%] [32mBuilding CXX object CMakeFiles/ublox_msgs__rosidl_typesupport_fastrtps_c.dir/rosidl_typesupport_fastrtps_c/ublox_msgs/msg/detail/nav_timegps__type_support_c.cpp.o[0m
[35.115s] [ 85%] [32mBuilding CXX object CMakeFiles/ublox_msgs__rosidl_typesupport_fastrtps_c.dir/rosidl_typesupport_fastrtps_c/ublox_msgs/msg/detail/nav_velecef__type_support_c.cpp.o[0m
[35.125s] [ 85%] [32mBuilding CXX object CMakeFiles/ublox_msgs__rosidl_typesupport_fastrtps_cpp.dir/rosidl_typesupport_fastrtps_cpp/ublox_msgs/msg/detail/dds_fastrtps/tim_tm2__type_support.cpp.o[0m
[35.173s] [ 85%] [32mBuilding CXX object CMakeFiles/ublox_msgs__rosidl_typesupport_fastrtps_cpp.dir/rosidl_typesupport_fastrtps_cpp/ublox_msgs/msg/detail/dds_fastrtps/upd_sos_ack__type_support.cpp.o[0m
[35.183s] [ 85%] [32mBuilding CXX object CMakeFiles/ublox_msgs__rosidl_typesupport_fastrtps_cpp.dir/rosidl_typesupport_fastrtps_cpp/ublox_msgs/msg/detail/dds_fastrtps/upd_sos__type_support.cpp.o[0m
[35.183s] [ 85%] [32mBuilding CXX object CMakeFiles/ublox_msgs__rosidl_typesupport_fastrtps_c.dir/rosidl_typesupport_fastrtps_c/ublox_msgs/msg/detail/nav_velned__type_support_c.cpp.o[0m
[35.235s] [ 85%] [32mBuilding CXX object CMakeFiles/ublox_msgs__rosidl_typesupport_fastrtps_c.dir/rosidl_typesupport_fastrtps_c/ublox_msgs/msg/detail/rxm_alm__type_support_c.cpp.o[0m
[35.283s] [ 86%] [32mBuilding CXX object CMakeFiles/ublox_msgs__rosidl_typesupport_fastrtps_c.dir/rosidl_typesupport_fastrtps_c/ublox_msgs/msg/detail/rxm_eph__type_support_c.cpp.o[0m
[35.334s] [ 86%] [32mBuilding CXX object CMakeFiles/ublox_msgs__rosidl_typesupport_fastrtps_c.dir/rosidl_typesupport_fastrtps_c/ublox_msgs/msg/detail/rxm_raw__type_support_c.cpp.o[0m
[35.339s] [ 86%] [32mBuilding CXX object CMakeFiles/ublox_msgs__rosidl_typesupport_fastrtps_c.dir/rosidl_typesupport_fastrtps_c/ublox_msgs/msg/detail/rxm_rawsv__type_support_c.cpp.o[0m
[35.359s] [ 86%] [32mBuilding CXX object CMakeFiles/ublox_msgs__rosidl_typesupport_fastrtps_c.dir/rosidl_typesupport_fastrtps_c/ublox_msgs/msg/detail/rxm_rawx_meas__type_support_c.cpp.o[0m
[35.367s] [ 86%] [32mBuilding CXX object CMakeFiles/ublox_msgs__rosidl_typesupport_fastrtps_c.dir/rosidl_typesupport_fastrtps_c/ublox_msgs/msg/detail/rxm_rawx__type_support_c.cpp.o[0m
[35.376s] [ 86%] [32mBuilding CXX object CMakeFiles/ublox_msgs__rosidl_typesupport_fastrtps_c.dir/rosidl_typesupport_fastrtps_c/ublox_msgs/msg/detail/rxm_rtcm__type_support_c.cpp.o[0m
[35.428s] [ 86%] [32mBuilding CXX object CMakeFiles/ublox_msgs__rosidl_typesupport_fastrtps_c.dir/rosidl_typesupport_fastrtps_c/ublox_msgs/msg/detail/rxm_sfrb__type_support_c.cpp.o[0m
[35.431s] [ 87%] [32mBuilding CXX object CMakeFiles/ublox_msgs__rosidl_typesupport_fastrtps_c.dir/rosidl_typesupport_fastrtps_c/ublox_msgs/msg/detail/rxm_sfrbx__type_support_c.cpp.o[0m
[35.450s] [ 87%] [32mBuilding CXX object CMakeFiles/ublox_msgs__rosidl_typesupport_fastrtps_c.dir/rosidl_typesupport_fastrtps_c/ublox_msgs/msg/detail/rxm_svsi__type_support_c.cpp.o[0m
[35.451s] [ 87%] [32mBuilding CXX object CMakeFiles/ublox_msgs__rosidl_typesupport_fastrtps_c.dir/rosidl_typesupport_fastrtps_c/ublox_msgs/msg/detail/rxm_svsisv__type_support_c.cpp.o[0m
[35.481s] [ 87%] [32mBuilding CXX object CMakeFiles/ublox_msgs__rosidl_typesupport_fastrtps_c.dir/rosidl_typesupport_fastrtps_c/ublox_msgs/msg/detail/tim_tm2__type_support_c.cpp.o[0m
[35.514s] [ 87%] [32mBuilding CXX object CMakeFiles/ublox_msgs__rosidl_typesupport_fastrtps_c.dir/rosidl_typesupport_fastrtps_c/ublox_msgs/msg/detail/upd_sos_ack__type_support_c.cpp.o[0m
[35.533s] [ 87%] [32mBuilding CXX object CMakeFiles/ublox_msgs__rosidl_typesupport_fastrtps_c.dir/rosidl_typesupport_fastrtps_c/ublox_msgs/msg/detail/upd_sos__type_support_c.cpp.o[0m
[35.584s] [ 87%] [32m[1mLinking CXX shared library libublox_msgs__rosidl_typesupport_fastrtps_cpp.so[0m
[35.738s] [ 87%] Built target ublox_msgs__rosidl_typesupport_fastrtps_cpp
[35.805s] [ 88%] [32m[1mLinking CXX shared library libublox_msgs__rosidl_typesupport_fastrtps_c.so[0m
[35.884s] [ 88%] Built target ublox_msgs__rosidl_typesupport_fastrtps_c
[35.905s] [ 88%] Built target ublox_msgs
[35.930s] [ 88%] [34m[1mGenerating Python code for ROS interfaces[0m
[56.768s] [ 88%] Built target ublox_msgs__py
[56.795s] [ 88%] [32mBuilding C object CMakeFiles/ublox_msgs__rosidl_generator_py.dir/rosidl_generator_py/ublox_msgs/msg/_aid_alm_s.c.o[0m
[56.795s] [ 88%] [32mBuilding C object CMakeFiles/ublox_msgs__rosidl_generator_py.dir/rosidl_generator_py/ublox_msgs/msg/_cfg_ant_s.c.o[0m
[56.795s] [ 88%] [32mBuilding C object CMakeFiles/ublox_msgs__rosidl_generator_py.dir/rosidl_generator_py/ublox_msgs/msg/_cfg_cfg_s.c.o[0m
[56.795s] [ 89%] [32mBuilding C object CMakeFiles/ublox_msgs__rosidl_generator_py.dir/rosidl_generator_py/ublox_msgs/msg/_aid_eph_s.c.o[0m
[56.795s] [ 89%] [32mBuilding C object CMakeFiles/ublox_msgs__rosidl_generator_py.dir/rosidl_generator_py/ublox_msgs/msg/_cfg_dat_s.c.o[0m
[56.795s] [ 89%] [32mBuilding C object CMakeFiles/ublox_msgs__rosidl_generator_py.dir/rosidl_generator_py/ublox_msgs/msg/_cfg_dgnss_s.c.o[0m
[56.795s] [ 89%] [32mBuilding C object CMakeFiles/ublox_msgs__rosidl_generator_py.dir/rosidl_generator_py/ublox_msgs/msg/_aid_hui_s.c.o[0m
[56.795s] [ 89%] [32mBuilding C object CMakeFiles/ublox_msgs__rosidl_generator_py.dir/rosidl_generator_py/ublox_msgs/msg/_cfg_gnss_s.c.o[0m
[56.795s] [ 90%] [32mBuilding C object CMakeFiles/ublox_msgs__rosidl_generator_py.dir/rosidl_generator_py/ublox_msgs/msg/_cfg_gnss_block_s.c.o[0m
[56.795s] [ 90%] [32mBuilding C object CMakeFiles/ublox_msgs__rosidl_generator_py.dir/rosidl_generator_py/ublox_msgs/msg/_ack_s.c.o[0m
[56.795s] [ 90%] [32mBuilding C object CMakeFiles/ublox_msgs__rosidl_generator_py.dir/rosidl_generator_py/ublox_msgs/msg/_cfg_inf_s.c.o[0m
[56.795s] [ 90%] [32mBuilding C object CMakeFiles/ublox_msgs__rosidl_generator_py.dir/rosidl_generator_py/ublox_msgs/msg/_cfg_inf_block_s.c.o[0m
[56.795s] [ 90%] [32mBuilding C object CMakeFiles/ublox_msgs__rosidl_generator_py.dir/rosidl_generator_py/ublox_msgs/msg/_cfg_hnr_s.c.o[0m
[56.796s] [ 90%] [32mBuilding C object CMakeFiles/ublox_msgs__rosidl_generator_py.dir/rosidl_generator_py/ublox_msgs/msg/_cfg_msg_s.c.o[0m
[56.797s] [ 90%] [32mBuilding C object CMakeFiles/ublox_msgs__rosidl_generator_py.dir/rosidl_generator_py/ublox_msgs/msg/_cfg_nav5_s.c.o[0m
[56.797s] [ 91%] [32mBuilding C object CMakeFiles/ublox_msgs__rosidl_generator_py.dir/rosidl_generator_py/ublox_msgs/msg/_cfg_navx5_s.c.o[0m
[56.887s] [ 91%] [32mBuilding C object CMakeFiles/ublox_msgs__rosidl_generator_py.dir/rosidl_generator_py/ublox_msgs/msg/_cfg_nmea6_s.c.o[0m
[56.902s] [ 91%] [32mBuilding C object CMakeFiles/ublox_msgs__rosidl_generator_py.dir/rosidl_generator_py/ublox_msgs/msg/_cfg_nmea7_s.c.o[0m
[56.903s] [ 91%] [32mBuilding C object CMakeFiles/ublox_msgs__rosidl_generator_py.dir/rosidl_generator_py/ublox_msgs/msg/_cfg_nmea_s.c.o[0m
[56.908s] [ 92%] [32mBuilding C object CMakeFiles/ublox_msgs__rosidl_generator_py.dir/rosidl_generator_py/ublox_msgs/msg/_cfg_sbas_s.c.o[0m
[56.908s] [ 92%] [32mBuilding C object CMakeFiles/ublox_msgs__rosidl_generator_py.dir/rosidl_generator_py/ublox_msgs/msg/_cfg_rst_s.c.o[0m
[56.908s] [ 92%] [32mBuilding C object CMakeFiles/ublox_msgs__rosidl_generator_py.dir/rosidl_generator_py/ublox_msgs/msg/_cfg_prt_s.c.o[0m
[56.908s] [ 92%] [32mBuilding C object CMakeFiles/ublox_msgs__rosidl_generator_py.dir/rosidl_generator_py/ublox_msgs/msg/_cfg_usb_s.c.o[0m
[56.908s] [ 92%] [32mBuilding C object CMakeFiles/ublox_msgs__rosidl_generator_py.dir/rosidl_generator_py/ublox_msgs/msg/_cfg_tmode3_s.c.o[0m
[56.909s] [ 92%] [32mBuilding C object CMakeFiles/ublox_msgs__rosidl_generator_py.dir/rosidl_generator_py/ublox_msgs/msg/_cfg_rate_s.c.o[0m
[56.915s] [ 92%] [32mBuilding C object CMakeFiles/ublox_msgs__rosidl_generator_py.dir/rosidl_generator_py/ublox_msgs/msg/_esf_ins_s.c.o[0m
[56.916s] [ 92%] [32mBuilding C object CMakeFiles/ublox_msgs__rosidl_generator_py.dir/rosidl_generator_py/ublox_msgs/msg/_esf_meas_s.c.o[0m
[56.917s] [ 93%] [32mBuilding C object CMakeFiles/ublox_msgs__rosidl_generator_py.dir/rosidl_generator_py/ublox_msgs/msg/_esf_raw_block_s.c.o[0m
[56.921s] [ 93%] [32mBuilding C object CMakeFiles/ublox_msgs__rosidl_generator_py.dir/rosidl_generator_py/ublox_msgs/msg/_esf_raw_s.c.o[0m
[56.930s] [ 93%] [32mBuilding C object CMakeFiles/ublox_msgs__rosidl_generator_py.dir/rosidl_generator_py/ublox_msgs/msg/_esf_status_sens_s.c.o[0m
[56.930s] [ 93%] [32mBuilding C object CMakeFiles/ublox_msgs__rosidl_generator_py.dir/rosidl_generator_py/ublox_msgs/msg/_esf_status_s.c.o[0m
[56.939s] [ 93%] [32mBuilding C object CMakeFiles/ublox_msgs__rosidl_generator_py.dir/rosidl_generator_py/ublox_msgs/msg/_hnr_pvt_s.c.o[0m
[56.994s] [ 93%] [32mBuilding C object CMakeFiles/ublox_msgs__rosidl_generator_py.dir/rosidl_generator_py/ublox_msgs/msg/_inf_s.c.o[0m
[57.012s] [ 93%] [32mBuilding C object CMakeFiles/ublox_msgs__rosidl_generator_py.dir/rosidl_generator_py/ublox_msgs/msg/_mga_gal_s.c.o[0m
[57.015s] [ 94%] [32mBuilding C object CMakeFiles/ublox_msgs__rosidl_generator_py.dir/rosidl_generator_py/ublox_msgs/msg/_mon_gnss_s.c.o[0m
[57.018s] [ 94%] [32mBuilding C object CMakeFiles/ublox_msgs__rosidl_generator_py.dir/rosidl_generator_py/ublox_msgs/msg/_mon_hw6_s.c.o[0m
[57.018s] [ 94%] [32mBuilding C object CMakeFiles/ublox_msgs__rosidl_generator_py.dir/rosidl_generator_py/ublox_msgs/msg/_mon_hw_s.c.o[0m
[57.018s] [ 94%] [32mBuilding C object CMakeFiles/ublox_msgs__rosidl_generator_py.dir/rosidl_generator_py/ublox_msgs/msg/_mon_ver_extension_s.c.o[0m
[57.025s] [ 94%] [32mBuilding C object CMakeFiles/ublox_msgs__rosidl_generator_py.dir/rosidl_generator_py/ublox_msgs/msg/_mon_ver_s.c.o[0m
[57.027s] [ 94%] [32mBuilding C object CMakeFiles/ublox_msgs__rosidl_generator_py.dir/rosidl_generator_py/ublox_msgs/msg/_nav_att_s.c.o[0m
[57.027s] [ 94%] [32mBuilding C object CMakeFiles/ublox_msgs__rosidl_generator_py.dir/rosidl_generator_py/ublox_msgs/msg/_nav_dgps_s.c.o[0m
[57.027s] [ 95%] [32mBuilding C object CMakeFiles/ublox_msgs__rosidl_generator_py.dir/rosidl_generator_py/ublox_msgs/msg/_nav_clock_s.c.o[0m
[57.029s] [ 95%] [32mBuilding C object CMakeFiles/ublox_msgs__rosidl_generator_py.dir/rosidl_generator_py/ublox_msgs/msg/_nav_dgpssv_s.c.o[0m
[57.035s] [ 95%] [32mBuilding C object CMakeFiles/ublox_msgs__rosidl_generator_py.dir/rosidl_generator_py/ublox_msgs/msg/_nav_dop_s.c.o[0m
[57.035s] [ 95%] [32mBuilding C object CMakeFiles/ublox_msgs__rosidl_generator_py.dir/rosidl_generator_py/ublox_msgs/msg/_nav_posecef_s.c.o[0m
[57.038s] [ 95%] [32mBuilding C object CMakeFiles/ublox_msgs__rosidl_generator_py.dir/rosidl_generator_py/ublox_msgs/msg/_nav_posllh_s.c.o[0m
[57.052s] [ 95%] [32mBuilding C object CMakeFiles/ublox_msgs__rosidl_generator_py.dir/rosidl_generator_py/ublox_msgs/msg/_nav_pvt7_s.c.o[0m
[57.073s] [ 96%] [32mBuilding C object CMakeFiles/ublox_msgs__rosidl_generator_py.dir/rosidl_generator_py/ublox_msgs/msg/_nav_pvt_s.c.o[0m
[57.115s] [ 96%] [32mBuilding C object CMakeFiles/ublox_msgs__rosidl_generator_py.dir/rosidl_generator_py/ublox_msgs/msg/_nav_relposned9_s.c.o[0m
[57.131s] [ 96%] [32mBuilding C object CMakeFiles/ublox_msgs__rosidl_generator_py.dir/rosidl_generator_py/ublox_msgs/msg/_nav_relposned_s.c.o[0m
[57.131s] [ 96%] [32mBuilding C object CMakeFiles/ublox_msgs__rosidl_generator_py.dir/rosidl_generator_py/ublox_msgs/msg/_nav_sat_s.c.o[0m
[57.134s] [ 96%] [32mBuilding C object CMakeFiles/ublox_msgs__rosidl_generator_py.dir/rosidl_generator_py/ublox_msgs/msg/_nav_satsv_s.c.o[0m
[57.141s] [ 96%] [32mBuilding C object CMakeFiles/ublox_msgs__rosidl_generator_py.dir/rosidl_generator_py/ublox_msgs/msg/_nav_sbas_s.c.o[0m
[57.141s] [ 97%] [32mBuilding C object CMakeFiles/ublox_msgs__rosidl_generator_py.dir/rosidl_generator_py/ublox_msgs/msg/_nav_sbassv_s.c.o[0m
[57.142s] [ 97%] [32mBuilding C object CMakeFiles/ublox_msgs__rosidl_generator_py.dir/rosidl_generator_py/ublox_msgs/msg/_nav_svinfo_s.c.o[0m
[57.142s] [ 97%] [32mBuilding C object CMakeFiles/ublox_msgs__rosidl_generator_py.dir/rosidl_generator_py/ublox_msgs/msg/_nav_status_s.c.o[0m
[57.142s] [ 97%] [32mBuilding C object CMakeFiles/ublox_msgs__rosidl_generator_py.dir/rosidl_generator_py/ublox_msgs/msg/_nav_sol_s.c.o[0m
[57.144s] [ 97%] [32mBuilding C object CMakeFiles/ublox_msgs__rosidl_generator_py.dir/rosidl_generator_py/ublox_msgs/msg/_nav_svinfosv_s.c.o[0m
[57.144s] [ 97%] [32mBuilding C object CMakeFiles/ublox_msgs__rosidl_generator_py.dir/rosidl_generator_py/ublox_msgs/msg/_nav_svin_s.c.o[0m
[57.144s] [ 97%] [32mBuilding C object CMakeFiles/ublox_msgs__rosidl_generator_py.dir/rosidl_generator_py/ublox_msgs/msg/_nav_timegps_s.c.o[0m
[57.148s] [ 98%] [32mBuilding C object CMakeFiles/ublox_msgs__rosidl_generator_py.dir/rosidl_generator_py/ublox_msgs/msg/_nav_timeutc_s.c.o[0m
[57.155s] [ 98%] [32mBuilding C object CMakeFiles/ublox_msgs__rosidl_generator_py.dir/rosidl_generator_py/ublox_msgs/msg/_nav_velecef_s.c.o[0m
[57.193s] [ 98%] [32mBuilding C object CMakeFiles/ublox_msgs__rosidl_generator_py.dir/rosidl_generator_py/ublox_msgs/msg/_nav_velned_s.c.o[0m
[57.221s] [ 98%] [32mBuilding C object CMakeFiles/ublox_msgs__rosidl_generator_py.dir/rosidl_generator_py/ublox_msgs/msg/_rxm_alm_s.c.o[0m
[57.245s] [ 99%] [32mBuilding C object CMakeFiles/ublox_msgs__rosidl_generator_py.dir/rosidl_generator_py/ublox_msgs/msg/_rxm_eph_s.c.o[0m
[57.245s] [ 99%] [32mBuilding C object CMakeFiles/ublox_msgs__rosidl_generator_py.dir/rosidl_generator_py/ublox_msgs/msg/_rxm_rawsv_s.c.o[0m
[57.246s] [ 99%] [32mBuilding C object CMakeFiles/ublox_msgs__rosidl_generator_py.dir/rosidl_generator_py/ublox_msgs/msg/_rxm_raw_s.c.o[0m
[57.253s] [ 99%] [32mBuilding C object CMakeFiles/ublox_msgs__rosidl_generator_py.dir/rosidl_generator_py/ublox_msgs/msg/_rxm_rawx_meas_s.c.o[0m
[57.253s] [ 99%] [32mBuilding C object CMakeFiles/ublox_msgs__rosidl_generator_py.dir/rosidl_generator_py/ublox_msgs/msg/_rxm_rawx_s.c.o[0m
[57.256s] [ 99%] [32mBuilding C object CMakeFiles/ublox_msgs__rosidl_generator_py.dir/rosidl_generator_py/ublox_msgs/msg/_rxm_rtcm_s.c.o[0m
[57.263s] [ 99%] [32mBuilding C object CMakeFiles/ublox_msgs__rosidl_generator_py.dir/rosidl_generator_py/ublox_msgs/msg/_rxm_sfrb_s.c.o[0m
[57.265s] [ 99%] [32mBuilding C object CMakeFiles/ublox_msgs__rosidl_generator_py.dir/rosidl_generator_py/ublox_msgs/msg/_rxm_sfrbx_s.c.o[0m
[57.267s] [100%] [32mBuilding C object CMakeFiles/ublox_msgs__rosidl_generator_py.dir/rosidl_generator_py/ublox_msgs/msg/_rxm_svsisv_s.c.o[0m
[57.267s] [100%] [32mBuilding C object CMakeFiles/ublox_msgs__rosidl_generator_py.dir/rosidl_generator_py/ublox_msgs/msg/_rxm_svsi_s.c.o[0m
[57.268s] [100%] [32mBuilding C object CMakeFiles/ublox_msgs__rosidl_generator_py.dir/rosidl_generator_py/ublox_msgs/msg/_upd_sos_ack_s.c.o[0m
[57.270s] [100%] [32mBuilding C object CMakeFiles/ublox_msgs__rosidl_generator_py.dir/rosidl_generator_py/ublox_msgs/msg/_tim_tm2_s.c.o[0m
[57.294s] [100%] [32mBuilding C object CMakeFiles/ublox_msgs__rosidl_generator_py.dir/rosidl_generator_py/ublox_msgs/msg/_upd_sos_s.c.o[0m
[57.393s] [100%] [32m[1mLinking C shared library rosidl_generator_py/ublox_msgs/libublox_msgs__rosidl_generator_py.so[0m
[57.446s] [100%] Built target ublox_msgs__rosidl_generator_py
[57.464s] [100%] [32mBuilding C object CMakeFiles/ublox_msgs__rosidl_typesupport_introspection_c__pyext.dir/rosidl_generator_py/ublox_msgs/_ublox_msgs_s.ep.rosidl_typesupport_introspection_c.c.o[0m
[57.464s] [100%] [32mBuilding C object CMakeFiles/ublox_msgs__rosidl_typesupport_c__pyext.dir/rosidl_generator_py/ublox_msgs/_ublox_msgs_s.ep.rosidl_typesupport_c.c.o[0m
[57.464s] [100%] [32mBuilding C object CMakeFiles/ublox_msgs__rosidl_typesupport_fastrtps_c__pyext.dir/rosidl_generator_py/ublox_msgs/_ublox_msgs_s.ep.rosidl_typesupport_fastrtps_c.c.o[0m
[57.656s] [100%] [32m[1mLinking C shared library rosidl_generator_py/ublox_msgs/ublox_msgs_s__rosidl_typesupport_c.cpython-310-x86_64-linux-gnu.so[0m
[57.656s] [100%] [32m[1mLinking C shared library rosidl_generator_py/ublox_msgs/ublox_msgs_s__rosidl_typesupport_fastrtps_c.cpython-310-x86_64-linux-gnu.so[0m
[57.656s] [100%] [32m[1mLinking C shared library rosidl_generator_py/ublox_msgs/ublox_msgs_s__rosidl_typesupport_introspection_c.cpython-310-x86_64-linux-gnu.so[0m
[57.694s] [100%] Built target ublox_msgs__rosidl_typesupport_c__pyext
[57.695s] [100%] Built target ublox_msgs__rosidl_typesupport_introspection_c__pyext
[57.695s] [100%] Built target ublox_msgs__rosidl_typesupport_fastrtps_c__pyext
[57.706s] Invoked command in '/home/jsmoon/yax_jeju/build/ublox_msgs' returned '0': AMENT_PREFIX_PATH=/home/jsmoon/yax_jeju/install/ublox_serialization:${AMENT_PREFIX_PATH} CMAKE_PREFIX_PATH=/home/jsmoon/yax_jeju/install/ublox_serialization:/home/jsmoon/ydlidar_ws/install/ydlidar_ros2_driver:/opt/ros/humble /usr/bin/cmake --build /home/jsmoon/yax_jeju/build/ublox_msgs -- -j16 -l16
[57.708s] Invoking command in '/home/jsmoon/yax_jeju/build/ublox_msgs': AMENT_PREFIX_PATH=/home/jsmoon/yax_jeju/install/ublox_serialization:${AMENT_PREFIX_PATH} CMAKE_PREFIX_PATH=/home/jsmoon/yax_jeju/install/ublox_serialization:/home/jsmoon/ydlidar_ws/install/ydlidar_ros2_driver:/opt/ros/humble /usr/bin/cmake --install /home/jsmoon/yax_jeju/build/ublox_msgs
[57.714s] -- Install configuration: ""
[57.715s] -- Execute custom install script
[57.715s] -- Symlinking: /home/jsmoon/yax_jeju/install/ublox_msgs/share/ament_index/resource_index/rosidl_interfaces/ublox_msgs
[57.727s] -- Symlinking: /home/jsmoon/yax_jeju/install/ublox_msgs/include/ublox_msgs/ublox_msgs/msg/ack.h
[57.735s] -- Symlinking: /home/jsmoon/yax_jeju/install/ublox_msgs/include/ublox_msgs/ublox_msgs/msg/aid_alm.h
[57.743s] -- Symlinking: /home/jsmoon/yax_jeju/install/ublox_msgs/include/ublox_msgs/ublox_msgs/msg/aid_eph.h
[57.751s] -- Symlinking: /home/jsmoon/yax_jeju/install/ublox_msgs/include/ublox_msgs/ublox_msgs/msg/aid_hui.h
[57.759s] -- Symlinking: /home/jsmoon/yax_jeju/install/ublox_msgs/include/ublox_msgs/ublox_msgs/msg/cfg_ant.h
[57.765s] -- Symlinking: /home/jsmoon/yax_jeju/install/ublox_msgs/include/ublox_msgs/ublox_msgs/msg/cfg_cfg.h
[57.772s] -- Symlinking: /home/jsmoon/yax_jeju/install/ublox_msgs/include/ublox_msgs/ublox_msgs/msg/cfg_dat.h
[57.780s] -- Symlinking: /home/jsmoon/yax_jeju/install/ublox_msgs/include/ublox_msgs/ublox_msgs/msg/cfg_dgnss.h
[57.787s] -- Symlinking: /home/jsmoon/yax_jeju/install/ublox_msgs/include/ublox_msgs/ublox_msgs/msg/cfg_gnss.h
[57.794s] -- Symlinking: /home/jsmoon/yax_jeju/install/ublox_msgs/include/ublox_msgs/ublox_msgs/msg/cfg_gnss_block.h
[57.801s] -- Symlinking: /home/jsmoon/yax_jeju/install/ublox_msgs/include/ublox_msgs/ublox_msgs/msg/cfg_hnr.h
[57.808s] -- Symlinking: /home/jsmoon/yax_jeju/install/ublox_msgs/include/ublox_msgs/ublox_msgs/msg/cfg_inf.h
[57.816s] -- Symlinking: /home/jsmoon/yax_jeju/install/ublox_msgs/include/ublox_msgs/ublox_msgs/msg/cfg_inf_block.h
[57.825s] -- Symlinking: /home/jsmoon/yax_jeju/install/ublox_msgs/include/ublox_msgs/ublox_msgs/msg/cfg_msg.h
[57.832s] -- Symlinking: /home/jsmoon/yax_jeju/install/ublox_msgs/include/ublox_msgs/ublox_msgs/msg/cfg_nav5.h
[57.840s] -- Symlinking: /home/jsmoon/yax_jeju/install/ublox_msgs/include/ublox_msgs/ublox_msgs/msg/cfg_navx5.h
[57.848s] -- Symlinking: /home/jsmoon/yax_jeju/install/ublox_msgs/include/ublox_msgs/ublox_msgs/msg/cfg_nmea.h
[57.855s] -- Symlinking: /home/jsmoon/yax_jeju/install/ublox_msgs/include/ublox_msgs/ublox_msgs/msg/cfg_nmea6.h
[57.862s] -- Symlinking: /home/jsmoon/yax_jeju/install/ublox_msgs/include/ublox_msgs/ublox_msgs/msg/cfg_nmea7.h
[57.869s] -- Symlinking: /home/jsmoon/yax_jeju/install/ublox_msgs/include/ublox_msgs/ublox_msgs/msg/cfg_prt.h
[57.876s] -- Symlinking: /home/jsmoon/yax_jeju/install/ublox_msgs/include/ublox_msgs/ublox_msgs/msg/cfg_rate.h
[57.884s] -- Symlinking: /home/jsmoon/yax_jeju/install/ublox_msgs/include/ublox_msgs/ublox_msgs/msg/cfg_rst.h
[57.892s] -- Symlinking: /home/jsmoon/yax_jeju/install/ublox_msgs/include/ublox_msgs/ublox_msgs/msg/cfg_sbas.h
[57.899s] -- Symlinking: /home/jsmoon/yax_jeju/install/ublox_msgs/include/ublox_msgs/ublox_msgs/msg/cfg_tmode3.h
[57.906s] -- Symlinking: /home/jsmoon/yax_jeju/install/ublox_msgs/include/ublox_msgs/ublox_msgs/msg/cfg_usb.h
[57.913s] -- Symlinking: /home/jsmoon/yax_jeju/install/ublox_msgs/include/ublox_msgs/ublox_msgs/msg/detail/ack__functions.h
[57.922s] -- Symlinking: /home/jsmoon/yax_jeju/install/ublox_msgs/include/ublox_msgs/ublox_msgs/msg/detail/ack__struct.h
[57.929s] -- Symlinking: /home/jsmoon/yax_jeju/install/ublox_msgs/include/ublox_msgs/ublox_msgs/msg/detail/ack__type_support.h
[57.937s] -- Symlinking: /home/jsmoon/yax_jeju/install/ublox_msgs/include/ublox_msgs/ublox_msgs/msg/detail/aid_alm__functions.h
[57.945s] -- Symlinking: /home/jsmoon/yax_jeju/install/ublox_msgs/include/ublox_msgs/ublox_msgs/msg/detail/aid_alm__struct.h
[57.952s] -- Symlinking: /home/jsmoon/yax_jeju/install/ublox_msgs/include/ublox_msgs/ublox_msgs/msg/detail/aid_alm__type_support.h
[57.960s] -- Symlinking: /home/jsmoon/yax_jeju/install/ublox_msgs/include/ublox_msgs/ublox_msgs/msg/detail/aid_eph__functions.h
[57.968s] -- Symlinking: /home/jsmoon/yax_jeju/install/ublox_msgs/include/ublox_msgs/ublox_msgs/msg/detail/aid_eph__struct.h
[57.976s] -- Symlinking: /home/jsmoon/yax_jeju/install/ublox_msgs/include/ublox_msgs/ublox_msgs/msg/detail/aid_eph__type_support.h
[57.984s] -- Symlinking: /home/jsmoon/yax_jeju/install/ublox_msgs/include/ublox_msgs/ublox_msgs/msg/detail/aid_hui__functions.h
[57.993s] -- Symlinking: /home/jsmoon/yax_jeju/install/ublox_msgs/include/ublox_msgs/ublox_msgs/msg/detail/aid_hui__struct.h
[58.000s] -- Symlinking: /home/jsmoon/yax_jeju/install/ublox_msgs/include/ublox_msgs/ublox_msgs/msg/detail/aid_hui__type_support.h
[58.008s] -- Symlinking: /home/jsmoon/yax_jeju/install/ublox_msgs/include/ublox_msgs/ublox_msgs/msg/detail/cfg_ant__functions.h
[58.015s] -- Symlinking: /home/jsmoon/yax_jeju/install/ublox_msgs/include/ublox_msgs/ublox_msgs/msg/detail/cfg_ant__struct.h
[58.026s] -- Symlinking: /home/jsmoon/yax_jeju/install/ublox_msgs/include/ublox_msgs/ublox_msgs/msg/detail/cfg_ant__type_support.h
[58.033s] -- Symlinking: /home/jsmoon/yax_jeju/install/ublox_msgs/include/ublox_msgs/ublox_msgs/msg/detail/cfg_cfg__functions.h
[58.041s] -- Symlinking: /home/jsmoon/yax_jeju/install/ublox_msgs/include/ublox_msgs/ublox_msgs/msg/detail/cfg_cfg__struct.h
[58.050s] -- Symlinking: /home/jsmoon/yax_jeju/install/ublox_msgs/include/ublox_msgs/ublox_msgs/msg/detail/cfg_cfg__type_support.h
[58.058s] -- Symlinking: /home/jsmoon/yax_jeju/install/ublox_msgs/include/ublox_msgs/ublox_msgs/msg/detail/cfg_dat__functions.h
[58.066s] -- Symlinking: /home/jsmoon/yax_jeju/install/ublox_msgs/include/ublox_msgs/ublox_msgs/msg/detail/cfg_dat__struct.h
[58.074s] -- Symlinking: /home/jsmoon/yax_jeju/install/ublox_msgs/include/ublox_msgs/ublox_msgs/msg/detail/cfg_dat__type_support.h
[58.081s] -- Symlinking: /home/jsmoon/yax_jeju/install/ublox_msgs/include/ublox_msgs/ublox_msgs/msg/detail/cfg_dgnss__functions.h
[58.087s] -- Symlinking: /home/jsmoon/yax_jeju/install/ublox_msgs/include/ublox_msgs/ublox_msgs/msg/detail/cfg_dgnss__struct.h
[58.093s] -- Symlinking: /home/jsmoon/yax_jeju/install/ublox_msgs/include/ublox_msgs/ublox_msgs/msg/detail/cfg_dgnss__type_support.h
[58.100s] -- Symlinking: /home/jsmoon/yax_jeju/install/ublox_msgs/include/ublox_msgs/ublox_msgs/msg/detail/cfg_gnss__functions.h
[58.107s] -- Symlinking: /home/jsmoon/yax_jeju/install/ublox_msgs/include/ublox_msgs/ublox_msgs/msg/detail/cfg_gnss__struct.h
[58.115s] -- Symlinking: /home/jsmoon/yax_jeju/install/ublox_msgs/include/ublox_msgs/ublox_msgs/msg/detail/cfg_gnss__type_support.h
[58.124s] -- Symlinking: /home/jsmoon/yax_jeju/install/ublox_msgs/include/ublox_msgs/ublox_msgs/msg/detail/cfg_gnss_block__functions.h
[58.131s] -- Symlinking: /home/jsmoon/yax_jeju/install/ublox_msgs/include/ublox_msgs/ublox_msgs/msg/detail/cfg_gnss_block__struct.h
[58.139s] -- Symlinking: /home/jsmoon/yax_jeju/install/ublox_msgs/include/ublox_msgs/ublox_msgs/msg/detail/cfg_gnss_block__type_support.h
[58.146s] -- Symlinking: /home/jsmoon/yax_jeju/install/ublox_msgs/include/ublox_msgs/ublox_msgs/msg/detail/cfg_hnr__functions.h
[58.154s] -- Symlinking: /home/jsmoon/yax_jeju/install/ublox_msgs/include/ublox_msgs/ublox_msgs/msg/detail/cfg_hnr__struct.h
[58.161s] -- Symlinking: /home/jsmoon/yax_jeju/install/ublox_msgs/include/ublox_msgs/ublox_msgs/msg/detail/cfg_hnr__type_support.h
[58.168s] -- Symlinking: /home/jsmoon/yax_jeju/install/ublox_msgs/include/ublox_msgs/ublox_msgs/msg/detail/cfg_inf__functions.h
[58.176s] -- Symlinking: /home/jsmoon/yax_jeju/install/ublox_msgs/include/ublox_msgs/ublox_msgs/msg/detail/cfg_inf__struct.h
[58.184s] -- Symlinking: /home/jsmoon/yax_jeju/install/ublox_msgs/include/ublox_msgs/ublox_msgs/msg/detail/cfg_inf__type_support.h
[58.193s] -- Symlinking: /home/jsmoon/yax_jeju/install/ublox_msgs/include/ublox_msgs/ublox_msgs/msg/detail/cfg_inf_block__functions.h
[58.200s] -- Symlinking: /home/jsmoon/yax_jeju/install/ublox_msgs/include/ublox_msgs/ublox_msgs/msg/detail/cfg_inf_block__struct.h
[58.208s] -- Symlinking: /home/jsmoon/yax_jeju/install/ublox_msgs/include/ublox_msgs/ublox_msgs/msg/detail/cfg_inf_block__type_support.h
[58.216s] -- Symlinking: /home/jsmoon/yax_jeju/install/ublox_msgs/include/ublox_msgs/ublox_msgs/msg/detail/cfg_msg__functions.h
[58.225s] -- Symlinking: /home/jsmoon/yax_jeju/install/ublox_msgs/include/ublox_msgs/ublox_msgs/msg/detail/cfg_msg__struct.h
[58.234s] -- Symlinking: /home/jsmoon/yax_jeju/install/ublox_msgs/include/ublox_msgs/ublox_msgs/msg/detail/cfg_msg__type_support.h
[58.241s] -- Symlinking: /home/jsmoon/yax_jeju/install/ublox_msgs/include/ublox_msgs/ublox_msgs/msg/detail/cfg_nav5__functions.h
[58.249s] -- Symlinking: /home/jsmoon/yax_jeju/install/ublox_msgs/include/ublox_msgs/ublox_msgs/msg/detail/cfg_nav5__struct.h
[58.257s] -- Symlinking: /home/jsmoon/yax_jeju/install/ublox_msgs/include/ublox_msgs/ublox_msgs/msg/detail/cfg_nav5__type_support.h
[58.266s] -- Symlinking: /home/jsmoon/yax_jeju/install/ublox_msgs/include/ublox_msgs/ublox_msgs/msg/detail/cfg_navx5__functions.h
[58.273s] -- Symlinking: /home/jsmoon/yax_jeju/install/ublox_msgs/include/ublox_msgs/ublox_msgs/msg/detail/cfg_navx5__struct.h
[58.281s] -- Symlinking: /home/jsmoon/yax_jeju/install/ublox_msgs/include/ublox_msgs/ublox_msgs/msg/detail/cfg_navx5__type_support.h
[58.288s] -- Symlinking: /home/jsmoon/yax_jeju/install/ublox_msgs/include/ublox_msgs/ublox_msgs/msg/detail/cfg_nmea6__functions.h
[58.296s] -- Symlinking: /home/jsmoon/yax_jeju/install/ublox_msgs/include/ublox_msgs/ublox_msgs/msg/detail/cfg_nmea6__struct.h
[58.304s] -- Symlinking: /home/jsmoon/yax_jeju/install/ublox_msgs/include/ublox_msgs/ublox_msgs/msg/detail/cfg_nmea6__type_support.h
[58.312s] -- Symlinking: /home/jsmoon/yax_jeju/install/ublox_msgs/include/ublox_msgs/ublox_msgs/msg/detail/cfg_nmea7__functions.h
[58.320s] -- Symlinking: /home/jsmoon/yax_jeju/install/ublox_msgs/include/ublox_msgs/ublox_msgs/msg/detail/cfg_nmea7__struct.h
[58.330s] -- Symlinking: /home/jsmoon/yax_jeju/install/ublox_msgs/include/ublox_msgs/ublox_msgs/msg/detail/cfg_nmea7__type_support.h
[58.337s] -- Symlinking: /home/jsmoon/yax_jeju/install/ublox_msgs/include/ublox_msgs/ublox_msgs/msg/detail/cfg_nmea__functions.h
[58.344s] -- Symlinking: /home/jsmoon/yax_jeju/install/ublox_msgs/include/ublox_msgs/ublox_msgs/msg/detail/cfg_nmea__struct.h
[58.352s] -- Symlinking: /home/jsmoon/yax_jeju/install/ublox_msgs/include/ublox_msgs/ublox_msgs/msg/detail/cfg_nmea__type_support.h
[58.360s] -- Symlinking: /home/jsmoon/yax_jeju/install/ublox_msgs/include/ublox_msgs/ublox_msgs/msg/detail/cfg_prt__functions.h
[58.368s] -- Symlinking: /home/jsmoon/yax_jeju/install/ublox_msgs/include/ublox_msgs/ublox_msgs/msg/detail/cfg_prt__struct.h
[58.376s] -- Symlinking: /home/jsmoon/yax_jeju/install/ublox_msgs/include/ublox_msgs/ublox_msgs/msg/detail/cfg_prt__type_support.h
[58.383s] -- Symlinking: /home/jsmoon/yax_jeju/install/ublox_msgs/include/ublox_msgs/ublox_msgs/msg/detail/cfg_rate__functions.h
[58.390s] -- Symlinking: /home/jsmoon/yax_jeju/install/ublox_msgs/include/ublox_msgs/ublox_msgs/msg/detail/cfg_rate__struct.h
[58.398s] -- Symlinking: /home/jsmoon/yax_jeju/install/ublox_msgs/include/ublox_msgs/ublox_msgs/msg/detail/cfg_rate__type_support.h
[58.405s] -- Symlinking: /home/jsmoon/yax_jeju/install/ublox_msgs/include/ublox_msgs/ublox_msgs/msg/detail/cfg_rst__functions.h
[58.413s] -- Symlinking: /home/jsmoon/yax_jeju/install/ublox_msgs/include/ublox_msgs/ublox_msgs/msg/detail/cfg_rst__struct.h
[58.421s] -- Symlinking: /home/jsmoon/yax_jeju/install/ublox_msgs/include/ublox_msgs/ublox_msgs/msg/detail/cfg_rst__type_support.h
[58.429s] -- Symlinking: /home/jsmoon/yax_jeju/install/ublox_msgs/include/ublox_msgs/ublox_msgs/msg/detail/cfg_sbas__functions.h
[58.437s] -- Symlinking: /home/jsmoon/yax_jeju/install/ublox_msgs/include/ublox_msgs/ublox_msgs/msg/detail/cfg_sbas__struct.h
[58.444s] -- Symlinking: /home/jsmoon/yax_jeju/install/ublox_msgs/include/ublox_msgs/ublox_msgs/msg/detail/cfg_sbas__type_support.h
[58.451s] -- Symlinking: /home/jsmoon/yax_jeju/install/ublox_msgs/include/ublox_msgs/ublox_msgs/msg/detail/cfg_tmode3__functions.h
[58.459s] -- Symlinking: /home/jsmoon/yax_jeju/install/ublox_msgs/include/ublox_msgs/ublox_msgs/msg/detail/cfg_tmode3__struct.h
[58.467s] -- Symlinking: /home/jsmoon/yax_jeju/install/ublox_msgs/include/ublox_msgs/ublox_msgs/msg/detail/cfg_tmode3__type_support.h
[58.477s] -- Symlinking: /home/jsmoon/yax_jeju/install/ublox_msgs/include/ublox_msgs/ublox_msgs/msg/detail/cfg_usb__functions.h
[58.485s] -- Symlinking: /home/jsmoon/yax_jeju/install/ublox_msgs/include/ublox_msgs/ublox_msgs/msg/detail/cfg_usb__struct.h
[58.496s] -- Symlinking: /home/jsmoon/yax_jeju/install/ublox_msgs/include/ublox_msgs/ublox_msgs/msg/detail/cfg_usb__type_support.h
[58.504s] -- Symlinking: /home/jsmoon/yax_jeju/install/ublox_msgs/include/ublox_msgs/ublox_msgs/msg/detail/esf_ins__functions.h
[58.512s] -- Symlinking: /home/jsmoon/yax_jeju/install/ublox_msgs/include/ublox_msgs/ublox_msgs/msg/detail/esf_ins__struct.h
[58.521s] -- Symlinking: /home/jsmoon/yax_jeju/install/ublox_msgs/include/ublox_msgs/ublox_msgs/msg/detail/esf_ins__type_support.h
[58.531s] -- Symlinking: /home/jsmoon/yax_jeju/install/ublox_msgs/include/ublox_msgs/ublox_msgs/msg/detail/esf_meas__functions.h
[58.541s] -- Symlinking: /home/jsmoon/yax_jeju/install/ublox_msgs/include/ublox_msgs/ublox_msgs/msg/detail/esf_meas__struct.h
[58.549s] -- Symlinking: /home/jsmoon/yax_jeju/install/ublox_msgs/include/ublox_msgs/ublox_msgs/msg/detail/esf_meas__type_support.h
[58.557s] -- Symlinking: /home/jsmoon/yax_jeju/install/ublox_msgs/include/ublox_msgs/ublox_msgs/msg/detail/esf_raw__functions.h
[58.565s] -- Symlinking: /home/jsmoon/yax_jeju/install/ublox_msgs/include/ublox_msgs/ublox_msgs/msg/detail/esf_raw__struct.h
[58.574s] -- Symlinking: /home/jsmoon/yax_jeju/install/ublox_msgs/include/ublox_msgs/ublox_msgs/msg/detail/esf_raw__type_support.h
[58.582s] -- Symlinking: /home/jsmoon/yax_jeju/install/ublox_msgs/include/ublox_msgs/ublox_msgs/msg/detail/esf_raw_block__functions.h
[58.591s] -- Symlinking: /home/jsmoon/yax_jeju/install/ublox_msgs/include/ublox_msgs/ublox_msgs/msg/detail/esf_raw_block__struct.h
[58.600s] -- Symlinking: /home/jsmoon/yax_jeju/install/ublox_msgs/include/ublox_msgs/ublox_msgs/msg/detail/esf_raw_block__type_support.h
[58.608s] -- Symlinking: /home/jsmoon/yax_jeju/install/ublox_msgs/include/ublox_msgs/ublox_msgs/msg/detail/esf_status__functions.h
[58.617s] -- Symlinking: /home/jsmoon/yax_jeju/install/ublox_msgs/include/ublox_msgs/ublox_msgs/msg/detail/esf_status__struct.h
[58.626s] -- Symlinking: /home/jsmoon/yax_jeju/install/ublox_msgs/include/ublox_msgs/ublox_msgs/msg/detail/esf_status__type_support.h
[58.635s] -- Symlinking: /home/jsmoon/yax_jeju/install/ublox_msgs/include/ublox_msgs/ublox_msgs/msg/detail/esf_status_sens__functions.h
[58.643s] -- Symlinking: /home/jsmoon/yax_jeju/install/ublox_msgs/include/ublox_msgs/ublox_msgs/msg/detail/esf_status_sens__struct.h
[58.654s] -- Symlinking: /home/jsmoon/yax_jeju/install/ublox_msgs/include/ublox_msgs/ublox_msgs/msg/detail/esf_status_sens__type_support.h
[58.663s] -- Symlinking: /home/jsmoon/yax_jeju/install/ublox_msgs/include/ublox_msgs/ublox_msgs/msg/detail/hnr_pvt__functions.h
[58.671s] -- Symlinking: /home/jsmoon/yax_jeju/install/ublox_msgs/include/ublox_msgs/ublox_msgs/msg/detail/hnr_pvt__struct.h
[58.681s] -- Symlinking: /home/jsmoon/yax_jeju/install/ublox_msgs/include/ublox_msgs/ublox_msgs/msg/detail/hnr_pvt__type_support.h
[58.689s] -- Symlinking: /home/jsmoon/yax_jeju/install/ublox_msgs/include/ublox_msgs/ublox_msgs/msg/detail/inf__functions.h
[58.697s] -- Symlinking: /home/jsmoon/yax_jeju/install/ublox_msgs/include/ublox_msgs/ublox_msgs/msg/detail/inf__struct.h
[58.705s] -- Symlinking: /home/jsmoon/yax_jeju/install/ublox_msgs/include/ublox_msgs/ublox_msgs/msg/detail/inf__type_support.h
[58.714s] -- Symlinking: /home/jsmoon/yax_jeju/install/ublox_msgs/include/ublox_msgs/ublox_msgs/msg/detail/mga_gal__functions.h
[58.722s] -- Symlinking: /home/jsmoon/yax_jeju/install/ublox_msgs/include/ublox_msgs/ublox_msgs/msg/detail/mga_gal__struct.h
[58.730s] -- Symlinking: /home/jsmoon/yax_jeju/install/ublox_msgs/include/ublox_msgs/ublox_msgs/msg/detail/mga_gal__type_support.h
[58.738s] -- Symlinking: /home/jsmoon/yax_jeju/install/ublox_msgs/include/ublox_msgs/ublox_msgs/msg/detail/mon_gnss__functions.h
[58.746s] -- Symlinking: /home/jsmoon/yax_jeju/install/ublox_msgs/include/ublox_msgs/ublox_msgs/msg/detail/mon_gnss__struct.h
[58.754s] -- Symlinking: /home/jsmoon/yax_jeju/install/ublox_msgs/include/ublox_msgs/ublox_msgs/msg/detail/mon_gnss__type_support.h
[58.763s] -- Symlinking: /home/jsmoon/yax_jeju/install/ublox_msgs/include/ublox_msgs/ublox_msgs/msg/detail/mon_hw6__functions.h
[58.772s] -- Symlinking: /home/jsmoon/yax_jeju/install/ublox_msgs/include/ublox_msgs/ublox_msgs/msg/detail/mon_hw6__struct.h
[58.780s] -- Symlinking: /home/jsmoon/yax_jeju/install/ublox_msgs/include/ublox_msgs/ublox_msgs/msg/detail/mon_hw6__type_support.h
[58.789s] -- Symlinking: /home/jsmoon/yax_jeju/install/ublox_msgs/include/ublox_msgs/ublox_msgs/msg/detail/mon_hw__functions.h
[58.799s] -- Symlinking: /home/jsmoon/yax_jeju/install/ublox_msgs/include/ublox_msgs/ublox_msgs/msg/detail/mon_hw__struct.h
[58.808s] -- Symlinking: /home/jsmoon/yax_jeju/install/ublox_msgs/include/ublox_msgs/ublox_msgs/msg/detail/mon_hw__type_support.h
[58.816s] -- Symlinking: /home/jsmoon/yax_jeju/install/ublox_msgs/include/ublox_msgs/ublox_msgs/msg/detail/mon_ver__functions.h
[58.825s] -- Symlinking: /home/jsmoon/yax_jeju/install/ublox_msgs/include/ublox_msgs/ublox_msgs/msg/detail/mon_ver__struct.h
[58.835s] -- Symlinking: /home/jsmoon/yax_jeju/install/ublox_msgs/include/ublox_msgs/ublox_msgs/msg/detail/mon_ver__type_support.h
[58.844s] -- Symlinking: /home/jsmoon/yax_jeju/install/ublox_msgs/include/ublox_msgs/ublox_msgs/msg/detail/mon_ver_extension__functions.h
[58.852s] -- Symlinking: /home/jsmoon/yax_jeju/install/ublox_msgs/include/ublox_msgs/ublox_msgs/msg/detail/mon_ver_extension__struct.h
[58.861s] -- Symlinking: /home/jsmoon/yax_jeju/install/ublox_msgs/include/ublox_msgs/ublox_msgs/msg/detail/mon_ver_extension__type_support.h
[58.869s] -- Symlinking: /home/jsmoon/yax_jeju/install/ublox_msgs/include/ublox_msgs/ublox_msgs/msg/detail/nav_att__functions.h
[58.878s] -- Symlinking: /home/jsmoon/yax_jeju/install/ublox_msgs/include/ublox_msgs/ublox_msgs/msg/detail/nav_att__struct.h
[58.886s] -- Symlinking: /home/jsmoon/yax_jeju/install/ublox_msgs/include/ublox_msgs/ublox_msgs/msg/detail/nav_att__type_support.h
[58.895s] -- Symlinking: /home/jsmoon/yax_jeju/install/ublox_msgs/include/ublox_msgs/ublox_msgs/msg/detail/nav_clock__functions.h
[58.903s] -- Symlinking: /home/jsmoon/yax_jeju/install/ublox_msgs/include/ublox_msgs/ublox_msgs/msg/detail/nav_clock__struct.h
[58.911s] -- Symlinking: /home/jsmoon/yax_jeju/install/ublox_msgs/include/ublox_msgs/ublox_msgs/msg/detail/nav_clock__type_support.h
[58.920s] -- Symlinking: /home/jsmoon/yax_jeju/install/ublox_msgs/include/ublox_msgs/ublox_msgs/msg/detail/nav_dgps__functions.h
[58.928s] -- Symlinking: /home/jsmoon/yax_jeju/install/ublox_msgs/include/ublox_msgs/ublox_msgs/msg/detail/nav_dgps__struct.h
[58.936s] -- Symlinking: /home/jsmoon/yax_jeju/install/ublox_msgs/include/ublox_msgs/ublox_msgs/msg/detail/nav_dgps__type_support.h
[58.944s] -- Symlinking: /home/jsmoon/yax_jeju/install/ublox_msgs/include/ublox_msgs/ublox_msgs/msg/detail/nav_dgpssv__functions.h
[58.952s] -- Symlinking: /home/jsmoon/yax_jeju/install/ublox_msgs/include/ublox_msgs/ublox_msgs/msg/detail/nav_dgpssv__struct.h
[58.961s] -- Symlinking: /home/jsmoon/yax_jeju/install/ublox_msgs/include/ublox_msgs/ublox_msgs/msg/detail/nav_dgpssv__type_support.h
[58.969s] -- Symlinking: /home/jsmoon/yax_jeju/install/ublox_msgs/include/ublox_msgs/ublox_msgs/msg/detail/nav_dop__functions.h
[58.977s] -- Symlinking: /home/jsmoon/yax_jeju/install/ublox_msgs/include/ublox_msgs/ublox_msgs/msg/detail/nav_dop__struct.h
[58.985s] -- Symlinking: /home/jsmoon/yax_jeju/install/ublox_msgs/include/ublox_msgs/ublox_msgs/msg/detail/nav_dop__type_support.h
[58.992s] -- Symlinking: /home/jsmoon/yax_jeju/install/ublox_msgs/include/ublox_msgs/ublox_msgs/msg/detail/nav_posecef__functions.h
[58.999s] -- Symlinking: /home/jsmoon/yax_jeju/install/ublox_msgs/include/ublox_msgs/ublox_msgs/msg/detail/nav_posecef__struct.h
[59.007s] -- Symlinking: /home/jsmoon/yax_jeju/install/ublox_msgs/include/ublox_msgs/ublox_msgs/msg/detail/nav_posecef__type_support.h
[59.014s] -- Symlinking: /home/jsmoon/yax_jeju/install/ublox_msgs/include/ublox_msgs/ublox_msgs/msg/detail/nav_posllh__functions.h
[59.022s] -- Symlinking: /home/jsmoon/yax_jeju/install/ublox_msgs/include/ublox_msgs/ublox_msgs/msg/detail/nav_posllh__struct.h
[59.031s] -- Symlinking: /home/jsmoon/yax_jeju/install/ublox_msgs/include/ublox_msgs/ublox_msgs/msg/detail/nav_posllh__type_support.h
[59.040s] -- Symlinking: /home/jsmoon/yax_jeju/install/ublox_msgs/include/ublox_msgs/ublox_msgs/msg/detail/nav_pvt7__functions.h
[59.048s] -- Symlinking: /home/jsmoon/yax_jeju/install/ublox_msgs/include/ublox_msgs/ublox_msgs/msg/detail/nav_pvt7__struct.h
[59.056s] -- Symlinking: /home/jsmoon/yax_jeju/install/ublox_msgs/include/ublox_msgs/ublox_msgs/msg/detail/nav_pvt7__type_support.h
[59.064s] -- Symlinking: /home/jsmoon/yax_jeju/install/ublox_msgs/include/ublox_msgs/ublox_msgs/msg/detail/nav_pvt__functions.h
[59.072s] -- Symlinking: /home/jsmoon/yax_jeju/install/ublox_msgs/include/ublox_msgs/ublox_msgs/msg/detail/nav_pvt__struct.h
[59.079s] -- Symlinking: /home/jsmoon/yax_jeju/install/ublox_msgs/include/ublox_msgs/ublox_msgs/msg/detail/nav_pvt__type_support.h
[59.086s] -- Symlinking: /home/jsmoon/yax_jeju/install/ublox_msgs/include/ublox_msgs/ublox_msgs/msg/detail/nav_relposned9__functions.h
[59.094s] -- Symlinking: /home/jsmoon/yax_jeju/install/ublox_msgs/include/ublox_msgs/ublox_msgs/msg/detail/nav_relposned9__struct.h
[59.101s] -- Symlinking: /home/jsmoon/yax_jeju/install/ublox_msgs/include/ublox_msgs/ublox_msgs/msg/detail/nav_relposned9__type_support.h
[59.109s] -- Symlinking: /home/jsmoon/yax_jeju/install/ublox_msgs/include/ublox_msgs/ublox_msgs/msg/detail/nav_relposned__functions.h
[59.116s] -- Symlinking: /home/jsmoon/yax_jeju/install/ublox_msgs/include/ublox_msgs/ublox_msgs/msg/detail/nav_relposned__struct.h
[59.126s] -- Symlinking: /home/jsmoon/yax_jeju/install/ublox_msgs/include/ublox_msgs/ublox_msgs/msg/detail/nav_relposned__type_support.h
[59.134s] -- Symlinking: /home/jsmoon/yax_jeju/install/ublox_msgs/include/ublox_msgs/ublox_msgs/msg/detail/nav_sat__functions.h
[59.140s] -- Symlinking: /home/jsmoon/yax_jeju/install/ublox_msgs/include/ublox_msgs/ublox_msgs/msg/detail/nav_sat__struct.h
[59.149s] -- Symlinking: /home/jsmoon/yax_jeju/install/ublox_msgs/include/ublox_msgs/ublox_msgs/msg/detail/nav_sat__type_support.h
[59.157s] -- Symlinking: /home/jsmoon/yax_jeju/install/ublox_msgs/include/ublox_msgs/ublox_msgs/msg/detail/nav_satsv__functions.h
[59.165s] -- Symlinking: /home/jsmoon/yax_jeju/install/ublox_msgs/include/ublox_msgs/ublox_msgs/msg/detail/nav_satsv__struct.h
[59.172s] -- Symlinking: /home/jsmoon/yax_jeju/install/ublox_msgs/include/ublox_msgs/ublox_msgs/msg/detail/nav_satsv__type_support.h
[59.179s] -- Symlinking: /home/jsmoon/yax_jeju/install/ublox_msgs/include/ublox_msgs/ublox_msgs/msg/detail/nav_sbas__functions.h
[59.189s] -- Symlinking: /home/jsmoon/yax_jeju/install/ublox_msgs/include/ublox_msgs/ublox_msgs/msg/detail/nav_sbas__struct.h
[59.196s] -- Symlinking: /home/jsmoon/yax_jeju/install/ublox_msgs/include/ublox_msgs/ublox_msgs/msg/detail/nav_sbas__type_support.h
[59.204s] -- Symlinking: /home/jsmoon/yax_jeju/install/ublox_msgs/include/ublox_msgs/ublox_msgs/msg/detail/nav_sbassv__functions.h
[59.213s] -- Symlinking: /home/jsmoon/yax_jeju/install/ublox_msgs/include/ublox_msgs/ublox_msgs/msg/detail/nav_sbassv__struct.h
[59.222s] -- Symlinking: /home/jsmoon/yax_jeju/install/ublox_msgs/include/ublox_msgs/ublox_msgs/msg/detail/nav_sbassv__type_support.h
[59.230s] -- Symlinking: /home/jsmoon/yax_jeju/install/ublox_msgs/include/ublox_msgs/ublox_msgs/msg/detail/nav_sol__functions.h
[59.238s] -- Symlinking: /home/jsmoon/yax_jeju/install/ublox_msgs/include/ublox_msgs/ublox_msgs/msg/detail/nav_sol__struct.h
[59.246s] -- Symlinking: /home/jsmoon/yax_jeju/install/ublox_msgs/include/ublox_msgs/ublox_msgs/msg/detail/nav_sol__type_support.h
[59.254s] -- Symlinking: /home/jsmoon/yax_jeju/install/ublox_msgs/include/ublox_msgs/ublox_msgs/msg/detail/nav_status__functions.h
[59.262s] -- Symlinking: /home/jsmoon/yax_jeju/install/ublox_msgs/include/ublox_msgs/ublox_msgs/msg/detail/nav_status__struct.h
[59.269s] -- Symlinking: /home/jsmoon/yax_jeju/install/ublox_msgs/include/ublox_msgs/ublox_msgs/msg/detail/nav_status__type_support.h
[59.278s] -- Symlinking: /home/jsmoon/yax_jeju/install/ublox_msgs/include/ublox_msgs/ublox_msgs/msg/detail/nav_svin__functions.h
[59.285s] -- Symlinking: /home/jsmoon/yax_jeju/install/ublox_msgs/include/ublox_msgs/ublox_msgs/msg/detail/nav_svin__struct.h
[59.294s] -- Symlinking: /home/jsmoon/yax_jeju/install/ublox_msgs/include/ublox_msgs/ublox_msgs/msg/detail/nav_svin__type_support.h
[59.301s] -- Symlinking: /home/jsmoon/yax_jeju/install/ublox_msgs/include/ublox_msgs/ublox_msgs/msg/detail/nav_svinfo__functions.h
[59.310s] -- Symlinking: /home/jsmoon/yax_jeju/install/ublox_msgs/include/ublox_msgs/ublox_msgs/msg/detail/nav_svinfo__struct.h
[59.317s] -- Symlinking: /home/jsmoon/yax_jeju/install/ublox_msgs/include/ublox_msgs/ublox_msgs/msg/detail/nav_svinfo__type_support.h
[59.326s] -- Symlinking: /home/jsmoon/yax_jeju/install/ublox_msgs/include/ublox_msgs/ublox_msgs/msg/detail/nav_svinfosv__functions.h
[59.334s] -- Symlinking: /home/jsmoon/yax_jeju/install/ublox_msgs/include/ublox_msgs/ublox_msgs/msg/detail/nav_svinfosv__struct.h
[59.344s] -- Symlinking: /home/jsmoon/yax_jeju/install/ublox_msgs/include/ublox_msgs/ublox_msgs/msg/detail/nav_svinfosv__type_support.h
[59.352s] -- Symlinking: /home/jsmoon/yax_jeju/install/ublox_msgs/include/ublox_msgs/ublox_msgs/msg/detail/nav_timegps__functions.h
[59.360s] -- Symlinking: /home/jsmoon/yax_jeju/install/ublox_msgs/include/ublox_msgs/ublox_msgs/msg/detail/nav_timegps__struct.h
[59.369s] -- Symlinking: /home/jsmoon/yax_jeju/install/ublox_msgs/include/ublox_msgs/ublox_msgs/msg/detail/nav_timegps__type_support.h
[59.376s] -- Symlinking: /home/jsmoon/yax_jeju/install/ublox_msgs/include/ublox_msgs/ublox_msgs/msg/detail/nav_timeutc__functions.h
[59.385s] -- Symlinking: /home/jsmoon/yax_jeju/install/ublox_msgs/include/ublox_msgs/ublox_msgs/msg/detail/nav_timeutc__struct.h
[59.393s] -- Symlinking: /home/jsmoon/yax_jeju/install/ublox_msgs/include/ublox_msgs/ublox_msgs/msg/detail/nav_timeutc__type_support.h
[59.400s] -- Symlinking: /home/jsmoon/yax_jeju/install/ublox_msgs/include/ublox_msgs/ublox_msgs/msg/detail/nav_velecef__functions.h
[59.409s] -- Symlinking: /home/jsmoon/yax_jeju/install/ublox_msgs/include/ublox_msgs/ublox_msgs/msg/detail/nav_velecef__struct.h
[59.419s] -- Symlinking: /home/jsmoon/yax_jeju/install/ublox_msgs/include/ublox_msgs/ublox_msgs/msg/detail/nav_velecef__type_support.h
[59.428s] -- Symlinking: /home/jsmoon/yax_jeju/install/ublox_msgs/include/ublox_msgs/ublox_msgs/msg/detail/nav_velned__functions.h
[59.434s] -- Symlinking: /home/jsmoon/yax_jeju/install/ublox_msgs/include/ublox_msgs/ublox_msgs/msg/detail/nav_velned__struct.h
[59.441s] -- Symlinking: /home/jsmoon/yax_jeju/install/ublox_msgs/include/ublox_msgs/ublox_msgs/msg/detail/nav_velned__type_support.h
[59.448s] -- Symlinking: /home/jsmoon/yax_jeju/install/ublox_msgs/include/ublox_msgs/ublox_msgs/msg/detail/rxm_alm__functions.h
[59.456s] -- Symlinking: /home/jsmoon/yax_jeju/install/ublox_msgs/include/ublox_msgs/ublox_msgs/msg/detail/rxm_alm__struct.h
[59.465s] -- Symlinking: /home/jsmoon/yax_jeju/install/ublox_msgs/include/ublox_msgs/ublox_msgs/msg/detail/rxm_alm__type_support.h
[59.473s] -- Symlinking: /home/jsmoon/yax_jeju/install/ublox_msgs/include/ublox_msgs/ublox_msgs/msg/detail/rxm_eph__functions.h
[59.480s] -- Symlinking: /home/jsmoon/yax_jeju/install/ublox_msgs/include/ublox_msgs/ublox_msgs/msg/detail/rxm_eph__struct.h
[59.488s] -- Symlinking: /home/jsmoon/yax_jeju/install/ublox_msgs/include/ublox_msgs/ublox_msgs/msg/detail/rxm_eph__type_support.h
[59.496s] -- Symlinking: /home/jsmoon/yax_jeju/install/ublox_msgs/include/ublox_msgs/ublox_msgs/msg/detail/rxm_raw__functions.h
[59.505s] -- Symlinking: /home/jsmoon/yax_jeju/install/ublox_msgs/include/ublox_msgs/ublox_msgs/msg/detail/rxm_raw__struct.h
[59.512s] -- Symlinking: /home/jsmoon/yax_jeju/install/ublox_msgs/include/ublox_msgs/ublox_msgs/msg/detail/rxm_raw__type_support.h
[59.519s] -- Symlinking: /home/jsmoon/yax_jeju/install/ublox_msgs/include/ublox_msgs/ublox_msgs/msg/detail/rxm_rawsv__functions.h
[59.530s] -- Symlinking: /home/jsmoon/yax_jeju/install/ublox_msgs/include/ublox_msgs/ublox_msgs/msg/detail/rxm_rawsv__struct.h
[59.539s] -- Symlinking: /home/jsmoon/yax_jeju/install/ublox_msgs/include/ublox_msgs/ublox_msgs/msg/detail/rxm_rawsv__type_support.h
[59.548s] -- Symlinking: /home/jsmoon/yax_jeju/install/ublox_msgs/include/ublox_msgs/ublox_msgs/msg/detail/rxm_rawx__functions.h
[59.555s] -- Symlinking: /home/jsmoon/yax_jeju/install/ublox_msgs/include/ublox_msgs/ublox_msgs/msg/detail/rxm_rawx__struct.h
[59.564s] -- Symlinking: /home/jsmoon/yax_jeju/install/ublox_msgs/include/ublox_msgs/ublox_msgs/msg/detail/rxm_rawx__type_support.h
[59.572s] -- Symlinking: /home/jsmoon/yax_jeju/install/ublox_msgs/include/ublox_msgs/ublox_msgs/msg/detail/rxm_rawx_meas__functions.h
[59.579s] -- Symlinking: /home/jsmoon/yax_jeju/install/ublox_msgs/include/ublox_msgs/ublox_msgs/msg/detail/rxm_rawx_meas__struct.h
[59.586s] -- Symlinking: /home/jsmoon/yax_jeju/install/ublox_msgs/include/ublox_msgs/ublox_msgs/msg/detail/rxm_rawx_meas__type_support.h
[59.594s] -- Symlinking: /home/jsmoon/yax_jeju/install/ublox_msgs/include/ublox_msgs/ublox_msgs/msg/detail/rxm_rtcm__functions.h
[59.601s] -- Symlinking: /home/jsmoon/yax_jeju/install/ublox_msgs/include/ublox_msgs/ublox_msgs/msg/detail/rxm_rtcm__struct.h
[59.610s] -- Symlinking: /home/jsmoon/yax_jeju/install/ublox_msgs/include/ublox_msgs/ublox_msgs/msg/detail/rxm_rtcm__type_support.h
[59.619s] -- Symlinking: /home/jsmoon/yax_jeju/install/ublox_msgs/include/ublox_msgs/ublox_msgs/msg/detail/rxm_sfrb__functions.h
[59.628s] -- Symlinking: /home/jsmoon/yax_jeju/install/ublox_msgs/include/ublox_msgs/ublox_msgs/msg/detail/rxm_sfrb__struct.h
[59.636s] -- Symlinking: /home/jsmoon/yax_jeju/install/ublox_msgs/include/ublox_msgs/ublox_msgs/msg/detail/rxm_sfrb__type_support.h
[59.643s] -- Symlinking: /home/jsmoon/yax_jeju/install/ublox_msgs/include/ublox_msgs/ublox_msgs/msg/detail/rxm_sfrbx__functions.h
[59.651s] -- Symlinking: /home/jsmoon/yax_jeju/install/ublox_msgs/include/ublox_msgs/ublox_msgs/msg/detail/rxm_sfrbx__struct.h
[59.658s] -- Symlinking: /home/jsmoon/yax_jeju/install/ublox_msgs/include/ublox_msgs/ublox_msgs/msg/detail/rxm_sfrbx__type_support.h
[59.665s] -- Symlinking: /home/jsmoon/yax_jeju/install/ublox_msgs/include/ublox_msgs/ublox_msgs/msg/detail/rxm_svsi__functions.h
[59.673s] -- Symlinking: /home/jsmoon/yax_jeju/install/ublox_msgs/include/ublox_msgs/ublox_msgs/msg/detail/rxm_svsi__struct.h
[59.681s] -- Symlinking: /home/jsmoon/yax_jeju/install/ublox_msgs/include/ublox_msgs/ublox_msgs/msg/detail/rxm_svsi__type_support.h
[59.689s] -- Symlinking: /home/jsmoon/yax_jeju/install/ublox_msgs/include/ublox_msgs/ublox_msgs/msg/detail/rxm_svsisv__functions.h
[59.697s] -- Symlinking: /home/jsmoon/yax_jeju/install/ublox_msgs/include/ublox_msgs/ublox_msgs/msg/detail/rxm_svsisv__struct.h
[59.704s] -- Symlinking: /home/jsmoon/yax_jeju/install/ublox_msgs/include/ublox_msgs/ublox_msgs/msg/detail/rxm_svsisv__type_support.h
[59.712s] -- Symlinking: /home/jsmoon/yax_jeju/install/ublox_msgs/include/ublox_msgs/ublox_msgs/msg/detail/tim_tm2__functions.h
[59.720s] -- Symlinking: /home/jsmoon/yax_jeju/install/ublox_msgs/include/ublox_msgs/ublox_msgs/msg/detail/tim_tm2__struct.h
[59.730s] -- Symlinking: /home/jsmoon/yax_jeju/install/ublox_msgs/include/ublox_msgs/ublox_msgs/msg/detail/tim_tm2__type_support.h
[59.737s] -- Symlinking: /home/jsmoon/yax_jeju/install/ublox_msgs/include/ublox_msgs/ublox_msgs/msg/detail/upd_sos__functions.h
[59.746s] -- Symlinking: /home/jsmoon/yax_jeju/install/ublox_msgs/include/ublox_msgs/ublox_msgs/msg/detail/upd_sos__struct.h
[59.754s] -- Symlinking: /home/jsmoon/yax_jeju/install/ublox_msgs/include/ublox_msgs/ublox_msgs/msg/detail/upd_sos__type_support.h
[59.761s] -- Symlinking: /home/jsmoon/yax_jeju/install/ublox_msgs/include/ublox_msgs/ublox_msgs/msg/detail/upd_sos_ack__functions.h
[59.769s] -- Symlinking: /home/jsmoon/yax_jeju/install/ublox_msgs/include/ublox_msgs/ublox_msgs/msg/detail/upd_sos_ack__struct.h
[59.776s] -- Symlinking: /home/jsmoon/yax_jeju/install/ublox_msgs/include/ublox_msgs/ublox_msgs/msg/detail/upd_sos_ack__type_support.h
[59.786s] -- Symlinking: /home/jsmoon/yax_jeju/install/ublox_msgs/include/ublox_msgs/ublox_msgs/msg/esf_ins.h
[59.793s] -- Symlinking: /home/jsmoon/yax_jeju/install/ublox_msgs/include/ublox_msgs/ublox_msgs/msg/esf_meas.h
[59.802s] -- Symlinking: /home/jsmoon/yax_jeju/install/ublox_msgs/include/ublox_msgs/ublox_msgs/msg/esf_raw.h
[59.809s] -- Symlinking: /home/jsmoon/yax_jeju/install/ublox_msgs/include/ublox_msgs/ublox_msgs/msg/esf_raw_block.h
[59.818s] -- Symlinking: /home/jsmoon/yax_jeju/install/ublox_msgs/include/ublox_msgs/ublox_msgs/msg/esf_status.h
[59.827s] -- Symlinking: /home/jsmoon/yax_jeju/install/ublox_msgs/include/ublox_msgs/ublox_msgs/msg/esf_status_sens.h
[59.836s] -- Symlinking: /home/jsmoon/yax_jeju/install/ublox_msgs/include/ublox_msgs/ublox_msgs/msg/hnr_pvt.h
[59.844s] -- Symlinking: /home/jsmoon/yax_jeju/install/ublox_msgs/include/ublox_msgs/ublox_msgs/msg/inf.h
[59.853s] -- Symlinking: /home/jsmoon/yax_jeju/install/ublox_msgs/include/ublox_msgs/ublox_msgs/msg/mga_gal.h
[59.860s] -- Symlinking: /home/jsmoon/yax_jeju/install/ublox_msgs/include/ublox_msgs/ublox_msgs/msg/mon_gnss.h
[59.869s] -- Symlinking: /home/jsmoon/yax_jeju/install/ublox_msgs/include/ublox_msgs/ublox_msgs/msg/mon_hw.h
[59.877s] -- Symlinking: /home/jsmoon/yax_jeju/install/ublox_msgs/include/ublox_msgs/ublox_msgs/msg/mon_hw6.h
[59.885s] -- Symlinking: /home/jsmoon/yax_jeju/install/ublox_msgs/include/ublox_msgs/ublox_msgs/msg/mon_ver.h
[59.892s] -- Symlinking: /home/jsmoon/yax_jeju/install/ublox_msgs/include/ublox_msgs/ublox_msgs/msg/mon_ver_extension.h
[59.899s] -- Symlinking: /home/jsmoon/yax_jeju/install/ublox_msgs/include/ublox_msgs/ublox_msgs/msg/nav_att.h
[59.908s] -- Symlinking: /home/jsmoon/yax_jeju/install/ublox_msgs/include/ublox_msgs/ublox_msgs/msg/nav_clock.h
[59.915s] -- Symlinking: /home/jsmoon/yax_jeju/install/ublox_msgs/include/ublox_msgs/ublox_msgs/msg/nav_dgps.h
[59.922s] -- Symlinking: /home/jsmoon/yax_jeju/install/ublox_msgs/include/ublox_msgs/ublox_msgs/msg/nav_dgpssv.h
[59.931s] -- Symlinking: /home/jsmoon/yax_jeju/install/ublox_msgs/include/ublox_msgs/ublox_msgs/msg/nav_dop.h
[59.938s] -- Symlinking: /home/jsmoon/yax_jeju/install/ublox_msgs/include/ublox_msgs/ublox_msgs/msg/nav_posecef.h
[59.945s] -- Symlinking: /home/jsmoon/yax_jeju/install/ublox_msgs/include/ublox_msgs/ublox_msgs/msg/nav_posllh.h
[59.952s] -- Symlinking: /home/jsmoon/yax_jeju/install/ublox_msgs/include/ublox_msgs/ublox_msgs/msg/nav_pvt.h
[59.960s] -- Symlinking: /home/jsmoon/yax_jeju/install/ublox_msgs/include/ublox_msgs/ublox_msgs/msg/nav_pvt7.h
[59.968s] -- Symlinking: /home/jsmoon/yax_jeju/install/ublox_msgs/include/ublox_msgs/ublox_msgs/msg/nav_relposned.h
[59.976s] -- Symlinking: /home/jsmoon/yax_jeju/install/ublox_msgs/include/ublox_msgs/ublox_msgs/msg/nav_relposned9.h
[59.985s] -- Symlinking: /home/jsmoon/yax_jeju/install/ublox_msgs/include/ublox_msgs/ublox_msgs/msg/nav_sat.h
[59.993s] -- Symlinking: /home/jsmoon/yax_jeju/install/ublox_msgs/include/ublox_msgs/ublox_msgs/msg/nav_satsv.h
[60.001s] -- Symlinking: /home/jsmoon/yax_jeju/install/ublox_msgs/include/ublox_msgs/ublox_msgs/msg/nav_sbas.h
[60.008s] -- Symlinking: /home/jsmoon/yax_jeju/install/ublox_msgs/include/ublox_msgs/ublox_msgs/msg/nav_sbassv.h
[60.016s] -- Symlinking: /home/jsmoon/yax_jeju/install/ublox_msgs/include/ublox_msgs/ublox_msgs/msg/nav_sol.h
[60.026s] -- Symlinking: /home/jsmoon/yax_jeju/install/ublox_msgs/include/ublox_msgs/ublox_msgs/msg/nav_status.h
[60.033s] -- Symlinking: /home/jsmoon/yax_jeju/install/ublox_msgs/include/ublox_msgs/ublox_msgs/msg/nav_svin.h
[60.040s] -- Symlinking: /home/jsmoon/yax_jeju/install/ublox_msgs/include/ublox_msgs/ublox_msgs/msg/nav_svinfo.h
[60.049s] -- Symlinking: /home/jsmoon/yax_jeju/install/ublox_msgs/include/ublox_msgs/ublox_msgs/msg/nav_svinfosv.h
[60.056s] -- Symlinking: /home/jsmoon/yax_jeju/install/ublox_msgs/include/ublox_msgs/ublox_msgs/msg/nav_timegps.h
[60.065s] -- Symlinking: /home/jsmoon/yax_jeju/install/ublox_msgs/include/ublox_msgs/ublox_msgs/msg/nav_timeutc.h
[60.075s] -- Symlinking: /home/jsmoon/yax_jeju/install/ublox_msgs/include/ublox_msgs/ublox_msgs/msg/nav_velecef.h
[60.082s] -- Symlinking: /home/jsmoon/yax_jeju/install/ublox_msgs/include/ublox_msgs/ublox_msgs/msg/nav_velned.h
[60.090s] -- Symlinking: /home/jsmoon/yax_jeju/install/ublox_msgs/include/ublox_msgs/ublox_msgs/msg/rosidl_generator_c__visibility_control.h
[60.098s] -- Symlinking: /home/jsmoon/yax_jeju/install/ublox_msgs/include/ublox_msgs/ublox_msgs/msg/rxm_alm.h
[60.105s] -- Symlinking: /home/jsmoon/yax_jeju/install/ublox_msgs/include/ublox_msgs/ublox_msgs/msg/rxm_eph.h
[60.113s] -- Symlinking: /home/jsmoon/yax_jeju/install/ublox_msgs/include/ublox_msgs/ublox_msgs/msg/rxm_raw.h
[60.120s] -- Symlinking: /home/jsmoon/yax_jeju/install/ublox_msgs/include/ublox_msgs/ublox_msgs/msg/rxm_rawsv.h
[60.129s] -- Symlinking: /home/jsmoon/yax_jeju/install/ublox_msgs/include/ublox_msgs/ublox_msgs/msg/rxm_rawx.h
[60.136s] -- Symlinking: /home/jsmoon/yax_jeju/install/ublox_msgs/include/ublox_msgs/ublox_msgs/msg/rxm_rawx_meas.h
[60.143s] -- Symlinking: /home/jsmoon/yax_jeju/install/ublox_msgs/include/ublox_msgs/ublox_msgs/msg/rxm_rtcm.h
[60.151s] -- Symlinking: /home/jsmoon/yax_jeju/install/ublox_msgs/include/ublox_msgs/ublox_msgs/msg/rxm_sfrb.h
[60.160s] -- Symlinking: /home/jsmoon/yax_jeju/install/ublox_msgs/include/ublox_msgs/ublox_msgs/msg/rxm_sfrbx.h
[60.168s] -- Symlinking: /home/jsmoon/yax_jeju/install/ublox_msgs/include/ublox_msgs/ublox_msgs/msg/rxm_svsi.h
[60.176s] -- Symlinking: /home/jsmoon/yax_jeju/install/ublox_msgs/include/ublox_msgs/ublox_msgs/msg/rxm_svsisv.h
[60.184s] -- Symlinking: /home/jsmoon/yax_jeju/install/ublox_msgs/include/ublox_msgs/ublox_msgs/msg/tim_tm2.h
[60.192s] -- Symlinking: /home/jsmoon/yax_jeju/install/ublox_msgs/include/ublox_msgs/ublox_msgs/msg/upd_sos.h
[60.199s] -- Symlinking: /home/jsmoon/yax_jeju/install/ublox_msgs/include/ublox_msgs/ublox_msgs/msg/upd_sos_ack.h
[60.206s] -- Symlinking: /home/jsmoon/yax_jeju/install/ublox_msgs/share/ublox_msgs/environment/library_path.sh
[60.215s] -- Symlinking: /home/jsmoon/yax_jeju/install/ublox_msgs/share/ublox_msgs/environment/library_path.dsv
[60.227s] -- Symlinking: /home/jsmoon/yax_jeju/install/ublox_msgs/include/ublox_msgs/ublox_msgs/msg/detail/ack__rosidl_typesupport_fastrtps_c.h
[60.234s] -- Symlinking: /home/jsmoon/yax_jeju/install/ublox_msgs/include/ublox_msgs/ublox_msgs/msg/detail/aid_alm__rosidl_typesupport_fastrtps_c.h
[60.241s] -- Symlinking: /home/jsmoon/yax_jeju/install/ublox_msgs/include/ublox_msgs/ublox_msgs/msg/detail/aid_eph__rosidl_typesupport_fastrtps_c.h
[60.248s] -- Symlinking: /home/jsmoon/yax_jeju/install/ublox_msgs/include/ublox_msgs/ublox_msgs/msg/detail/aid_hui__rosidl_typesupport_fastrtps_c.h
[60.257s] -- Symlinking: /home/jsmoon/yax_jeju/install/ublox_msgs/include/ublox_msgs/ublox_msgs/msg/detail/cfg_ant__rosidl_typesupport_fastrtps_c.h
[60.264s] -- Symlinking: /home/jsmoon/yax_jeju/install/ublox_msgs/include/ublox_msgs/ublox_msgs/msg/detail/cfg_cfg__rosidl_typesupport_fastrtps_c.h
[60.272s] -- Symlinking: /home/jsmoon/yax_jeju/install/ublox_msgs/include/ublox_msgs/ublox_msgs/msg/detail/cfg_dat__rosidl_typesupport_fastrtps_c.h
[60.280s] -- Symlinking: /home/jsmoon/yax_jeju/install/ublox_msgs/include/ublox_msgs/ublox_msgs/msg/detail/cfg_dgnss__rosidl_typesupport_fastrtps_c.h
[60.289s] -- Symlinking: /home/jsmoon/yax_jeju/install/ublox_msgs/include/ublox_msgs/ublox_msgs/msg/detail/cfg_gnss__rosidl_typesupport_fastrtps_c.h
[60.297s] -- Symlinking: /home/jsmoon/yax_jeju/install/ublox_msgs/include/ublox_msgs/ublox_msgs/msg/detail/cfg_gnss_block__rosidl_typesupport_fastrtps_c.h
[60.305s] -- Symlinking: /home/jsmoon/yax_jeju/install/ublox_msgs/include/ublox_msgs/ublox_msgs/msg/detail/cfg_hnr__rosidl_typesupport_fastrtps_c.h
[60.313s] -- Symlinking: /home/jsmoon/yax_jeju/install/ublox_msgs/include/ublox_msgs/ublox_msgs/msg/detail/cfg_inf__rosidl_typesupport_fastrtps_c.h
[60.321s] -- Symlinking: /home/jsmoon/yax_jeju/install/ublox_msgs/include/ublox_msgs/ublox_msgs/msg/detail/cfg_inf_block__rosidl_typesupport_fastrtps_c.h
[60.330s] -- Symlinking: /home/jsmoon/yax_jeju/install/ublox_msgs/include/ublox_msgs/ublox_msgs/msg/detail/cfg_msg__rosidl_typesupport_fastrtps_c.h
[60.338s] -- Symlinking: /home/jsmoon/yax_jeju/install/ublox_msgs/include/ublox_msgs/ublox_msgs/msg/detail/cfg_nav5__rosidl_typesupport_fastrtps_c.h
[60.345s] -- Symlinking: /home/jsmoon/yax_jeju/install/ublox_msgs/include/ublox_msgs/ublox_msgs/msg/detail/cfg_navx5__rosidl_typesupport_fastrtps_c.h
[60.353s] -- Symlinking: /home/jsmoon/yax_jeju/install/ublox_msgs/include/ublox_msgs/ublox_msgs/msg/detail/cfg_nmea6__rosidl_typesupport_fastrtps_c.h
[60.361s] -- Symlinking: /home/jsmoon/yax_jeju/install/ublox_msgs/include/ublox_msgs/ublox_msgs/msg/detail/cfg_nmea7__rosidl_typesupport_fastrtps_c.h
[60.369s] -- Symlinking: /home/jsmoon/yax_jeju/install/ublox_msgs/include/ublox_msgs/ublox_msgs/msg/detail/cfg_nmea__rosidl_typesupport_fastrtps_c.h
[60.377s] -- Symlinking: /home/jsmoon/yax_jeju/install/ublox_msgs/include/ublox_msgs/ublox_msgs/msg/detail/cfg_prt__rosidl_typesupport_fastrtps_c.h
[60.385s] -- Symlinking: /home/jsmoon/yax_jeju/install/ublox_msgs/include/ublox_msgs/ublox_msgs/msg/detail/cfg_rate__rosidl_typesupport_fastrtps_c.h
[60.392s] -- Symlinking: /home/jsmoon/yax_jeju/install/ublox_msgs/include/ublox_msgs/ublox_msgs/msg/detail/cfg_rst__rosidl_typesupport_fastrtps_c.h
[60.401s] -- Symlinking: /home/jsmoon/yax_jeju/install/ublox_msgs/include/ublox_msgs/ublox_msgs/msg/detail/cfg_sbas__rosidl_typesupport_fastrtps_c.h
[60.409s] -- Symlinking: /home/jsmoon/yax_jeju/install/ublox_msgs/include/ublox_msgs/ublox_msgs/msg/detail/cfg_tmode3__rosidl_typesupport_fastrtps_c.h
[60.418s] -- Symlinking: /home/jsmoon/yax_jeju/install/ublox_msgs/include/ublox_msgs/ublox_msgs/msg/detail/cfg_usb__rosidl_typesupport_fastrtps_c.h
[60.427s] -- Symlinking: /home/jsmoon/yax_jeju/install/ublox_msgs/include/ublox_msgs/ublox_msgs/msg/detail/esf_ins__rosidl_typesupport_fastrtps_c.h
[60.435s] -- Symlinking: /home/jsmoon/yax_jeju/install/ublox_msgs/include/ublox_msgs/ublox_msgs/msg/detail/esf_meas__rosidl_typesupport_fastrtps_c.h
[60.442s] -- Symlinking: /home/jsmoon/yax_jeju/install/ublox_msgs/include/ublox_msgs/ublox_msgs/msg/detail/esf_raw__rosidl_typesupport_fastrtps_c.h
[60.451s] -- Symlinking: /home/jsmoon/yax_jeju/install/ublox_msgs/include/ublox_msgs/ublox_msgs/msg/detail/esf_raw_block__rosidl_typesupport_fastrtps_c.h
[60.458s] -- Symlinking: /home/jsmoon/yax_jeju/install/ublox_msgs/include/ublox_msgs/ublox_msgs/msg/detail/esf_status__rosidl_typesupport_fastrtps_c.h
[60.467s] -- Symlinking: /home/jsmoon/yax_jeju/install/ublox_msgs/include/ublox_msgs/ublox_msgs/msg/detail/esf_status_sens__rosidl_typesupport_fastrtps_c.h
[60.474s] -- Symlinking: /home/jsmoon/yax_jeju/install/ublox_msgs/include/ublox_msgs/ublox_msgs/msg/detail/hnr_pvt__rosidl_typesupport_fastrtps_c.h
[60.482s] -- Symlinking: /home/jsmoon/yax_jeju/install/ublox_msgs/include/ublox_msgs/ublox_msgs/msg/detail/inf__rosidl_typesupport_fastrtps_c.h
[60.490s] -- Symlinking: /home/jsmoon/yax_jeju/install/ublox_msgs/include/ublox_msgs/ublox_msgs/msg/detail/mga_gal__rosidl_typesupport_fastrtps_c.h
[60.498s] -- Symlinking: /home/jsmoon/yax_jeju/install/ublox_msgs/include/ublox_msgs/ublox_msgs/msg/detail/mon_gnss__rosidl_typesupport_fastrtps_c.h
[60.505s] -- Symlinking: /home/jsmoon/yax_jeju/install/ublox_msgs/include/ublox_msgs/ublox_msgs/msg/detail/mon_hw6__rosidl_typesupport_fastrtps_c.h
[60.513s] -- Symlinking: /home/jsmoon/yax_jeju/install/ublox_msgs/include/ublox_msgs/ublox_msgs/msg/detail/mon_hw__rosidl_typesupport_fastrtps_c.h
[60.522s] -- Symlinking: /home/jsmoon/yax_jeju/install/ublox_msgs/include/ublox_msgs/ublox_msgs/msg/detail/mon_ver__rosidl_typesupport_fastrtps_c.h
[60.531s] -- Symlinking: /home/jsmoon/yax_jeju/install/ublox_msgs/include/ublox_msgs/ublox_msgs/msg/detail/mon_ver_extension__rosidl_typesupport_fastrtps_c.h
[60.538s] -- Symlinking: /home/jsmoon/yax_jeju/install/ublox_msgs/include/ublox_msgs/ublox_msgs/msg/detail/nav_att__rosidl_typesupport_fastrtps_c.h
[60.547s] -- Symlinking: /home/jsmoon/yax_jeju/install/ublox_msgs/include/ublox_msgs/ublox_msgs/msg/detail/nav_clock__rosidl_typesupport_fastrtps_c.h
[60.556s] -- Symlinking: /home/jsmoon/yax_jeju/install/ublox_msgs/include/ublox_msgs/ublox_msgs/msg/detail/nav_dgps__rosidl_typesupport_fastrtps_c.h
[60.564s] -- Symlinking: /home/jsmoon/yax_jeju/install/ublox_msgs/include/ublox_msgs/ublox_msgs/msg/detail/nav_dgpssv__rosidl_typesupport_fastrtps_c.h
[60.571s] -- Symlinking: /home/jsmoon/yax_jeju/install/ublox_msgs/include/ublox_msgs/ublox_msgs/msg/detail/nav_dop__rosidl_typesupport_fastrtps_c.h
[60.579s] -- Symlinking: /home/jsmoon/yax_jeju/install/ublox_msgs/include/ublox_msgs/ublox_msgs/msg/detail/nav_posecef__rosidl_typesupport_fastrtps_c.h
[60.587s] -- Symlinking: /home/jsmoon/yax_jeju/install/ublox_msgs/include/ublox_msgs/ublox_msgs/msg/detail/nav_posllh__rosidl_typesupport_fastrtps_c.h
[60.595s] -- Symlinking: /home/jsmoon/yax_jeju/install/ublox_msgs/include/ublox_msgs/ublox_msgs/msg/detail/nav_pvt7__rosidl_typesupport_fastrtps_c.h
[60.603s] -- Symlinking: /home/jsmoon/yax_jeju/install/ublox_msgs/include/ublox_msgs/ublox_msgs/msg/detail/nav_pvt__rosidl_typesupport_fastrtps_c.h
[60.611s] -- Symlinking: /home/jsmoon/yax_jeju/install/ublox_msgs/include/ublox_msgs/ublox_msgs/msg/detail/nav_relposned9__rosidl_typesupport_fastrtps_c.h
[60.618s] -- Symlinking: /home/jsmoon/yax_jeju/install/ublox_msgs/include/ublox_msgs/ublox_msgs/msg/detail/nav_relposned__rosidl_typesupport_fastrtps_c.h
[60.627s] -- Symlinking: /home/jsmoon/yax_jeju/install/ublox_msgs/include/ublox_msgs/ublox_msgs/msg/detail/nav_sat__rosidl_typesupport_fastrtps_c.h
[60.634s] -- Symlinking: /home/jsmoon/yax_jeju/install/ublox_msgs/include/ublox_msgs/ublox_msgs/msg/detail/nav_satsv__rosidl_typesupport_fastrtps_c.h
[60.641s] -- Symlinking: /home/jsmoon/yax_jeju/install/ublox_msgs/include/ublox_msgs/ublox_msgs/msg/detail/nav_sbas__rosidl_typesupport_fastrtps_c.h
[60.649s] -- Symlinking: /home/jsmoon/yax_jeju/install/ublox_msgs/include/ublox_msgs/ublox_msgs/msg/detail/nav_sbassv__rosidl_typesupport_fastrtps_c.h
[60.656s] -- Symlinking: /home/jsmoon/yax_jeju/install/ublox_msgs/include/ublox_msgs/ublox_msgs/msg/detail/nav_sol__rosidl_typesupport_fastrtps_c.h
[60.663s] -- Symlinking: /home/jsmoon/yax_jeju/install/ublox_msgs/include/ublox_msgs/ublox_msgs/msg/detail/nav_status__rosidl_typesupport_fastrtps_c.h
[60.670s] -- Symlinking: /home/jsmoon/yax_jeju/install/ublox_msgs/include/ublox_msgs/ublox_msgs/msg/detail/nav_svin__rosidl_typesupport_fastrtps_c.h
[60.678s] -- Symlinking: /home/jsmoon/yax_jeju/install/ublox_msgs/include/ublox_msgs/ublox_msgs/msg/detail/nav_svinfo__rosidl_typesupport_fastrtps_c.h
[60.686s] -- Symlinking: /home/jsmoon/yax_jeju/install/ublox_msgs/include/ublox_msgs/ublox_msgs/msg/detail/nav_svinfosv__rosidl_typesupport_fastrtps_c.h
[60.695s] -- Symlinking: /home/jsmoon/yax_jeju/install/ublox_msgs/include/ublox_msgs/ublox_msgs/msg/detail/nav_timegps__rosidl_typesupport_fastrtps_c.h
[60.702s] -- Symlinking: /home/jsmoon/yax_jeju/install/ublox_msgs/include/ublox_msgs/ublox_msgs/msg/detail/nav_timeutc__rosidl_typesupport_fastrtps_c.h
[60.711s] -- Symlinking: /home/jsmoon/yax_jeju/install/ublox_msgs/include/ublox_msgs/ublox_msgs/msg/detail/nav_velecef__rosidl_typesupport_fastrtps_c.h
[60.718s] -- Symlinking: /home/jsmoon/yax_jeju/install/ublox_msgs/include/ublox_msgs/ublox_msgs/msg/detail/nav_velned__rosidl_typesupport_fastrtps_c.h
[60.729s] -- Symlinking: /home/jsmoon/yax_jeju/install/ublox_msgs/include/ublox_msgs/ublox_msgs/msg/detail/rxm_alm__rosidl_typesupport_fastrtps_c.h
[60.736s] -- Symlinking: /home/jsmoon/yax_jeju/install/ublox_msgs/include/ublox_msgs/ublox_msgs/msg/detail/rxm_eph__rosidl_typesupport_fastrtps_c.h
[60.744s] -- Symlinking: /home/jsmoon/yax_jeju/install/ublox_msgs/include/ublox_msgs/ublox_msgs/msg/detail/rxm_raw__rosidl_typesupport_fastrtps_c.h
[60.753s] -- Symlinking: /home/jsmoon/yax_jeju/install/ublox_msgs/include/ublox_msgs/ublox_msgs/msg/detail/rxm_rawsv__rosidl_typesupport_fastrtps_c.h
[60.761s] -- Symlinking: /home/jsmoon/yax_jeju/install/ublox_msgs/include/ublox_msgs/ublox_msgs/msg/detail/rxm_rawx__rosidl_typesupport_fastrtps_c.h
[60.768s] -- Symlinking: /home/jsmoon/yax_jeju/install/ublox_msgs/include/ublox_msgs/ublox_msgs/msg/detail/rxm_rawx_meas__rosidl_typesupport_fastrtps_c.h
[60.776s] -- Symlinking: /home/jsmoon/yax_jeju/install/ublox_msgs/include/ublox_msgs/ublox_msgs/msg/detail/rxm_rtcm__rosidl_typesupport_fastrtps_c.h
[60.783s] -- Symlinking: /home/jsmoon/yax_jeju/install/ublox_msgs/include/ublox_msgs/ublox_msgs/msg/detail/rxm_sfrb__rosidl_typesupport_fastrtps_c.h
[60.791s] -- Symlinking: /home/jsmoon/yax_jeju/install/ublox_msgs/include/ublox_msgs/ublox_msgs/msg/detail/rxm_sfrbx__rosidl_typesupport_fastrtps_c.h
[60.799s] -- Symlinking: /home/jsmoon/yax_jeju/install/ublox_msgs/include/ublox_msgs/ublox_msgs/msg/detail/rxm_svsi__rosidl_typesupport_fastrtps_c.h
[60.808s] -- Symlinking: /home/jsmoon/yax_jeju/install/ublox_msgs/include/ublox_msgs/ublox_msgs/msg/detail/rxm_svsisv__rosidl_typesupport_fastrtps_c.h
[60.816s] -- Symlinking: /home/jsmoon/yax_jeju/install/ublox_msgs/include/ublox_msgs/ublox_msgs/msg/detail/tim_tm2__rosidl_typesupport_fastrtps_c.h
[60.826s] -- Symlinking: /home/jsmoon/yax_jeju/install/ublox_msgs/include/ublox_msgs/ublox_msgs/msg/detail/upd_sos__rosidl_typesupport_fastrtps_c.h
[60.833s] -- Symlinking: /home/jsmoon/yax_jeju/install/ublox_msgs/include/ublox_msgs/ublox_msgs/msg/detail/upd_sos_ack__rosidl_typesupport_fastrtps_c.h
[60.841s] -- Symlinking: /home/jsmoon/yax_jeju/install/ublox_msgs/include/ublox_msgs/ublox_msgs/msg/rosidl_typesupport_fastrtps_c__visibility_control.h
[60.850s] -- Symlinking: /home/jsmoon/yax_jeju/install/ublox_msgs/include/ublox_msgs/ublox_msgs/msg/detail/ack__rosidl_typesupport_introspection_c.h
[60.857s] -- Symlinking: /home/jsmoon/yax_jeju/install/ublox_msgs/include/ublox_msgs/ublox_msgs/msg/detail/aid_alm__rosidl_typesupport_introspection_c.h
[60.865s] -- Symlinking: /home/jsmoon/yax_jeju/install/ublox_msgs/include/ublox_msgs/ublox_msgs/msg/detail/aid_eph__rosidl_typesupport_introspection_c.h
[60.873s] -- Symlinking: /home/jsmoon/yax_jeju/install/ublox_msgs/include/ublox_msgs/ublox_msgs/msg/detail/aid_hui__rosidl_typesupport_introspection_c.h
[60.880s] -- Symlinking: /home/jsmoon/yax_jeju/install/ublox_msgs/include/ublox_msgs/ublox_msgs/msg/detail/cfg_ant__rosidl_typesupport_introspection_c.h
[60.888s] -- Symlinking: /home/jsmoon/yax_jeju/install/ublox_msgs/include/ublox_msgs/ublox_msgs/msg/detail/cfg_cfg__rosidl_typesupport_introspection_c.h
[60.896s] -- Symlinking: /home/jsmoon/yax_jeju/install/ublox_msgs/include/ublox_msgs/ublox_msgs/msg/detail/cfg_dat__rosidl_typesupport_introspection_c.h
[60.903s] -- Symlinking: /home/jsmoon/yax_jeju/install/ublox_msgs/include/ublox_msgs/ublox_msgs/msg/detail/cfg_dgnss__rosidl_typesupport_introspection_c.h
[60.913s] -- Symlinking: /home/jsmoon/yax_jeju/install/ublox_msgs/include/ublox_msgs/ublox_msgs/msg/detail/cfg_gnss__rosidl_typesupport_introspection_c.h
[60.921s] -- Symlinking: /home/jsmoon/yax_jeju/install/ublox_msgs/include/ublox_msgs/ublox_msgs/msg/detail/cfg_gnss_block__rosidl_typesupport_introspection_c.h
[60.931s] -- Symlinking: /home/jsmoon/yax_jeju/install/ublox_msgs/include/ublox_msgs/ublox_msgs/msg/detail/cfg_hnr__rosidl_typesupport_introspection_c.h
[60.940s] -- Symlinking: /home/jsmoon/yax_jeju/install/ublox_msgs/include/ublox_msgs/ublox_msgs/msg/detail/cfg_inf__rosidl_typesupport_introspection_c.h
[60.947s] -- Symlinking: /home/jsmoon/yax_jeju/install/ublox_msgs/include/ublox_msgs/ublox_msgs/msg/detail/cfg_inf_block__rosidl_typesupport_introspection_c.h
[60.955s] -- Symlinking: /home/jsmoon/yax_jeju/install/ublox_msgs/include/ublox_msgs/ublox_msgs/msg/detail/cfg_msg__rosidl_typesupport_introspection_c.h
[60.962s] -- Symlinking: /home/jsmoon/yax_jeju/install/ublox_msgs/include/ublox_msgs/ublox_msgs/msg/detail/cfg_nav5__rosidl_typesupport_introspection_c.h
[60.970s] -- Symlinking: /home/jsmoon/yax_jeju/install/ublox_msgs/include/ublox_msgs/ublox_msgs/msg/detail/cfg_navx5__rosidl_typesupport_introspection_c.h
[60.978s] -- Symlinking: /home/jsmoon/yax_jeju/install/ublox_msgs/include/ublox_msgs/ublox_msgs/msg/detail/cfg_nmea6__rosidl_typesupport_introspection_c.h
[60.986s] -- Symlinking: /home/jsmoon/yax_jeju/install/ublox_msgs/include/ublox_msgs/ublox_msgs/msg/detail/cfg_nmea7__rosidl_typesupport_introspection_c.h
[60.995s] -- Symlinking: /home/jsmoon/yax_jeju/install/ublox_msgs/include/ublox_msgs/ublox_msgs/msg/detail/cfg_nmea__rosidl_typesupport_introspection_c.h
[61.002s] -- Symlinking: /home/jsmoon/yax_jeju/install/ublox_msgs/include/ublox_msgs/ublox_msgs/msg/detail/cfg_prt__rosidl_typesupport_introspection_c.h
[61.010s] -- Symlinking: /home/jsmoon/yax_jeju/install/ublox_msgs/include/ublox_msgs/ublox_msgs/msg/detail/cfg_rate__rosidl_typesupport_introspection_c.h
[61.019s] -- Symlinking: /home/jsmoon/yax_jeju/install/ublox_msgs/include/ublox_msgs/ublox_msgs/msg/detail/cfg_rst__rosidl_typesupport_introspection_c.h
[61.028s] -- Symlinking: /home/jsmoon/yax_jeju/install/ublox_msgs/include/ublox_msgs/ublox_msgs/msg/detail/cfg_sbas__rosidl_typesupport_introspection_c.h
[61.036s] -- Symlinking: /home/jsmoon/yax_jeju/install/ublox_msgs/include/ublox_msgs/ublox_msgs/msg/detail/cfg_tmode3__rosidl_typesupport_introspection_c.h
[61.043s] -- Symlinking: /home/jsmoon/yax_jeju/install/ublox_msgs/include/ublox_msgs/ublox_msgs/msg/detail/cfg_usb__rosidl_typesupport_introspection_c.h
[61.051s] -- Symlinking: /home/jsmoon/yax_jeju/install/ublox_msgs/include/ublox_msgs/ublox_msgs/msg/detail/esf_ins__rosidl_typesupport_introspection_c.h
[61.057s] -- Symlinking: /home/jsmoon/yax_jeju/install/ublox_msgs/include/ublox_msgs/ublox_msgs/msg/detail/esf_meas__rosidl_typesupport_introspection_c.h
[61.066s] -- Symlinking: /home/jsmoon/yax_jeju/install/ublox_msgs/include/ublox_msgs/ublox_msgs/msg/detail/esf_raw__rosidl_typesupport_introspection_c.h
[61.074s] -- Symlinking: /home/jsmoon/yax_jeju/install/ublox_msgs/include/ublox_msgs/ublox_msgs/msg/detail/esf_raw_block__rosidl_typesupport_introspection_c.h
[61.082s] -- Symlinking: /home/jsmoon/yax_jeju/install/ublox_msgs/include/ublox_msgs/ublox_msgs/msg/detail/esf_status__rosidl_typesupport_introspection_c.h
[61.090s] -- Symlinking: /home/jsmoon/yax_jeju/install/ublox_msgs/include/ublox_msgs/ublox_msgs/msg/detail/esf_status_sens__rosidl_typesupport_introspection_c.h
[61.098s] -- Symlinking: /home/jsmoon/yax_jeju/install/ublox_msgs/include/ublox_msgs/ublox_msgs/msg/detail/hnr_pvt__rosidl_typesupport_introspection_c.h
[61.106s] -- Symlinking: /home/jsmoon/yax_jeju/install/ublox_msgs/include/ublox_msgs/ublox_msgs/msg/detail/inf__rosidl_typesupport_introspection_c.h
[61.114s] -- Symlinking: /home/jsmoon/yax_jeju/install/ublox_msgs/include/ublox_msgs/ublox_msgs/msg/detail/mga_gal__rosidl_typesupport_introspection_c.h
[61.122s] -- Symlinking: /home/jsmoon/yax_jeju/install/ublox_msgs/include/ublox_msgs/ublox_msgs/msg/detail/mon_gnss__rosidl_typesupport_introspection_c.h
[61.131s] -- Symlinking: /home/jsmoon/yax_jeju/install/ublox_msgs/include/ublox_msgs/ublox_msgs/msg/detail/mon_hw6__rosidl_typesupport_introspection_c.h
[61.140s] -- Symlinking: /home/jsmoon/yax_jeju/install/ublox_msgs/include/ublox_msgs/ublox_msgs/msg/detail/mon_hw__rosidl_typesupport_introspection_c.h
[61.147s] -- Symlinking: /home/jsmoon/yax_jeju/install/ublox_msgs/include/ublox_msgs/ublox_msgs/msg/detail/mon_ver__rosidl_typesupport_introspection_c.h
[61.156s] -- Symlinking: /home/jsmoon/yax_jeju/install/ublox_msgs/include/ublox_msgs/ublox_msgs/msg/detail/mon_ver_extension__rosidl_typesupport_introspection_c.h
[61.164s] -- Symlinking: /home/jsmoon/yax_jeju/install/ublox_msgs/include/ublox_msgs/ublox_msgs/msg/detail/nav_att__rosidl_typesupport_introspection_c.h
[61.172s] -- Symlinking: /home/jsmoon/yax_jeju/install/ublox_msgs/include/ublox_msgs/ublox_msgs/msg/detail/nav_clock__rosidl_typesupport_introspection_c.h
[61.180s] -- Symlinking: /home/jsmoon/yax_jeju/install/ublox_msgs/include/ublox_msgs/ublox_msgs/msg/detail/nav_dgps__rosidl_typesupport_introspection_c.h
[61.186s] -- Symlinking: /home/jsmoon/yax_jeju/install/ublox_msgs/include/ublox_msgs/ublox_msgs/msg/detail/nav_dgpssv__rosidl_typesupport_introspection_c.h
[61.195s] -- Symlinking: /home/jsmoon/yax_jeju/install/ublox_msgs/include/ublox_msgs/ublox_msgs/msg/detail/nav_dop__rosidl_typesupport_introspection_c.h
[61.203s] -- Symlinking: /home/jsmoon/yax_jeju/install/ublox_msgs/include/ublox_msgs/ublox_msgs/msg/detail/nav_posecef__rosidl_typesupport_introspection_c.h
[61.210s] -- Symlinking: /home/jsmoon/yax_jeju/install/ublox_msgs/include/ublox_msgs/ublox_msgs/msg/detail/nav_posllh__rosidl_typesupport_introspection_c.h
[61.216s] -- Symlinking: /home/jsmoon/yax_jeju/install/ublox_msgs/include/ublox_msgs/ublox_msgs/msg/detail/nav_pvt7__rosidl_typesupport_introspection_c.h
[61.224s] -- Symlinking: /home/jsmoon/yax_jeju/install/ublox_msgs/include/ublox_msgs/ublox_msgs/msg/detail/nav_pvt__rosidl_typesupport_introspection_c.h
[61.233s] -- Symlinking: /home/jsmoon/yax_jeju/install/ublox_msgs/include/ublox_msgs/ublox_msgs/msg/detail/nav_relposned9__rosidl_typesupport_introspection_c.h
[61.241s] -- Symlinking: /home/jsmoon/yax_jeju/install/ublox_msgs/include/ublox_msgs/ublox_msgs/msg/detail/nav_relposned__rosidl_typesupport_introspection_c.h
[61.249s] -- Symlinking: /home/jsmoon/yax_jeju/install/ublox_msgs/include/ublox_msgs/ublox_msgs/msg/detail/nav_sat__rosidl_typesupport_introspection_c.h
[61.257s] -- Symlinking: /home/jsmoon/yax_jeju/install/ublox_msgs/include/ublox_msgs/ublox_msgs/msg/detail/nav_satsv__rosidl_typesupport_introspection_c.h
[61.266s] -- Symlinking: /home/jsmoon/yax_jeju/install/ublox_msgs/include/ublox_msgs/ublox_msgs/msg/detail/nav_sbas__rosidl_typesupport_introspection_c.h
[61.277s] -- Symlinking: /home/jsmoon/yax_jeju/install/ublox_msgs/include/ublox_msgs/ublox_msgs/msg/detail/nav_sbassv__rosidl_typesupport_introspection_c.h
[61.284s] -- Symlinking: /home/jsmoon/yax_jeju/install/ublox_msgs/include/ublox_msgs/ublox_msgs/msg/detail/nav_sol__rosidl_typesupport_introspection_c.h
[61.292s] -- Symlinking: /home/jsmoon/yax_jeju/install/ublox_msgs/include/ublox_msgs/ublox_msgs/msg/detail/nav_status__rosidl_typesupport_introspection_c.h
[61.300s] -- Symlinking: /home/jsmoon/yax_jeju/install/ublox_msgs/include/ublox_msgs/ublox_msgs/msg/detail/nav_svin__rosidl_typesupport_introspection_c.h
[61.307s] -- Symlinking: /home/jsmoon/yax_jeju/install/ublox_msgs/include/ublox_msgs/ublox_msgs/msg/detail/nav_svinfo__rosidl_typesupport_introspection_c.h
[61.315s] -- Symlinking: /home/jsmoon/yax_jeju/install/ublox_msgs/include/ublox_msgs/ublox_msgs/msg/detail/nav_svinfosv__rosidl_typesupport_introspection_c.h
[61.323s] -- Symlinking: /home/jsmoon/yax_jeju/install/ublox_msgs/include/ublox_msgs/ublox_msgs/msg/detail/nav_timegps__rosidl_typesupport_introspection_c.h
[61.332s] -- Symlinking: /home/jsmoon/yax_jeju/install/ublox_msgs/include/ublox_msgs/ublox_msgs/msg/detail/nav_timeutc__rosidl_typesupport_introspection_c.h
[61.342s] -- Symlinking: /home/jsmoon/yax_jeju/install/ublox_msgs/include/ublox_msgs/ublox_msgs/msg/detail/nav_velecef__rosidl_typesupport_introspection_c.h
[61.350s] -- Symlinking: /home/jsmoon/yax_jeju/install/ublox_msgs/include/ublox_msgs/ublox_msgs/msg/detail/nav_velned__rosidl_typesupport_introspection_c.h
[61.359s] -- Symlinking: /home/jsmoon/yax_jeju/install/ublox_msgs/include/ublox_msgs/ublox_msgs/msg/detail/rxm_alm__rosidl_typesupport_introspection_c.h
[61.367s] -- Symlinking: /home/jsmoon/yax_jeju/install/ublox_msgs/include/ublox_msgs/ublox_msgs/msg/detail/rxm_eph__rosidl_typesupport_introspection_c.h
[61.376s] -- Symlinking: /home/jsmoon/yax_jeju/install/ublox_msgs/include/ublox_msgs/ublox_msgs/msg/detail/rxm_raw__rosidl_typesupport_introspection_c.h
[61.382s] -- Symlinking: /home/jsmoon/yax_jeju/install/ublox_msgs/include/ublox_msgs/ublox_msgs/msg/detail/rxm_rawsv__rosidl_typesupport_introspection_c.h
[61.391s] -- Symlinking: /home/jsmoon/yax_jeju/install/ublox_msgs/include/ublox_msgs/ublox_msgs/msg/detail/rxm_rawx__rosidl_typesupport_introspection_c.h
[61.398s] -- Symlinking: /home/jsmoon/yax_jeju/install/ublox_msgs/include/ublox_msgs/ublox_msgs/msg/detail/rxm_rawx_meas__rosidl_typesupport_introspection_c.h
[61.407s] -- Symlinking: /home/jsmoon/yax_jeju/install/ublox_msgs/include/ublox_msgs/ublox_msgs/msg/detail/rxm_rtcm__rosidl_typesupport_introspection_c.h
[61.415s] -- Symlinking: /home/jsmoon/yax_jeju/install/ublox_msgs/include/ublox_msgs/ublox_msgs/msg/detail/rxm_sfrb__rosidl_typesupport_introspection_c.h
[61.424s] -- Symlinking: /home/jsmoon/yax_jeju/install/ublox_msgs/include/ublox_msgs/ublox_msgs/msg/detail/rxm_sfrbx__rosidl_typesupport_introspection_c.h
[61.432s] -- Symlinking: /home/jsmoon/yax_jeju/install/ublox_msgs/include/ublox_msgs/ublox_msgs/msg/detail/rxm_svsi__rosidl_typesupport_introspection_c.h
[61.439s] -- Symlinking: /home/jsmoon/yax_jeju/install/ublox_msgs/include/ublox_msgs/ublox_msgs/msg/detail/rxm_svsisv__rosidl_typesupport_introspection_c.h
[61.447s] -- Symlinking: /home/jsmoon/yax_jeju/install/ublox_msgs/include/ublox_msgs/ublox_msgs/msg/detail/tim_tm2__rosidl_typesupport_introspection_c.h
[61.454s] -- Symlinking: /home/jsmoon/yax_jeju/install/ublox_msgs/include/ublox_msgs/ublox_msgs/msg/detail/upd_sos__rosidl_typesupport_introspection_c.h
[61.462s] -- Symlinking: /home/jsmoon/yax_jeju/install/ublox_msgs/include/ublox_msgs/ublox_msgs/msg/detail/upd_sos_ack__rosidl_typesupport_introspection_c.h
[61.469s] -- Symlinking: /home/jsmoon/yax_jeju/install/ublox_msgs/include/ublox_msgs/ublox_msgs/msg/rosidl_typesupport_introspection_c__visibility_control.h
[61.480s] -- Symlinking: /home/jsmoon/yax_jeju/install/ublox_msgs/include/ublox_msgs/ublox_msgs/msg/ack.hpp
[61.487s] -- Symlinking: /home/jsmoon/yax_jeju/install/ublox_msgs/include/ublox_msgs/ublox_msgs/msg/aid_alm.hpp
[61.495s] -- Symlinking: /home/jsmoon/yax_jeju/install/ublox_msgs/include/ublox_msgs/ublox_msgs/msg/aid_eph.hpp
[61.503s] -- Symlinking: /home/jsmoon/yax_jeju/install/ublox_msgs/include/ublox_msgs/ublox_msgs/msg/aid_hui.hpp
[61.511s] -- Symlinking: /home/jsmoon/yax_jeju/install/ublox_msgs/include/ublox_msgs/ublox_msgs/msg/cfg_ant.hpp
[61.518s] -- Symlinking: /home/jsmoon/yax_jeju/install/ublox_msgs/include/ublox_msgs/ublox_msgs/msg/cfg_cfg.hpp
[61.529s] -- Symlinking: /home/jsmoon/yax_jeju/install/ublox_msgs/include/ublox_msgs/ublox_msgs/msg/cfg_dat.hpp
[61.537s] -- Symlinking: /home/jsmoon/yax_jeju/install/ublox_msgs/include/ublox_msgs/ublox_msgs/msg/cfg_dgnss.hpp
[61.544s] -- Symlinking: /home/jsmoon/yax_jeju/install/ublox_msgs/include/ublox_msgs/ublox_msgs/msg/cfg_gnss.hpp
[61.552s] -- Symlinking: /home/jsmoon/yax_jeju/install/ublox_msgs/include/ublox_msgs/ublox_msgs/msg/cfg_gnss_block.hpp
[61.560s] -- Symlinking: /home/jsmoon/yax_jeju/install/ublox_msgs/include/ublox_msgs/ublox_msgs/msg/cfg_hnr.hpp
[61.568s] -- Symlinking: /home/jsmoon/yax_jeju/install/ublox_msgs/include/ublox_msgs/ublox_msgs/msg/cfg_inf.hpp
[61.576s] -- Symlinking: /home/jsmoon/yax_jeju/install/ublox_msgs/include/ublox_msgs/ublox_msgs/msg/cfg_inf_block.hpp
[61.584s] -- Symlinking: /home/jsmoon/yax_jeju/install/ublox_msgs/include/ublox_msgs/ublox_msgs/msg/cfg_msg.hpp
[61.592s] -- Symlinking: /home/jsmoon/yax_jeju/install/ublox_msgs/include/ublox_msgs/ublox_msgs/msg/cfg_nav5.hpp
[61.600s] -- Symlinking: /home/jsmoon/yax_jeju/install/ublox_msgs/include/ublox_msgs/ublox_msgs/msg/cfg_navx5.hpp
[61.607s] -- Symlinking: /home/jsmoon/yax_jeju/install/ublox_msgs/include/ublox_msgs/ublox_msgs/msg/cfg_nmea.hpp
[61.615s] -- Symlinking: /home/jsmoon/yax_jeju/install/ublox_msgs/include/ublox_msgs/ublox_msgs/msg/cfg_nmea6.hpp
[61.622s] -- Symlinking: /home/jsmoon/yax_jeju/install/ublox_msgs/include/ublox_msgs/ublox_msgs/msg/cfg_nmea7.hpp
[61.632s] -- Symlinking: /home/jsmoon/yax_jeju/install/ublox_msgs/include/ublox_msgs/ublox_msgs/msg/cfg_prt.hpp
[61.640s] -- Symlinking: /home/jsmoon/yax_jeju/install/ublox_msgs/include/ublox_msgs/ublox_msgs/msg/cfg_rate.hpp
[61.648s] -- Symlinking: /home/jsmoon/yax_jeju/install/ublox_msgs/include/ublox_msgs/ublox_msgs/msg/cfg_rst.hpp
[61.655s] -- Symlinking: /home/jsmoon/yax_jeju/install/ublox_msgs/include/ublox_msgs/ublox_msgs/msg/cfg_sbas.hpp
[61.664s] -- Symlinking: /home/jsmoon/yax_jeju/install/ublox_msgs/include/ublox_msgs/ublox_msgs/msg/cfg_tmode3.hpp
[61.671s] -- Symlinking: /home/jsmoon/yax_jeju/install/ublox_msgs/include/ublox_msgs/ublox_msgs/msg/cfg_usb.hpp
[61.679s] -- Symlinking: /home/jsmoon/yax_jeju/install/ublox_msgs/include/ublox_msgs/ublox_msgs/msg/detail/ack__builder.hpp
[61.686s] -- Symlinking: /home/jsmoon/yax_jeju/install/ublox_msgs/include/ublox_msgs/ublox_msgs/msg/detail/ack__struct.hpp
[61.694s] -- Symlinking: /home/jsmoon/yax_jeju/install/ublox_msgs/include/ublox_msgs/ublox_msgs/msg/detail/ack__traits.hpp
[61.703s] -- Symlinking: /home/jsmoon/yax_jeju/install/ublox_msgs/include/ublox_msgs/ublox_msgs/msg/detail/ack__type_support.hpp
[61.710s] -- Symlinking: /home/jsmoon/yax_jeju/install/ublox_msgs/include/ublox_msgs/ublox_msgs/msg/detail/aid_alm__builder.hpp
[61.717s] -- Symlinking: /home/jsmoon/yax_jeju/install/ublox_msgs/include/ublox_msgs/ublox_msgs/msg/detail/aid_alm__struct.hpp
[61.727s] -- Symlinking: /home/jsmoon/yax_jeju/install/ublox_msgs/include/ublox_msgs/ublox_msgs/msg/detail/aid_alm__traits.hpp
[61.735s] -- Symlinking: /home/jsmoon/yax_jeju/install/ublox_msgs/include/ublox_msgs/ublox_msgs/msg/detail/aid_alm__type_support.hpp
[61.743s] -- Symlinking: /home/jsmoon/yax_jeju/install/ublox_msgs/include/ublox_msgs/ublox_msgs/msg/detail/aid_eph__builder.hpp
[61.751s] -- Symlinking: /home/jsmoon/yax_jeju/install/ublox_msgs/include/ublox_msgs/ublox_msgs/msg/detail/aid_eph__struct.hpp
[61.758s] -- Symlinking: /home/jsmoon/yax_jeju/install/ublox_msgs/include/ublox_msgs/ublox_msgs/msg/detail/aid_eph__traits.hpp
[61.766s] -- Symlinking: /home/jsmoon/yax_jeju/install/ublox_msgs/include/ublox_msgs/ublox_msgs/msg/detail/aid_eph__type_support.hpp
[61.774s] -- Symlinking: /home/jsmoon/yax_jeju/install/ublox_msgs/include/ublox_msgs/ublox_msgs/msg/detail/aid_hui__builder.hpp
[61.781s] -- Symlinking: /home/jsmoon/yax_jeju/install/ublox_msgs/include/ublox_msgs/ublox_msgs/msg/detail/aid_hui__struct.hpp
[61.790s] -- Symlinking: /home/jsmoon/yax_jeju/install/ublox_msgs/include/ublox_msgs/ublox_msgs/msg/detail/aid_hui__traits.hpp
[61.799s] -- Symlinking: /home/jsmoon/yax_jeju/install/ublox_msgs/include/ublox_msgs/ublox_msgs/msg/detail/aid_hui__type_support.hpp
[61.807s] -- Symlinking: /home/jsmoon/yax_jeju/install/ublox_msgs/include/ublox_msgs/ublox_msgs/msg/detail/cfg_ant__builder.hpp
[61.815s] -- Symlinking: /home/jsmoon/yax_jeju/install/ublox_msgs/include/ublox_msgs/ublox_msgs/msg/detail/cfg_ant__struct.hpp
[61.823s] -- Symlinking: /home/jsmoon/yax_jeju/install/ublox_msgs/include/ublox_msgs/ublox_msgs/msg/detail/cfg_ant__traits.hpp
[61.832s] -- Symlinking: /home/jsmoon/yax_jeju/install/ublox_msgs/include/ublox_msgs/ublox_msgs/msg/detail/cfg_ant__type_support.hpp
[61.841s] -- Symlinking: /home/jsmoon/yax_jeju/install/ublox_msgs/include/ublox_msgs/ublox_msgs/msg/detail/cfg_cfg__builder.hpp
[61.848s] -- Symlinking: /home/jsmoon/yax_jeju/install/ublox_msgs/include/ublox_msgs/ublox_msgs/msg/detail/cfg_cfg__struct.hpp
[61.857s] -- Symlinking: /home/jsmoon/yax_jeju/install/ublox_msgs/include/ublox_msgs/ublox_msgs/msg/detail/cfg_cfg__traits.hpp
[61.865s] -- Symlinking: /home/jsmoon/yax_jeju/install/ublox_msgs/include/ublox_msgs/ublox_msgs/msg/detail/cfg_cfg__type_support.hpp
[61.873s] -- Symlinking: /home/jsmoon/yax_jeju/install/ublox_msgs/include/ublox_msgs/ublox_msgs/msg/detail/cfg_dat__builder.hpp
[61.880s] -- Symlinking: /home/jsmoon/yax_jeju/install/ublox_msgs/include/ublox_msgs/ublox_msgs/msg/detail/cfg_dat__struct.hpp
[61.887s] -- Symlinking: /home/jsmoon/yax_jeju/install/ublox_msgs/include/ublox_msgs/ublox_msgs/msg/detail/cfg_dat__traits.hpp
[61.894s] -- Symlinking: /home/jsmoon/yax_jeju/install/ublox_msgs/include/ublox_msgs/ublox_msgs/msg/detail/cfg_dat__type_support.hpp
[61.901s] -- Symlinking: /home/jsmoon/yax_jeju/install/ublox_msgs/include/ublox_msgs/ublox_msgs/msg/detail/cfg_dgnss__builder.hpp
[61.909s] -- Symlinking: /home/jsmoon/yax_jeju/install/ublox_msgs/include/ublox_msgs/ublox_msgs/msg/detail/cfg_dgnss__struct.hpp
[61.916s] -- Symlinking: /home/jsmoon/yax_jeju/install/ublox_msgs/include/ublox_msgs/ublox_msgs/msg/detail/cfg_dgnss__traits.hpp
[61.924s] -- Symlinking: /home/jsmoon/yax_jeju/install/ublox_msgs/include/ublox_msgs/ublox_msgs/msg/detail/cfg_dgnss__type_support.hpp
[61.933s] -- Symlinking: /home/jsmoon/yax_jeju/install/ublox_msgs/include/ublox_msgs/ublox_msgs/msg/detail/cfg_gnss__builder.hpp
[61.940s] -- Symlinking: /home/jsmoon/yax_jeju/install/ublox_msgs/include/ublox_msgs/ublox_msgs/msg/detail/cfg_gnss__struct.hpp
[61.947s] -- Symlinking: /home/jsmoon/yax_jeju/install/ublox_msgs/include/ublox_msgs/ublox_msgs/msg/detail/cfg_gnss__traits.hpp
[61.955s] -- Symlinking: /home/jsmoon/yax_jeju/install/ublox_msgs/include/ublox_msgs/ublox_msgs/msg/detail/cfg_gnss__type_support.hpp
[61.961s] -- Symlinking: /home/jsmoon/yax_jeju/install/ublox_msgs/include/ublox_msgs/ublox_msgs/msg/detail/cfg_gnss_block__builder.hpp
[61.969s] -- Symlinking: /home/jsmoon/yax_jeju/install/ublox_msgs/include/ublox_msgs/ublox_msgs/msg/detail/cfg_gnss_block__struct.hpp
[61.976s] -- Symlinking: /home/jsmoon/yax_jeju/install/ublox_msgs/include/ublox_msgs/ublox_msgs/msg/detail/cfg_gnss_block__traits.hpp
[61.983s] -- Symlinking: /home/jsmoon/yax_jeju/install/ublox_msgs/include/ublox_msgs/ublox_msgs/msg/detail/cfg_gnss_block__type_support.hpp
[61.992s] -- Symlinking: /home/jsmoon/yax_jeju/install/ublox_msgs/include/ublox_msgs/ublox_msgs/msg/detail/cfg_hnr__builder.hpp
[61.999s] -- Symlinking: /home/jsmoon/yax_jeju/install/ublox_msgs/include/ublox_msgs/ublox_msgs/msg/detail/cfg_hnr__struct.hpp
[62.007s] -- Symlinking: /home/jsmoon/yax_jeju/install/ublox_msgs/include/ublox_msgs/ublox_msgs/msg/detail/cfg_hnr__traits.hpp
[62.015s] -- Symlinking: /home/jsmoon/yax_jeju/install/ublox_msgs/include/ublox_msgs/ublox_msgs/msg/detail/cfg_hnr__type_support.hpp
[62.023s] -- Symlinking: /home/jsmoon/yax_jeju/install/ublox_msgs/include/ublox_msgs/ublox_msgs/msg/detail/cfg_inf__builder.hpp
[62.032s] -- Symlinking: /home/jsmoon/yax_jeju/install/ublox_msgs/include/ublox_msgs/ublox_msgs/msg/detail/cfg_inf__struct.hpp
[62.041s] -- Symlinking: /home/jsmoon/yax_jeju/install/ublox_msgs/include/ublox_msgs/ublox_msgs/msg/detail/cfg_inf__traits.hpp
[62.048s] -- Symlinking: /home/jsmoon/yax_jeju/install/ublox_msgs/include/ublox_msgs/ublox_msgs/msg/detail/cfg_inf__type_support.hpp
[62.057s] -- Symlinking: /home/jsmoon/yax_jeju/install/ublox_msgs/include/ublox_msgs/ublox_msgs/msg/detail/cfg_inf_block__builder.hpp
[62.064s] -- Symlinking: /home/jsmoon/yax_jeju/install/ublox_msgs/include/ublox_msgs/ublox_msgs/msg/detail/cfg_inf_block__struct.hpp
[62.072s] -- Symlinking: /home/jsmoon/yax_jeju/install/ublox_msgs/include/ublox_msgs/ublox_msgs/msg/detail/cfg_inf_block__traits.hpp
[62.080s] -- Symlinking: /home/jsmoon/yax_jeju/install/ublox_msgs/include/ublox_msgs/ublox_msgs/msg/detail/cfg_inf_block__type_support.hpp
[62.088s] -- Symlinking: /home/jsmoon/yax_jeju/install/ublox_msgs/include/ublox_msgs/ublox_msgs/msg/detail/cfg_msg__builder.hpp
[62.096s] -- Symlinking: /home/jsmoon/yax_jeju/install/ublox_msgs/include/ublox_msgs/ublox_msgs/msg/detail/cfg_msg__struct.hpp
[62.104s] -- Symlinking: /home/jsmoon/yax_jeju/install/ublox_msgs/include/ublox_msgs/ublox_msgs/msg/detail/cfg_msg__traits.hpp
[62.112s] -- Symlinking: /home/jsmoon/yax_jeju/install/ublox_msgs/include/ublox_msgs/ublox_msgs/msg/detail/cfg_msg__type_support.hpp
[62.120s] -- Symlinking: /home/jsmoon/yax_jeju/install/ublox_msgs/include/ublox_msgs/ublox_msgs/msg/detail/cfg_nav5__builder.hpp
[62.130s] -- Symlinking: /home/jsmoon/yax_jeju/install/ublox_msgs/include/ublox_msgs/ublox_msgs/msg/detail/cfg_nav5__struct.hpp
[62.138s] -- Symlinking: /home/jsmoon/yax_jeju/install/ublox_msgs/include/ublox_msgs/ublox_msgs/msg/detail/cfg_nav5__traits.hpp
[62.146s] -- Symlinking: /home/jsmoon/yax_jeju/install/ublox_msgs/include/ublox_msgs/ublox_msgs/msg/detail/cfg_nav5__type_support.hpp
[62.154s] -- Symlinking: /home/jsmoon/yax_jeju/install/ublox_msgs/include/ublox_msgs/ublox_msgs/msg/detail/cfg_navx5__builder.hpp
[62.162s] -- Symlinking: /home/jsmoon/yax_jeju/install/ublox_msgs/include/ublox_msgs/ublox_msgs/msg/detail/cfg_navx5__struct.hpp
[62.170s] -- Symlinking: /home/jsmoon/yax_jeju/install/ublox_msgs/include/ublox_msgs/ublox_msgs/msg/detail/cfg_navx5__traits.hpp
[62.177s] -- Symlinking: /home/jsmoon/yax_jeju/install/ublox_msgs/include/ublox_msgs/ublox_msgs/msg/detail/cfg_navx5__type_support.hpp
[62.186s] -- Symlinking: /home/jsmoon/yax_jeju/install/ublox_msgs/include/ublox_msgs/ublox_msgs/msg/detail/cfg_nmea6__builder.hpp
[62.193s] -- Symlinking: /home/jsmoon/yax_jeju/install/ublox_msgs/include/ublox_msgs/ublox_msgs/msg/detail/cfg_nmea6__struct.hpp
[62.201s] -- Symlinking: /home/jsmoon/yax_jeju/install/ublox_msgs/include/ublox_msgs/ublox_msgs/msg/detail/cfg_nmea6__traits.hpp
[62.208s] -- Symlinking: /home/jsmoon/yax_jeju/install/ublox_msgs/include/ublox_msgs/ublox_msgs/msg/detail/cfg_nmea6__type_support.hpp
[62.216s] -- Symlinking: /home/jsmoon/yax_jeju/install/ublox_msgs/include/ublox_msgs/ublox_msgs/msg/detail/cfg_nmea7__builder.hpp
[62.224s] -- Symlinking: /home/jsmoon/yax_jeju/install/ublox_msgs/include/ublox_msgs/ublox_msgs/msg/detail/cfg_nmea7__struct.hpp
[62.234s] -- Symlinking: /home/jsmoon/yax_jeju/install/ublox_msgs/include/ublox_msgs/ublox_msgs/msg/detail/cfg_nmea7__traits.hpp
[62.243s] -- Symlinking: /home/jsmoon/yax_jeju/install/ublox_msgs/include/ublox_msgs/ublox_msgs/msg/detail/cfg_nmea7__type_support.hpp
[62.251s] -- Symlinking: /home/jsmoon/yax_jeju/install/ublox_msgs/include/ublox_msgs/ublox_msgs/msg/detail/cfg_nmea__builder.hpp
[62.259s] -- Symlinking: /home/jsmoon/yax_jeju/install/ublox_msgs/include/ublox_msgs/ublox_msgs/msg/detail/cfg_nmea__struct.hpp
[62.267s] -- Symlinking: /home/jsmoon/yax_jeju/install/ublox_msgs/include/ublox_msgs/ublox_msgs/msg/detail/cfg_nmea__traits.hpp
[62.274s] -- Symlinking: /home/jsmoon/yax_jeju/install/ublox_msgs/include/ublox_msgs/ublox_msgs/msg/detail/cfg_nmea__type_support.hpp
[62.283s] -- Symlinking: /home/jsmoon/yax_jeju/install/ublox_msgs/include/ublox_msgs/ublox_msgs/msg/detail/cfg_prt__builder.hpp
[62.291s] -- Symlinking: /home/jsmoon/yax_jeju/install/ublox_msgs/include/ublox_msgs/ublox_msgs/msg/detail/cfg_prt__struct.hpp
[62.298s] -- Symlinking: /home/jsmoon/yax_jeju/install/ublox_msgs/include/ublox_msgs/ublox_msgs/msg/detail/cfg_prt__traits.hpp
[62.305s] -- Symlinking: /home/jsmoon/yax_jeju/install/ublox_msgs/include/ublox_msgs/ublox_msgs/msg/detail/cfg_prt__type_support.hpp
[62.313s] -- Symlinking: /home/jsmoon/yax_jeju/install/ublox_msgs/include/ublox_msgs/ublox_msgs/msg/detail/cfg_rate__builder.hpp
[62.321s] -- Symlinking: /home/jsmoon/yax_jeju/install/ublox_msgs/include/ublox_msgs/ublox_msgs/msg/detail/cfg_rate__struct.hpp
[62.330s] -- Symlinking: /home/jsmoon/yax_jeju/install/ublox_msgs/include/ublox_msgs/ublox_msgs/msg/detail/cfg_rate__traits.hpp
[62.339s] -- Symlinking: /home/jsmoon/yax_jeju/install/ublox_msgs/include/ublox_msgs/ublox_msgs/msg/detail/cfg_rate__type_support.hpp
[62.346s] -- Symlinking: /home/jsmoon/yax_jeju/install/ublox_msgs/include/ublox_msgs/ublox_msgs/msg/detail/cfg_rst__builder.hpp
[62.355s] -- Symlinking: /home/jsmoon/yax_jeju/install/ublox_msgs/include/ublox_msgs/ublox_msgs/msg/detail/cfg_rst__struct.hpp
[62.363s] -- Symlinking: /home/jsmoon/yax_jeju/install/ublox_msgs/include/ublox_msgs/ublox_msgs/msg/detail/cfg_rst__traits.hpp
[62.370s] -- Symlinking: /home/jsmoon/yax_jeju/install/ublox_msgs/include/ublox_msgs/ublox_msgs/msg/detail/cfg_rst__type_support.hpp
[62.377s] -- Symlinking: /home/jsmoon/yax_jeju/install/ublox_msgs/include/ublox_msgs/ublox_msgs/msg/detail/cfg_sbas__builder.hpp
[62.384s] -- Symlinking: /home/jsmoon/yax_jeju/install/ublox_msgs/include/ublox_msgs/ublox_msgs/msg/detail/cfg_sbas__struct.hpp
[62.394s] -- Symlinking: /home/jsmoon/yax_jeju/install/ublox_msgs/include/ublox_msgs/ublox_msgs/msg/detail/cfg_sbas__traits.hpp
[62.403s] -- Symlinking: /home/jsmoon/yax_jeju/install/ublox_msgs/include/ublox_msgs/ublox_msgs/msg/detail/cfg_sbas__type_support.hpp
[62.411s] -- Symlinking: /home/jsmoon/yax_jeju/install/ublox_msgs/include/ublox_msgs/ublox_msgs/msg/detail/cfg_tmode3__builder.hpp
[62.419s] -- Symlinking: /home/jsmoon/yax_jeju/install/ublox_msgs/include/ublox_msgs/ublox_msgs/msg/detail/cfg_tmode3__struct.hpp
[62.428s] -- Symlinking: /home/jsmoon/yax_jeju/install/ublox_msgs/include/ublox_msgs/ublox_msgs/msg/detail/cfg_tmode3__traits.hpp
[62.436s] -- Symlinking: /home/jsmoon/yax_jeju/install/ublox_msgs/include/ublox_msgs/ublox_msgs/msg/detail/cfg_tmode3__type_support.hpp
[62.444s] -- Symlinking: /home/jsmoon/yax_jeju/install/ublox_msgs/include/ublox_msgs/ublox_msgs/msg/detail/cfg_usb__builder.hpp
[62.453s] -- Symlinking: /home/jsmoon/yax_jeju/install/ublox_msgs/include/ublox_msgs/ublox_msgs/msg/detail/cfg_usb__struct.hpp
[62.462s] -- Symlinking: /home/jsmoon/yax_jeju/install/ublox_msgs/include/ublox_msgs/ublox_msgs/msg/detail/cfg_usb__traits.hpp
[62.471s] -- Symlinking: /home/jsmoon/yax_jeju/install/ublox_msgs/include/ublox_msgs/ublox_msgs/msg/detail/cfg_usb__type_support.hpp
[62.479s] -- Symlinking: /home/jsmoon/yax_jeju/install/ublox_msgs/include/ublox_msgs/ublox_msgs/msg/detail/esf_ins__builder.hpp
[62.487s] -- Symlinking: /home/jsmoon/yax_jeju/install/ublox_msgs/include/ublox_msgs/ublox_msgs/msg/detail/esf_ins__struct.hpp
[62.495s] -- Symlinking: /home/jsmoon/yax_jeju/install/ublox_msgs/include/ublox_msgs/ublox_msgs/msg/detail/esf_ins__traits.hpp
[62.504s] -- Symlinking: /home/jsmoon/yax_jeju/install/ublox_msgs/include/ublox_msgs/ublox_msgs/msg/detail/esf_ins__type_support.hpp
[62.514s] -- Symlinking: /home/jsmoon/yax_jeju/install/ublox_msgs/include/ublox_msgs/ublox_msgs/msg/detail/esf_meas__builder.hpp
[62.522s] -- Symlinking: /home/jsmoon/yax_jeju/install/ublox_msgs/include/ublox_msgs/ublox_msgs/msg/detail/esf_meas__struct.hpp
[62.530s] -- Symlinking: /home/jsmoon/yax_jeju/install/ublox_msgs/include/ublox_msgs/ublox_msgs/msg/detail/esf_meas__traits.hpp
[62.538s] -- Symlinking: /home/jsmoon/yax_jeju/install/ublox_msgs/include/ublox_msgs/ublox_msgs/msg/detail/esf_meas__type_support.hpp
[62.547s] -- Symlinking: /home/jsmoon/yax_jeju/install/ublox_msgs/include/ublox_msgs/ublox_msgs/msg/detail/esf_raw__builder.hpp
[62.554s] -- Symlinking: /home/jsmoon/yax_jeju/install/ublox_msgs/include/ublox_msgs/ublox_msgs/msg/detail/esf_raw__struct.hpp
[62.562s] -- Symlinking: /home/jsmoon/yax_jeju/install/ublox_msgs/include/ublox_msgs/ublox_msgs/msg/detail/esf_raw__traits.hpp
[62.571s] -- Symlinking: /home/jsmoon/yax_jeju/install/ublox_msgs/include/ublox_msgs/ublox_msgs/msg/detail/esf_raw__type_support.hpp
[62.580s] -- Symlinking: /home/jsmoon/yax_jeju/install/ublox_msgs/include/ublox_msgs/ublox_msgs/msg/detail/esf_raw_block__builder.hpp
[62.589s] -- Symlinking: /home/jsmoon/yax_jeju/install/ublox_msgs/include/ublox_msgs/ublox_msgs/msg/detail/esf_raw_block__struct.hpp
[62.597s] -- Symlinking: /home/jsmoon/yax_jeju/install/ublox_msgs/include/ublox_msgs/ublox_msgs/msg/detail/esf_raw_block__traits.hpp
[62.607s] -- Symlinking: /home/jsmoon/yax_jeju/install/ublox_msgs/include/ublox_msgs/ublox_msgs/msg/detail/esf_raw_block__type_support.hpp
[62.617s] -- Symlinking: /home/jsmoon/yax_jeju/install/ublox_msgs/include/ublox_msgs/ublox_msgs/msg/detail/esf_status__builder.hpp
[62.626s] -- Symlinking: /home/jsmoon/yax_jeju/install/ublox_msgs/include/ublox_msgs/ublox_msgs/msg/detail/esf_status__struct.hpp
[62.635s] -- Symlinking: /home/jsmoon/yax_jeju/install/ublox_msgs/include/ublox_msgs/ublox_msgs/msg/detail/esf_status__traits.hpp
[62.643s] -- Symlinking: /home/jsmoon/yax_jeju/install/ublox_msgs/include/ublox_msgs/ublox_msgs/msg/detail/esf_status__type_support.hpp
[62.651s] -- Symlinking: /home/jsmoon/yax_jeju/install/ublox_msgs/include/ublox_msgs/ublox_msgs/msg/detail/esf_status_sens__builder.hpp
[62.660s] -- Symlinking: /home/jsmoon/yax_jeju/install/ublox_msgs/include/ublox_msgs/ublox_msgs/msg/detail/esf_status_sens__struct.hpp
[62.669s] -- Symlinking: /home/jsmoon/yax_jeju/install/ublox_msgs/include/ublox_msgs/ublox_msgs/msg/detail/esf_status_sens__traits.hpp
[62.677s] -- Symlinking: /home/jsmoon/yax_jeju/install/ublox_msgs/include/ublox_msgs/ublox_msgs/msg/detail/esf_status_sens__type_support.hpp
[62.685s] -- Symlinking: /home/jsmoon/yax_jeju/install/ublox_msgs/include/ublox_msgs/ublox_msgs/msg/detail/hnr_pvt__builder.hpp
[62.695s] -- Symlinking: /home/jsmoon/yax_jeju/install/ublox_msgs/include/ublox_msgs/ublox_msgs/msg/detail/hnr_pvt__struct.hpp
[62.703s] -- Symlinking: /home/jsmoon/yax_jeju/install/ublox_msgs/include/ublox_msgs/ublox_msgs/msg/detail/hnr_pvt__traits.hpp
[62.714s] -- Symlinking: /home/jsmoon/yax_jeju/install/ublox_msgs/include/ublox_msgs/ublox_msgs/msg/detail/hnr_pvt__type_support.hpp
[62.723s] -- Symlinking: /home/jsmoon/yax_jeju/install/ublox_msgs/include/ublox_msgs/ublox_msgs/msg/detail/inf__builder.hpp
[62.732s] -- Symlinking: /home/jsmoon/yax_jeju/install/ublox_msgs/include/ublox_msgs/ublox_msgs/msg/detail/inf__struct.hpp
[62.741s] -- Symlinking: /home/jsmoon/yax_jeju/install/ublox_msgs/include/ublox_msgs/ublox_msgs/msg/detail/inf__traits.hpp
[62.749s] -- Symlinking: /home/jsmoon/yax_jeju/install/ublox_msgs/include/ublox_msgs/ublox_msgs/msg/detail/inf__type_support.hpp
[62.758s] -- Symlinking: /home/jsmoon/yax_jeju/install/ublox_msgs/include/ublox_msgs/ublox_msgs/msg/detail/mga_gal__builder.hpp
[62.767s] -- Symlinking: /home/jsmoon/yax_jeju/install/ublox_msgs/include/ublox_msgs/ublox_msgs/msg/detail/mga_gal__struct.hpp
[62.776s] -- Symlinking: /home/jsmoon/yax_jeju/install/ublox_msgs/include/ublox_msgs/ublox_msgs/msg/detail/mga_gal__traits.hpp
[62.784s] -- Symlinking: /home/jsmoon/yax_jeju/install/ublox_msgs/include/ublox_msgs/ublox_msgs/msg/detail/mga_gal__type_support.hpp
[62.793s] -- Symlinking: /home/jsmoon/yax_jeju/install/ublox_msgs/include/ublox_msgs/ublox_msgs/msg/detail/mon_gnss__builder.hpp
[62.800s] -- Symlinking: /home/jsmoon/yax_jeju/install/ublox_msgs/include/ublox_msgs/ublox_msgs/msg/detail/mon_gnss__struct.hpp
[62.808s] -- Symlinking: /home/jsmoon/yax_jeju/install/ublox_msgs/include/ublox_msgs/ublox_msgs/msg/detail/mon_gnss__traits.hpp
[62.815s] -- Symlinking: /home/jsmoon/yax_jeju/install/ublox_msgs/include/ublox_msgs/ublox_msgs/msg/detail/mon_gnss__type_support.hpp
[62.822s] -- Symlinking: /home/jsmoon/yax_jeju/install/ublox_msgs/include/ublox_msgs/ublox_msgs/msg/detail/mon_hw6__builder.hpp
[62.829s] -- Symlinking: /home/jsmoon/yax_jeju/install/ublox_msgs/include/ublox_msgs/ublox_msgs/msg/detail/mon_hw6__struct.hpp
[62.838s] -- Symlinking: /home/jsmoon/yax_jeju/install/ublox_msgs/include/ublox_msgs/ublox_msgs/msg/detail/mon_hw6__traits.hpp
[62.846s] -- Symlinking: /home/jsmoon/yax_jeju/install/ublox_msgs/include/ublox_msgs/ublox_msgs/msg/detail/mon_hw6__type_support.hpp
[62.854s] -- Symlinking: /home/jsmoon/yax_jeju/install/ublox_msgs/include/ublox_msgs/ublox_msgs/msg/detail/mon_hw__builder.hpp
[62.862s] -- Symlinking: /home/jsmoon/yax_jeju/install/ublox_msgs/include/ublox_msgs/ublox_msgs/msg/detail/mon_hw__struct.hpp
[62.870s] -- Symlinking: /home/jsmoon/yax_jeju/install/ublox_msgs/include/ublox_msgs/ublox_msgs/msg/detail/mon_hw__traits.hpp
[62.878s] -- Symlinking: /home/jsmoon/yax_jeju/install/ublox_msgs/include/ublox_msgs/ublox_msgs/msg/detail/mon_hw__type_support.hpp
[62.885s] -- Symlinking: /home/jsmoon/yax_jeju/install/ublox_msgs/include/ublox_msgs/ublox_msgs/msg/detail/mon_ver__builder.hpp
[62.893s] -- Symlinking: /home/jsmoon/yax_jeju/install/ublox_msgs/include/ublox_msgs/ublox_msgs/msg/detail/mon_ver__struct.hpp
[62.901s] -- Symlinking: /home/jsmoon/yax_jeju/install/ublox_msgs/include/ublox_msgs/ublox_msgs/msg/detail/mon_ver__traits.hpp
[62.908s] -- Symlinking: /home/jsmoon/yax_jeju/install/ublox_msgs/include/ublox_msgs/ublox_msgs/msg/detail/mon_ver__type_support.hpp
[62.915s] -- Symlinking: /home/jsmoon/yax_jeju/install/ublox_msgs/include/ublox_msgs/ublox_msgs/msg/detail/mon_ver_extension__builder.hpp
[62.923s] -- Symlinking: /home/jsmoon/yax_jeju/install/ublox_msgs/include/ublox_msgs/ublox_msgs/msg/detail/mon_ver_extension__struct.hpp
[62.933s] -- Symlinking: /home/jsmoon/yax_jeju/install/ublox_msgs/include/ublox_msgs/ublox_msgs/msg/detail/mon_ver_extension__traits.hpp
[62.941s] -- Symlinking: /home/jsmoon/yax_jeju/install/ublox_msgs/include/ublox_msgs/ublox_msgs/msg/detail/mon_ver_extension__type_support.hpp
[62.950s] -- Symlinking: /home/jsmoon/yax_jeju/install/ublox_msgs/include/ublox_msgs/ublox_msgs/msg/detail/nav_att__builder.hpp
[62.957s] -- Symlinking: /home/jsmoon/yax_jeju/install/ublox_msgs/include/ublox_msgs/ublox_msgs/msg/detail/nav_att__struct.hpp
[62.966s] -- Symlinking: /home/jsmoon/yax_jeju/install/ublox_msgs/include/ublox_msgs/ublox_msgs/msg/detail/nav_att__traits.hpp
[62.973s] -- Symlinking: /home/jsmoon/yax_jeju/install/ublox_msgs/include/ublox_msgs/ublox_msgs/msg/detail/nav_att__type_support.hpp
[62.982s] -- Symlinking: /home/jsmoon/yax_jeju/install/ublox_msgs/include/ublox_msgs/ublox_msgs/msg/detail/nav_clock__builder.hpp
[62.990s] -- Symlinking: /home/jsmoon/yax_jeju/install/ublox_msgs/include/ublox_msgs/ublox_msgs/msg/detail/nav_clock__struct.hpp
[62.998s] -- Symlinking: /home/jsmoon/yax_jeju/install/ublox_msgs/include/ublox_msgs/ublox_msgs/msg/detail/nav_clock__traits.hpp
[63.006s] -- Symlinking: /home/jsmoon/yax_jeju/install/ublox_msgs/include/ublox_msgs/ublox_msgs/msg/detail/nav_clock__type_support.hpp
[63.013s] -- Symlinking: /home/jsmoon/yax_jeju/install/ublox_msgs/include/ublox_msgs/ublox_msgs/msg/detail/nav_dgps__builder.hpp
[63.021s] -- Symlinking: /home/jsmoon/yax_jeju/install/ublox_msgs/include/ublox_msgs/ublox_msgs/msg/detail/nav_dgps__struct.hpp
[63.031s] -- Symlinking: /home/jsmoon/yax_jeju/install/ublox_msgs/include/ublox_msgs/ublox_msgs/msg/detail/nav_dgps__traits.hpp
[63.039s] -- Symlinking: /home/jsmoon/yax_jeju/install/ublox_msgs/include/ublox_msgs/ublox_msgs/msg/detail/nav_dgps__type_support.hpp
[63.047s] -- Symlinking: /home/jsmoon/yax_jeju/install/ublox_msgs/include/ublox_msgs/ublox_msgs/msg/detail/nav_dgpssv__builder.hpp
[63.056s] -- Symlinking: /home/jsmoon/yax_jeju/install/ublox_msgs/include/ublox_msgs/ublox_msgs/msg/detail/nav_dgpssv__struct.hpp
[63.064s] -- Symlinking: /home/jsmoon/yax_jeju/install/ublox_msgs/include/ublox_msgs/ublox_msgs/msg/detail/nav_dgpssv__traits.hpp
[63.072s] -- Symlinking: /home/jsmoon/yax_jeju/install/ublox_msgs/include/ublox_msgs/ublox_msgs/msg/detail/nav_dgpssv__type_support.hpp
[63.080s] -- Symlinking: /home/jsmoon/yax_jeju/install/ublox_msgs/include/ublox_msgs/ublox_msgs/msg/detail/nav_dop__builder.hpp
[63.088s] -- Symlinking: /home/jsmoon/yax_jeju/install/ublox_msgs/include/ublox_msgs/ublox_msgs/msg/detail/nav_dop__struct.hpp
[63.096s] -- Symlinking: /home/jsmoon/yax_jeju/install/ublox_msgs/include/ublox_msgs/ublox_msgs/msg/detail/nav_dop__traits.hpp
[63.103s] -- Symlinking: /home/jsmoon/yax_jeju/install/ublox_msgs/include/ublox_msgs/ublox_msgs/msg/detail/nav_dop__type_support.hpp
[63.112s] -- Symlinking: /home/jsmoon/yax_jeju/install/ublox_msgs/include/ublox_msgs/ublox_msgs/msg/detail/nav_posecef__builder.hpp
[63.120s] -- Symlinking: /home/jsmoon/yax_jeju/install/ublox_msgs/include/ublox_msgs/ublox_msgs/msg/detail/nav_posecef__struct.hpp
[63.128s] -- Symlinking: /home/jsmoon/yax_jeju/install/ublox_msgs/include/ublox_msgs/ublox_msgs/msg/detail/nav_posecef__traits.hpp
[63.137s] -- Symlinking: /home/jsmoon/yax_jeju/install/ublox_msgs/include/ublox_msgs/ublox_msgs/msg/detail/nav_posecef__type_support.hpp
[63.144s] -- Symlinking: /home/jsmoon/yax_jeju/install/ublox_msgs/include/ublox_msgs/ublox_msgs/msg/detail/nav_posllh__builder.hpp
[63.153s] -- Symlinking: /home/jsmoon/yax_jeju/install/ublox_msgs/include/ublox_msgs/ublox_msgs/msg/detail/nav_posllh__struct.hpp
[63.160s] -- Symlinking: /home/jsmoon/yax_jeju/install/ublox_msgs/include/ublox_msgs/ublox_msgs/msg/detail/nav_posllh__traits.hpp
[63.167s] -- Symlinking: /home/jsmoon/yax_jeju/install/ublox_msgs/include/ublox_msgs/ublox_msgs/msg/detail/nav_posllh__type_support.hpp
[63.175s] -- Symlinking: /home/jsmoon/yax_jeju/install/ublox_msgs/include/ublox_msgs/ublox_msgs/msg/detail/nav_pvt7__builder.hpp
[63.184s] -- Symlinking: /home/jsmoon/yax_jeju/install/ublox_msgs/include/ublox_msgs/ublox_msgs/msg/detail/nav_pvt7__struct.hpp
[63.191s] -- Symlinking: /home/jsmoon/yax_jeju/install/ublox_msgs/include/ublox_msgs/ublox_msgs/msg/detail/nav_pvt7__traits.hpp
[63.198s] -- Symlinking: /home/jsmoon/yax_jeju/install/ublox_msgs/include/ublox_msgs/ublox_msgs/msg/detail/nav_pvt7__type_support.hpp
[63.207s] -- Symlinking: /home/jsmoon/yax_jeju/install/ublox_msgs/include/ublox_msgs/ublox_msgs/msg/detail/nav_pvt__builder.hpp
[63.215s] -- Symlinking: /home/jsmoon/yax_jeju/install/ublox_msgs/include/ublox_msgs/ublox_msgs/msg/detail/nav_pvt__struct.hpp
[63.222s] -- Symlinking: /home/jsmoon/yax_jeju/install/ublox_msgs/include/ublox_msgs/ublox_msgs/msg/detail/nav_pvt__traits.hpp
[63.232s] -- Symlinking: /home/jsmoon/yax_jeju/install/ublox_msgs/include/ublox_msgs/ublox_msgs/msg/detail/nav_pvt__type_support.hpp
[63.240s] -- Symlinking: /home/jsmoon/yax_jeju/install/ublox_msgs/include/ublox_msgs/ublox_msgs/msg/detail/nav_relposned9__builder.hpp
[63.248s] -- Symlinking: /home/jsmoon/yax_jeju/install/ublox_msgs/include/ublox_msgs/ublox_msgs/msg/detail/nav_relposned9__struct.hpp
[63.256s] -- Symlinking: /home/jsmoon/yax_jeju/install/ublox_msgs/include/ublox_msgs/ublox_msgs/msg/detail/nav_relposned9__traits.hpp
[63.265s] -- Symlinking: /home/jsmoon/yax_jeju/install/ublox_msgs/include/ublox_msgs/ublox_msgs/msg/detail/nav_relposned9__type_support.hpp
[63.275s] -- Symlinking: /home/jsmoon/yax_jeju/install/ublox_msgs/include/ublox_msgs/ublox_msgs/msg/detail/nav_relposned__builder.hpp
[63.283s] -- Symlinking: /home/jsmoon/yax_jeju/install/ublox_msgs/include/ublox_msgs/ublox_msgs/msg/detail/nav_relposned__struct.hpp
[63.290s] -- Symlinking: /home/jsmoon/yax_jeju/install/ublox_msgs/include/ublox_msgs/ublox_msgs/msg/detail/nav_relposned__traits.hpp
[63.298s] -- Symlinking: /home/jsmoon/yax_jeju/install/ublox_msgs/include/ublox_msgs/ublox_msgs/msg/detail/nav_relposned__type_support.hpp
[63.306s] -- Symlinking: /home/jsmoon/yax_jeju/install/ublox_msgs/include/ublox_msgs/ublox_msgs/msg/detail/nav_sat__builder.hpp
[63.314s] -- Symlinking: /home/jsmoon/yax_jeju/install/ublox_msgs/include/ublox_msgs/ublox_msgs/msg/detail/nav_sat__struct.hpp
[63.323s] -- Symlinking: /home/jsmoon/yax_jeju/install/ublox_msgs/include/ublox_msgs/ublox_msgs/msg/detail/nav_sat__traits.hpp
[63.330s] -- Symlinking: /home/jsmoon/yax_jeju/install/ublox_msgs/include/ublox_msgs/ublox_msgs/msg/detail/nav_sat__type_support.hpp
[63.338s] -- Symlinking: /home/jsmoon/yax_jeju/install/ublox_msgs/include/ublox_msgs/ublox_msgs/msg/detail/nav_satsv__builder.hpp
[63.346s] -- Symlinking: /home/jsmoon/yax_jeju/install/ublox_msgs/include/ublox_msgs/ublox_msgs/msg/detail/nav_satsv__struct.hpp
[63.353s] -- Symlinking: /home/jsmoon/yax_jeju/install/ublox_msgs/include/ublox_msgs/ublox_msgs/msg/detail/nav_satsv__traits.hpp
[63.361s] -- Symlinking: /home/jsmoon/yax_jeju/install/ublox_msgs/include/ublox_msgs/ublox_msgs/msg/detail/nav_satsv__type_support.hpp
[63.368s] -- Symlinking: /home/jsmoon/yax_jeju/install/ublox_msgs/include/ublox_msgs/ublox_msgs/msg/detail/nav_sbas__builder.hpp
[63.376s] -- Symlinking: /home/jsmoon/yax_jeju/install/ublox_msgs/include/ublox_msgs/ublox_msgs/msg/detail/nav_sbas__struct.hpp
[63.384s] -- Symlinking: /home/jsmoon/yax_jeju/install/ublox_msgs/include/ublox_msgs/ublox_msgs/msg/detail/nav_sbas__traits.hpp
[63.392s] -- Symlinking: /home/jsmoon/yax_jeju/install/ublox_msgs/include/ublox_msgs/ublox_msgs/msg/detail/nav_sbas__type_support.hpp
[63.399s] -- Symlinking: /home/jsmoon/yax_jeju/install/ublox_msgs/include/ublox_msgs/ublox_msgs/msg/detail/nav_sbassv__builder.hpp
[63.406s] -- Symlinking: /home/jsmoon/yax_jeju/install/ublox_msgs/include/ublox_msgs/ublox_msgs/msg/detail/nav_sbassv__struct.hpp
[63.413s] -- Symlinking: /home/jsmoon/yax_jeju/install/ublox_msgs/include/ublox_msgs/ublox_msgs/msg/detail/nav_sbassv__traits.hpp
[63.421s] -- Symlinking: /home/jsmoon/yax_jeju/install/ublox_msgs/include/ublox_msgs/ublox_msgs/msg/detail/nav_sbassv__type_support.hpp
[63.431s] -- Symlinking: /home/jsmoon/yax_jeju/install/ublox_msgs/include/ublox_msgs/ublox_msgs/msg/detail/nav_sol__builder.hpp
[63.438s] -- Symlinking: /home/jsmoon/yax_jeju/install/ublox_msgs/include/ublox_msgs/ublox_msgs/msg/detail/nav_sol__struct.hpp
[63.445s] -- Symlinking: /home/jsmoon/yax_jeju/install/ublox_msgs/include/ublox_msgs/ublox_msgs/msg/detail/nav_sol__traits.hpp
[63.452s] -- Symlinking: /home/jsmoon/yax_jeju/install/ublox_msgs/include/ublox_msgs/ublox_msgs/msg/detail/nav_sol__type_support.hpp
[63.460s] -- Symlinking: /home/jsmoon/yax_jeju/install/ublox_msgs/include/ublox_msgs/ublox_msgs/msg/detail/nav_status__builder.hpp
[63.467s] -- Symlinking: /home/jsmoon/yax_jeju/install/ublox_msgs/include/ublox_msgs/ublox_msgs/msg/detail/nav_status__struct.hpp
[63.475s] -- Symlinking: /home/jsmoon/yax_jeju/install/ublox_msgs/include/ublox_msgs/ublox_msgs/msg/detail/nav_status__traits.hpp
[63.482s] -- Symlinking: /home/jsmoon/yax_jeju/install/ublox_msgs/include/ublox_msgs/ublox_msgs/msg/detail/nav_status__type_support.hpp
[63.489s] -- Symlinking: /home/jsmoon/yax_jeju/install/ublox_msgs/include/ublox_msgs/ublox_msgs/msg/detail/nav_svin__builder.hpp
[63.496s] -- Symlinking: /home/jsmoon/yax_jeju/install/ublox_msgs/include/ublox_msgs/ublox_msgs/msg/detail/nav_svin__struct.hpp
[63.503s] -- Symlinking: /home/jsmoon/yax_jeju/install/ublox_msgs/include/ublox_msgs/ublox_msgs/msg/detail/nav_svin__traits.hpp
[63.514s] -- Symlinking: /home/jsmoon/yax_jeju/install/ublox_msgs/include/ublox_msgs/ublox_msgs/msg/detail/nav_svin__type_support.hpp
[63.522s] -- Symlinking: /home/jsmoon/yax_jeju/install/ublox_msgs/include/ublox_msgs/ublox_msgs/msg/detail/nav_svinfo__builder.hpp
[63.531s] -- Symlinking: /home/jsmoon/yax_jeju/install/ublox_msgs/include/ublox_msgs/ublox_msgs/msg/detail/nav_svinfo__struct.hpp
[63.538s] -- Symlinking: /home/jsmoon/yax_jeju/install/ublox_msgs/include/ublox_msgs/ublox_msgs/msg/detail/nav_svinfo__traits.hpp
[63.589s] -- Symlinking: /home/jsmoon/yax_jeju/install/ublox_msgs/include/ublox_msgs/ublox_msgs/msg/detail/nav_svinfo__type_support.hpp
[63.599s] -- Symlinking: /home/jsmoon/yax_jeju/install/ublox_msgs/include/ublox_msgs/ublox_msgs/msg/detail/nav_svinfosv__builder.hpp
[63.608s] -- Symlinking: /home/jsmoon/yax_jeju/install/ublox_msgs/include/ublox_msgs/ublox_msgs/msg/detail/nav_svinfosv__struct.hpp
[63.617s] -- Symlinking: /home/jsmoon/yax_jeju/install/ublox_msgs/include/ublox_msgs/ublox_msgs/msg/detail/nav_svinfosv__traits.hpp
[63.629s] -- Symlinking: /home/jsmoon/yax_jeju/install/ublox_msgs/include/ublox_msgs/ublox_msgs/msg/detail/nav_svinfosv__type_support.hpp
[63.638s] -- Symlinking: /home/jsmoon/yax_jeju/install/ublox_msgs/include/ublox_msgs/ublox_msgs/msg/detail/nav_timegps__builder.hpp
[63.647s] -- Symlinking: /home/jsmoon/yax_jeju/install/ublox_msgs/include/ublox_msgs/ublox_msgs/msg/detail/nav_timegps__struct.hpp
[63.656s] -- Symlinking: /home/jsmoon/yax_jeju/install/ublox_msgs/include/ublox_msgs/ublox_msgs/msg/detail/nav_timegps__traits.hpp
[63.664s] -- Symlinking: /home/jsmoon/yax_jeju/install/ublox_msgs/include/ublox_msgs/ublox_msgs/msg/detail/nav_timegps__type_support.hpp
[63.672s] -- Symlinking: /home/jsmoon/yax_jeju/install/ublox_msgs/include/ublox_msgs/ublox_msgs/msg/detail/nav_timeutc__builder.hpp
[63.681s] -- Symlinking: /home/jsmoon/yax_jeju/install/ublox_msgs/include/ublox_msgs/ublox_msgs/msg/detail/nav_timeutc__struct.hpp
[63.689s] -- Symlinking: /home/jsmoon/yax_jeju/install/ublox_msgs/include/ublox_msgs/ublox_msgs/msg/detail/nav_timeutc__traits.hpp
[63.698s] -- Symlinking: /home/jsmoon/yax_jeju/install/ublox_msgs/include/ublox_msgs/ublox_msgs/msg/detail/nav_timeutc__type_support.hpp
[63.706s] -- Symlinking: /home/jsmoon/yax_jeju/install/ublox_msgs/include/ublox_msgs/ublox_msgs/msg/detail/nav_velecef__builder.hpp
[63.717s] -- Symlinking: /home/jsmoon/yax_jeju/install/ublox_msgs/include/ublox_msgs/ublox_msgs/msg/detail/nav_velecef__struct.hpp
[63.725s] -- Symlinking: /home/jsmoon/yax_jeju/install/ublox_msgs/include/ublox_msgs/ublox_msgs/msg/detail/nav_velecef__traits.hpp
[63.733s] -- Symlinking: /home/jsmoon/yax_jeju/install/ublox_msgs/include/ublox_msgs/ublox_msgs/msg/detail/nav_velecef__type_support.hpp
[63.743s] -- Symlinking: /home/jsmoon/yax_jeju/install/ublox_msgs/include/ublox_msgs/ublox_msgs/msg/detail/nav_velned__builder.hpp
[63.753s] -- Symlinking: /home/jsmoon/yax_jeju/install/ublox_msgs/include/ublox_msgs/ublox_msgs/msg/detail/nav_velned__struct.hpp
[63.761s] -- Symlinking: /home/jsmoon/yax_jeju/install/ublox_msgs/include/ublox_msgs/ublox_msgs/msg/detail/nav_velned__traits.hpp
[63.770s] -- Symlinking: /home/jsmoon/yax_jeju/install/ublox_msgs/include/ublox_msgs/ublox_msgs/msg/detail/nav_velned__type_support.hpp
[63.779s] -- Symlinking: /home/jsmoon/yax_jeju/install/ublox_msgs/include/ublox_msgs/ublox_msgs/msg/detail/rxm_alm__builder.hpp
[63.789s] -- Symlinking: /home/jsmoon/yax_jeju/install/ublox_msgs/include/ublox_msgs/ublox_msgs/msg/detail/rxm_alm__struct.hpp
[63.798s] -- Symlinking: /home/jsmoon/yax_jeju/install/ublox_msgs/include/ublox_msgs/ublox_msgs/msg/detail/rxm_alm__traits.hpp
[63.807s] -- Symlinking: /home/jsmoon/yax_jeju/install/ublox_msgs/include/ublox_msgs/ublox_msgs/msg/detail/rxm_alm__type_support.hpp
[63.815s] -- Symlinking: /home/jsmoon/yax_jeju/install/ublox_msgs/include/ublox_msgs/ublox_msgs/msg/detail/rxm_eph__builder.hpp
[63.823s] -- Symlinking: /home/jsmoon/yax_jeju/install/ublox_msgs/include/ublox_msgs/ublox_msgs/msg/detail/rxm_eph__struct.hpp
[63.832s] -- Symlinking: /home/jsmoon/yax_jeju/install/ublox_msgs/include/ublox_msgs/ublox_msgs/msg/detail/rxm_eph__traits.hpp
[63.840s] -- Symlinking: /home/jsmoon/yax_jeju/install/ublox_msgs/include/ublox_msgs/ublox_msgs/msg/detail/rxm_eph__type_support.hpp
[63.849s] -- Symlinking: /home/jsmoon/yax_jeju/install/ublox_msgs/include/ublox_msgs/ublox_msgs/msg/detail/rxm_raw__builder.hpp
[63.858s] -- Symlinking: /home/jsmoon/yax_jeju/install/ublox_msgs/include/ublox_msgs/ublox_msgs/msg/detail/rxm_raw__struct.hpp
[63.867s] -- Symlinking: /home/jsmoon/yax_jeju/install/ublox_msgs/include/ublox_msgs/ublox_msgs/msg/detail/rxm_raw__traits.hpp
[63.876s] -- Symlinking: /home/jsmoon/yax_jeju/install/ublox_msgs/include/ublox_msgs/ublox_msgs/msg/detail/rxm_raw__type_support.hpp
[63.885s] -- Symlinking: /home/jsmoon/yax_jeju/install/ublox_msgs/include/ublox_msgs/ublox_msgs/msg/detail/rxm_rawsv__builder.hpp
[63.893s] -- Symlinking: /home/jsmoon/yax_jeju/install/ublox_msgs/include/ublox_msgs/ublox_msgs/msg/detail/rxm_rawsv__struct.hpp
[63.901s] -- Symlinking: /home/jsmoon/yax_jeju/install/ublox_msgs/include/ublox_msgs/ublox_msgs/msg/detail/rxm_rawsv__traits.hpp
[63.909s] -- Symlinking: /home/jsmoon/yax_jeju/install/ublox_msgs/include/ublox_msgs/ublox_msgs/msg/detail/rxm_rawsv__type_support.hpp
[63.917s] -- Symlinking: /home/jsmoon/yax_jeju/install/ublox_msgs/include/ublox_msgs/ublox_msgs/msg/detail/rxm_rawx__builder.hpp
[63.926s] -- Symlinking: /home/jsmoon/yax_jeju/install/ublox_msgs/include/ublox_msgs/ublox_msgs/msg/detail/rxm_rawx__struct.hpp
[63.934s] -- Symlinking: /home/jsmoon/yax_jeju/install/ublox_msgs/include/ublox_msgs/ublox_msgs/msg/detail/rxm_rawx__traits.hpp
[63.942s] -- Symlinking: /home/jsmoon/yax_jeju/install/ublox_msgs/include/ublox_msgs/ublox_msgs/msg/detail/rxm_rawx__type_support.hpp
[63.950s] -- Symlinking: /home/jsmoon/yax_jeju/install/ublox_msgs/include/ublox_msgs/ublox_msgs/msg/detail/rxm_rawx_meas__builder.hpp
[63.958s] -- Symlinking: /home/jsmoon/yax_jeju/install/ublox_msgs/include/ublox_msgs/ublox_msgs/msg/detail/rxm_rawx_meas__struct.hpp
[63.967s] -- Symlinking: /home/jsmoon/yax_jeju/install/ublox_msgs/include/ublox_msgs/ublox_msgs/msg/detail/rxm_rawx_meas__traits.hpp
[63.975s] -- Symlinking: /home/jsmoon/yax_jeju/install/ublox_msgs/include/ublox_msgs/ublox_msgs/msg/detail/rxm_rawx_meas__type_support.hpp
[63.983s] -- Symlinking: /home/jsmoon/yax_jeju/install/ublox_msgs/include/ublox_msgs/ublox_msgs/msg/detail/rxm_rtcm__builder.hpp
[63.991s] -- Symlinking: /home/jsmoon/yax_jeju/install/ublox_msgs/include/ublox_msgs/ublox_msgs/msg/detail/rxm_rtcm__struct.hpp
[63.998s] -- Symlinking: /home/jsmoon/yax_jeju/install/ublox_msgs/include/ublox_msgs/ublox_msgs/msg/detail/rxm_rtcm__traits.hpp
[64.006s] -- Symlinking: /home/jsmoon/yax_jeju/install/ublox_msgs/include/ublox_msgs/ublox_msgs/msg/detail/rxm_rtcm__type_support.hpp
[64.013s] -- Symlinking: /home/jsmoon/yax_jeju/install/ublox_msgs/include/ublox_msgs/ublox_msgs/msg/detail/rxm_sfrb__builder.hpp
[64.022s] -- Symlinking: /home/jsmoon/yax_jeju/install/ublox_msgs/include/ublox_msgs/ublox_msgs/msg/detail/rxm_sfrb__struct.hpp
[64.031s] -- Symlinking: /home/jsmoon/yax_jeju/install/ublox_msgs/include/ublox_msgs/ublox_msgs/msg/detail/rxm_sfrb__traits.hpp
[64.038s] -- Symlinking: /home/jsmoon/yax_jeju/install/ublox_msgs/include/ublox_msgs/ublox_msgs/msg/detail/rxm_sfrb__type_support.hpp
[64.045s] -- Symlinking: /home/jsmoon/yax_jeju/install/ublox_msgs/include/ublox_msgs/ublox_msgs/msg/detail/rxm_sfrbx__builder.hpp
[64.052s] -- Symlinking: /home/jsmoon/yax_jeju/install/ublox_msgs/include/ublox_msgs/ublox_msgs/msg/detail/rxm_sfrbx__struct.hpp
[64.059s] -- Symlinking: /home/jsmoon/yax_jeju/install/ublox_msgs/include/ublox_msgs/ublox_msgs/msg/detail/rxm_sfrbx__traits.hpp
[64.068s] -- Symlinking: /home/jsmoon/yax_jeju/install/ublox_msgs/include/ublox_msgs/ublox_msgs/msg/detail/rxm_sfrbx__type_support.hpp
[64.078s] -- Symlinking: /home/jsmoon/yax_jeju/install/ublox_msgs/include/ublox_msgs/ublox_msgs/msg/detail/rxm_svsi__builder.hpp
[64.086s] -- Symlinking: /home/jsmoon/yax_jeju/install/ublox_msgs/include/ublox_msgs/ublox_msgs/msg/detail/rxm_svsi__struct.hpp
[64.095s] -- Symlinking: /home/jsmoon/yax_jeju/install/ublox_msgs/include/ublox_msgs/ublox_msgs/msg/detail/rxm_svsi__traits.hpp
[64.104s] -- Symlinking: /home/jsmoon/yax_jeju/install/ublox_msgs/include/ublox_msgs/ublox_msgs/msg/detail/rxm_svsi__type_support.hpp
[64.115s] -- Symlinking: /home/jsmoon/yax_jeju/install/ublox_msgs/include/ublox_msgs/ublox_msgs/msg/detail/rxm_svsisv__builder.hpp
[64.124s] -- Symlinking: /home/jsmoon/yax_jeju/install/ublox_msgs/include/ublox_msgs/ublox_msgs/msg/detail/rxm_svsisv__struct.hpp
[64.135s] -- Symlinking: /home/jsmoon/yax_jeju/install/ublox_msgs/include/ublox_msgs/ublox_msgs/msg/detail/rxm_svsisv__traits.hpp
[64.144s] -- Symlinking: /home/jsmoon/yax_jeju/install/ublox_msgs/include/ublox_msgs/ublox_msgs/msg/detail/rxm_svsisv__type_support.hpp
[64.154s] -- Symlinking: /home/jsmoon/yax_jeju/install/ublox_msgs/include/ublox_msgs/ublox_msgs/msg/detail/tim_tm2__builder.hpp
[64.164s] -- Symlinking: /home/jsmoon/yax_jeju/install/ublox_msgs/include/ublox_msgs/ublox_msgs/msg/detail/tim_tm2__struct.hpp
[64.173s] -- Symlinking: /home/jsmoon/yax_jeju/install/ublox_msgs/include/ublox_msgs/ublox_msgs/msg/detail/tim_tm2__traits.hpp
[64.183s] -- Symlinking: /home/jsmoon/yax_jeju/install/ublox_msgs/include/ublox_msgs/ublox_msgs/msg/detail/tim_tm2__type_support.hpp
[64.191s] -- Symlinking: /home/jsmoon/yax_jeju/install/ublox_msgs/include/ublox_msgs/ublox_msgs/msg/detail/upd_sos__builder.hpp
[64.199s] -- Symlinking: /home/jsmoon/yax_jeju/install/ublox_msgs/include/ublox_msgs/ublox_msgs/msg/detail/upd_sos__struct.hpp
[64.208s] -- Symlinking: /home/jsmoon/yax_jeju/install/ublox_msgs/include/ublox_msgs/ublox_msgs/msg/detail/upd_sos__traits.hpp
[64.217s] -- Symlinking: /home/jsmoon/yax_jeju/install/ublox_msgs/include/ublox_msgs/ublox_msgs/msg/detail/upd_sos__type_support.hpp
[64.226s] -- Symlinking: /home/jsmoon/yax_jeju/install/ublox_msgs/include/ublox_msgs/ublox_msgs/msg/detail/upd_sos_ack__builder.hpp
[64.235s] -- Symlinking: /home/jsmoon/yax_jeju/install/ublox_msgs/include/ublox_msgs/ublox_msgs/msg/detail/upd_sos_ack__struct.hpp
[64.244s] -- Symlinking: /home/jsmoon/yax_jeju/install/ublox_msgs/include/ublox_msgs/ublox_msgs/msg/detail/upd_sos_ack__traits.hpp
[64.252s] -- Symlinking: /home/jsmoon/yax_jeju/install/ublox_msgs/include/ublox_msgs/ublox_msgs/msg/detail/upd_sos_ack__type_support.hpp
[64.262s] -- Symlinking: /home/jsmoon/yax_jeju/install/ublox_msgs/include/ublox_msgs/ublox_msgs/msg/esf_ins.hpp
[64.270s] -- Symlinking: /home/jsmoon/yax_jeju/install/ublox_msgs/include/ublox_msgs/ublox_msgs/msg/esf_meas.hpp
[64.281s] -- Symlinking: /home/jsmoon/yax_jeju/install/ublox_msgs/include/ublox_msgs/ublox_msgs/msg/esf_raw.hpp
[64.289s] -- Symlinking: /home/jsmoon/yax_jeju/install/ublox_msgs/include/ublox_msgs/ublox_msgs/msg/esf_raw_block.hpp
[64.297s] -- Symlinking: /home/jsmoon/yax_jeju/install/ublox_msgs/include/ublox_msgs/ublox_msgs/msg/esf_status.hpp
[64.307s] -- Symlinking: /home/jsmoon/yax_jeju/install/ublox_msgs/include/ublox_msgs/ublox_msgs/msg/esf_status_sens.hpp
[64.315s] -- Symlinking: /home/jsmoon/yax_jeju/install/ublox_msgs/include/ublox_msgs/ublox_msgs/msg/hnr_pvt.hpp
[64.324s] -- Symlinking: /home/jsmoon/yax_jeju/install/ublox_msgs/include/ublox_msgs/ublox_msgs/msg/inf.hpp
[64.332s] -- Symlinking: /home/jsmoon/yax_jeju/install/ublox_msgs/include/ublox_msgs/ublox_msgs/msg/mga_gal.hpp
[64.341s] -- Symlinking: /home/jsmoon/yax_jeju/install/ublox_msgs/include/ublox_msgs/ublox_msgs/msg/mon_gnss.hpp
[64.348s] -- Symlinking: /home/jsmoon/yax_jeju/install/ublox_msgs/include/ublox_msgs/ublox_msgs/msg/mon_hw.hpp
[64.357s] -- Symlinking: /home/jsmoon/yax_jeju/install/ublox_msgs/include/ublox_msgs/ublox_msgs/msg/mon_hw6.hpp
[64.365s] -- Symlinking: /home/jsmoon/yax_jeju/install/ublox_msgs/include/ublox_msgs/ublox_msgs/msg/mon_ver.hpp
[64.372s] -- Symlinking: /home/jsmoon/yax_jeju/install/ublox_msgs/include/ublox_msgs/ublox_msgs/msg/mon_ver_extension.hpp
[64.379s] -- Symlinking: /home/jsmoon/yax_jeju/install/ublox_msgs/include/ublox_msgs/ublox_msgs/msg/nav_att.hpp
[64.386s] -- Symlinking: /home/jsmoon/yax_jeju/install/ublox_msgs/include/ublox_msgs/ublox_msgs/msg/nav_clock.hpp
[64.395s] -- Symlinking: /home/jsmoon/yax_jeju/install/ublox_msgs/include/ublox_msgs/ublox_msgs/msg/nav_dgps.hpp
[64.403s] -- Symlinking: /home/jsmoon/yax_jeju/install/ublox_msgs/include/ublox_msgs/ublox_msgs/msg/nav_dgpssv.hpp
[64.412s] -- Symlinking: /home/jsmoon/yax_jeju/install/ublox_msgs/include/ublox_msgs/ublox_msgs/msg/nav_dop.hpp
[64.419s] -- Symlinking: /home/jsmoon/yax_jeju/install/ublox_msgs/include/ublox_msgs/ublox_msgs/msg/nav_posecef.hpp
[64.428s] -- Symlinking: /home/jsmoon/yax_jeju/install/ublox_msgs/include/ublox_msgs/ublox_msgs/msg/nav_posllh.hpp
[64.435s] -- Symlinking: /home/jsmoon/yax_jeju/install/ublox_msgs/include/ublox_msgs/ublox_msgs/msg/nav_pvt.hpp
[64.444s] -- Symlinking: /home/jsmoon/yax_jeju/install/ublox_msgs/include/ublox_msgs/ublox_msgs/msg/nav_pvt7.hpp
[64.451s] -- Symlinking: /home/jsmoon/yax_jeju/install/ublox_msgs/include/ublox_msgs/ublox_msgs/msg/nav_relposned.hpp
[64.459s] -- Symlinking: /home/jsmoon/yax_jeju/install/ublox_msgs/include/ublox_msgs/ublox_msgs/msg/nav_relposned9.hpp
[64.468s] -- Symlinking: /home/jsmoon/yax_jeju/install/ublox_msgs/include/ublox_msgs/ublox_msgs/msg/nav_sat.hpp
[64.476s] -- Symlinking: /home/jsmoon/yax_jeju/install/ublox_msgs/include/ublox_msgs/ublox_msgs/msg/nav_satsv.hpp
[64.485s] -- Symlinking: /home/jsmoon/yax_jeju/install/ublox_msgs/include/ublox_msgs/ublox_msgs/msg/nav_sbas.hpp
[64.492s] -- Symlinking: /home/jsmoon/yax_jeju/install/ublox_msgs/include/ublox_msgs/ublox_msgs/msg/nav_sbassv.hpp
[64.500s] -- Symlinking: /home/jsmoon/yax_jeju/install/ublox_msgs/include/ublox_msgs/ublox_msgs/msg/nav_sol.hpp
[64.508s] -- Symlinking: /home/jsmoon/yax_jeju/install/ublox_msgs/include/ublox_msgs/ublox_msgs/msg/nav_status.hpp
[64.516s] -- Symlinking: /home/jsmoon/yax_jeju/install/ublox_msgs/include/ublox_msgs/ublox_msgs/msg/nav_svin.hpp
[64.523s] -- Symlinking: /home/jsmoon/yax_jeju/install/ublox_msgs/include/ublox_msgs/ublox_msgs/msg/nav_svinfo.hpp
[64.533s] -- Symlinking: /home/jsmoon/yax_jeju/install/ublox_msgs/include/ublox_msgs/ublox_msgs/msg/nav_svinfosv.hpp
[64.541s] -- Symlinking: /home/jsmoon/yax_jeju/install/ublox_msgs/include/ublox_msgs/ublox_msgs/msg/nav_timegps.hpp
[64.549s] -- Symlinking: /home/jsmoon/yax_jeju/install/ublox_msgs/include/ublox_msgs/ublox_msgs/msg/nav_timeutc.hpp
[64.558s] -- Symlinking: /home/jsmoon/yax_jeju/install/ublox_msgs/include/ublox_msgs/ublox_msgs/msg/nav_velecef.hpp
[64.565s] -- Symlinking: /home/jsmoon/yax_jeju/install/ublox_msgs/include/ublox_msgs/ublox_msgs/msg/nav_velned.hpp
[64.573s] -- Symlinking: /home/jsmoon/yax_jeju/install/ublox_msgs/include/ublox_msgs/ublox_msgs/msg/rosidl_generator_cpp__visibility_control.hpp
[64.581s] -- Symlinking: /home/jsmoon/yax_jeju/install/ublox_msgs/include/ublox_msgs/ublox_msgs/msg/rxm_alm.hpp
[64.588s] -- Symlinking: /home/jsmoon/yax_jeju/install/ublox_msgs/include/ublox_msgs/ublox_msgs/msg/rxm_eph.hpp
[64.597s] -- Symlinking: /home/jsmoon/yax_jeju/install/ublox_msgs/include/ublox_msgs/ublox_msgs/msg/rxm_raw.hpp
[64.605s] -- Symlinking: /home/jsmoon/yax_jeju/install/ublox_msgs/include/ublox_msgs/ublox_msgs/msg/rxm_rawsv.hpp
[64.612s] -- Symlinking: /home/jsmoon/yax_jeju/install/ublox_msgs/include/ublox_msgs/ublox_msgs/msg/rxm_rawx.hpp
[64.621s] -- Symlinking: /home/jsmoon/yax_jeju/install/ublox_msgs/include/ublox_msgs/ublox_msgs/msg/rxm_rawx_meas.hpp
[64.630s] -- Symlinking: /home/jsmoon/yax_jeju/install/ublox_msgs/include/ublox_msgs/ublox_msgs/msg/rxm_rtcm.hpp
[64.638s] -- Symlinking: /home/jsmoon/yax_jeju/install/ublox_msgs/include/ublox_msgs/ublox_msgs/msg/rxm_sfrb.hpp
[64.646s] -- Symlinking: /home/jsmoon/yax_jeju/install/ublox_msgs/include/ublox_msgs/ublox_msgs/msg/rxm_sfrbx.hpp
[64.654s] -- Symlinking: /home/jsmoon/yax_jeju/install/ublox_msgs/include/ublox_msgs/ublox_msgs/msg/rxm_svsi.hpp
[64.661s] -- Symlinking: /home/jsmoon/yax_jeju/install/ublox_msgs/include/ublox_msgs/ublox_msgs/msg/rxm_svsisv.hpp
[64.670s] -- Symlinking: /home/jsmoon/yax_jeju/install/ublox_msgs/include/ublox_msgs/ublox_msgs/msg/tim_tm2.hpp
[64.677s] -- Symlinking: /home/jsmoon/yax_jeju/install/ublox_msgs/include/ublox_msgs/ublox_msgs/msg/upd_sos.hpp
[64.684s] -- Symlinking: /home/jsmoon/yax_jeju/install/ublox_msgs/include/ublox_msgs/ublox_msgs/msg/upd_sos_ack.hpp
[64.692s] -- Symlinking: /home/jsmoon/yax_jeju/install/ublox_msgs/include/ublox_msgs/ublox_msgs/msg/detail/ack__rosidl_typesupport_fastrtps_cpp.hpp
[64.700s] -- Symlinking: /home/jsmoon/yax_jeju/install/ublox_msgs/include/ublox_msgs/ublox_msgs/msg/detail/aid_alm__rosidl_typesupport_fastrtps_cpp.hpp
[64.708s] -- Symlinking: /home/jsmoon/yax_jeju/install/ublox_msgs/include/ublox_msgs/ublox_msgs/msg/detail/aid_eph__rosidl_typesupport_fastrtps_cpp.hpp
[64.715s] -- Symlinking: /home/jsmoon/yax_jeju/install/ublox_msgs/include/ublox_msgs/ublox_msgs/msg/detail/aid_hui__rosidl_typesupport_fastrtps_cpp.hpp
[64.723s] -- Symlinking: /home/jsmoon/yax_jeju/install/ublox_msgs/include/ublox_msgs/ublox_msgs/msg/detail/cfg_ant__rosidl_typesupport_fastrtps_cpp.hpp
[64.732s] -- Symlinking: /home/jsmoon/yax_jeju/install/ublox_msgs/include/ublox_msgs/ublox_msgs/msg/detail/cfg_cfg__rosidl_typesupport_fastrtps_cpp.hpp
[64.739s] -- Symlinking: /home/jsmoon/yax_jeju/install/ublox_msgs/include/ublox_msgs/ublox_msgs/msg/detail/cfg_dat__rosidl_typesupport_fastrtps_cpp.hpp
[64.748s] -- Symlinking: /home/jsmoon/yax_jeju/install/ublox_msgs/include/ublox_msgs/ublox_msgs/msg/detail/cfg_dgnss__rosidl_typesupport_fastrtps_cpp.hpp
[64.756s] -- Symlinking: /home/jsmoon/yax_jeju/install/ublox_msgs/include/ublox_msgs/ublox_msgs/msg/detail/cfg_gnss__rosidl_typesupport_fastrtps_cpp.hpp
[64.764s] -- Symlinking: /home/jsmoon/yax_jeju/install/ublox_msgs/include/ublox_msgs/ublox_msgs/msg/detail/cfg_gnss_block__rosidl_typesupport_fastrtps_cpp.hpp
[64.771s] -- Symlinking: /home/jsmoon/yax_jeju/install/ublox_msgs/include/ublox_msgs/ublox_msgs/msg/detail/cfg_hnr__rosidl_typesupport_fastrtps_cpp.hpp
[64.780s] -- Symlinking: /home/jsmoon/yax_jeju/install/ublox_msgs/include/ublox_msgs/ublox_msgs/msg/detail/cfg_inf__rosidl_typesupport_fastrtps_cpp.hpp
[64.788s] -- Symlinking: /home/jsmoon/yax_jeju/install/ublox_msgs/include/ublox_msgs/ublox_msgs/msg/detail/cfg_inf_block__rosidl_typesupport_fastrtps_cpp.hpp
[64.796s] -- Symlinking: /home/jsmoon/yax_jeju/install/ublox_msgs/include/ublox_msgs/ublox_msgs/msg/detail/cfg_msg__rosidl_typesupport_fastrtps_cpp.hpp
[64.804s] -- Symlinking: /home/jsmoon/yax_jeju/install/ublox_msgs/include/ublox_msgs/ublox_msgs/msg/detail/cfg_nav5__rosidl_typesupport_fastrtps_cpp.hpp
[64.811s] -- Symlinking: /home/jsmoon/yax_jeju/install/ublox_msgs/include/ublox_msgs/ublox_msgs/msg/detail/cfg_navx5__rosidl_typesupport_fastrtps_cpp.hpp
[64.819s] -- Symlinking: /home/jsmoon/yax_jeju/install/ublox_msgs/include/ublox_msgs/ublox_msgs/msg/detail/cfg_nmea6__rosidl_typesupport_fastrtps_cpp.hpp
[64.826s] -- Symlinking: /home/jsmoon/yax_jeju/install/ublox_msgs/include/ublox_msgs/ublox_msgs/msg/detail/cfg_nmea7__rosidl_typesupport_fastrtps_cpp.hpp
[64.835s] -- Symlinking: /home/jsmoon/yax_jeju/install/ublox_msgs/include/ublox_msgs/ublox_msgs/msg/detail/cfg_nmea__rosidl_typesupport_fastrtps_cpp.hpp
[64.844s] -- Symlinking: /home/jsmoon/yax_jeju/install/ublox_msgs/include/ublox_msgs/ublox_msgs/msg/detail/cfg_prt__rosidl_typesupport_fastrtps_cpp.hpp
[64.852s] -- Symlinking: /home/jsmoon/yax_jeju/install/ublox_msgs/include/ublox_msgs/ublox_msgs/msg/detail/cfg_rate__rosidl_typesupport_fastrtps_cpp.hpp
[64.859s] -- Symlinking: /home/jsmoon/yax_jeju/install/ublox_msgs/include/ublox_msgs/ublox_msgs/msg/detail/cfg_rst__rosidl_typesupport_fastrtps_cpp.hpp
[64.867s] -- Symlinking: /home/jsmoon/yax_jeju/install/ublox_msgs/include/ublox_msgs/ublox_msgs/msg/detail/cfg_sbas__rosidl_typesupport_fastrtps_cpp.hpp
[64.875s] -- Symlinking: /home/jsmoon/yax_jeju/install/ublox_msgs/include/ublox_msgs/ublox_msgs/msg/detail/cfg_tmode3__rosidl_typesupport_fastrtps_cpp.hpp
[64.882s] -- Symlinking: /home/jsmoon/yax_jeju/install/ublox_msgs/include/ublox_msgs/ublox_msgs/msg/detail/cfg_usb__rosidl_typesupport_fastrtps_cpp.hpp
[64.890s] -- Symlinking: /home/jsmoon/yax_jeju/install/ublox_msgs/include/ublox_msgs/ublox_msgs/msg/detail/esf_ins__rosidl_typesupport_fastrtps_cpp.hpp
[64.897s] -- Symlinking: /home/jsmoon/yax_jeju/install/ublox_msgs/include/ublox_msgs/ublox_msgs/msg/detail/esf_meas__rosidl_typesupport_fastrtps_cpp.hpp
[64.905s] -- Symlinking: /home/jsmoon/yax_jeju/install/ublox_msgs/include/ublox_msgs/ublox_msgs/msg/detail/esf_raw__rosidl_typesupport_fastrtps_cpp.hpp
[64.913s] -- Symlinking: /home/jsmoon/yax_jeju/install/ublox_msgs/include/ublox_msgs/ublox_msgs/msg/detail/esf_raw_block__rosidl_typesupport_fastrtps_cpp.hpp
[64.921s] -- Symlinking: /home/jsmoon/yax_jeju/install/ublox_msgs/include/ublox_msgs/ublox_msgs/msg/detail/esf_status__rosidl_typesupport_fastrtps_cpp.hpp
[64.931s] -- Symlinking: /home/jsmoon/yax_jeju/install/ublox_msgs/include/ublox_msgs/ublox_msgs/msg/detail/esf_status_sens__rosidl_typesupport_fastrtps_cpp.hpp
[64.940s] -- Symlinking: /home/jsmoon/yax_jeju/install/ublox_msgs/include/ublox_msgs/ublox_msgs/msg/detail/hnr_pvt__rosidl_typesupport_fastrtps_cpp.hpp
[64.948s] -- Symlinking: /home/jsmoon/yax_jeju/install/ublox_msgs/include/ublox_msgs/ublox_msgs/msg/detail/inf__rosidl_typesupport_fastrtps_cpp.hpp
[64.955s] -- Symlinking: /home/jsmoon/yax_jeju/install/ublox_msgs/include/ublox_msgs/ublox_msgs/msg/detail/mga_gal__rosidl_typesupport_fastrtps_cpp.hpp
[64.962s] -- Symlinking: /home/jsmoon/yax_jeju/install/ublox_msgs/include/ublox_msgs/ublox_msgs/msg/detail/mon_gnss__rosidl_typesupport_fastrtps_cpp.hpp
[64.969s] -- Symlinking: /home/jsmoon/yax_jeju/install/ublox_msgs/include/ublox_msgs/ublox_msgs/msg/detail/mon_hw6__rosidl_typesupport_fastrtps_cpp.hpp
[64.976s] -- Symlinking: /home/jsmoon/yax_jeju/install/ublox_msgs/include/ublox_msgs/ublox_msgs/msg/detail/mon_hw__rosidl_typesupport_fastrtps_cpp.hpp
[64.984s] -- Symlinking: /home/jsmoon/yax_jeju/install/ublox_msgs/include/ublox_msgs/ublox_msgs/msg/detail/mon_ver__rosidl_typesupport_fastrtps_cpp.hpp
[64.992s] -- Symlinking: /home/jsmoon/yax_jeju/install/ublox_msgs/include/ublox_msgs/ublox_msgs/msg/detail/mon_ver_extension__rosidl_typesupport_fastrtps_cpp.hpp
[65.000s] -- Symlinking: /home/jsmoon/yax_jeju/install/ublox_msgs/include/ublox_msgs/ublox_msgs/msg/detail/nav_att__rosidl_typesupport_fastrtps_cpp.hpp
[65.008s] -- Symlinking: /home/jsmoon/yax_jeju/install/ublox_msgs/include/ublox_msgs/ublox_msgs/msg/detail/nav_clock__rosidl_typesupport_fastrtps_cpp.hpp
[65.016s] -- Symlinking: /home/jsmoon/yax_jeju/install/ublox_msgs/include/ublox_msgs/ublox_msgs/msg/detail/nav_dgps__rosidl_typesupport_fastrtps_cpp.hpp
[65.024s] -- Symlinking: /home/jsmoon/yax_jeju/install/ublox_msgs/include/ublox_msgs/ublox_msgs/msg/detail/nav_dgpssv__rosidl_typesupport_fastrtps_cpp.hpp
[65.033s] -- Symlinking: /home/jsmoon/yax_jeju/install/ublox_msgs/include/ublox_msgs/ublox_msgs/msg/detail/nav_dop__rosidl_typesupport_fastrtps_cpp.hpp
[65.042s] -- Symlinking: /home/jsmoon/yax_jeju/install/ublox_msgs/include/ublox_msgs/ublox_msgs/msg/detail/nav_posecef__rosidl_typesupport_fastrtps_cpp.hpp
[65.050s] -- Symlinking: /home/jsmoon/yax_jeju/install/ublox_msgs/include/ublox_msgs/ublox_msgs/msg/detail/nav_posllh__rosidl_typesupport_fastrtps_cpp.hpp
[65.059s] -- Symlinking: /home/jsmoon/yax_jeju/install/ublox_msgs/include/ublox_msgs/ublox_msgs/msg/detail/nav_pvt7__rosidl_typesupport_fastrtps_cpp.hpp
[65.068s] -- Symlinking: /home/jsmoon/yax_jeju/install/ublox_msgs/include/ublox_msgs/ublox_msgs/msg/detail/nav_pvt__rosidl_typesupport_fastrtps_cpp.hpp
[65.076s] -- Symlinking: /home/jsmoon/yax_jeju/install/ublox_msgs/include/ublox_msgs/ublox_msgs/msg/detail/nav_relposned9__rosidl_typesupport_fastrtps_cpp.hpp
[65.084s] -- Symlinking: /home/jsmoon/yax_jeju/install/ublox_msgs/include/ublox_msgs/ublox_msgs/msg/detail/nav_relposned__rosidl_typesupport_fastrtps_cpp.hpp
[65.092s] -- Symlinking: /home/jsmoon/yax_jeju/install/ublox_msgs/include/ublox_msgs/ublox_msgs/msg/detail/nav_sat__rosidl_typesupport_fastrtps_cpp.hpp
[65.100s] -- Symlinking: /home/jsmoon/yax_jeju/install/ublox_msgs/include/ublox_msgs/ublox_msgs/msg/detail/nav_satsv__rosidl_typesupport_fastrtps_cpp.hpp
[65.109s] -- Symlinking: /home/jsmoon/yax_jeju/install/ublox_msgs/include/ublox_msgs/ublox_msgs/msg/detail/nav_sbas__rosidl_typesupport_fastrtps_cpp.hpp
[65.117s] -- Symlinking: /home/jsmoon/yax_jeju/install/ublox_msgs/include/ublox_msgs/ublox_msgs/msg/detail/nav_sbassv__rosidl_typesupport_fastrtps_cpp.hpp
[65.125s] -- Symlinking: /home/jsmoon/yax_jeju/install/ublox_msgs/include/ublox_msgs/ublox_msgs/msg/detail/nav_sol__rosidl_typesupport_fastrtps_cpp.hpp
[65.133s] -- Symlinking: /home/jsmoon/yax_jeju/install/ublox_msgs/include/ublox_msgs/ublox_msgs/msg/detail/nav_status__rosidl_typesupport_fastrtps_cpp.hpp
[65.141s] -- Symlinking: /home/jsmoon/yax_jeju/install/ublox_msgs/include/ublox_msgs/ublox_msgs/msg/detail/nav_svin__rosidl_typesupport_fastrtps_cpp.hpp
[65.149s] -- Symlinking: /home/jsmoon/yax_jeju/install/ublox_msgs/include/ublox_msgs/ublox_msgs/msg/detail/nav_svinfo__rosidl_typesupport_fastrtps_cpp.hpp
[65.159s] -- Symlinking: /home/jsmoon/yax_jeju/install/ublox_msgs/include/ublox_msgs/ublox_msgs/msg/detail/nav_svinfosv__rosidl_typesupport_fastrtps_cpp.hpp
[65.168s] -- Symlinking: /home/jsmoon/yax_jeju/install/ublox_msgs/include/ublox_msgs/ublox_msgs/msg/detail/nav_timegps__rosidl_typesupport_fastrtps_cpp.hpp
[65.177s] -- Symlinking: /home/jsmoon/yax_jeju/install/ublox_msgs/include/ublox_msgs/ublox_msgs/msg/detail/nav_timeutc__rosidl_typesupport_fastrtps_cpp.hpp
[65.185s] -- Symlinking: /home/jsmoon/yax_jeju/install/ublox_msgs/include/ublox_msgs/ublox_msgs/msg/detail/nav_velecef__rosidl_typesupport_fastrtps_cpp.hpp
[65.195s] -- Symlinking: /home/jsmoon/yax_jeju/install/ublox_msgs/include/ublox_msgs/ublox_msgs/msg/detail/nav_velned__rosidl_typesupport_fastrtps_cpp.hpp
[65.202s] -- Symlinking: /home/jsmoon/yax_jeju/install/ublox_msgs/include/ublox_msgs/ublox_msgs/msg/detail/rxm_alm__rosidl_typesupport_fastrtps_cpp.hpp
[65.212s] -- Symlinking: /home/jsmoon/yax_jeju/install/ublox_msgs/include/ublox_msgs/ublox_msgs/msg/detail/rxm_eph__rosidl_typesupport_fastrtps_cpp.hpp
[65.221s] -- Symlinking: /home/jsmoon/yax_jeju/install/ublox_msgs/include/ublox_msgs/ublox_msgs/msg/detail/rxm_raw__rosidl_typesupport_fastrtps_cpp.hpp
[65.229s] -- Symlinking: /home/jsmoon/yax_jeju/install/ublox_msgs/include/ublox_msgs/ublox_msgs/msg/detail/rxm_rawsv__rosidl_typesupport_fastrtps_cpp.hpp
[65.239s] -- Symlinking: /home/jsmoon/yax_jeju/install/ublox_msgs/include/ublox_msgs/ublox_msgs/msg/detail/rxm_rawx__rosidl_typesupport_fastrtps_cpp.hpp
[65.248s] -- Symlinking: /home/jsmoon/yax_jeju/install/ublox_msgs/include/ublox_msgs/ublox_msgs/msg/detail/rxm_rawx_meas__rosidl_typesupport_fastrtps_cpp.hpp
[65.257s] -- Symlinking: /home/jsmoon/yax_jeju/install/ublox_msgs/include/ublox_msgs/ublox_msgs/msg/detail/rxm_rtcm__rosidl_typesupport_fastrtps_cpp.hpp
[65.266s] -- Symlinking: /home/jsmoon/yax_jeju/install/ublox_msgs/include/ublox_msgs/ublox_msgs/msg/detail/rxm_sfrb__rosidl_typesupport_fastrtps_cpp.hpp
[65.276s] -- Symlinking: /home/jsmoon/yax_jeju/install/ublox_msgs/include/ublox_msgs/ublox_msgs/msg/detail/rxm_sfrbx__rosidl_typesupport_fastrtps_cpp.hpp
[65.285s] -- Symlinking: /home/jsmoon/yax_jeju/install/ublox_msgs/include/ublox_msgs/ublox_msgs/msg/detail/rxm_svsi__rosidl_typesupport_fastrtps_cpp.hpp
[65.294s] -- Symlinking: /home/jsmoon/yax_jeju/install/ublox_msgs/include/ublox_msgs/ublox_msgs/msg/detail/rxm_svsisv__rosidl_typesupport_fastrtps_cpp.hpp
[65.303s] -- Symlinking: /home/jsmoon/yax_jeju/install/ublox_msgs/include/ublox_msgs/ublox_msgs/msg/detail/tim_tm2__rosidl_typesupport_fastrtps_cpp.hpp
[65.311s] -- Symlinking: /home/jsmoon/yax_jeju/install/ublox_msgs/include/ublox_msgs/ublox_msgs/msg/detail/upd_sos__rosidl_typesupport_fastrtps_cpp.hpp
[65.318s] -- Symlinking: /home/jsmoon/yax_jeju/install/ublox_msgs/include/ublox_msgs/ublox_msgs/msg/detail/upd_sos_ack__rosidl_typesupport_fastrtps_cpp.hpp
[65.325s] -- Symlinking: /home/jsmoon/yax_jeju/install/ublox_msgs/include/ublox_msgs/ublox_msgs/msg/rosidl_typesupport_fastrtps_cpp__visibility_control.h
[65.334s] -- Symlinking: /home/jsmoon/yax_jeju/install/ublox_msgs/include/ublox_msgs/ublox_msgs/msg/detail/ack__rosidl_typesupport_introspection_cpp.hpp
[65.341s] -- Symlinking: /home/jsmoon/yax_jeju/install/ublox_msgs/include/ublox_msgs/ublox_msgs/msg/detail/aid_alm__rosidl_typesupport_introspection_cpp.hpp
[65.350s] -- Symlinking: /home/jsmoon/yax_jeju/install/ublox_msgs/include/ublox_msgs/ublox_msgs/msg/detail/aid_eph__rosidl_typesupport_introspection_cpp.hpp
[65.358s] -- Symlinking: /home/jsmoon/yax_jeju/install/ublox_msgs/include/ublox_msgs/ublox_msgs/msg/detail/aid_hui__rosidl_typesupport_introspection_cpp.hpp
[65.366s] -- Symlinking: /home/jsmoon/yax_jeju/install/ublox_msgs/include/ublox_msgs/ublox_msgs/msg/detail/cfg_ant__rosidl_typesupport_introspection_cpp.hpp
[65.374s] -- Symlinking: /home/jsmoon/yax_jeju/install/ublox_msgs/include/ublox_msgs/ublox_msgs/msg/detail/cfg_cfg__rosidl_typesupport_introspection_cpp.hpp
[65.382s] -- Symlinking: /home/jsmoon/yax_jeju/install/ublox_msgs/include/ublox_msgs/ublox_msgs/msg/detail/cfg_dat__rosidl_typesupport_introspection_cpp.hpp
[65.389s] -- Symlinking: /home/jsmoon/yax_jeju/install/ublox_msgs/include/ublox_msgs/ublox_msgs/msg/detail/cfg_dgnss__rosidl_typesupport_introspection_cpp.hpp
[65.397s] -- Symlinking: /home/jsmoon/yax_jeju/install/ublox_msgs/include/ublox_msgs/ublox_msgs/msg/detail/cfg_gnss__rosidl_typesupport_introspection_cpp.hpp
[65.405s] -- Symlinking: /home/jsmoon/yax_jeju/install/ublox_msgs/include/ublox_msgs/ublox_msgs/msg/detail/cfg_gnss_block__rosidl_typesupport_introspection_cpp.hpp
[65.414s] -- Symlinking: /home/jsmoon/yax_jeju/install/ublox_msgs/include/ublox_msgs/ublox_msgs/msg/detail/cfg_hnr__rosidl_typesupport_introspection_cpp.hpp
[65.421s] -- Symlinking: /home/jsmoon/yax_jeju/install/ublox_msgs/include/ublox_msgs/ublox_msgs/msg/detail/cfg_inf__rosidl_typesupport_introspection_cpp.hpp
[65.431s] -- Symlinking: /home/jsmoon/yax_jeju/install/ublox_msgs/include/ublox_msgs/ublox_msgs/msg/detail/cfg_inf_block__rosidl_typesupport_introspection_cpp.hpp
[65.440s] -- Symlinking: /home/jsmoon/yax_jeju/install/ublox_msgs/include/ublox_msgs/ublox_msgs/msg/detail/cfg_msg__rosidl_typesupport_introspection_cpp.hpp
[65.448s] -- Symlinking: /home/jsmoon/yax_jeju/install/ublox_msgs/include/ublox_msgs/ublox_msgs/msg/detail/cfg_nav5__rosidl_typesupport_introspection_cpp.hpp
[65.456s] -- Symlinking: /home/jsmoon/yax_jeju/install/ublox_msgs/include/ublox_msgs/ublox_msgs/msg/detail/cfg_navx5__rosidl_typesupport_introspection_cpp.hpp
[65.465s] -- Symlinking: /home/jsmoon/yax_jeju/install/ublox_msgs/include/ublox_msgs/ublox_msgs/msg/detail/cfg_nmea6__rosidl_typesupport_introspection_cpp.hpp
[65.473s] -- Symlinking: /home/jsmoon/yax_jeju/install/ublox_msgs/include/ublox_msgs/ublox_msgs/msg/detail/cfg_nmea7__rosidl_typesupport_introspection_cpp.hpp
[65.481s] -- Symlinking: /home/jsmoon/yax_jeju/install/ublox_msgs/include/ublox_msgs/ublox_msgs/msg/detail/cfg_nmea__rosidl_typesupport_introspection_cpp.hpp
[65.489s] -- Symlinking: /home/jsmoon/yax_jeju/install/ublox_msgs/include/ublox_msgs/ublox_msgs/msg/detail/cfg_prt__rosidl_typesupport_introspection_cpp.hpp
[65.496s] -- Symlinking: /home/jsmoon/yax_jeju/install/ublox_msgs/include/ublox_msgs/ublox_msgs/msg/detail/cfg_rate__rosidl_typesupport_introspection_cpp.hpp
[65.504s] -- Symlinking: /home/jsmoon/yax_jeju/install/ublox_msgs/include/ublox_msgs/ublox_msgs/msg/detail/cfg_rst__rosidl_typesupport_introspection_cpp.hpp
[65.512s] -- Symlinking: /home/jsmoon/yax_jeju/install/ublox_msgs/include/ublox_msgs/ublox_msgs/msg/detail/cfg_sbas__rosidl_typesupport_introspection_cpp.hpp
[65.521s] -- Symlinking: /home/jsmoon/yax_jeju/install/ublox_msgs/include/ublox_msgs/ublox_msgs/msg/detail/cfg_tmode3__rosidl_typesupport_introspection_cpp.hpp
[65.530s] -- Symlinking: /home/jsmoon/yax_jeju/install/ublox_msgs/include/ublox_msgs/ublox_msgs/msg/detail/cfg_usb__rosidl_typesupport_introspection_cpp.hpp
[65.538s] -- Symlinking: /home/jsmoon/yax_jeju/install/ublox_msgs/include/ublox_msgs/ublox_msgs/msg/detail/esf_ins__rosidl_typesupport_introspection_cpp.hpp
[65.546s] -- Symlinking: /home/jsmoon/yax_jeju/install/ublox_msgs/include/ublox_msgs/ublox_msgs/msg/detail/esf_meas__rosidl_typesupport_introspection_cpp.hpp
[65.554s] -- Symlinking: /home/jsmoon/yax_jeju/install/ublox_msgs/include/ublox_msgs/ublox_msgs/msg/detail/esf_raw__rosidl_typesupport_introspection_cpp.hpp
[65.561s] -- Symlinking: /home/jsmoon/yax_jeju/install/ublox_msgs/include/ublox_msgs/ublox_msgs/msg/detail/esf_raw_block__rosidl_typesupport_introspection_cpp.hpp
[65.570s] -- Symlinking: /home/jsmoon/yax_jeju/install/ublox_msgs/include/ublox_msgs/ublox_msgs/msg/detail/esf_status__rosidl_typesupport_introspection_cpp.hpp
[65.578s] -- Symlinking: /home/jsmoon/yax_jeju/install/ublox_msgs/include/ublox_msgs/ublox_msgs/msg/detail/esf_status_sens__rosidl_typesupport_introspection_cpp.hpp
[65.585s] -- Symlinking: /home/jsmoon/yax_jeju/install/ublox_msgs/include/ublox_msgs/ublox_msgs/msg/detail/hnr_pvt__rosidl_typesupport_introspection_cpp.hpp
[65.592s] -- Symlinking: /home/jsmoon/yax_jeju/install/ublox_msgs/include/ublox_msgs/ublox_msgs/msg/detail/inf__rosidl_typesupport_introspection_cpp.hpp
[65.600s] -- Symlinking: /home/jsmoon/yax_jeju/install/ublox_msgs/include/ublox_msgs/ublox_msgs/msg/detail/mga_gal__rosidl_typesupport_introspection_cpp.hpp
[65.608s] -- Symlinking: /home/jsmoon/yax_jeju/install/ublox_msgs/include/ublox_msgs/ublox_msgs/msg/detail/mon_gnss__rosidl_typesupport_introspection_cpp.hpp
[65.617s] -- Symlinking: /home/jsmoon/yax_jeju/install/ublox_msgs/include/ublox_msgs/ublox_msgs/msg/detail/mon_hw6__rosidl_typesupport_introspection_cpp.hpp
[65.626s] -- Symlinking: /home/jsmoon/yax_jeju/install/ublox_msgs/include/ublox_msgs/ublox_msgs/msg/detail/mon_hw__rosidl_typesupport_introspection_cpp.hpp
[65.635s] -- Symlinking: /home/jsmoon/yax_jeju/install/ublox_msgs/include/ublox_msgs/ublox_msgs/msg/detail/mon_ver__rosidl_typesupport_introspection_cpp.hpp
[65.642s] -- Symlinking: /home/jsmoon/yax_jeju/install/ublox_msgs/include/ublox_msgs/ublox_msgs/msg/detail/mon_ver_extension__rosidl_typesupport_introspection_cpp.hpp
[65.650s] -- Symlinking: /home/jsmoon/yax_jeju/install/ublox_msgs/include/ublox_msgs/ublox_msgs/msg/detail/nav_att__rosidl_typesupport_introspection_cpp.hpp
[65.658s] -- Symlinking: /home/jsmoon/yax_jeju/install/ublox_msgs/include/ublox_msgs/ublox_msgs/msg/detail/nav_clock__rosidl_typesupport_introspection_cpp.hpp
[65.665s] -- Symlinking: /home/jsmoon/yax_jeju/install/ublox_msgs/include/ublox_msgs/ublox_msgs/msg/detail/nav_dgps__rosidl_typesupport_introspection_cpp.hpp
[65.673s] -- Symlinking: /home/jsmoon/yax_jeju/install/ublox_msgs/include/ublox_msgs/ublox_msgs/msg/detail/nav_dgpssv__rosidl_typesupport_introspection_cpp.hpp
[65.680s] -- Symlinking: /home/jsmoon/yax_jeju/install/ublox_msgs/include/ublox_msgs/ublox_msgs/msg/detail/nav_dop__rosidl_typesupport_introspection_cpp.hpp
[65.689s] -- Symlinking: /home/jsmoon/yax_jeju/install/ublox_msgs/include/ublox_msgs/ublox_msgs/msg/detail/nav_posecef__rosidl_typesupport_introspection_cpp.hpp
[65.696s] -- Symlinking: /home/jsmoon/yax_jeju/install/ublox_msgs/include/ublox_msgs/ublox_msgs/msg/detail/nav_posllh__rosidl_typesupport_introspection_cpp.hpp
[65.704s] -- Symlinking: /home/jsmoon/yax_jeju/install/ublox_msgs/include/ublox_msgs/ublox_msgs/msg/detail/nav_pvt7__rosidl_typesupport_introspection_cpp.hpp
[65.712s] -- Symlinking: /home/jsmoon/yax_jeju/install/ublox_msgs/include/ublox_msgs/ublox_msgs/msg/detail/nav_pvt__rosidl_typesupport_introspection_cpp.hpp
[65.720s] -- Symlinking: /home/jsmoon/yax_jeju/install/ublox_msgs/include/ublox_msgs/ublox_msgs/msg/detail/nav_relposned9__rosidl_typesupport_introspection_cpp.hpp
[65.731s] -- Symlinking: /home/jsmoon/yax_jeju/install/ublox_msgs/include/ublox_msgs/ublox_msgs/msg/detail/nav_relposned__rosidl_typesupport_introspection_cpp.hpp
[65.738s] -- Symlinking: /home/jsmoon/yax_jeju/install/ublox_msgs/include/ublox_msgs/ublox_msgs/msg/detail/nav_sat__rosidl_typesupport_introspection_cpp.hpp
[65.746s] -- Symlinking: /home/jsmoon/yax_jeju/install/ublox_msgs/include/ublox_msgs/ublox_msgs/msg/detail/nav_satsv__rosidl_typesupport_introspection_cpp.hpp
[65.754s] -- Symlinking: /home/jsmoon/yax_jeju/install/ublox_msgs/include/ublox_msgs/ublox_msgs/msg/detail/nav_sbas__rosidl_typesupport_introspection_cpp.hpp
[65.762s] -- Symlinking: /home/jsmoon/yax_jeju/install/ublox_msgs/include/ublox_msgs/ublox_msgs/msg/detail/nav_sbassv__rosidl_typesupport_introspection_cpp.hpp
[65.770s] -- Symlinking: /home/jsmoon/yax_jeju/install/ublox_msgs/include/ublox_msgs/ublox_msgs/msg/detail/nav_sol__rosidl_typesupport_introspection_cpp.hpp
[65.777s] -- Symlinking: /home/jsmoon/yax_jeju/install/ublox_msgs/include/ublox_msgs/ublox_msgs/msg/detail/nav_status__rosidl_typesupport_introspection_cpp.hpp
[65.786s] -- Symlinking: /home/jsmoon/yax_jeju/install/ublox_msgs/include/ublox_msgs/ublox_msgs/msg/detail/nav_svin__rosidl_typesupport_introspection_cpp.hpp
[65.793s] -- Symlinking: /home/jsmoon/yax_jeju/install/ublox_msgs/include/ublox_msgs/ublox_msgs/msg/detail/nav_svinfo__rosidl_typesupport_introspection_cpp.hpp
[65.802s] -- Symlinking: /home/jsmoon/yax_jeju/install/ublox_msgs/include/ublox_msgs/ublox_msgs/msg/detail/nav_svinfosv__rosidl_typesupport_introspection_cpp.hpp
[65.810s] -- Symlinking: /home/jsmoon/yax_jeju/install/ublox_msgs/include/ublox_msgs/ublox_msgs/msg/detail/nav_timegps__rosidl_typesupport_introspection_cpp.hpp
[65.819s] -- Symlinking: /home/jsmoon/yax_jeju/install/ublox_msgs/include/ublox_msgs/ublox_msgs/msg/detail/nav_timeutc__rosidl_typesupport_introspection_cpp.hpp
[65.826s] -- Symlinking: /home/jsmoon/yax_jeju/install/ublox_msgs/include/ublox_msgs/ublox_msgs/msg/detail/nav_velecef__rosidl_typesupport_introspection_cpp.hpp
[65.836s] -- Symlinking: /home/jsmoon/yax_jeju/install/ublox_msgs/include/ublox_msgs/ublox_msgs/msg/detail/nav_velned__rosidl_typesupport_introspection_cpp.hpp
[65.845s] -- Symlinking: /home/jsmoon/yax_jeju/install/ublox_msgs/include/ublox_msgs/ublox_msgs/msg/detail/rxm_alm__rosidl_typesupport_introspection_cpp.hpp
[65.852s] -- Symlinking: /home/jsmoon/yax_jeju/install/ublox_msgs/include/ublox_msgs/ublox_msgs/msg/detail/rxm_eph__rosidl_typesupport_introspection_cpp.hpp
[65.860s] -- Symlinking: /home/jsmoon/yax_jeju/install/ublox_msgs/include/ublox_msgs/ublox_msgs/msg/detail/rxm_raw__rosidl_typesupport_introspection_cpp.hpp
[65.868s] -- Symlinking: /home/jsmoon/yax_jeju/install/ublox_msgs/include/ublox_msgs/ublox_msgs/msg/detail/rxm_rawsv__rosidl_typesupport_introspection_cpp.hpp
[65.877s] -- Symlinking: /home/jsmoon/yax_jeju/install/ublox_msgs/include/ublox_msgs/ublox_msgs/msg/detail/rxm_rawx__rosidl_typesupport_introspection_cpp.hpp
[65.885s] -- Symlinking: /home/jsmoon/yax_jeju/install/ublox_msgs/include/ublox_msgs/ublox_msgs/msg/detail/rxm_rawx_meas__rosidl_typesupport_introspection_cpp.hpp
[65.893s] -- Symlinking: /home/jsmoon/yax_jeju/install/ublox_msgs/include/ublox_msgs/ublox_msgs/msg/detail/rxm_rtcm__rosidl_typesupport_introspection_cpp.hpp
[65.900s] -- Symlinking: /home/jsmoon/yax_jeju/install/ublox_msgs/include/ublox_msgs/ublox_msgs/msg/detail/rxm_sfrb__rosidl_typesupport_introspection_cpp.hpp
[65.907s] -- Symlinking: /home/jsmoon/yax_jeju/install/ublox_msgs/include/ublox_msgs/ublox_msgs/msg/detail/rxm_sfrbx__rosidl_typesupport_introspection_cpp.hpp
[65.916s] -- Symlinking: /home/jsmoon/yax_jeju/install/ublox_msgs/include/ublox_msgs/ublox_msgs/msg/detail/rxm_svsi__rosidl_typesupport_introspection_cpp.hpp
[65.924s] -- Symlinking: /home/jsmoon/yax_jeju/install/ublox_msgs/include/ublox_msgs/ublox_msgs/msg/detail/rxm_svsisv__rosidl_typesupport_introspection_cpp.hpp
[65.933s] -- Symlinking: /home/jsmoon/yax_jeju/install/ublox_msgs/include/ublox_msgs/ublox_msgs/msg/detail/tim_tm2__rosidl_typesupport_introspection_cpp.hpp
[65.941s] -- Symlinking: /home/jsmoon/yax_jeju/install/ublox_msgs/include/ublox_msgs/ublox_msgs/msg/detail/upd_sos__rosidl_typesupport_introspection_cpp.hpp
[65.948s] -- Symlinking: /home/jsmoon/yax_jeju/install/ublox_msgs/include/ublox_msgs/ublox_msgs/msg/detail/upd_sos_ack__rosidl_typesupport_introspection_cpp.hpp
[65.956s] -- Symlinking: /home/jsmoon/yax_jeju/install/ublox_msgs/share/ublox_msgs/environment/pythonpath.sh
[65.964s] -- Symlinking: /home/jsmoon/yax_jeju/install/ublox_msgs/share/ublox_msgs/environment/pythonpath.dsv
[65.973s] -- Symlinking: /home/jsmoon/yax_jeju/install/ublox_msgs/local/lib/python3.10/dist-packages/ublox_msgs-2.3.0-py3.10.egg-info/PKG-INFO
[65.980s] -- Symlinking: /home/jsmoon/yax_jeju/install/ublox_msgs/local/lib/python3.10/dist-packages/ublox_msgs-2.3.0-py3.10.egg-info/SOURCES.txt
[65.988s] -- Symlinking: /home/jsmoon/yax_jeju/install/ublox_msgs/local/lib/python3.10/dist-packages/ublox_msgs-2.3.0-py3.10.egg-info/dependency_links.txt
[65.995s] -- Symlinking: /home/jsmoon/yax_jeju/install/ublox_msgs/local/lib/python3.10/dist-packages/ublox_msgs-2.3.0-py3.10.egg-info/top_level.txt
[66.004s] -- Symlinking: /home/jsmoon/yax_jeju/install/ublox_msgs/local/lib/python3.10/dist-packages/ublox_msgs/__init__.py
[66.011s] -- Symlinking: /home/jsmoon/yax_jeju/install/ublox_msgs/local/lib/python3.10/dist-packages/ublox_msgs/_ublox_msgs_s.ep.rosidl_typesupport_c.c
[66.018s] -- Symlinking: /home/jsmoon/yax_jeju/install/ublox_msgs/local/lib/python3.10/dist-packages/ublox_msgs/_ublox_msgs_s.ep.rosidl_typesupport_fastrtps_c.c
[66.024s] -- Symlinking: /home/jsmoon/yax_jeju/install/ublox_msgs/local/lib/python3.10/dist-packages/ublox_msgs/_ublox_msgs_s.ep.rosidl_typesupport_introspection_c.c
[66.033s] -- Symlinking: /home/jsmoon/yax_jeju/install/ublox_msgs/local/lib/python3.10/dist-packages/ublox_msgs/libublox_msgs__rosidl_generator_py.so
[66.040s] -- Symlinking: /home/jsmoon/yax_jeju/install/ublox_msgs/local/lib/python3.10/dist-packages/ublox_msgs/msg/__init__.py
[66.048s] -- Symlinking: /home/jsmoon/yax_jeju/install/ublox_msgs/local/lib/python3.10/dist-packages/ublox_msgs/msg/_ack.py
[66.056s] -- Symlinking: /home/jsmoon/yax_jeju/install/ublox_msgs/local/lib/python3.10/dist-packages/ublox_msgs/msg/_ack_s.c
[66.063s] -- Symlinking: /home/jsmoon/yax_jeju/install/ublox_msgs/local/lib/python3.10/dist-packages/ublox_msgs/msg/_aid_alm.py
[66.071s] -- Symlinking: /home/jsmoon/yax_jeju/install/ublox_msgs/local/lib/python3.10/dist-packages/ublox_msgs/msg/_aid_alm_s.c
[66.081s] -- Symlinking: /home/jsmoon/yax_jeju/install/ublox_msgs/local/lib/python3.10/dist-packages/ublox_msgs/msg/_aid_eph.py
[66.089s] -- Symlinking: /home/jsmoon/yax_jeju/install/ublox_msgs/local/lib/python3.10/dist-packages/ublox_msgs/msg/_aid_eph_s.c
[66.096s] -- Symlinking: /home/jsmoon/yax_jeju/install/ublox_msgs/local/lib/python3.10/dist-packages/ublox_msgs/msg/_aid_hui.py
[66.104s] -- Symlinking: /home/jsmoon/yax_jeju/install/ublox_msgs/local/lib/python3.10/dist-packages/ublox_msgs/msg/_aid_hui_s.c
[66.111s] -- Symlinking: /home/jsmoon/yax_jeju/install/ublox_msgs/local/lib/python3.10/dist-packages/ublox_msgs/msg/_cfg_ant.py
[66.120s] -- Symlinking: /home/jsmoon/yax_jeju/install/ublox_msgs/local/lib/python3.10/dist-packages/ublox_msgs/msg/_cfg_ant_s.c
[66.128s] -- Symlinking: /home/jsmoon/yax_jeju/install/ublox_msgs/local/lib/python3.10/dist-packages/ublox_msgs/msg/_cfg_cfg.py
[66.137s] -- Symlinking: /home/jsmoon/yax_jeju/install/ublox_msgs/local/lib/python3.10/dist-packages/ublox_msgs/msg/_cfg_cfg_s.c
[66.145s] -- Symlinking: /home/jsmoon/yax_jeju/install/ublox_msgs/local/lib/python3.10/dist-packages/ublox_msgs/msg/_cfg_dat.py
[66.152s] -- Symlinking: /home/jsmoon/yax_jeju/install/ublox_msgs/local/lib/python3.10/dist-packages/ublox_msgs/msg/_cfg_dat_s.c
[66.160s] -- Symlinking: /home/jsmoon/yax_jeju/install/ublox_msgs/local/lib/python3.10/dist-packages/ublox_msgs/msg/_cfg_dgnss.py
[66.168s] -- Symlinking: /home/jsmoon/yax_jeju/install/ublox_msgs/local/lib/python3.10/dist-packages/ublox_msgs/msg/_cfg_dgnss_s.c
[66.176s] -- Symlinking: /home/jsmoon/yax_jeju/install/ublox_msgs/local/lib/python3.10/dist-packages/ublox_msgs/msg/_cfg_gnss.py
[66.184s] -- Symlinking: /home/jsmoon/yax_jeju/install/ublox_msgs/local/lib/python3.10/dist-packages/ublox_msgs/msg/_cfg_gnss_block.py
[66.192s] -- Symlinking: /home/jsmoon/yax_jeju/install/ublox_msgs/local/lib/python3.10/dist-packages/ublox_msgs/msg/_cfg_gnss_block_s.c
[66.199s] -- Symlinking: /home/jsmoon/yax_jeju/install/ublox_msgs/local/lib/python3.10/dist-packages/ublox_msgs/msg/_cfg_gnss_s.c
[66.207s] -- Symlinking: /home/jsmoon/yax_jeju/install/ublox_msgs/local/lib/python3.10/dist-packages/ublox_msgs/msg/_cfg_hnr.py
[66.215s] -- Symlinking: /home/jsmoon/yax_jeju/install/ublox_msgs/local/lib/python3.10/dist-packages/ublox_msgs/msg/_cfg_hnr_s.c
[66.222s] -- Symlinking: /home/jsmoon/yax_jeju/install/ublox_msgs/local/lib/python3.10/dist-packages/ublox_msgs/msg/_cfg_inf.py
[66.232s] -- Symlinking: /home/jsmoon/yax_jeju/install/ublox_msgs/local/lib/python3.10/dist-packages/ublox_msgs/msg/_cfg_inf_block.py
[66.241s] -- Symlinking: /home/jsmoon/yax_jeju/install/ublox_msgs/local/lib/python3.10/dist-packages/ublox_msgs/msg/_cfg_inf_block_s.c
[66.249s] -- Symlinking: /home/jsmoon/yax_jeju/install/ublox_msgs/local/lib/python3.10/dist-packages/ublox_msgs/msg/_cfg_inf_s.c
[66.256s] -- Symlinking: /home/jsmoon/yax_jeju/install/ublox_msgs/local/lib/python3.10/dist-packages/ublox_msgs/msg/_cfg_msg.py
[66.263s] -- Symlinking: /home/jsmoon/yax_jeju/install/ublox_msgs/local/lib/python3.10/dist-packages/ublox_msgs/msg/_cfg_msg_s.c
[66.271s] -- Symlinking: /home/jsmoon/yax_jeju/install/ublox_msgs/local/lib/python3.10/dist-packages/ublox_msgs/msg/_cfg_nav5.py
[66.278s] -- Symlinking: /home/jsmoon/yax_jeju/install/ublox_msgs/local/lib/python3.10/dist-packages/ublox_msgs/msg/_cfg_nav5_s.c
[66.287s] -- Symlinking: /home/jsmoon/yax_jeju/install/ublox_msgs/local/lib/python3.10/dist-packages/ublox_msgs/msg/_cfg_navx5.py
[66.294s] -- Symlinking: /home/jsmoon/yax_jeju/install/ublox_msgs/local/lib/python3.10/dist-packages/ublox_msgs/msg/_cfg_navx5_s.c
[66.301s] -- Symlinking: /home/jsmoon/yax_jeju/install/ublox_msgs/local/lib/python3.10/dist-packages/ublox_msgs/msg/_cfg_nmea.py
[66.310s] -- Symlinking: /home/jsmoon/yax_jeju/install/ublox_msgs/local/lib/python3.10/dist-packages/ublox_msgs/msg/_cfg_nmea6.py
[66.318s] -- Symlinking: /home/jsmoon/yax_jeju/install/ublox_msgs/local/lib/python3.10/dist-packages/ublox_msgs/msg/_cfg_nmea6_s.c
[66.326s] -- Symlinking: /home/jsmoon/yax_jeju/install/ublox_msgs/local/lib/python3.10/dist-packages/ublox_msgs/msg/_cfg_nmea7.py
[66.334s] -- Symlinking: /home/jsmoon/yax_jeju/install/ublox_msgs/local/lib/python3.10/dist-packages/ublox_msgs/msg/_cfg_nmea7_s.c
[66.341s] -- Symlinking: /home/jsmoon/yax_jeju/install/ublox_msgs/local/lib/python3.10/dist-packages/ublox_msgs/msg/_cfg_nmea_s.c
[66.349s] -- Symlinking: /home/jsmoon/yax_jeju/install/ublox_msgs/local/lib/python3.10/dist-packages/ublox_msgs/msg/_cfg_prt.py
[66.356s] -- Symlinking: /home/jsmoon/yax_jeju/install/ublox_msgs/local/lib/python3.10/dist-packages/ublox_msgs/msg/_cfg_prt_s.c
[66.365s] -- Symlinking: /home/jsmoon/yax_jeju/install/ublox_msgs/local/lib/python3.10/dist-packages/ublox_msgs/msg/_cfg_rate.py
[66.373s] -- Symlinking: /home/jsmoon/yax_jeju/install/ublox_msgs/local/lib/python3.10/dist-packages/ublox_msgs/msg/_cfg_rate_s.c
[66.381s] -- Symlinking: /home/jsmoon/yax_jeju/install/ublox_msgs/local/lib/python3.10/dist-packages/ublox_msgs/msg/_cfg_rst.py
[66.389s] -- Symlinking: /home/jsmoon/yax_jeju/install/ublox_msgs/local/lib/python3.10/dist-packages/ublox_msgs/msg/_cfg_rst_s.c
[66.397s] -- Symlinking: /home/jsmoon/yax_jeju/install/ublox_msgs/local/lib/python3.10/dist-packages/ublox_msgs/msg/_cfg_sbas.py
[66.404s] -- Symlinking: /home/jsmoon/yax_jeju/install/ublox_msgs/local/lib/python3.10/dist-packages/ublox_msgs/msg/_cfg_sbas_s.c
[66.413s] -- Symlinking: /home/jsmoon/yax_jeju/install/ublox_msgs/local/lib/python3.10/dist-packages/ublox_msgs/msg/_cfg_tmode3.py
[66.420s] -- Symlinking: /home/jsmoon/yax_jeju/install/ublox_msgs/local/lib/python3.10/dist-packages/ublox_msgs/msg/_cfg_tmode3_s.c
[66.429s] -- Symlinking: /home/jsmoon/yax_jeju/install/ublox_msgs/local/lib/python3.10/dist-packages/ublox_msgs/msg/_cfg_usb.py
[66.438s] -- Symlinking: /home/jsmoon/yax_jeju/install/ublox_msgs/local/lib/python3.10/dist-packages/ublox_msgs/msg/_cfg_usb_s.c
[66.445s] -- Symlinking: /home/jsmoon/yax_jeju/install/ublox_msgs/local/lib/python3.10/dist-packages/ublox_msgs/msg/_esf_ins.py
[66.453s] -- Symlinking: /home/jsmoon/yax_jeju/install/ublox_msgs/local/lib/python3.10/dist-packages/ublox_msgs/msg/_esf_ins_s.c
[66.461s] -- Symlinking: /home/jsmoon/yax_jeju/install/ublox_msgs/local/lib/python3.10/dist-packages/ublox_msgs/msg/_esf_meas.py
[66.468s] -- Symlinking: /home/jsmoon/yax_jeju/install/ublox_msgs/local/lib/python3.10/dist-packages/ublox_msgs/msg/_esf_meas_s.c
[66.476s] -- Symlinking: /home/jsmoon/yax_jeju/install/ublox_msgs/local/lib/python3.10/dist-packages/ublox_msgs/msg/_esf_raw.py
[66.484s] -- Symlinking: /home/jsmoon/yax_jeju/install/ublox_msgs/local/lib/python3.10/dist-packages/ublox_msgs/msg/_esf_raw_block.py
[66.492s] -- Symlinking: /home/jsmoon/yax_jeju/install/ublox_msgs/local/lib/python3.10/dist-packages/ublox_msgs/msg/_esf_raw_block_s.c
[66.500s] -- Symlinking: /home/jsmoon/yax_jeju/install/ublox_msgs/local/lib/python3.10/dist-packages/ublox_msgs/msg/_esf_raw_s.c
[66.508s] -- Symlinking: /home/jsmoon/yax_jeju/install/ublox_msgs/local/lib/python3.10/dist-packages/ublox_msgs/msg/_esf_status.py
[66.516s] -- Symlinking: /home/jsmoon/yax_jeju/install/ublox_msgs/local/lib/python3.10/dist-packages/ublox_msgs/msg/_esf_status_s.c
[66.524s] -- Symlinking: /home/jsmoon/yax_jeju/install/ublox_msgs/local/lib/python3.10/dist-packages/ublox_msgs/msg/_esf_status_sens.py
[66.533s] -- Symlinking: /home/jsmoon/yax_jeju/install/ublox_msgs/local/lib/python3.10/dist-packages/ublox_msgs/msg/_esf_status_sens_s.c
[66.542s] -- Symlinking: /home/jsmoon/yax_jeju/install/ublox_msgs/local/lib/python3.10/dist-packages/ublox_msgs/msg/_hnr_pvt.py
[66.551s] -- Symlinking: /home/jsmoon/yax_jeju/install/ublox_msgs/local/lib/python3.10/dist-packages/ublox_msgs/msg/_hnr_pvt_s.c
[66.560s] -- Symlinking: /home/jsmoon/yax_jeju/install/ublox_msgs/local/lib/python3.10/dist-packages/ublox_msgs/msg/_inf.py
[66.568s] -- Symlinking: /home/jsmoon/yax_jeju/install/ublox_msgs/local/lib/python3.10/dist-packages/ublox_msgs/msg/_inf_s.c
[66.576s] -- Symlinking: /home/jsmoon/yax_jeju/install/ublox_msgs/local/lib/python3.10/dist-packages/ublox_msgs/msg/_mga_gal.py
[66.584s] -- Symlinking: /home/jsmoon/yax_jeju/install/ublox_msgs/local/lib/python3.10/dist-packages/ublox_msgs/msg/_mga_gal_s.c
[66.593s] -- Symlinking: /home/jsmoon/yax_jeju/install/ublox_msgs/local/lib/python3.10/dist-packages/ublox_msgs/msg/_mon_gnss.py
[66.600s] -- Symlinking: /home/jsmoon/yax_jeju/install/ublox_msgs/local/lib/python3.10/dist-packages/ublox_msgs/msg/_mon_gnss_s.c
[66.609s] -- Symlinking: /home/jsmoon/yax_jeju/install/ublox_msgs/local/lib/python3.10/dist-packages/ublox_msgs/msg/_mon_hw.py
[66.616s] -- Symlinking: /home/jsmoon/yax_jeju/install/ublox_msgs/local/lib/python3.10/dist-packages/ublox_msgs/msg/_mon_hw6.py
[66.624s] -- Symlinking: /home/jsmoon/yax_jeju/install/ublox_msgs/local/lib/python3.10/dist-packages/ublox_msgs/msg/_mon_hw6_s.c
[66.634s] -- Symlinking: /home/jsmoon/yax_jeju/install/ublox_msgs/local/lib/python3.10/dist-packages/ublox_msgs/msg/_mon_hw_s.c
[66.642s] -- Symlinking: /home/jsmoon/yax_jeju/install/ublox_msgs/local/lib/python3.10/dist-packages/ublox_msgs/msg/_mon_ver.py
[66.650s] -- Symlinking: /home/jsmoon/yax_jeju/install/ublox_msgs/local/lib/python3.10/dist-packages/ublox_msgs/msg/_mon_ver_extension.py
[66.658s] -- Symlinking: /home/jsmoon/yax_jeju/install/ublox_msgs/local/lib/python3.10/dist-packages/ublox_msgs/msg/_mon_ver_extension_s.c
[66.665s] -- Symlinking: /home/jsmoon/yax_jeju/install/ublox_msgs/local/lib/python3.10/dist-packages/ublox_msgs/msg/_mon_ver_s.c
[66.674s] -- Symlinking: /home/jsmoon/yax_jeju/install/ublox_msgs/local/lib/python3.10/dist-packages/ublox_msgs/msg/_nav_att.py
[66.681s] -- Symlinking: /home/jsmoon/yax_jeju/install/ublox_msgs/local/lib/python3.10/dist-packages/ublox_msgs/msg/_nav_att_s.c
[66.687s] -- Symlinking: /home/jsmoon/yax_jeju/install/ublox_msgs/local/lib/python3.10/dist-packages/ublox_msgs/msg/_nav_clock.py
[66.696s] -- Symlinking: /home/jsmoon/yax_jeju/install/ublox_msgs/local/lib/python3.10/dist-packages/ublox_msgs/msg/_nav_clock_s.c
[66.703s] -- Symlinking: /home/jsmoon/yax_jeju/install/ublox_msgs/local/lib/python3.10/dist-packages/ublox_msgs/msg/_nav_dgps.py
[66.711s] -- Symlinking: /home/jsmoon/yax_jeju/install/ublox_msgs/local/lib/python3.10/dist-packages/ublox_msgs/msg/_nav_dgps_s.c
[66.719s] -- Symlinking: /home/jsmoon/yax_jeju/install/ublox_msgs/local/lib/python3.10/dist-packages/ublox_msgs/msg/_nav_dgpssv.py
[66.726s] -- Symlinking: /home/jsmoon/yax_jeju/install/ublox_msgs/local/lib/python3.10/dist-packages/ublox_msgs/msg/_nav_dgpssv_s.c
[66.737s] -- Symlinking: /home/jsmoon/yax_jeju/install/ublox_msgs/local/lib/python3.10/dist-packages/ublox_msgs/msg/_nav_dop.py
[66.745s] -- Symlinking: /home/jsmoon/yax_jeju/install/ublox_msgs/local/lib/python3.10/dist-packages/ublox_msgs/msg/_nav_dop_s.c
[66.752s] -- Symlinking: /home/jsmoon/yax_jeju/install/ublox_msgs/local/lib/python3.10/dist-packages/ublox_msgs/msg/_nav_posecef.py
[66.760s] -- Symlinking: /home/jsmoon/yax_jeju/install/ublox_msgs/local/lib/python3.10/dist-packages/ublox_msgs/msg/_nav_posecef_s.c
[66.768s] -- Symlinking: /home/jsmoon/yax_jeju/install/ublox_msgs/local/lib/python3.10/dist-packages/ublox_msgs/msg/_nav_posllh.py
[66.777s] -- Symlinking: /home/jsmoon/yax_jeju/install/ublox_msgs/local/lib/python3.10/dist-packages/ublox_msgs/msg/_nav_posllh_s.c
[66.784s] -- Symlinking: /home/jsmoon/yax_jeju/install/ublox_msgs/local/lib/python3.10/dist-packages/ublox_msgs/msg/_nav_pvt.py
[66.792s] -- Symlinking: /home/jsmoon/yax_jeju/install/ublox_msgs/local/lib/python3.10/dist-packages/ublox_msgs/msg/_nav_pvt7.py
[66.799s] -- Symlinking: /home/jsmoon/yax_jeju/install/ublox_msgs/local/lib/python3.10/dist-packages/ublox_msgs/msg/_nav_pvt7_s.c
[66.806s] -- Symlinking: /home/jsmoon/yax_jeju/install/ublox_msgs/local/lib/python3.10/dist-packages/ublox_msgs/msg/_nav_pvt_s.c
[66.813s] -- Symlinking: /home/jsmoon/yax_jeju/install/ublox_msgs/local/lib/python3.10/dist-packages/ublox_msgs/msg/_nav_relposned.py
[66.821s] -- Symlinking: /home/jsmoon/yax_jeju/install/ublox_msgs/local/lib/python3.10/dist-packages/ublox_msgs/msg/_nav_relposned9.py
[66.828s] -- Symlinking: /home/jsmoon/yax_jeju/install/ublox_msgs/local/lib/python3.10/dist-packages/ublox_msgs/msg/_nav_relposned9_s.c
[66.838s] -- Symlinking: /home/jsmoon/yax_jeju/install/ublox_msgs/local/lib/python3.10/dist-packages/ublox_msgs/msg/_nav_relposned_s.c
[66.845s] -- Symlinking: /home/jsmoon/yax_jeju/install/ublox_msgs/local/lib/python3.10/dist-packages/ublox_msgs/msg/_nav_sat.py
[66.854s] -- Symlinking: /home/jsmoon/yax_jeju/install/ublox_msgs/local/lib/python3.10/dist-packages/ublox_msgs/msg/_nav_sat_s.c
[66.861s] -- Symlinking: /home/jsmoon/yax_jeju/install/ublox_msgs/local/lib/python3.10/dist-packages/ublox_msgs/msg/_nav_satsv.py
[66.869s] -- Symlinking: /home/jsmoon/yax_jeju/install/ublox_msgs/local/lib/python3.10/dist-packages/ublox_msgs/msg/_nav_satsv_s.c
[66.877s] -- Symlinking: /home/jsmoon/yax_jeju/install/ublox_msgs/local/lib/python3.10/dist-packages/ublox_msgs/msg/_nav_sbas.py
[66.884s] -- Symlinking: /home/jsmoon/yax_jeju/install/ublox_msgs/local/lib/python3.10/dist-packages/ublox_msgs/msg/_nav_sbas_s.c
[66.892s] -- Symlinking: /home/jsmoon/yax_jeju/install/ublox_msgs/local/lib/python3.10/dist-packages/ublox_msgs/msg/_nav_sbassv.py
[66.900s] -- Symlinking: /home/jsmoon/yax_jeju/install/ublox_msgs/local/lib/python3.10/dist-packages/ublox_msgs/msg/_nav_sbassv_s.c
[66.908s] -- Symlinking: /home/jsmoon/yax_jeju/install/ublox_msgs/local/lib/python3.10/dist-packages/ublox_msgs/msg/_nav_sol.py
[66.917s] -- Symlinking: /home/jsmoon/yax_jeju/install/ublox_msgs/local/lib/python3.10/dist-packages/ublox_msgs/msg/_nav_sol_s.c
[66.924s] -- Symlinking: /home/jsmoon/yax_jeju/install/ublox_msgs/local/lib/python3.10/dist-packages/ublox_msgs/msg/_nav_status.py
[66.934s] -- Symlinking: /home/jsmoon/yax_jeju/install/ublox_msgs/local/lib/python3.10/dist-packages/ublox_msgs/msg/_nav_status_s.c
[66.942s] -- Symlinking: /home/jsmoon/yax_jeju/install/ublox_msgs/local/lib/python3.10/dist-packages/ublox_msgs/msg/_nav_svin.py
[66.950s] -- Symlinking: /home/jsmoon/yax_jeju/install/ublox_msgs/local/lib/python3.10/dist-packages/ublox_msgs/msg/_nav_svin_s.c
[66.959s] -- Symlinking: /home/jsmoon/yax_jeju/install/ublox_msgs/local/lib/python3.10/dist-packages/ublox_msgs/msg/_nav_svinfo.py
[66.966s] -- Symlinking: /home/jsmoon/yax_jeju/install/ublox_msgs/local/lib/python3.10/dist-packages/ublox_msgs/msg/_nav_svinfo_s.c
[66.974s] -- Symlinking: /home/jsmoon/yax_jeju/install/ublox_msgs/local/lib/python3.10/dist-packages/ublox_msgs/msg/_nav_svinfosv.py
[66.982s] -- Symlinking: /home/jsmoon/yax_jeju/install/ublox_msgs/local/lib/python3.10/dist-packages/ublox_msgs/msg/_nav_svinfosv_s.c
[66.989s] -- Symlinking: /home/jsmoon/yax_jeju/install/ublox_msgs/local/lib/python3.10/dist-packages/ublox_msgs/msg/_nav_timegps.py
[66.997s] -- Symlinking: /home/jsmoon/yax_jeju/install/ublox_msgs/local/lib/python3.10/dist-packages/ublox_msgs/msg/_nav_timegps_s.c
[67.005s] -- Symlinking: /home/jsmoon/yax_jeju/install/ublox_msgs/local/lib/python3.10/dist-packages/ublox_msgs/msg/_nav_timeutc.py
[67.013s] -- Symlinking: /home/jsmoon/yax_jeju/install/ublox_msgs/local/lib/python3.10/dist-packages/ublox_msgs/msg/_nav_timeutc_s.c
[67.021s] -- Symlinking: /home/jsmoon/yax_jeju/install/ublox_msgs/local/lib/python3.10/dist-packages/ublox_msgs/msg/_nav_velecef.py
[67.029s] -- Symlinking: /home/jsmoon/yax_jeju/install/ublox_msgs/local/lib/python3.10/dist-packages/ublox_msgs/msg/_nav_velecef_s.c
[67.038s] -- Symlinking: /home/jsmoon/yax_jeju/install/ublox_msgs/local/lib/python3.10/dist-packages/ublox_msgs/msg/_nav_velned.py
[67.046s] -- Symlinking: /home/jsmoon/yax_jeju/install/ublox_msgs/local/lib/python3.10/dist-packages/ublox_msgs/msg/_nav_velned_s.c
[67.053s] -- Symlinking: /home/jsmoon/yax_jeju/install/ublox_msgs/local/lib/python3.10/dist-packages/ublox_msgs/msg/_rxm_alm.py
[67.062s] -- Symlinking: /home/jsmoon/yax_jeju/install/ublox_msgs/local/lib/python3.10/dist-packages/ublox_msgs/msg/_rxm_alm_s.c
[67.070s] -- Symlinking: /home/jsmoon/yax_jeju/install/ublox_msgs/local/lib/python3.10/dist-packages/ublox_msgs/msg/_rxm_eph.py
[67.078s] -- Symlinking: /home/jsmoon/yax_jeju/install/ublox_msgs/local/lib/python3.10/dist-packages/ublox_msgs/msg/_rxm_eph_s.c
[67.086s] -- Symlinking: /home/jsmoon/yax_jeju/install/ublox_msgs/local/lib/python3.10/dist-packages/ublox_msgs/msg/_rxm_raw.py
[67.094s] -- Symlinking: /home/jsmoon/yax_jeju/install/ublox_msgs/local/lib/python3.10/dist-packages/ublox_msgs/msg/_rxm_raw_s.c
[67.101s] -- Symlinking: /home/jsmoon/yax_jeju/install/ublox_msgs/local/lib/python3.10/dist-packages/ublox_msgs/msg/_rxm_rawsv.py
[67.109s] -- Symlinking: /home/jsmoon/yax_jeju/install/ublox_msgs/local/lib/python3.10/dist-packages/ublox_msgs/msg/_rxm_rawsv_s.c
[67.118s] -- Symlinking: /home/jsmoon/yax_jeju/install/ublox_msgs/local/lib/python3.10/dist-packages/ublox_msgs/msg/_rxm_rawx.py
[67.126s] -- Symlinking: /home/jsmoon/yax_jeju/install/ublox_msgs/local/lib/python3.10/dist-packages/ublox_msgs/msg/_rxm_rawx_meas.py
[67.136s] -- Symlinking: /home/jsmoon/yax_jeju/install/ublox_msgs/local/lib/python3.10/dist-packages/ublox_msgs/msg/_rxm_rawx_meas_s.c
[67.144s] -- Symlinking: /home/jsmoon/yax_jeju/install/ublox_msgs/local/lib/python3.10/dist-packages/ublox_msgs/msg/_rxm_rawx_s.c
[67.152s] -- Symlinking: /home/jsmoon/yax_jeju/install/ublox_msgs/local/lib/python3.10/dist-packages/ublox_msgs/msg/_rxm_rtcm.py
[67.160s] -- Symlinking: /home/jsmoon/yax_jeju/install/ublox_msgs/local/lib/python3.10/dist-packages/ublox_msgs/msg/_rxm_rtcm_s.c
[67.168s] -- Symlinking: /home/jsmoon/yax_jeju/install/ublox_msgs/local/lib/python3.10/dist-packages/ublox_msgs/msg/_rxm_sfrb.py
[67.175s] -- Symlinking: /home/jsmoon/yax_jeju/install/ublox_msgs/local/lib/python3.10/dist-packages/ublox_msgs/msg/_rxm_sfrb_s.c
[67.182s] -- Symlinking: /home/jsmoon/yax_jeju/install/ublox_msgs/local/lib/python3.10/dist-packages/ublox_msgs/msg/_rxm_sfrbx.py
[67.190s] -- Symlinking: /home/jsmoon/yax_jeju/install/ublox_msgs/local/lib/python3.10/dist-packages/ublox_msgs/msg/_rxm_sfrbx_s.c
[67.197s] -- Symlinking: /home/jsmoon/yax_jeju/install/ublox_msgs/local/lib/python3.10/dist-packages/ublox_msgs/msg/_rxm_svsi.py
[67.205s] -- Symlinking: /home/jsmoon/yax_jeju/install/ublox_msgs/local/lib/python3.10/dist-packages/ublox_msgs/msg/_rxm_svsi_s.c
[67.213s] -- Symlinking: /home/jsmoon/yax_jeju/install/ublox_msgs/local/lib/python3.10/dist-packages/ublox_msgs/msg/_rxm_svsisv.py
[67.220s] -- Symlinking: /home/jsmoon/yax_jeju/install/ublox_msgs/local/lib/python3.10/dist-packages/ublox_msgs/msg/_rxm_svsisv_s.c
[67.228s] -- Symlinking: /home/jsmoon/yax_jeju/install/ublox_msgs/local/lib/python3.10/dist-packages/ublox_msgs/msg/_tim_tm2.py
[67.238s] -- Symlinking: /home/jsmoon/yax_jeju/install/ublox_msgs/local/lib/python3.10/dist-packages/ublox_msgs/msg/_tim_tm2_s.c
[67.246s] -- Symlinking: /home/jsmoon/yax_jeju/install/ublox_msgs/local/lib/python3.10/dist-packages/ublox_msgs/msg/_upd_sos.py
[67.255s] -- Symlinking: /home/jsmoon/yax_jeju/install/ublox_msgs/local/lib/python3.10/dist-packages/ublox_msgs/msg/_upd_sos_ack.py
[67.262s] -- Symlinking: /home/jsmoon/yax_jeju/install/ublox_msgs/local/lib/python3.10/dist-packages/ublox_msgs/msg/_upd_sos_ack_s.c
[67.270s] -- Symlinking: /home/jsmoon/yax_jeju/install/ublox_msgs/local/lib/python3.10/dist-packages/ublox_msgs/msg/_upd_sos_s.c
[67.278s] -- Symlinking: /home/jsmoon/yax_jeju/install/ublox_msgs/local/lib/python3.10/dist-packages/ublox_msgs/ublox_msgs_s__rosidl_typesupport_c.cpython-310-x86_64-linux-gnu.so
[67.286s] -- Symlinking: /home/jsmoon/yax_jeju/install/ublox_msgs/local/lib/python3.10/dist-packages/ublox_msgs/ublox_msgs_s__rosidl_typesupport_fastrtps_c.cpython-310-x86_64-linux-gnu.so
[67.294s] -- Symlinking: /home/jsmoon/yax_jeju/install/ublox_msgs/local/lib/python3.10/dist-packages/ublox_msgs/ublox_msgs_s__rosidl_typesupport_introspection_c.cpython-310-x86_64-linux-gnu.so
[67.303s] -- Up-to-date symlink: /home/jsmoon/yax_jeju/install/ublox_msgs/local/lib/python3.10/dist-packages/ublox_msgs/ublox_msgs_s__rosidl_typesupport_fastrtps_c.cpython-310-x86_64-linux-gnu.so
[67.303s] -- Up-to-date symlink: /home/jsmoon/yax_jeju/install/ublox_msgs/local/lib/python3.10/dist-packages/ublox_msgs/ublox_msgs_s__rosidl_typesupport_introspection_c.cpython-310-x86_64-linux-gnu.so
[67.303s] -- Up-to-date symlink: /home/jsmoon/yax_jeju/install/ublox_msgs/local/lib/python3.10/dist-packages/ublox_msgs/ublox_msgs_s__rosidl_typesupport_c.cpython-310-x86_64-linux-gnu.so
[67.303s] -- Symlinking: /home/jsmoon/yax_jeju/install/ublox_msgs/share/ublox_msgs/msg/Ack.idl
[67.310s] -- Symlinking: /home/jsmoon/yax_jeju/install/ublox_msgs/share/ublox_msgs/msg/AidALM.idl
[67.319s] -- Symlinking: /home/jsmoon/yax_jeju/install/ublox_msgs/share/ublox_msgs/msg/AidEPH.idl
[67.326s] -- Symlinking: /home/jsmoon/yax_jeju/install/ublox_msgs/share/ublox_msgs/msg/AidHUI.idl
[67.336s] -- Symlinking: /home/jsmoon/yax_jeju/install/ublox_msgs/share/ublox_msgs/msg/CfgANT.idl
[67.344s] -- Symlinking: /home/jsmoon/yax_jeju/install/ublox_msgs/share/ublox_msgs/msg/CfgCFG.idl
[67.352s] -- Symlinking: /home/jsmoon/yax_jeju/install/ublox_msgs/share/ublox_msgs/msg/CfgDAT.idl
[67.360s] -- Symlinking: /home/jsmoon/yax_jeju/install/ublox_msgs/share/ublox_msgs/msg/CfgDGNSS.idl
[67.368s] -- Symlinking: /home/jsmoon/yax_jeju/install/ublox_msgs/share/ublox_msgs/msg/CfgGNSSBlock.idl
[67.375s] -- Symlinking: /home/jsmoon/yax_jeju/install/ublox_msgs/share/ublox_msgs/msg/CfgGNSS.idl
[67.384s] -- Symlinking: /home/jsmoon/yax_jeju/install/ublox_msgs/share/ublox_msgs/msg/CfgHNR.idl
[67.392s] -- Symlinking: /home/jsmoon/yax_jeju/install/ublox_msgs/share/ublox_msgs/msg/CfgINFBlock.idl
[67.400s] -- Symlinking: /home/jsmoon/yax_jeju/install/ublox_msgs/share/ublox_msgs/msg/CfgINF.idl
[67.408s] -- Symlinking: /home/jsmoon/yax_jeju/install/ublox_msgs/share/ublox_msgs/msg/CfgMSG.idl
[67.416s] -- Symlinking: /home/jsmoon/yax_jeju/install/ublox_msgs/share/ublox_msgs/msg/CfgNAV5.idl
[67.423s] -- Symlinking: /home/jsmoon/yax_jeju/install/ublox_msgs/share/ublox_msgs/msg/CfgNAVX5.idl
[67.433s] -- Symlinking: /home/jsmoon/yax_jeju/install/ublox_msgs/share/ublox_msgs/msg/CfgNMEA6.idl
[67.440s] -- Symlinking: /home/jsmoon/yax_jeju/install/ublox_msgs/share/ublox_msgs/msg/CfgNMEA7.idl
[67.449s] -- Symlinking: /home/jsmoon/yax_jeju/install/ublox_msgs/share/ublox_msgs/msg/CfgNMEA.idl
[67.456s] -- Symlinking: /home/jsmoon/yax_jeju/install/ublox_msgs/share/ublox_msgs/msg/CfgPRT.idl
[67.464s] -- Symlinking: /home/jsmoon/yax_jeju/install/ublox_msgs/share/ublox_msgs/msg/CfgRATE.idl
[67.472s] -- Symlinking: /home/jsmoon/yax_jeju/install/ublox_msgs/share/ublox_msgs/msg/CfgRST.idl
[67.480s] -- Symlinking: /home/jsmoon/yax_jeju/install/ublox_msgs/share/ublox_msgs/msg/CfgSBAS.idl
[67.488s] -- Symlinking: /home/jsmoon/yax_jeju/install/ublox_msgs/share/ublox_msgs/msg/CfgTMODE3.idl
[67.495s] -- Symlinking: /home/jsmoon/yax_jeju/install/ublox_msgs/share/ublox_msgs/msg/CfgUSB.idl
[67.502s] -- Symlinking: /home/jsmoon/yax_jeju/install/ublox_msgs/share/ublox_msgs/msg/EsfINS.idl
[67.513s] -- Symlinking: /home/jsmoon/yax_jeju/install/ublox_msgs/share/ublox_msgs/msg/EsfMEAS.idl
[67.521s] -- Symlinking: /home/jsmoon/yax_jeju/install/ublox_msgs/share/ublox_msgs/msg/EsfRAWBlock.idl
[67.529s] -- Symlinking: /home/jsmoon/yax_jeju/install/ublox_msgs/share/ublox_msgs/msg/EsfRAW.idl
[67.536s] -- Symlinking: /home/jsmoon/yax_jeju/install/ublox_msgs/share/ublox_msgs/msg/EsfSTATUS.idl
[67.545s] -- Symlinking: /home/jsmoon/yax_jeju/install/ublox_msgs/share/ublox_msgs/msg/EsfSTATUSSens.idl
[67.553s] -- Symlinking: /home/jsmoon/yax_jeju/install/ublox_msgs/share/ublox_msgs/msg/HnrPVT.idl
[67.561s] -- Symlinking: /home/jsmoon/yax_jeju/install/ublox_msgs/share/ublox_msgs/msg/Inf.idl
[67.568s] -- Symlinking: /home/jsmoon/yax_jeju/install/ublox_msgs/share/ublox_msgs/msg/MgaGAL.idl
[67.577s] -- Symlinking: /home/jsmoon/yax_jeju/install/ublox_msgs/share/ublox_msgs/msg/MonGNSS.idl
[67.584s] -- Symlinking: /home/jsmoon/yax_jeju/install/ublox_msgs/share/ublox_msgs/msg/MonHW6.idl
[67.592s] -- Symlinking: /home/jsmoon/yax_jeju/install/ublox_msgs/share/ublox_msgs/msg/MonHW.idl
[67.600s] -- Symlinking: /home/jsmoon/yax_jeju/install/ublox_msgs/share/ublox_msgs/msg/MonVERExtension.idl
[67.609s] -- Symlinking: /home/jsmoon/yax_jeju/install/ublox_msgs/share/ublox_msgs/msg/MonVER.idl
[67.616s] -- Symlinking: /home/jsmoon/yax_jeju/install/ublox_msgs/share/ublox_msgs/msg/NavATT.idl
[67.625s] -- Symlinking: /home/jsmoon/yax_jeju/install/ublox_msgs/share/ublox_msgs/msg/NavCLOCK.idl
[67.633s] -- Symlinking: /home/jsmoon/yax_jeju/install/ublox_msgs/share/ublox_msgs/msg/NavDGPS.idl
[67.641s] -- Symlinking: /home/jsmoon/yax_jeju/install/ublox_msgs/share/ublox_msgs/msg/NavDGPSSV.idl
[67.650s] -- Symlinking: /home/jsmoon/yax_jeju/install/ublox_msgs/share/ublox_msgs/msg/NavDOP.idl
[67.658s] -- Symlinking: /home/jsmoon/yax_jeju/install/ublox_msgs/share/ublox_msgs/msg/NavPOSECEF.idl
[67.666s] -- Symlinking: /home/jsmoon/yax_jeju/install/ublox_msgs/share/ublox_msgs/msg/NavPOSLLH.idl
[67.673s] -- Symlinking: /home/jsmoon/yax_jeju/install/ublox_msgs/share/ublox_msgs/msg/NavPVT7.idl
[67.680s] -- Symlinking: /home/jsmoon/yax_jeju/install/ublox_msgs/share/ublox_msgs/msg/NavPVT.idl
[67.688s] -- Symlinking: /home/jsmoon/yax_jeju/install/ublox_msgs/share/ublox_msgs/msg/NavRELPOSNED9.idl
[67.697s] -- Symlinking: /home/jsmoon/yax_jeju/install/ublox_msgs/share/ublox_msgs/msg/NavRELPOSNED.idl
[67.706s] -- Symlinking: /home/jsmoon/yax_jeju/install/ublox_msgs/share/ublox_msgs/msg/NavSAT.idl
[67.713s] -- Symlinking: /home/jsmoon/yax_jeju/install/ublox_msgs/share/ublox_msgs/msg/NavSATSV.idl
[67.723s] -- Symlinking: /home/jsmoon/yax_jeju/install/ublox_msgs/share/ublox_msgs/msg/NavSBAS.idl
[67.732s] -- Symlinking: /home/jsmoon/yax_jeju/install/ublox_msgs/share/ublox_msgs/msg/NavSBASSV.idl
[67.740s] -- Symlinking: /home/jsmoon/yax_jeju/install/ublox_msgs/share/ublox_msgs/msg/NavSOL.idl
[67.748s] -- Symlinking: /home/jsmoon/yax_jeju/install/ublox_msgs/share/ublox_msgs/msg/NavSTATUS.idl
[67.757s] -- Symlinking: /home/jsmoon/yax_jeju/install/ublox_msgs/share/ublox_msgs/msg/NavSVINFO.idl
[67.764s] -- Symlinking: /home/jsmoon/yax_jeju/install/ublox_msgs/share/ublox_msgs/msg/NavSVINFOSV.idl
[67.773s] -- Symlinking: /home/jsmoon/yax_jeju/install/ublox_msgs/share/ublox_msgs/msg/NavSVIN.idl
[67.781s] -- Symlinking: /home/jsmoon/yax_jeju/install/ublox_msgs/share/ublox_msgs/msg/NavTIMEGPS.idl
[67.788s] -- Symlinking: /home/jsmoon/yax_jeju/install/ublox_msgs/share/ublox_msgs/msg/NavTIMEUTC.idl
[67.795s] -- Symlinking: /home/jsmoon/yax_jeju/install/ublox_msgs/share/ublox_msgs/msg/NavVELECEF.idl
[67.802s] -- Symlinking: /home/jsmoon/yax_jeju/install/ublox_msgs/share/ublox_msgs/msg/NavVELNED.idl
[67.809s] -- Symlinking: /home/jsmoon/yax_jeju/install/ublox_msgs/share/ublox_msgs/msg/RxmALM.idl
[67.817s] -- Symlinking: /home/jsmoon/yax_jeju/install/ublox_msgs/share/ublox_msgs/msg/RxmEPH.idl
[67.824s] -- Symlinking: /home/jsmoon/yax_jeju/install/ublox_msgs/share/ublox_msgs/msg/RxmRAW.idl
[67.834s] -- Symlinking: /home/jsmoon/yax_jeju/install/ublox_msgs/share/ublox_msgs/msg/RxmRAWSV.idl
[67.843s] -- Symlinking: /home/jsmoon/yax_jeju/install/ublox_msgs/share/ublox_msgs/msg/RxmRAWXMeas.idl
[67.851s] -- Symlinking: /home/jsmoon/yax_jeju/install/ublox_msgs/share/ublox_msgs/msg/RxmRAWX.idl
[67.858s] -- Symlinking: /home/jsmoon/yax_jeju/install/ublox_msgs/share/ublox_msgs/msg/RxmRTCM.idl
[67.866s] -- Symlinking: /home/jsmoon/yax_jeju/install/ublox_msgs/share/ublox_msgs/msg/RxmSFRB.idl
[67.873s] -- Symlinking: /home/jsmoon/yax_jeju/install/ublox_msgs/share/ublox_msgs/msg/RxmSFRBX.idl
[67.881s] -- Symlinking: /home/jsmoon/yax_jeju/install/ublox_msgs/share/ublox_msgs/msg/RxmSVSI.idl
[67.889s] -- Symlinking: /home/jsmoon/yax_jeju/install/ublox_msgs/share/ublox_msgs/msg/RxmSVSISV.idl
[67.895s] -- Symlinking: /home/jsmoon/yax_jeju/install/ublox_msgs/share/ublox_msgs/msg/TimTM2.idl
[67.904s] -- Symlinking: /home/jsmoon/yax_jeju/install/ublox_msgs/share/ublox_msgs/msg/UpdSOSAck.idl
[67.912s] -- Symlinking: /home/jsmoon/yax_jeju/install/ublox_msgs/share/ublox_msgs/msg/UpdSOS.idl
[67.920s] -- Symlinking: /home/jsmoon/yax_jeju/install/ublox_msgs/share/ublox_msgs/msg/Ack.msg
[67.928s] -- Symlinking: /home/jsmoon/yax_jeju/install/ublox_msgs/share/ublox_msgs/msg/AidALM.msg
[67.938s] -- Symlinking: /home/jsmoon/yax_jeju/install/ublox_msgs/share/ublox_msgs/msg/AidEPH.msg
[67.946s] -- Symlinking: /home/jsmoon/yax_jeju/install/ublox_msgs/share/ublox_msgs/msg/AidHUI.msg
[67.955s] -- Symlinking: /home/jsmoon/yax_jeju/install/ublox_msgs/share/ublox_msgs/msg/CfgANT.msg
[67.962s] -- Symlinking: /home/jsmoon/yax_jeju/install/ublox_msgs/share/ublox_msgs/msg/CfgCFG.msg
[67.970s] -- Symlinking: /home/jsmoon/yax_jeju/install/ublox_msgs/share/ublox_msgs/msg/CfgDAT.msg
[67.977s] -- Symlinking: /home/jsmoon/yax_jeju/install/ublox_msgs/share/ublox_msgs/msg/CfgDGNSS.msg
[67.986s] -- Symlinking: /home/jsmoon/yax_jeju/install/ublox_msgs/share/ublox_msgs/msg/CfgGNSSBlock.msg
[67.993s] -- Symlinking: /home/jsmoon/yax_jeju/install/ublox_msgs/share/ublox_msgs/msg/CfgGNSS.msg
[68.001s] -- Symlinking: /home/jsmoon/yax_jeju/install/ublox_msgs/share/ublox_msgs/msg/CfgHNR.msg
[68.009s] -- Symlinking: /home/jsmoon/yax_jeju/install/ublox_msgs/share/ublox_msgs/msg/CfgINFBlock.msg
[68.016s] -- Symlinking: /home/jsmoon/yax_jeju/install/ublox_msgs/share/ublox_msgs/msg/CfgINF.msg
[68.023s] -- Symlinking: /home/jsmoon/yax_jeju/install/ublox_msgs/share/ublox_msgs/msg/CfgMSG.msg
[68.030s] -- Symlinking: /home/jsmoon/yax_jeju/install/ublox_msgs/share/ublox_msgs/msg/CfgNAV5.msg
[68.039s] -- Symlinking: /home/jsmoon/yax_jeju/install/ublox_msgs/share/ublox_msgs/msg/CfgNAVX5.msg
[68.047s] -- Symlinking: /home/jsmoon/yax_jeju/install/ublox_msgs/share/ublox_msgs/msg/CfgNMEA6.msg
[68.056s] -- Symlinking: /home/jsmoon/yax_jeju/install/ublox_msgs/share/ublox_msgs/msg/CfgNMEA7.msg
[68.064s] -- Symlinking: /home/jsmoon/yax_jeju/install/ublox_msgs/share/ublox_msgs/msg/CfgNMEA.msg
[68.072s] -- Symlinking: /home/jsmoon/yax_jeju/install/ublox_msgs/share/ublox_msgs/msg/CfgPRT.msg
[68.080s] -- Symlinking: /home/jsmoon/yax_jeju/install/ublox_msgs/share/ublox_msgs/msg/CfgRATE.msg
[68.088s] -- Symlinking: /home/jsmoon/yax_jeju/install/ublox_msgs/share/ublox_msgs/msg/CfgRST.msg
[68.095s] -- Symlinking: /home/jsmoon/yax_jeju/install/ublox_msgs/share/ublox_msgs/msg/CfgSBAS.msg
[68.103s] -- Symlinking: /home/jsmoon/yax_jeju/install/ublox_msgs/share/ublox_msgs/msg/CfgTMODE3.msg
[68.110s] -- Symlinking: /home/jsmoon/yax_jeju/install/ublox_msgs/share/ublox_msgs/msg/CfgUSB.msg
[68.117s] -- Symlinking: /home/jsmoon/yax_jeju/install/ublox_msgs/share/ublox_msgs/msg/EsfINS.msg
[68.126s] -- Symlinking: /home/jsmoon/yax_jeju/install/ublox_msgs/share/ublox_msgs/msg/EsfMEAS.msg
[68.136s] -- Symlinking: /home/jsmoon/yax_jeju/install/ublox_msgs/share/ublox_msgs/msg/EsfRAWBlock.msg
[68.143s] -- Symlinking: /home/jsmoon/yax_jeju/install/ublox_msgs/share/ublox_msgs/msg/EsfRAW.msg
[68.151s] -- Symlinking: /home/jsmoon/yax_jeju/install/ublox_msgs/share/ublox_msgs/msg/EsfSTATUS.msg
[68.158s] -- Symlinking: /home/jsmoon/yax_jeju/install/ublox_msgs/share/ublox_msgs/msg/EsfSTATUSSens.msg
[68.165s] -- Symlinking: /home/jsmoon/yax_jeju/install/ublox_msgs/share/ublox_msgs/msg/HnrPVT.msg
[68.173s] -- Symlinking: /home/jsmoon/yax_jeju/install/ublox_msgs/share/ublox_msgs/msg/Inf.msg
[68.181s] -- Symlinking: /home/jsmoon/yax_jeju/install/ublox_msgs/share/ublox_msgs/msg/MgaGAL.msg
[68.190s] -- Symlinking: /home/jsmoon/yax_jeju/install/ublox_msgs/share/ublox_msgs/msg/MonGNSS.msg
[68.196s] -- Symlinking: /home/jsmoon/yax_jeju/install/ublox_msgs/share/ublox_msgs/msg/MonHW6.msg
[68.205s] -- Symlinking: /home/jsmoon/yax_jeju/install/ublox_msgs/share/ublox_msgs/msg/MonHW.msg
[68.213s] -- Symlinking: /home/jsmoon/yax_jeju/install/ublox_msgs/share/ublox_msgs/msg/MonVERExtension.msg
[68.221s] -- Symlinking: /home/jsmoon/yax_jeju/install/ublox_msgs/share/ublox_msgs/msg/MonVER.msg
[68.229s] -- Symlinking: /home/jsmoon/yax_jeju/install/ublox_msgs/share/ublox_msgs/msg/NavATT.msg
[68.239s] -- Symlinking: /home/jsmoon/yax_jeju/install/ublox_msgs/share/ublox_msgs/msg/NavCLOCK.msg
[68.246s] -- Symlinking: /home/jsmoon/yax_jeju/install/ublox_msgs/share/ublox_msgs/msg/NavDGPS.msg
[68.253s] -- Symlinking: /home/jsmoon/yax_jeju/install/ublox_msgs/share/ublox_msgs/msg/NavDGPSSV.msg
[68.261s] -- Symlinking: /home/jsmoon/yax_jeju/install/ublox_msgs/share/ublox_msgs/msg/NavDOP.msg
[68.268s] -- Symlinking: /home/jsmoon/yax_jeju/install/ublox_msgs/share/ublox_msgs/msg/NavPOSECEF.msg
[68.275s] -- Symlinking: /home/jsmoon/yax_jeju/install/ublox_msgs/share/ublox_msgs/msg/NavPOSLLH.msg
[68.283s] -- Symlinking: /home/jsmoon/yax_jeju/install/ublox_msgs/share/ublox_msgs/msg/NavPVT7.msg
[68.291s] -- Symlinking: /home/jsmoon/yax_jeju/install/ublox_msgs/share/ublox_msgs/msg/NavPVT.msg
[68.300s] -- Symlinking: /home/jsmoon/yax_jeju/install/ublox_msgs/share/ublox_msgs/msg/NavRELPOSNED9.msg
[68.308s] -- Symlinking: /home/jsmoon/yax_jeju/install/ublox_msgs/share/ublox_msgs/msg/NavRELPOSNED.msg
[68.315s] -- Symlinking: /home/jsmoon/yax_jeju/install/ublox_msgs/share/ublox_msgs/msg/NavSAT.msg
[68.322s] -- Symlinking: /home/jsmoon/yax_jeju/install/ublox_msgs/share/ublox_msgs/msg/NavSATSV.msg
[68.329s] -- Symlinking: /home/jsmoon/yax_jeju/install/ublox_msgs/share/ublox_msgs/msg/NavSBAS.msg
[68.338s] -- Symlinking: /home/jsmoon/yax_jeju/install/ublox_msgs/share/ublox_msgs/msg/NavSBASSV.msg
[68.346s] -- Symlinking: /home/jsmoon/yax_jeju/install/ublox_msgs/share/ublox_msgs/msg/NavSOL.msg
[68.354s] -- Symlinking: /home/jsmoon/yax_jeju/install/ublox_msgs/share/ublox_msgs/msg/NavSTATUS.msg
[68.361s] -- Symlinking: /home/jsmoon/yax_jeju/install/ublox_msgs/share/ublox_msgs/msg/NavSVINFO.msg
[68.370s] -- Symlinking: /home/jsmoon/yax_jeju/install/ublox_msgs/share/ublox_msgs/msg/NavSVINFOSV.msg
[68.377s] -- Symlinking: /home/jsmoon/yax_jeju/install/ublox_msgs/share/ublox_msgs/msg/NavSVIN.msg
[68.385s] -- Symlinking: /home/jsmoon/yax_jeju/install/ublox_msgs/share/ublox_msgs/msg/NavTIMEGPS.msg
[68.392s] -- Symlinking: /home/jsmoon/yax_jeju/install/ublox_msgs/share/ublox_msgs/msg/NavTIMEUTC.msg
[68.400s] -- Symlinking: /home/jsmoon/yax_jeju/install/ublox_msgs/share/ublox_msgs/msg/NavVELECEF.msg
[68.408s] -- Symlinking: /home/jsmoon/yax_jeju/install/ublox_msgs/share/ublox_msgs/msg/NavVELNED.msg
[68.416s] -- Symlinking: /home/jsmoon/yax_jeju/install/ublox_msgs/share/ublox_msgs/msg/RxmALM.msg
[68.424s] -- Symlinking: /home/jsmoon/yax_jeju/install/ublox_msgs/share/ublox_msgs/msg/RxmEPH.msg
[68.434s] -- Symlinking: /home/jsmoon/yax_jeju/install/ublox_msgs/share/ublox_msgs/msg/RxmRAW.msg
[68.442s] -- Symlinking: /home/jsmoon/yax_jeju/install/ublox_msgs/share/ublox_msgs/msg/RxmRAWSV.msg
[68.449s] -- Symlinking: /home/jsmoon/yax_jeju/install/ublox_msgs/share/ublox_msgs/msg/RxmRAWXMeas.msg
[68.457s] -- Symlinking: /home/jsmoon/yax_jeju/install/ublox_msgs/share/ublox_msgs/msg/RxmRAWX.msg
[68.466s] -- Symlinking: /home/jsmoon/yax_jeju/install/ublox_msgs/share/ublox_msgs/msg/RxmRTCM.msg
[68.473s] -- Symlinking: /home/jsmoon/yax_jeju/install/ublox_msgs/share/ublox_msgs/msg/RxmSFRB.msg
[68.481s] -- Symlinking: /home/jsmoon/yax_jeju/install/ublox_msgs/share/ublox_msgs/msg/RxmSFRBX.msg
[68.489s] -- Symlinking: /home/jsmoon/yax_jeju/install/ublox_msgs/share/ublox_msgs/msg/RxmSVSI.msg
[68.496s] -- Symlinking: /home/jsmoon/yax_jeju/install/ublox_msgs/share/ublox_msgs/msg/RxmSVSISV.msg
[68.504s] -- Symlinking: /home/jsmoon/yax_jeju/install/ublox_msgs/share/ublox_msgs/msg/TimTM2.msg
[68.512s] -- Symlinking: /home/jsmoon/yax_jeju/install/ublox_msgs/share/ublox_msgs/msg/UpdSOSAck.msg
[68.519s] -- Symlinking: /home/jsmoon/yax_jeju/install/ublox_msgs/share/ublox_msgs/msg/UpdSOS.msg
[68.528s] -- Symlinking: /home/jsmoon/yax_jeju/install/ublox_msgs/include/ublox_msgs/ublox_msgs/serialization.hpp
[68.538s] -- Symlinking: /home/jsmoon/yax_jeju/install/ublox_msgs/include/ublox_msgs/ublox_msgs/ublox_msgs.hpp
[68.546s] -- Symlinking: /home/jsmoon/yax_jeju/install/ublox_msgs/share/ament_index/resource_index/package_run_dependencies/ublox_msgs
[68.553s] -- Symlinking: /home/jsmoon/yax_jeju/install/ublox_msgs/share/ament_index/resource_index/parent_prefix_path/ublox_msgs
[68.561s] -- Symlinking: /home/jsmoon/yax_jeju/install/ublox_msgs/share/ublox_msgs/environment/ament_prefix_path.sh
[68.569s] -- Symlinking: /home/jsmoon/yax_jeju/install/ublox_msgs/share/ublox_msgs/environment/ament_prefix_path.dsv
[68.577s] -- Symlinking: /home/jsmoon/yax_jeju/install/ublox_msgs/share/ublox_msgs/environment/path.sh
[68.585s] -- Symlinking: /home/jsmoon/yax_jeju/install/ublox_msgs/share/ublox_msgs/environment/path.dsv
[68.593s] -- Symlinking: /home/jsmoon/yax_jeju/install/ublox_msgs/share/ublox_msgs/local_setup.bash
[68.601s] -- Symlinking: /home/jsmoon/yax_jeju/install/ublox_msgs/share/ublox_msgs/local_setup.sh
[68.609s] -- Symlinking: /home/jsmoon/yax_jeju/install/ublox_msgs/share/ublox_msgs/local_setup.zsh
[68.616s] -- Symlinking: /home/jsmoon/yax_jeju/install/ublox_msgs/share/ublox_msgs/local_setup.dsv
[68.624s] -- Symlinking: /home/jsmoon/yax_jeju/install/ublox_msgs/share/ublox_msgs/package.dsv
[68.635s] -- Symlinking: /home/jsmoon/yax_jeju/install/ublox_msgs/share/ament_index/resource_index/packages/ublox_msgs
[68.642s] -- Symlinking: /home/jsmoon/yax_jeju/install/ublox_msgs/share/ublox_msgs/cmake/rosidl_cmake-extras.cmake
[68.650s] -- Symlinking: /home/jsmoon/yax_jeju/install/ublox_msgs/share/ublox_msgs/cmake/ament_cmake_export_dependencies-extras.cmake
[68.659s] -- Symlinking: /home/jsmoon/yax_jeju/install/ublox_msgs/share/ublox_msgs/cmake/ament_cmake_export_include_directories-extras.cmake
[68.666s] -- Symlinking: /home/jsmoon/yax_jeju/install/ublox_msgs/share/ublox_msgs/cmake/ament_cmake_export_libraries-extras.cmake
[68.674s] -- Symlinking: /home/jsmoon/yax_jeju/install/ublox_msgs/share/ublox_msgs/cmake/ament_cmake_export_targets-extras.cmake
[68.682s] -- Symlinking: /home/jsmoon/yax_jeju/install/ublox_msgs/share/ublox_msgs/cmake/rosidl_cmake_export_typesupport_targets-extras.cmake
[68.689s] -- Symlinking: /home/jsmoon/yax_jeju/install/ublox_msgs/share/ublox_msgs/cmake/rosidl_cmake_export_typesupport_libraries-extras.cmake
[68.698s] -- Symlinking: /home/jsmoon/yax_jeju/install/ublox_msgs/share/ublox_msgs/cmake/ublox_msgsConfig.cmake
[68.709s] -- Symlinking: /home/jsmoon/yax_jeju/install/ublox_msgs/share/ublox_msgs/cmake/ublox_msgsConfig-version.cmake
[68.717s] -- Symlinking: /home/jsmoon/yax_jeju/install/ublox_msgs/share/ublox_msgs/package.xml
[68.725s] -- Installing: /home/jsmoon/yax_jeju/install/ublox_msgs/lib/libublox_msgs__rosidl_generator_c.so
[68.726s] -- Set runtime path of "/home/jsmoon/yax_jeju/install/ublox_msgs/lib/libublox_msgs__rosidl_generator_c.so" to ""
[68.726s] -- Installing: /home/jsmoon/yax_jeju/install/ublox_msgs/lib/libublox_msgs__rosidl_typesupport_fastrtps_c.so
[68.726s] -- Set runtime path of "/home/jsmoon/yax_jeju/install/ublox_msgs/lib/libublox_msgs__rosidl_typesupport_fastrtps_c.so" to ""
[68.726s] -- Installing: /home/jsmoon/yax_jeju/install/ublox_msgs/lib/libublox_msgs__rosidl_typesupport_introspection_c.so
[68.727s] -- Set runtime path of "/home/jsmoon/yax_jeju/install/ublox_msgs/lib/libublox_msgs__rosidl_typesupport_introspection_c.so" to ""
[68.727s] -- Installing: /home/jsmoon/yax_jeju/install/ublox_msgs/lib/libublox_msgs__rosidl_typesupport_c.so
[68.728s] -- Set runtime path of "/home/jsmoon/yax_jeju/install/ublox_msgs/lib/libublox_msgs__rosidl_typesupport_c.so" to ""
[68.728s] -- Installing: /home/jsmoon/yax_jeju/install/ublox_msgs/lib/libublox_msgs__rosidl_typesupport_fastrtps_cpp.so
[68.729s] -- Set runtime path of "/home/jsmoon/yax_jeju/install/ublox_msgs/lib/libublox_msgs__rosidl_typesupport_fastrtps_cpp.so" to ""
[68.729s] -- Installing: /home/jsmoon/yax_jeju/install/ublox_msgs/lib/libublox_msgs__rosidl_typesupport_introspection_cpp.so
[68.730s] -- Set runtime path of "/home/jsmoon/yax_jeju/install/ublox_msgs/lib/libublox_msgs__rosidl_typesupport_introspection_cpp.so" to ""
[68.730s] -- Installing: /home/jsmoon/yax_jeju/install/ublox_msgs/lib/libublox_msgs__rosidl_typesupport_cpp.so
[68.730s] -- Set runtime path of "/home/jsmoon/yax_jeju/install/ublox_msgs/lib/libublox_msgs__rosidl_typesupport_cpp.so" to ""
[68.874s] Listing '/home/jsmoon/yax_jeju/install/ublox_msgs/local/lib/python3.10/dist-packages/ublox_msgs'...
[68.874s] Compiling '/home/jsmoon/yax_jeju/install/ublox_msgs/local/lib/python3.10/dist-packages/ublox_msgs/__init__.py'...
[68.874s] Listing '/home/jsmoon/yax_jeju/install/ublox_msgs/local/lib/python3.10/dist-packages/ublox_msgs/msg'...
[68.874s] Compiling '/home/jsmoon/yax_jeju/install/ublox_msgs/local/lib/python3.10/dist-packages/ublox_msgs/msg/__init__.py'...
[68.874s] Compiling '/home/jsmoon/yax_jeju/install/ublox_msgs/local/lib/python3.10/dist-packages/ublox_msgs/msg/_ack.py'...
[68.874s] Compiling '/home/jsmoon/yax_jeju/install/ublox_msgs/local/lib/python3.10/dist-packages/ublox_msgs/msg/_aid_alm.py'...
[68.874s] Compiling '/home/jsmoon/yax_jeju/install/ublox_msgs/local/lib/python3.10/dist-packages/ublox_msgs/msg/_aid_eph.py'...
[68.874s] Compiling '/home/jsmoon/yax_jeju/install/ublox_msgs/local/lib/python3.10/dist-packages/ublox_msgs/msg/_aid_hui.py'...
[68.874s] Compiling '/home/jsmoon/yax_jeju/install/ublox_msgs/local/lib/python3.10/dist-packages/ublox_msgs/msg/_cfg_ant.py'...
[68.874s] Compiling '/home/jsmoon/yax_jeju/install/ublox_msgs/local/lib/python3.10/dist-packages/ublox_msgs/msg/_cfg_cfg.py'...
[68.874s] Compiling '/home/jsmoon/yax_jeju/install/ublox_msgs/local/lib/python3.10/dist-packages/ublox_msgs/msg/_cfg_dat.py'...
[68.874s] Compiling '/home/jsmoon/yax_jeju/install/ublox_msgs/local/lib/python3.10/dist-packages/ublox_msgs/msg/_cfg_dgnss.py'...
[68.874s] Compiling '/home/jsmoon/yax_jeju/install/ublox_msgs/local/lib/python3.10/dist-packages/ublox_msgs/msg/_cfg_gnss.py'...
[68.874s] Compiling '/home/jsmoon/yax_jeju/install/ublox_msgs/local/lib/python3.10/dist-packages/ublox_msgs/msg/_cfg_gnss_block.py'...
[68.874s] Compiling '/home/jsmoon/yax_jeju/install/ublox_msgs/local/lib/python3.10/dist-packages/ublox_msgs/msg/_cfg_hnr.py'...
[68.874s] Compiling '/home/jsmoon/yax_jeju/install/ublox_msgs/local/lib/python3.10/dist-packages/ublox_msgs/msg/_cfg_inf.py'...
[68.874s] Compiling '/home/jsmoon/yax_jeju/install/ublox_msgs/local/lib/python3.10/dist-packages/ublox_msgs/msg/_cfg_inf_block.py'...
[68.874s] Compiling '/home/jsmoon/yax_jeju/install/ublox_msgs/local/lib/python3.10/dist-packages/ublox_msgs/msg/_cfg_msg.py'...
[68.874s] Compiling '/home/jsmoon/yax_jeju/install/ublox_msgs/local/lib/python3.10/dist-packages/ublox_msgs/msg/_cfg_nav5.py'...
[68.874s] Compiling '/home/jsmoon/yax_jeju/install/ublox_msgs/local/lib/python3.10/dist-packages/ublox_msgs/msg/_cfg_navx5.py'...
[68.874s] Compiling '/home/jsmoon/yax_jeju/install/ublox_msgs/local/lib/python3.10/dist-packages/ublox_msgs/msg/_cfg_nmea.py'...
[68.874s] Compiling '/home/jsmoon/yax_jeju/install/ublox_msgs/local/lib/python3.10/dist-packages/ublox_msgs/msg/_cfg_nmea6.py'...
[68.874s] Compiling '/home/jsmoon/yax_jeju/install/ublox_msgs/local/lib/python3.10/dist-packages/ublox_msgs/msg/_cfg_nmea7.py'...
[68.874s] Compiling '/home/jsmoon/yax_jeju/install/ublox_msgs/local/lib/python3.10/dist-packages/ublox_msgs/msg/_cfg_prt.py'...
[68.874s] Compiling '/home/jsmoon/yax_jeju/install/ublox_msgs/local/lib/python3.10/dist-packages/ublox_msgs/msg/_cfg_rate.py'...
[68.874s] Compiling '/home/jsmoon/yax_jeju/install/ublox_msgs/local/lib/python3.10/dist-packages/ublox_msgs/msg/_cfg_rst.py'...
[68.875s] Compiling '/home/jsmoon/yax_jeju/install/ublox_msgs/local/lib/python3.10/dist-packages/ublox_msgs/msg/_cfg_sbas.py'...
[68.875s] Compiling '/home/jsmoon/yax_jeju/install/ublox_msgs/local/lib/python3.10/dist-packages/ublox_msgs/msg/_cfg_tmode3.py'...
[68.875s] Compiling '/home/jsmoon/yax_jeju/install/ublox_msgs/local/lib/python3.10/dist-packages/ublox_msgs/msg/_cfg_usb.py'...
[68.875s] Compiling '/home/jsmoon/yax_jeju/install/ublox_msgs/local/lib/python3.10/dist-packages/ublox_msgs/msg/_esf_ins.py'...
[68.875s] Compiling '/home/jsmoon/yax_jeju/install/ublox_msgs/local/lib/python3.10/dist-packages/ublox_msgs/msg/_esf_meas.py'...
[68.875s] Compiling '/home/jsmoon/yax_jeju/install/ublox_msgs/local/lib/python3.10/dist-packages/ublox_msgs/msg/_esf_raw.py'...
[68.875s] Compiling '/home/jsmoon/yax_jeju/install/ublox_msgs/local/lib/python3.10/dist-packages/ublox_msgs/msg/_esf_raw_block.py'...
[68.875s] Compiling '/home/jsmoon/yax_jeju/install/ublox_msgs/local/lib/python3.10/dist-packages/ublox_msgs/msg/_esf_status.py'...
[68.875s] Compiling '/home/jsmoon/yax_jeju/install/ublox_msgs/local/lib/python3.10/dist-packages/ublox_msgs/msg/_esf_status_sens.py'...
[68.875s] Compiling '/home/jsmoon/yax_jeju/install/ublox_msgs/local/lib/python3.10/dist-packages/ublox_msgs/msg/_hnr_pvt.py'...
[68.875s] Compiling '/home/jsmoon/yax_jeju/install/ublox_msgs/local/lib/python3.10/dist-packages/ublox_msgs/msg/_inf.py'...
[68.875s] Compiling '/home/jsmoon/yax_jeju/install/ublox_msgs/local/lib/python3.10/dist-packages/ublox_msgs/msg/_mga_gal.py'...
[68.875s] Compiling '/home/jsmoon/yax_jeju/install/ublox_msgs/local/lib/python3.10/dist-packages/ublox_msgs/msg/_mon_gnss.py'...
[68.875s] Compiling '/home/jsmoon/yax_jeju/install/ublox_msgs/local/lib/python3.10/dist-packages/ublox_msgs/msg/_mon_hw.py'...
[68.875s] Compiling '/home/jsmoon/yax_jeju/install/ublox_msgs/local/lib/python3.10/dist-packages/ublox_msgs/msg/_mon_hw6.py'...
[68.875s] Compiling '/home/jsmoon/yax_jeju/install/ublox_msgs/local/lib/python3.10/dist-packages/ublox_msgs/msg/_mon_ver.py'...
[68.875s] Compiling '/home/jsmoon/yax_jeju/install/ublox_msgs/local/lib/python3.10/dist-packages/ublox_msgs/msg/_mon_ver_extension.py'...
[68.875s] Compiling '/home/jsmoon/yax_jeju/install/ublox_msgs/local/lib/python3.10/dist-packages/ublox_msgs/msg/_nav_att.py'...
[68.875s] Compiling '/home/jsmoon/yax_jeju/install/ublox_msgs/local/lib/python3.10/dist-packages/ublox_msgs/msg/_nav_clock.py'...
[68.875s] Compiling '/home/jsmoon/yax_jeju/install/ublox_msgs/local/lib/python3.10/dist-packages/ublox_msgs/msg/_nav_dgps.py'...
[68.875s] Compiling '/home/jsmoon/yax_jeju/install/ublox_msgs/local/lib/python3.10/dist-packages/ublox_msgs/msg/_nav_dgpssv.py'...
[68.875s] Compiling '/home/jsmoon/yax_jeju/install/ublox_msgs/local/lib/python3.10/dist-packages/ublox_msgs/msg/_nav_dop.py'...
[68.875s] Compiling '/home/jsmoon/yax_jeju/install/ublox_msgs/local/lib/python3.10/dist-packages/ublox_msgs/msg/_nav_posecef.py'...
[68.875s] Compiling '/home/jsmoon/yax_jeju/install/ublox_msgs/local/lib/python3.10/dist-packages/ublox_msgs/msg/_nav_posllh.py'...
[68.875s] Compiling '/home/jsmoon/yax_jeju/install/ublox_msgs/local/lib/python3.10/dist-packages/ublox_msgs/msg/_nav_pvt.py'...
[68.875s] Compiling '/home/jsmoon/yax_jeju/install/ublox_msgs/local/lib/python3.10/dist-packages/ublox_msgs/msg/_nav_pvt7.py'...
[68.875s] Compiling '/home/jsmoon/yax_jeju/install/ublox_msgs/local/lib/python3.10/dist-packages/ublox_msgs/msg/_nav_relposned.py'...
[68.875s] Compiling '/home/jsmoon/yax_jeju/install/ublox_msgs/local/lib/python3.10/dist-packages/ublox_msgs/msg/_nav_relposned9.py'...
[68.875s] Compiling '/home/jsmoon/yax_jeju/install/ublox_msgs/local/lib/python3.10/dist-packages/ublox_msgs/msg/_nav_sat.py'...
[68.875s] Compiling '/home/jsmoon/yax_jeju/install/ublox_msgs/local/lib/python3.10/dist-packages/ublox_msgs/msg/_nav_satsv.py'...
[68.875s] Compiling '/home/jsmoon/yax_jeju/install/ublox_msgs/local/lib/python3.10/dist-packages/ublox_msgs/msg/_nav_sbas.py'...
[68.875s] Compiling '/home/jsmoon/yax_jeju/install/ublox_msgs/local/lib/python3.10/dist-packages/ublox_msgs/msg/_nav_sbassv.py'...
[68.875s] Compiling '/home/jsmoon/yax_jeju/install/ublox_msgs/local/lib/python3.10/dist-packages/ublox_msgs/msg/_nav_sol.py'...
[68.875s] Compiling '/home/jsmoon/yax_jeju/install/ublox_msgs/local/lib/python3.10/dist-packages/ublox_msgs/msg/_nav_status.py'...
[68.875s] Compiling '/home/jsmoon/yax_jeju/install/ublox_msgs/local/lib/python3.10/dist-packages/ublox_msgs/msg/_nav_svin.py'...
[68.875s] Compiling '/home/jsmoon/yax_jeju/install/ublox_msgs/local/lib/python3.10/dist-packages/ublox_msgs/msg/_nav_svinfo.py'...
[68.875s] Compiling '/home/jsmoon/yax_jeju/install/ublox_msgs/local/lib/python3.10/dist-packages/ublox_msgs/msg/_nav_svinfosv.py'...
[68.875s] Compiling '/home/jsmoon/yax_jeju/install/ublox_msgs/local/lib/python3.10/dist-packages/ublox_msgs/msg/_nav_timegps.py'...
[68.875s] Compiling '/home/jsmoon/yax_jeju/install/ublox_msgs/local/lib/python3.10/dist-packages/ublox_msgs/msg/_nav_timeutc.py'...
[68.875s] Compiling '/home/jsmoon/yax_jeju/install/ublox_msgs/local/lib/python3.10/dist-packages/ublox_msgs/msg/_nav_velecef.py'...
[68.875s] Compiling '/home/jsmoon/yax_jeju/install/ublox_msgs/local/lib/python3.10/dist-packages/ublox_msgs/msg/_nav_velned.py'...
[68.875s] Compiling '/home/jsmoon/yax_jeju/install/ublox_msgs/local/lib/python3.10/dist-packages/ublox_msgs/msg/_rxm_alm.py'...
[68.883s] Compiling '/home/jsmoon/yax_jeju/install/ublox_msgs/local/lib/python3.10/dist-packages/ublox_msgs/msg/_rxm_eph.py'...
[68.883s] Compiling '/home/jsmoon/yax_jeju/install/ublox_msgs/local/lib/python3.10/dist-packages/ublox_msgs/msg/_rxm_raw.py'...
[68.883s] Compiling '/home/jsmoon/yax_jeju/install/ublox_msgs/local/lib/python3.10/dist-packages/ublox_msgs/msg/_rxm_rawsv.py'...
[68.883s] Compiling '/home/jsmoon/yax_jeju/install/ublox_msgs/local/lib/python3.10/dist-packages/ublox_msgs/msg/_rxm_rawx.py'...
[68.883s] Compiling '/home/jsmoon/yax_jeju/install/ublox_msgs/local/lib/python3.10/dist-packages/ublox_msgs/msg/_rxm_rawx_meas.py'...
[68.883s] Compiling '/home/jsmoon/yax_jeju/install/ublox_msgs/local/lib/python3.10/dist-packages/ublox_msgs/msg/_rxm_rtcm.py'...
[68.883s] Compiling '/home/jsmoon/yax_jeju/install/ublox_msgs/local/lib/python3.10/dist-packages/ublox_msgs/msg/_rxm_sfrb.py'...
[68.883s] Compiling '/home/jsmoon/yax_jeju/install/ublox_msgs/local/lib/python3.10/dist-packages/ublox_msgs/msg/_rxm_sfrbx.py'...
[68.883s] Compiling '/home/jsmoon/yax_jeju/install/ublox_msgs/local/lib/python3.10/dist-packages/ublox_msgs/msg/_rxm_svsi.py'...
[68.883s] Compiling '/home/jsmoon/yax_jeju/install/ublox_msgs/local/lib/python3.10/dist-packages/ublox_msgs/msg/_rxm_svsisv.py'...
[68.883s] Compiling '/home/jsmoon/yax_jeju/install/ublox_msgs/local/lib/python3.10/dist-packages/ublox_msgs/msg/_tim_tm2.py'...
[68.883s] Compiling '/home/jsmoon/yax_jeju/install/ublox_msgs/local/lib/python3.10/dist-packages/ublox_msgs/msg/_upd_sos.py'...
[68.883s] Compiling '/home/jsmoon/yax_jeju/install/ublox_msgs/local/lib/python3.10/dist-packages/ublox_msgs/msg/_upd_sos_ack.py'...
[68.886s] -- Installing: /home/jsmoon/yax_jeju/install/ublox_msgs/lib/libublox_msgs__rosidl_generator_py.so
[68.888s] -- Set runtime path of "/home/jsmoon/yax_jeju/install/ublox_msgs/lib/libublox_msgs__rosidl_generator_py.so" to ""
[68.888s] -- Installing: /home/jsmoon/yax_jeju/install/ublox_msgs/lib/libublox_msgs_lib.so
[68.888s] -- Set runtime path of "/home/jsmoon/yax_jeju/install/ublox_msgs/lib/libublox_msgs_lib.so" to ""
[68.888s] -- Installing: /home/jsmoon/yax_jeju/install/ublox_msgs/share/ublox_msgs/cmake/export_ublox_msgs__rosidl_generator_cExport.cmake
[68.889s] -- Installing: /home/jsmoon/yax_jeju/install/ublox_msgs/share/ublox_msgs/cmake/export_ublox_msgs__rosidl_generator_cExport-noconfig.cmake
[68.889s] -- Installing: /home/jsmoon/yax_jeju/install/ublox_msgs/share/ublox_msgs/cmake/export_ublox_msgs__rosidl_typesupport_fastrtps_cExport.cmake
[68.889s] -- Installing: /home/jsmoon/yax_jeju/install/ublox_msgs/share/ublox_msgs/cmake/export_ublox_msgs__rosidl_typesupport_fastrtps_cExport-noconfig.cmake
[68.889s] -- Installing: /home/jsmoon/yax_jeju/install/ublox_msgs/share/ublox_msgs/cmake/ublox_msgs__rosidl_typesupport_introspection_cExport.cmake
[68.889s] -- Installing: /home/jsmoon/yax_jeju/install/ublox_msgs/share/ublox_msgs/cmake/ublox_msgs__rosidl_typesupport_introspection_cExport-noconfig.cmake
[68.889s] -- Installing: /home/jsmoon/yax_jeju/install/ublox_msgs/share/ublox_msgs/cmake/ublox_msgs__rosidl_typesupport_cExport.cmake
[68.890s] -- Installing: /home/jsmoon/yax_jeju/install/ublox_msgs/share/ublox_msgs/cmake/ublox_msgs__rosidl_typesupport_cExport-noconfig.cmake
[68.890s] -- Installing: /home/jsmoon/yax_jeju/install/ublox_msgs/share/ublox_msgs/cmake/export_ublox_msgs__rosidl_generator_cppExport.cmake
[68.890s] -- Installing: /home/jsmoon/yax_jeju/install/ublox_msgs/share/ublox_msgs/cmake/export_ublox_msgs__rosidl_typesupport_fastrtps_cppExport.cmake
[68.890s] -- Installing: /home/jsmoon/yax_jeju/install/ublox_msgs/share/ublox_msgs/cmake/export_ublox_msgs__rosidl_typesupport_fastrtps_cppExport-noconfig.cmake
[68.890s] -- Installing: /home/jsmoon/yax_jeju/install/ublox_msgs/share/ublox_msgs/cmake/ublox_msgs__rosidl_typesupport_introspection_cppExport.cmake
[68.890s] -- Installing: /home/jsmoon/yax_jeju/install/ublox_msgs/share/ublox_msgs/cmake/ublox_msgs__rosidl_typesupport_introspection_cppExport-noconfig.cmake
[68.890s] -- Installing: /home/jsmoon/yax_jeju/install/ublox_msgs/share/ublox_msgs/cmake/ublox_msgs__rosidl_typesupport_cppExport.cmake
[68.890s] -- Installing: /home/jsmoon/yax_jeju/install/ublox_msgs/share/ublox_msgs/cmake/ublox_msgs__rosidl_typesupport_cppExport-noconfig.cmake
[68.891s] -- Installing: /home/jsmoon/yax_jeju/install/ublox_msgs/share/ublox_msgs/cmake/export_ublox_msgs__rosidl_generator_pyExport.cmake
[68.891s] -- Installing: /home/jsmoon/yax_jeju/install/ublox_msgs/share/ublox_msgs/cmake/export_ublox_msgs__rosidl_generator_pyExport-noconfig.cmake
[68.891s] -- Installing: /home/jsmoon/yax_jeju/install/ublox_msgs/share/ublox_msgs/cmake/ublox_msgs_libExport.cmake
[68.891s] -- Installing: /home/jsmoon/yax_jeju/install/ublox_msgs/share/ublox_msgs/cmake/ublox_msgs_libExport-noconfig.cmake
[68.894s] Invoked command in '/home/jsmoon/yax_jeju/build/ublox_msgs' returned '0': AMENT_PREFIX_PATH=/home/jsmoon/yax_jeju/install/ublox_serialization:${AMENT_PREFIX_PATH} CMAKE_PREFIX_PATH=/home/jsmoon/yax_jeju/install/ublox_serialization:/home/jsmoon/ydlidar_ws/install/ydlidar_ros2_driver:/opt/ros/humble /usr/bin/cmake --install /home/jsmoon/yax_jeju/build/ublox_msgs
