[0.000000] (-) TimerEvent: {}
[0.000290] (camera_perception_pkg) JobQueued: {'identifier': 'camera_perception_pkg', 'dependencies': OrderedDict()}
[0.000310] (debug_pkg) JobQueued: {'identifier': 'debug_pkg', 'dependencies': OrderedDict()}
[0.000321] (decision_making_pkg) JobQueued: {'identifier': 'decision_making_pkg', 'dependencies': OrderedDict()}
[0.000329] (interfaces_pkg) JobQueued: {'identifier': 'interfaces_pkg', 'dependencies': OrderedDict()}
[0.000336] (latlong_utm) JobQueued: {'identifier': 'latlong_utm', 'dependencies': OrderedDict()}
[0.000344] (lidar_perception_pkg) JobQueued: {'identifier': 'lidar_perception_pkg', 'dependencies': OrderedDict()}
[0.000352] (ntrip_client) JobQueued: {'identifier': 'ntrip_client', 'dependencies': OrderedDict()}
[0.000359] (rtcm_msgs) JobQueued: {'identifier': 'rtcm_msgs', 'dependencies': OrderedDict()}
[0.000367] (serial_communication_pkg) JobQueued: {'identifier': 'serial_communication_pkg', 'dependencies': OrderedDict()}
[0.000374] (ublox_serialization) JobQueued: {'identifier': 'ublox_serialization', 'dependencies': OrderedDict()}
[0.000382] (ydlidar_ros2_driver) JobQueued: {'identifier': 'ydlidar_ros2_driver', 'dependencies': OrderedDict()}
[0.000389] (ublox_msgs) JobQueued: {'identifier': 'ublox_msgs', 'dependencies': OrderedDict([('ublox_serialization', '/home/jsmoon/yax_jeju/install/ublox_serialization')])}
[0.000398] (fix2nmea) JobQueued: {'identifier': 'fix2nmea', 'dependencies': OrderedDict([('ublox_serialization', '/home/jsmoon/yax_jeju/install/ublox_serialization'), ('ublox_msgs', '/home/jsmoon/yax_jeju/install/ublox_msgs')])}
[0.000407] (ublox_gps) JobQueued: {'identifier': 'ublox_gps', 'dependencies': OrderedDict([('rtcm_msgs', '/home/jsmoon/yax_jeju/install/rtcm_msgs'), ('ublox_serialization', '/home/jsmoon/yax_jeju/install/ublox_serialization'), ('ublox_msgs', '/home/jsmoon/yax_jeju/install/ublox_msgs')])}
[0.000417] (my_custom_pkg) JobQueued: {'identifier': 'my_custom_pkg', 'dependencies': OrderedDict([('camera_perception_pkg', '/home/jsmoon/yax_jeju/install/camera_perception_pkg'), ('decision_making_pkg', '/home/jsmoon/yax_jeju/install/decision_making_pkg'), ('interfaces_pkg', '/home/jsmoon/yax_jeju/install/interfaces_pkg'), ('rtcm_msgs', '/home/jsmoon/yax_jeju/install/rtcm_msgs'), ('serial_communication_pkg', '/home/jsmoon/yax_jeju/install/serial_communication_pkg'), ('ublox_serialization', '/home/jsmoon/yax_jeju/install/ublox_serialization'), ('ydlidar_ros2_driver', '/home/jsmoon/yax_jeju/install/ydlidar_ros2_driver'), ('ublox_msgs', '/home/jsmoon/yax_jeju/install/ublox_msgs'), ('fix2nmea', '/home/jsmoon/yax_jeju/install/fix2nmea'), ('ublox_gps', '/home/jsmoon/yax_jeju/install/ublox_gps')])}
[0.000434] (ublox) JobQueued: {'identifier': 'ublox', 'dependencies': OrderedDict([('rtcm_msgs', '/home/jsmoon/yax_jeju/install/rtcm_msgs'), ('ublox_serialization', '/home/jsmoon/yax_jeju/install/ublox_serialization'), ('ublox_msgs', '/home/jsmoon/yax_jeju/install/ublox_msgs'), ('ublox_gps', '/home/jsmoon/yax_jeju/install/ublox_gps')])}
[0.000444] (launch_pkg) JobQueued: {'identifier': 'launch_pkg', 'dependencies': OrderedDict([('camera_perception_pkg', '/home/jsmoon/yax_jeju/install/camera_perception_pkg'), ('decision_making_pkg', '/home/jsmoon/yax_jeju/install/decision_making_pkg'), ('interfaces_pkg', '/home/jsmoon/yax_jeju/install/interfaces_pkg'), ('lidar_perception_pkg', '/home/jsmoon/yax_jeju/install/lidar_perception_pkg'), ('ntrip_client', '/home/jsmoon/yax_jeju/install/ntrip_client'), ('rtcm_msgs', '/home/jsmoon/yax_jeju/install/rtcm_msgs'), ('serial_communication_pkg', '/home/jsmoon/yax_jeju/install/serial_communication_pkg'), ('ublox_serialization', '/home/jsmoon/yax_jeju/install/ublox_serialization'), ('ydlidar_ros2_driver', '/home/jsmoon/yax_jeju/install/ydlidar_ros2_driver'), ('ublox_msgs', '/home/jsmoon/yax_jeju/install/ublox_msgs'), ('fix2nmea', '/home/jsmoon/yax_jeju/install/fix2nmea'), ('ublox_gps', '/home/jsmoon/yax_jeju/install/ublox_gps'), ('my_custom_pkg', '/home/jsmoon/yax_jeju/install/my_custom_pkg')])}
[0.000458] (ublox_serialization) JobStarted: {'identifier': 'ublox_serialization'}
[0.006110] (rtcm_msgs) JobStarted: {'identifier': 'rtcm_msgs'}
[0.008846] (camera_perception_pkg) JobStarted: {'identifier': 'camera_perception_pkg'}
[0.012008] (decision_making_pkg) JobStarted: {'identifier': 'decision_making_pkg'}
[0.018274] (interfaces_pkg) JobStarted: {'identifier': 'interfaces_pkg'}
[0.020563] (serial_communication_pkg) JobStarted: {'identifier': 'serial_communication_pkg'}
[0.023952] (ydlidar_ros2_driver) JobStarted: {'identifier': 'ydlidar_ros2_driver'}
[0.026249] (lidar_perception_pkg) JobStarted: {'identifier': 'lidar_perception_pkg'}
[0.029669] (ntrip_client) JobStarted: {'identifier': 'ntrip_client'}
[0.032921] (debug_pkg) JobStarted: {'identifier': 'debug_pkg'}
[0.035561] (latlong_utm) JobStarted: {'identifier': 'latlong_utm'}
[0.040854] (ublox_serialization) JobProgress: {'identifier': 'ublox_serialization', 'progress': 'cmake'}
[0.041266] (ublox_serialization) Command: {'cmd': ['/usr/bin/cmake', '/home/jsmoon/yax_jeju/src/RTK_GPS_NTRIP/ublox_serialization', '-DAMENT_CMAKE_SYMLINK_INSTALL=1', '-DCMAKE_INSTALL_PREFIX=/home/jsmoon/yax_jeju/install/ublox_serialization'], 'cwd': '/home/jsmoon/yax_jeju/build/ublox_serialization', 'env': OrderedDict([('PYENV_VIRTUALENV_INIT', '1'), ('GJS_DEBUG_TOPICS', 'JS ERROR;JS LOG'), ('LESSOPEN', '| /usr/bin/lesspipe %s'), ('USER', 'jsmoon'), ('LC_TIME', 'ko_KR.UTF-8'), ('XDG_SESSION_TYPE', 'x11'), ('SHLVL', '1'), ('LD_LIBRARY_PATH', '/opt/ros/humble/opt/rviz_ogre_vendor/lib:/opt/ros/humble/lib/x86_64-linux-gnu:/opt/ros/humble/lib:/home/jsmoon/Desktop/JSMOON/MLCS/project1/Personalized-Adaptive-Cruise/external/acados/lib:'), ('ACADOS_SOURCE_DIR', '/home/jsmoon/Desktop/JSMOON/MLCS/project1/Personalized-Adaptive-Cruise/external/acados'), ('HOME', '/home/jsmoon'), ('OLDPWD', '/home/jsmoon'), ('DESKTOP_SESSION', 'ubuntu-xorg'), ('PYENV_SHELL', 'bash'), ('GIO_LAUNCHED_DESKTOP_FILE', '/usr/share/applications/terminator.desktop'), ('ROS_PYTHON_VERSION', '3'), ('GNOME_SHELL_SESSION_MODE', 'ubuntu'), ('GTK_MODULES', 'gail:atk-bridge'), ('LC_MONETARY', 'ko_KR.UTF-8'), ('MANAGERPID', '1869'), ('SYSTEMD_EXEC_PID', '2431'), ('DBUS_SESSION_BUS_ADDRESS', 'unix:path=/run/user/1000/bus'), ('COLORTERM', 'truecolor'), ('TERMINATOR_DBUS_NAME', 'net.tenshu.Terminator23558193cd9818af7fe4d2c2f5bd9d00f'), ('GIO_LAUNCHED_DESKTOP_FILE_PID', '8379'), ('COLCON_PREFIX_PATH', '/home/jsmoon/ydlidar_ws/install'), ('ROS_DISTRO', 'humble'), ('GTK_IM_MODULE', 'ibus'), ('LOGNAME', 'jsmoon'), ('JOURNAL_STREAM', '8:9861'), ('_', '/usr/bin/colcon'), ('ROS_VERSION', '2'), ('XDG_SESSION_CLASS', 'user'), ('USERNAME', 'jsmoon'), ('TERM', 'xterm-256color'), ('GNOME_DESKTOP_SESSION_ID', 'this-is-deprecated'), ('ROS_LOCALHOST_ONLY', '0'), ('WINDOWPATH', '2'), ('PATH', '/opt/ros/humble/bin:/home/jsmoon/.pyenv/plugins/pyenv-virtualenv/shims:/home/jsmoon/.pyenv/shims:/home/jsmoon/.pyenv/bin:/home/jsmoon/.local/bin:/usr/local/sbin:/usr/local/bin:/usr/sbin:/usr/bin:/sbin:/bin:/usr/games:/usr/local/games:/snap/bin:/snap/bin'), ('SESSION_MANAGER', 'local/jsmoon-ASUS-TUF-Gaming-A14-FA401UM-FA401UM:@/tmp/.ICE-unix/2384,unix/jsmoon-ASUS-TUF-Gaming-A14-FA401UM-FA401UM:/tmp/.ICE-unix/2384'), ('INVOCATION_ID', '59e81587102e428d9dc34d9cf59fdca5'), ('XDG_MENU_PREFIX', 'gnome-'), ('LC_ADDRESS', 'ko_KR.UTF-8'), ('XDG_RUNTIME_DIR', '/run/user/1000'), ('DISPLAY', ':1'), ('TERMINATOR_DBUS_PATH', '/net/tenshu/Terminator2'), ('LANG', 'en_US.UTF-8'), ('XDG_CURRENT_DESKTOP', 'ubuntu:GNOME'), ('IBUS_DISABLE_SNOOPER', '1'), ('LC_TELEPHONE', 'ko_KR.UTF-8'), ('XMODIFIERS', '@im=ibus'), ('XDG_SESSION_DESKTOP', 'ubuntu-xorg'), ('XAUTHORITY', '/run/user/1000/gdm/Xauthority'), ('LS_COLORS', 'rs=0:di=01;34:ln=01;36:mh=00:pi=40;33:so=01;35:do=01;35:bd=40;33;01:cd=40;33;01:or=40;31;01:mi=00:su=37;41:sg=30;43:ca=30;41:tw=30;42:ow=34;42:st=37;44:ex=01;32:*.tar=01;31:*.tgz=01;31:*.arc=01;31:*.arj=01;31:*.taz=01;31:*.lha=01;31:*.lz4=01;31:*.lzh=01;31:*.lzma=01;31:*.tlz=01;31:*.txz=01;31:*.tzo=01;31:*.t7z=01;31:*.zip=01;31:*.z=01;31:*.dz=01;31:*.gz=01;31:*.lrz=01;31:*.lz=01;31:*.lzo=01;31:*.xz=01;31:*.zst=01;31:*.tzst=01;31:*.bz2=01;31:*.bz=01;31:*.tbz=01;31:*.tbz2=01;31:*.tz=01;31:*.deb=01;31:*.rpm=01;31:*.jar=01;31:*.war=01;31:*.ear=01;31:*.sar=01;31:*.rar=01;31:*.alz=01;31:*.ace=01;31:*.zoo=01;31:*.cpio=01;31:*.7z=01;31:*.rz=01;31:*.cab=01;31:*.wim=01;31:*.swm=01;31:*.dwm=01;31:*.esd=01;31:*.jpg=01;35:*.jpeg=01;35:*.mjpg=01;35:*.mjpeg=01;35:*.gif=01;35:*.bmp=01;35:*.pbm=01;35:*.pgm=01;35:*.ppm=01;35:*.tga=01;35:*.xbm=01;35:*.xpm=01;35:*.tif=01;35:*.tiff=01;35:*.png=01;35:*.svg=01;35:*.svgz=01;35:*.mng=01;35:*.pcx=01;35:*.mov=01;35:*.mpg=01;35:*.mpeg=01;35:*.m2v=01;35:*.mkv=01;35:*.webm=01;35:*.webp=01;35:*.ogm=01;35:*.mp4=01;35:*.m4v=01;35:*.mp4v=01;35:*.vob=01;35:*.qt=01;35:*.nuv=01;35:*.wmv=01;35:*.asf=01;35:*.rm=01;35:*.rmvb=01;35:*.flc=01;35:*.avi=01;35:*.fli=01;35:*.flv=01;35:*.gl=01;35:*.dl=01;35:*.xcf=01;35:*.xwd=01;35:*.yuv=01;35:*.cgm=01;35:*.emf=01;35:*.ogv=01;35:*.ogx=01;35:*.aac=00;36:*.au=00;36:*.flac=00;36:*.m4a=00;36:*.mid=00;36:*.midi=00;36:*.mka=00;36:*.mp3=00;36:*.mpc=00;36:*.ogg=00;36:*.ra=00;36:*.wav=00;36:*.oga=00;36:*.opus=00;36:*.spx=00;36:*.xspf=00;36:'), ('SSH_AGENT_LAUNCHER', 'gnome-keyring'), ('SSH_AUTH_SOCK', '/run/user/1000/keyring/ssh'), ('AMENT_PREFIX_PATH', '/home/jsmoon/ydlidar_ws/install/ydlidar_ros2_driver:/opt/ros/humble'), ('SHELL', '/bin/bash'), ('LC_NAME', 'ko_KR.UTF-8'), ('TERMINATOR_UUID', 'urn:uuid:df2315a3-6fbc-4574-8f2c-035191f51785'), ('QT_ACCESSIBILITY', '1'), ('GDMSESSION', 'ubuntu-xorg'), ('LESSCLOSE', '/usr/bin/lesspipe %s %s'), ('LC_MEASUREMENT', 'ko_KR.UTF-8'), ('GPG_AGENT_INFO', '/run/user/1000/gnupg/S.gpg-agent:0:1'), ('GJS_DEBUG_OUTPUT', 'stderr'), ('LC_IDENTIFICATION', 'ko_KR.UTF-8'), ('QT_IM_MODULE', 'ibus'), ('PWD', '/home/jsmoon/yax_jeju/build/ublox_serialization'), ('LC_ALL', 'en_US.UTF-8'), ('XDG_CONFIG_DIRS', '/etc/xdg/xdg-ubuntu-xorg:/etc/xdg'), ('PYENV_ROOT', '/home/jsmoon/.pyenv'), ('XDG_DATA_DIRS', '/usr/share/ubuntu-xorg:/usr/share/gnome:/usr/local/share/:/usr/share/:/var/lib/snapd/desktop'), ('PYTHONPATH', '/opt/ros/humble/lib/python3.10/site-packages:/opt/ros/humble/local/lib/python3.10/dist-packages'), ('LC_NUMERIC', 'ko_KR.UTF-8'), ('LC_PAPER', 'ko_KR.UTF-8'), ('COLCON', '1'), ('VTE_VERSION', '6800'), ('CMAKE_PREFIX_PATH', '/home/jsmoon/ydlidar_ws/install/ydlidar_ros2_driver:/opt/ros/humble')]), 'shell': False}
[0.043756] (rtcm_msgs) JobProgress: {'identifier': 'rtcm_msgs', 'progress': 'cmake'}
[0.044317] (rtcm_msgs) Command: {'cmd': ['/usr/bin/cmake', '/home/jsmoon/yax_jeju/src/RTK_GPS_NTRIP/rtcm_msgs', '-DAMENT_CMAKE_SYMLINK_INSTALL=1', '-DCMAKE_INSTALL_PREFIX=/home/jsmoon/yax_jeju/install/rtcm_msgs'], 'cwd': '/home/jsmoon/yax_jeju/build/rtcm_msgs', 'env': OrderedDict([('PYENV_VIRTUALENV_INIT', '1'), ('GJS_DEBUG_TOPICS', 'JS ERROR;JS LOG'), ('LESSOPEN', '| /usr/bin/lesspipe %s'), ('USER', 'jsmoon'), ('LC_TIME', 'ko_KR.UTF-8'), ('XDG_SESSION_TYPE', 'x11'), ('SHLVL', '1'), ('LD_LIBRARY_PATH', '/opt/ros/humble/opt/rviz_ogre_vendor/lib:/opt/ros/humble/lib/x86_64-linux-gnu:/opt/ros/humble/lib:/home/jsmoon/Desktop/JSMOON/MLCS/project1/Personalized-Adaptive-Cruise/external/acados/lib:'), ('ACADOS_SOURCE_DIR', '/home/jsmoon/Desktop/JSMOON/MLCS/project1/Personalized-Adaptive-Cruise/external/acados'), ('HOME', '/home/jsmoon'), ('OLDPWD', '/home/jsmoon'), ('DESKTOP_SESSION', 'ubuntu-xorg'), ('PYENV_SHELL', 'bash'), ('GIO_LAUNCHED_DESKTOP_FILE', '/usr/share/applications/terminator.desktop'), ('ROS_PYTHON_VERSION', '3'), ('GNOME_SHELL_SESSION_MODE', 'ubuntu'), ('GTK_MODULES', 'gail:atk-bridge'), ('LC_MONETARY', 'ko_KR.UTF-8'), ('MANAGERPID', '1869'), ('SYSTEMD_EXEC_PID', '2431'), ('DBUS_SESSION_BUS_ADDRESS', 'unix:path=/run/user/1000/bus'), ('COLORTERM', 'truecolor'), ('TERMINATOR_DBUS_NAME', 'net.tenshu.Terminator23558193cd9818af7fe4d2c2f5bd9d00f'), ('GIO_LAUNCHED_DESKTOP_FILE_PID', '8379'), ('COLCON_PREFIX_PATH', '/home/jsmoon/ydlidar_ws/install'), ('ROS_DISTRO', 'humble'), ('GTK_IM_MODULE', 'ibus'), ('LOGNAME', 'jsmoon'), ('JOURNAL_STREAM', '8:9861'), ('_', '/usr/bin/colcon'), ('ROS_VERSION', '2'), ('XDG_SESSION_CLASS', 'user'), ('USERNAME', 'jsmoon'), ('TERM', 'xterm-256color'), ('GNOME_DESKTOP_SESSION_ID', 'this-is-deprecated'), ('ROS_LOCALHOST_ONLY', '0'), ('WINDOWPATH', '2'), ('PATH', '/opt/ros/humble/bin:/home/jsmoon/.pyenv/plugins/pyenv-virtualenv/shims:/home/jsmoon/.pyenv/shims:/home/jsmoon/.pyenv/bin:/home/jsmoon/.local/bin:/usr/local/sbin:/usr/local/bin:/usr/sbin:/usr/bin:/sbin:/bin:/usr/games:/usr/local/games:/snap/bin:/snap/bin'), ('SESSION_MANAGER', 'local/jsmoon-ASUS-TUF-Gaming-A14-FA401UM-FA401UM:@/tmp/.ICE-unix/2384,unix/jsmoon-ASUS-TUF-Gaming-A14-FA401UM-FA401UM:/tmp/.ICE-unix/2384'), ('INVOCATION_ID', '59e81587102e428d9dc34d9cf59fdca5'), ('XDG_MENU_PREFIX', 'gnome-'), ('LC_ADDRESS', 'ko_KR.UTF-8'), ('XDG_RUNTIME_DIR', '/run/user/1000'), ('DISPLAY', ':1'), ('TERMINATOR_DBUS_PATH', '/net/tenshu/Terminator2'), ('LANG', 'en_US.UTF-8'), ('XDG_CURRENT_DESKTOP', 'ubuntu:GNOME'), ('IBUS_DISABLE_SNOOPER', '1'), ('LC_TELEPHONE', 'ko_KR.UTF-8'), ('XMODIFIERS', '@im=ibus'), ('XDG_SESSION_DESKTOP', 'ubuntu-xorg'), ('XAUTHORITY', '/run/user/1000/gdm/Xauthority'), ('LS_COLORS', 'rs=0:di=01;34:ln=01;36:mh=00:pi=40;33:so=01;35:do=01;35:bd=40;33;01:cd=40;33;01:or=40;31;01:mi=00:su=37;41:sg=30;43:ca=30;41:tw=30;42:ow=34;42:st=37;44:ex=01;32:*.tar=01;31:*.tgz=01;31:*.arc=01;31:*.arj=01;31:*.taz=01;31:*.lha=01;31:*.lz4=01;31:*.lzh=01;31:*.lzma=01;31:*.tlz=01;31:*.txz=01;31:*.tzo=01;31:*.t7z=01;31:*.zip=01;31:*.z=01;31:*.dz=01;31:*.gz=01;31:*.lrz=01;31:*.lz=01;31:*.lzo=01;31:*.xz=01;31:*.zst=01;31:*.tzst=01;31:*.bz2=01;31:*.bz=01;31:*.tbz=01;31:*.tbz2=01;31:*.tz=01;31:*.deb=01;31:*.rpm=01;31:*.jar=01;31:*.war=01;31:*.ear=01;31:*.sar=01;31:*.rar=01;31:*.alz=01;31:*.ace=01;31:*.zoo=01;31:*.cpio=01;31:*.7z=01;31:*.rz=01;31:*.cab=01;31:*.wim=01;31:*.swm=01;31:*.dwm=01;31:*.esd=01;31:*.jpg=01;35:*.jpeg=01;35:*.mjpg=01;35:*.mjpeg=01;35:*.gif=01;35:*.bmp=01;35:*.pbm=01;35:*.pgm=01;35:*.ppm=01;35:*.tga=01;35:*.xbm=01;35:*.xpm=01;35:*.tif=01;35:*.tiff=01;35:*.png=01;35:*.svg=01;35:*.svgz=01;35:*.mng=01;35:*.pcx=01;35:*.mov=01;35:*.mpg=01;35:*.mpeg=01;35:*.m2v=01;35:*.mkv=01;35:*.webm=01;35:*.webp=01;35:*.ogm=01;35:*.mp4=01;35:*.m4v=01;35:*.mp4v=01;35:*.vob=01;35:*.qt=01;35:*.nuv=01;35:*.wmv=01;35:*.asf=01;35:*.rm=01;35:*.rmvb=01;35:*.flc=01;35:*.avi=01;35:*.fli=01;35:*.flv=01;35:*.gl=01;35:*.dl=01;35:*.xcf=01;35:*.xwd=01;35:*.yuv=01;35:*.cgm=01;35:*.emf=01;35:*.ogv=01;35:*.ogx=01;35:*.aac=00;36:*.au=00;36:*.flac=00;36:*.m4a=00;36:*.mid=00;36:*.midi=00;36:*.mka=00;36:*.mp3=00;36:*.mpc=00;36:*.ogg=00;36:*.ra=00;36:*.wav=00;36:*.oga=00;36:*.opus=00;36:*.spx=00;36:*.xspf=00;36:'), ('SSH_AGENT_LAUNCHER', 'gnome-keyring'), ('SSH_AUTH_SOCK', '/run/user/1000/keyring/ssh'), ('AMENT_PREFIX_PATH', '/home/jsmoon/ydlidar_ws/install/ydlidar_ros2_driver:/opt/ros/humble'), ('SHELL', '/bin/bash'), ('LC_NAME', 'ko_KR.UTF-8'), ('TERMINATOR_UUID', 'urn:uuid:df2315a3-6fbc-4574-8f2c-035191f51785'), ('QT_ACCESSIBILITY', '1'), ('GDMSESSION', 'ubuntu-xorg'), ('LESSCLOSE', '/usr/bin/lesspipe %s %s'), ('LC_MEASUREMENT', 'ko_KR.UTF-8'), ('GPG_AGENT_INFO', '/run/user/1000/gnupg/S.gpg-agent:0:1'), ('GJS_DEBUG_OUTPUT', 'stderr'), ('LC_IDENTIFICATION', 'ko_KR.UTF-8'), ('QT_IM_MODULE', 'ibus'), ('PWD', '/home/jsmoon/yax_jeju/build/rtcm_msgs'), ('LC_ALL', 'en_US.UTF-8'), ('XDG_CONFIG_DIRS', '/etc/xdg/xdg-ubuntu-xorg:/etc/xdg'), ('PYENV_ROOT', '/home/jsmoon/.pyenv'), ('XDG_DATA_DIRS', '/usr/share/ubuntu-xorg:/usr/share/gnome:/usr/local/share/:/usr/share/:/var/lib/snapd/desktop'), ('PYTHONPATH', '/opt/ros/humble/lib/python3.10/site-packages:/opt/ros/humble/local/lib/python3.10/dist-packages'), ('LC_NUMERIC', 'ko_KR.UTF-8'), ('LC_PAPER', 'ko_KR.UTF-8'), ('COLCON', '1'), ('VTE_VERSION', '6800'), ('CMAKE_PREFIX_PATH', '/home/jsmoon/ydlidar_ws/install/ydlidar_ros2_driver:/opt/ros/humble')]), 'shell': False}
[0.099178] (-) TimerEvent: {}
[0.199666] (-) TimerEvent: {}
[0.300206] (-) TimerEvent: {}
[0.400772] (-) TimerEvent: {}
[0.464498] (interfaces_pkg) JobProgress: {'identifier': 'interfaces_pkg', 'progress': 'cmake'}
[0.465486] (interfaces_pkg) Command: {'cmd': ['/usr/bin/cmake', '/home/jsmoon/yax_jeju/src/interfaces_pkg', '-DAMENT_CMAKE_SYMLINK_INSTALL=1', '-DCMAKE_INSTALL_PREFIX=/home/jsmoon/yax_jeju/install/interfaces_pkg'], 'cwd': '/home/jsmoon/yax_jeju/build/interfaces_pkg', 'env': OrderedDict([('PYENV_VIRTUALENV_INIT', '1'), ('GJS_DEBUG_TOPICS', 'JS ERROR;JS LOG'), ('LESSOPEN', '| /usr/bin/lesspipe %s'), ('USER', 'jsmoon'), ('LC_TIME', 'ko_KR.UTF-8'), ('XDG_SESSION_TYPE', 'x11'), ('SHLVL', '1'), ('LD_LIBRARY_PATH', '/opt/ros/humble/opt/rviz_ogre_vendor/lib:/opt/ros/humble/lib/x86_64-linux-gnu:/opt/ros/humble/lib:/home/jsmoon/Desktop/JSMOON/MLCS/project1/Personalized-Adaptive-Cruise/external/acados/lib:'), ('ACADOS_SOURCE_DIR', '/home/jsmoon/Desktop/JSMOON/MLCS/project1/Personalized-Adaptive-Cruise/external/acados'), ('HOME', '/home/jsmoon'), ('OLDPWD', '/home/jsmoon'), ('DESKTOP_SESSION', 'ubuntu-xorg'), ('PYENV_SHELL', 'bash'), ('GIO_LAUNCHED_DESKTOP_FILE', '/usr/share/applications/terminator.desktop'), ('ROS_PYTHON_VERSION', '3'), ('GNOME_SHELL_SESSION_MODE', 'ubuntu'), ('GTK_MODULES', 'gail:atk-bridge'), ('LC_MONETARY', 'ko_KR.UTF-8'), ('MANAGERPID', '1869'), ('SYSTEMD_EXEC_PID', '2431'), ('DBUS_SESSION_BUS_ADDRESS', 'unix:path=/run/user/1000/bus'), ('COLORTERM', 'truecolor'), ('TERMINATOR_DBUS_NAME', 'net.tenshu.Terminator23558193cd9818af7fe4d2c2f5bd9d00f'), ('GIO_LAUNCHED_DESKTOP_FILE_PID', '8379'), ('COLCON_PREFIX_PATH', '/home/jsmoon/ydlidar_ws/install'), ('ROS_DISTRO', 'humble'), ('GTK_IM_MODULE', 'ibus'), ('LOGNAME', 'jsmoon'), ('JOURNAL_STREAM', '8:9861'), ('_', '/usr/bin/colcon'), ('ROS_VERSION', '2'), ('XDG_SESSION_CLASS', 'user'), ('USERNAME', 'jsmoon'), ('TERM', 'xterm-256color'), ('GNOME_DESKTOP_SESSION_ID', 'this-is-deprecated'), ('ROS_LOCALHOST_ONLY', '0'), ('WINDOWPATH', '2'), ('PATH', '/opt/ros/humble/bin:/home/jsmoon/.pyenv/plugins/pyenv-virtualenv/shims:/home/jsmoon/.pyenv/shims:/home/jsmoon/.pyenv/bin:/home/jsmoon/.local/bin:/usr/local/sbin:/usr/local/bin:/usr/sbin:/usr/bin:/sbin:/bin:/usr/games:/usr/local/games:/snap/bin:/snap/bin'), ('SESSION_MANAGER', 'local/jsmoon-ASUS-TUF-Gaming-A14-FA401UM-FA401UM:@/tmp/.ICE-unix/2384,unix/jsmoon-ASUS-TUF-Gaming-A14-FA401UM-FA401UM:/tmp/.ICE-unix/2384'), ('INVOCATION_ID', '59e81587102e428d9dc34d9cf59fdca5'), ('XDG_MENU_PREFIX', 'gnome-'), ('LC_ADDRESS', 'ko_KR.UTF-8'), ('XDG_RUNTIME_DIR', '/run/user/1000'), ('DISPLAY', ':1'), ('TERMINATOR_DBUS_PATH', '/net/tenshu/Terminator2'), ('LANG', 'en_US.UTF-8'), ('XDG_CURRENT_DESKTOP', 'ubuntu:GNOME'), ('IBUS_DISABLE_SNOOPER', '1'), ('LC_TELEPHONE', 'ko_KR.UTF-8'), ('XMODIFIERS', '@im=ibus'), ('XDG_SESSION_DESKTOP', 'ubuntu-xorg'), ('XAUTHORITY', '/run/user/1000/gdm/Xauthority'), ('LS_COLORS', 'rs=0:di=01;34:ln=01;36:mh=00:pi=40;33:so=01;35:do=01;35:bd=40;33;01:cd=40;33;01:or=40;31;01:mi=00:su=37;41:sg=30;43:ca=30;41:tw=30;42:ow=34;42:st=37;44:ex=01;32:*.tar=01;31:*.tgz=01;31:*.arc=01;31:*.arj=01;31:*.taz=01;31:*.lha=01;31:*.lz4=01;31:*.lzh=01;31:*.lzma=01;31:*.tlz=01;31:*.txz=01;31:*.tzo=01;31:*.t7z=01;31:*.zip=01;31:*.z=01;31:*.dz=01;31:*.gz=01;31:*.lrz=01;31:*.lz=01;31:*.lzo=01;31:*.xz=01;31:*.zst=01;31:*.tzst=01;31:*.bz2=01;31:*.bz=01;31:*.tbz=01;31:*.tbz2=01;31:*.tz=01;31:*.deb=01;31:*.rpm=01;31:*.jar=01;31:*.war=01;31:*.ear=01;31:*.sar=01;31:*.rar=01;31:*.alz=01;31:*.ace=01;31:*.zoo=01;31:*.cpio=01;31:*.7z=01;31:*.rz=01;31:*.cab=01;31:*.wim=01;31:*.swm=01;31:*.dwm=01;31:*.esd=01;31:*.jpg=01;35:*.jpeg=01;35:*.mjpg=01;35:*.mjpeg=01;35:*.gif=01;35:*.bmp=01;35:*.pbm=01;35:*.pgm=01;35:*.ppm=01;35:*.tga=01;35:*.xbm=01;35:*.xpm=01;35:*.tif=01;35:*.tiff=01;35:*.png=01;35:*.svg=01;35:*.svgz=01;35:*.mng=01;35:*.pcx=01;35:*.mov=01;35:*.mpg=01;35:*.mpeg=01;35:*.m2v=01;35:*.mkv=01;35:*.webm=01;35:*.webp=01;35:*.ogm=01;35:*.mp4=01;35:*.m4v=01;35:*.mp4v=01;35:*.vob=01;35:*.qt=01;35:*.nuv=01;35:*.wmv=01;35:*.asf=01;35:*.rm=01;35:*.rmvb=01;35:*.flc=01;35:*.avi=01;35:*.fli=01;35:*.flv=01;35:*.gl=01;35:*.dl=01;35:*.xcf=01;35:*.xwd=01;35:*.yuv=01;35:*.cgm=01;35:*.emf=01;35:*.ogv=01;35:*.ogx=01;35:*.aac=00;36:*.au=00;36:*.flac=00;36:*.m4a=00;36:*.mid=00;36:*.midi=00;36:*.mka=00;36:*.mp3=00;36:*.mpc=00;36:*.ogg=00;36:*.ra=00;36:*.wav=00;36:*.oga=00;36:*.opus=00;36:*.spx=00;36:*.xspf=00;36:'), ('SSH_AGENT_LAUNCHER', 'gnome-keyring'), ('SSH_AUTH_SOCK', '/run/user/1000/keyring/ssh'), ('AMENT_PREFIX_PATH', '/home/jsmoon/ydlidar_ws/install/ydlidar_ros2_driver:/opt/ros/humble'), ('SHELL', '/bin/bash'), ('LC_NAME', 'ko_KR.UTF-8'), ('TERMINATOR_UUID', 'urn:uuid:df2315a3-6fbc-4574-8f2c-035191f51785'), ('QT_ACCESSIBILITY', '1'), ('GDMSESSION', 'ubuntu-xorg'), ('LESSCLOSE', '/usr/bin/lesspipe %s %s'), ('LC_MEASUREMENT', 'ko_KR.UTF-8'), ('GPG_AGENT_INFO', '/run/user/1000/gnupg/S.gpg-agent:0:1'), ('GJS_DEBUG_OUTPUT', 'stderr'), ('LC_IDENTIFICATION', 'ko_KR.UTF-8'), ('QT_IM_MODULE', 'ibus'), ('PWD', '/home/jsmoon/yax_jeju/build/interfaces_pkg'), ('LC_ALL', 'en_US.UTF-8'), ('XDG_CONFIG_DIRS', '/etc/xdg/xdg-ubuntu-xorg:/etc/xdg'), ('PYENV_ROOT', '/home/jsmoon/.pyenv'), ('XDG_DATA_DIRS', '/usr/share/ubuntu-xorg:/usr/share/gnome:/usr/local/share/:/usr/share/:/var/lib/snapd/desktop'), ('PYTHONPATH', '/opt/ros/humble/lib/python3.10/site-packages:/opt/ros/humble/local/lib/python3.10/dist-packages'), ('LC_NUMERIC', 'ko_KR.UTF-8'), ('LC_PAPER', 'ko_KR.UTF-8'), ('COLCON', '1'), ('VTE_VERSION', '6800'), ('CMAKE_PREFIX_PATH', '/home/jsmoon/ydlidar_ws/install/ydlidar_ros2_driver:/opt/ros/humble')]), 'shell': False}
[0.500890] (-) TimerEvent: {}
[0.601414] (-) TimerEvent: {}
[0.700136] (ydlidar_ros2_driver) JobProgress: {'identifier': 'ydlidar_ros2_driver', 'progress': 'cmake'}
[0.701468] (ydlidar_ros2_driver) Command: {'cmd': ['/usr/bin/cmake', '/home/jsmoon/yax_jeju/src/ydlidar_ros2_driver', '-DAMENT_CMAKE_SYMLINK_INSTALL=1', '-DCMAKE_INSTALL_PREFIX=/home/jsmoon/yax_jeju/install/ydlidar_ros2_driver'], 'cwd': '/home/jsmoon/yax_jeju/build/ydlidar_ros2_driver', 'env': OrderedDict([('PYENV_VIRTUALENV_INIT', '1'), ('GJS_DEBUG_TOPICS', 'JS ERROR;JS LOG'), ('LESSOPEN', '| /usr/bin/lesspipe %s'), ('USER', 'jsmoon'), ('LC_TIME', 'ko_KR.UTF-8'), ('XDG_SESSION_TYPE', 'x11'), ('SHLVL', '1'), ('LD_LIBRARY_PATH', '/opt/ros/humble/opt/rviz_ogre_vendor/lib:/opt/ros/humble/lib/x86_64-linux-gnu:/opt/ros/humble/lib:/home/jsmoon/Desktop/JSMOON/MLCS/project1/Personalized-Adaptive-Cruise/external/acados/lib:'), ('ACADOS_SOURCE_DIR', '/home/jsmoon/Desktop/JSMOON/MLCS/project1/Personalized-Adaptive-Cruise/external/acados'), ('HOME', '/home/jsmoon'), ('OLDPWD', '/home/jsmoon'), ('DESKTOP_SESSION', 'ubuntu-xorg'), ('PYENV_SHELL', 'bash'), ('GIO_LAUNCHED_DESKTOP_FILE', '/usr/share/applications/terminator.desktop'), ('ROS_PYTHON_VERSION', '3'), ('GNOME_SHELL_SESSION_MODE', 'ubuntu'), ('GTK_MODULES', 'gail:atk-bridge'), ('LC_MONETARY', 'ko_KR.UTF-8'), ('MANAGERPID', '1869'), ('SYSTEMD_EXEC_PID', '2431'), ('DBUS_SESSION_BUS_ADDRESS', 'unix:path=/run/user/1000/bus'), ('COLORTERM', 'truecolor'), ('TERMINATOR_DBUS_NAME', 'net.tenshu.Terminator23558193cd9818af7fe4d2c2f5bd9d00f'), ('GIO_LAUNCHED_DESKTOP_FILE_PID', '8379'), ('COLCON_PREFIX_PATH', '/home/jsmoon/ydlidar_ws/install'), ('ROS_DISTRO', 'humble'), ('GTK_IM_MODULE', 'ibus'), ('LOGNAME', 'jsmoon'), ('JOURNAL_STREAM', '8:9861'), ('_', '/usr/bin/colcon'), ('ROS_VERSION', '2'), ('XDG_SESSION_CLASS', 'user'), ('USERNAME', 'jsmoon'), ('TERM', 'xterm-256color'), ('GNOME_DESKTOP_SESSION_ID', 'this-is-deprecated'), ('ROS_LOCALHOST_ONLY', '0'), ('WINDOWPATH', '2'), ('PATH', '/opt/ros/humble/bin:/home/jsmoon/.pyenv/plugins/pyenv-virtualenv/shims:/home/jsmoon/.pyenv/shims:/home/jsmoon/.pyenv/bin:/home/jsmoon/.local/bin:/usr/local/sbin:/usr/local/bin:/usr/sbin:/usr/bin:/sbin:/bin:/usr/games:/usr/local/games:/snap/bin:/snap/bin'), ('SESSION_MANAGER', 'local/jsmoon-ASUS-TUF-Gaming-A14-FA401UM-FA401UM:@/tmp/.ICE-unix/2384,unix/jsmoon-ASUS-TUF-Gaming-A14-FA401UM-FA401UM:/tmp/.ICE-unix/2384'), ('INVOCATION_ID', '59e81587102e428d9dc34d9cf59fdca5'), ('XDG_MENU_PREFIX', 'gnome-'), ('LC_ADDRESS', 'ko_KR.UTF-8'), ('XDG_RUNTIME_DIR', '/run/user/1000'), ('DISPLAY', ':1'), ('TERMINATOR_DBUS_PATH', '/net/tenshu/Terminator2'), ('LANG', 'en_US.UTF-8'), ('XDG_CURRENT_DESKTOP', 'ubuntu:GNOME'), ('IBUS_DISABLE_SNOOPER', '1'), ('LC_TELEPHONE', 'ko_KR.UTF-8'), ('XMODIFIERS', '@im=ibus'), ('XDG_SESSION_DESKTOP', 'ubuntu-xorg'), ('XAUTHORITY', '/run/user/1000/gdm/Xauthority'), ('LS_COLORS', 'rs=0:di=01;34:ln=01;36:mh=00:pi=40;33:so=01;35:do=01;35:bd=40;33;01:cd=40;33;01:or=40;31;01:mi=00:su=37;41:sg=30;43:ca=30;41:tw=30;42:ow=34;42:st=37;44:ex=01;32:*.tar=01;31:*.tgz=01;31:*.arc=01;31:*.arj=01;31:*.taz=01;31:*.lha=01;31:*.lz4=01;31:*.lzh=01;31:*.lzma=01;31:*.tlz=01;31:*.txz=01;31:*.tzo=01;31:*.t7z=01;31:*.zip=01;31:*.z=01;31:*.dz=01;31:*.gz=01;31:*.lrz=01;31:*.lz=01;31:*.lzo=01;31:*.xz=01;31:*.zst=01;31:*.tzst=01;31:*.bz2=01;31:*.bz=01;31:*.tbz=01;31:*.tbz2=01;31:*.tz=01;31:*.deb=01;31:*.rpm=01;31:*.jar=01;31:*.war=01;31:*.ear=01;31:*.sar=01;31:*.rar=01;31:*.alz=01;31:*.ace=01;31:*.zoo=01;31:*.cpio=01;31:*.7z=01;31:*.rz=01;31:*.cab=01;31:*.wim=01;31:*.swm=01;31:*.dwm=01;31:*.esd=01;31:*.jpg=01;35:*.jpeg=01;35:*.mjpg=01;35:*.mjpeg=01;35:*.gif=01;35:*.bmp=01;35:*.pbm=01;35:*.pgm=01;35:*.ppm=01;35:*.tga=01;35:*.xbm=01;35:*.xpm=01;35:*.tif=01;35:*.tiff=01;35:*.png=01;35:*.svg=01;35:*.svgz=01;35:*.mng=01;35:*.pcx=01;35:*.mov=01;35:*.mpg=01;35:*.mpeg=01;35:*.m2v=01;35:*.mkv=01;35:*.webm=01;35:*.webp=01;35:*.ogm=01;35:*.mp4=01;35:*.m4v=01;35:*.mp4v=01;35:*.vob=01;35:*.qt=01;35:*.nuv=01;35:*.wmv=01;35:*.asf=01;35:*.rm=01;35:*.rmvb=01;35:*.flc=01;35:*.avi=01;35:*.fli=01;35:*.flv=01;35:*.gl=01;35:*.dl=01;35:*.xcf=01;35:*.xwd=01;35:*.yuv=01;35:*.cgm=01;35:*.emf=01;35:*.ogv=01;35:*.ogx=01;35:*.aac=00;36:*.au=00;36:*.flac=00;36:*.m4a=00;36:*.mid=00;36:*.midi=00;36:*.mka=00;36:*.mp3=00;36:*.mpc=00;36:*.ogg=00;36:*.ra=00;36:*.wav=00;36:*.oga=00;36:*.opus=00;36:*.spx=00;36:*.xspf=00;36:'), ('SSH_AGENT_LAUNCHER', 'gnome-keyring'), ('SSH_AUTH_SOCK', '/run/user/1000/keyring/ssh'), ('AMENT_PREFIX_PATH', '/home/jsmoon/ydlidar_ws/install/ydlidar_ros2_driver:/opt/ros/humble'), ('SHELL', '/bin/bash'), ('LC_NAME', 'ko_KR.UTF-8'), ('TERMINATOR_UUID', 'urn:uuid:df2315a3-6fbc-4574-8f2c-035191f51785'), ('QT_ACCESSIBILITY', '1'), ('GDMSESSION', 'ubuntu-xorg'), ('LESSCLOSE', '/usr/bin/lesspipe %s %s'), ('LC_MEASUREMENT', 'ko_KR.UTF-8'), ('GPG_AGENT_INFO', '/run/user/1000/gnupg/S.gpg-agent:0:1'), ('GJS_DEBUG_OUTPUT', 'stderr'), ('LC_IDENTIFICATION', 'ko_KR.UTF-8'), ('QT_IM_MODULE', 'ibus'), ('PWD', '/home/jsmoon/yax_jeju/build/ydlidar_ros2_driver'), ('LC_ALL', 'en_US.UTF-8'), ('XDG_CONFIG_DIRS', '/etc/xdg/xdg-ubuntu-xorg:/etc/xdg'), ('PYENV_ROOT', '/home/jsmoon/.pyenv'), ('XDG_DATA_DIRS', '/usr/share/ubuntu-xorg:/usr/share/gnome:/usr/local/share/:/usr/share/:/var/lib/snapd/desktop'), ('PYTHONPATH', '/opt/ros/humble/lib/python3.10/site-packages:/opt/ros/humble/local/lib/python3.10/dist-packages'), ('LC_NUMERIC', 'ko_KR.UTF-8'), ('LC_PAPER', 'ko_KR.UTF-8'), ('COLCON', '1'), ('VTE_VERSION', '6800'), ('CMAKE_PREFIX_PATH', '/home/jsmoon/ydlidar_ws/install/ydlidar_ros2_driver:/opt/ros/humble')]), 'shell': False}
[0.702602] (-) TimerEvent: {}
[0.802937] (-) TimerEvent: {}
[0.903438] (-) TimerEvent: {}
[1.003948] (-) TimerEvent: {}
[1.104412] (-) TimerEvent: {}
[1.204837] (-) TimerEvent: {}
[1.305405] (-) TimerEvent: {}
[1.387281] (ublox_serialization) StdoutLine: {'line': b'-- The C compiler identification is GNU 11.4.0\n'}
[1.387830] (ublox_serialization) StdoutLine: {'line': b'-- The CXX compiler identification is GNU 11.4.0\n'}
[1.387896] (ublox_serialization) StdoutLine: {'line': b'-- Detecting C compiler ABI info\n'}
[1.387940] (ublox_serialization) StdoutLine: {'line': b'-- Detecting C compiler ABI info - done\n'}
[1.388932] (ublox_serialization) StdoutLine: {'line': b'-- Check for working C compiler: /usr/bin/cc - skipped\n'}
[1.389046] (ublox_serialization) StdoutLine: {'line': b'-- Detecting C compile features\n'}
[1.389160] (ublox_serialization) StdoutLine: {'line': b'-- Detecting C compile features - done\n'}
[1.389236] (ublox_serialization) StdoutLine: {'line': b'-- Detecting CXX compiler ABI info\n'}
[1.389646] (ublox_serialization) StdoutLine: {'line': b'-- Detecting CXX compiler ABI info - done\n'}
[1.389704] (ublox_serialization) StdoutLine: {'line': b'-- Check for working CXX compiler: /usr/bin/c++ - skipped\n'}
[1.389735] (ublox_serialization) StdoutLine: {'line': b'-- Detecting CXX compile features\n'}
[1.390152] (ublox_serialization) StdoutLine: {'line': b'-- Detecting CXX compile features - done\n'}
[1.390186] (ublox_serialization) StdoutLine: {'line': b'-- Found ament_cmake: 1.3.12 (/opt/ros/humble/share/ament_cmake/cmake)\n'}
[1.390795] (ublox_serialization) StdoutLine: {'line': b'-- Found Python3: /home/jsmoon/.pyenv/shims/python3 (found version "3.10.12") found components: Interpreter \n'}
[1.390830] (ublox_serialization) StdoutLine: {'line': b'-- Override CMake install command with custom implementation using symlinks instead of copying resources\n'}
[1.390859] (ublox_serialization) StdoutLine: {'line': b'-- Configuring done\n'}
[1.390890] (ublox_serialization) StdoutLine: {'line': b'-- Generating done\n'}
[1.390920] (ublox_serialization) StdoutLine: {'line': b'-- Build files have been written to: /home/jsmoon/yax_jeju/build/ublox_serialization\n'}
[1.390949] (rtcm_msgs) StdoutLine: {'line': b'-- The C compiler identification is GNU 11.4.0\n'}
[1.391002] (rtcm_msgs) StdoutLine: {'line': b'-- The CXX compiler identification is GNU 11.4.0\n'}
[1.391035] (rtcm_msgs) StdoutLine: {'line': b'-- Detecting C compiler ABI info\n'}
[1.391060] (rtcm_msgs) StdoutLine: {'line': b'-- Detecting C compiler ABI info - done\n'}
[1.391082] (rtcm_msgs) StdoutLine: {'line': b'-- Check for working C compiler: /usr/bin/cc - skipped\n'}
[1.391205] (rtcm_msgs) StdoutLine: {'line': b'-- Detecting C compile features\n'}
[1.391251] (rtcm_msgs) StdoutLine: {'line': b'-- Detecting C compile features - done\n'}
[1.391298] (rtcm_msgs) StdoutLine: {'line': b'-- Detecting CXX compiler ABI info\n'}
[1.391332] (rtcm_msgs) StdoutLine: {'line': b'-- Detecting CXX compiler ABI info - done\n'}
[1.391378] (rtcm_msgs) StdoutLine: {'line': b'-- Check for working CXX compiler: /usr/bin/c++ - skipped\n'}
[1.391412] (rtcm_msgs) StdoutLine: {'line': b'-- Detecting CXX compile features\n'}
[1.391458] (rtcm_msgs) StdoutLine: {'line': b'-- Detecting CXX compile features - done\n'}
[1.391505] (rtcm_msgs) StdoutLine: {'line': b'-- Found ros_environment: 3.2.2 (/opt/ros/humble/share/ros_environment/cmake)\n'}
[1.391540] (rtcm_msgs) StdoutLine: {'line': b'-- Found std_msgs: 4.9.0 (/opt/ros/humble/share/std_msgs/cmake)\n'}
[1.391587] (rtcm_msgs) StdoutLine: {'line': b'-- Found Python3: /home/jsmoon/.pyenv/shims/python3 (found version "3.10.12") found components: Interpreter \n'}
[1.391635] (rtcm_msgs) StdoutLine: {'line': b'-- Override CMake install command with custom implementation using symlinks instead of copying resources\n'}
[1.391669] (rtcm_msgs) StdoutLine: {'line': b'-- Found rosidl_generator_c: 3.1.7 (/opt/ros/humble/share/rosidl_generator_c/cmake)\n'}
[1.391715] (rtcm_msgs) StdoutLine: {'line': b'-- Found rosidl_adapter: 3.1.7 (/opt/ros/humble/share/rosidl_adapter/cmake)\n'}
[1.391764] (rtcm_msgs) StdoutLine: {'line': b'-- Found rosidl_generator_cpp: 3.1.7 (/opt/ros/humble/share/rosidl_generator_cpp/cmake)\n'}
[1.391799] (rtcm_msgs) StdoutLine: {'line': b'-- Using all available rosidl_typesupport_c: rosidl_typesupport_fastrtps_c;rosidl_typesupport_introspection_c\n'}
[1.391846] (rtcm_msgs) StdoutLine: {'line': b'-- Using all available rosidl_typesupport_cpp: rosidl_typesupport_fastrtps_cpp;rosidl_typesupport_introspection_cpp\n'}
[1.391881] (rtcm_msgs) StdoutLine: {'line': b'-- Found rosidl_default_generators: 1.2.0 (/opt/ros/humble/share/rosidl_default_generators/cmake)\n'}
[1.391928] (ydlidar_ros2_driver) StdoutLine: {'line': b'-- The C compiler identification is GNU 11.4.0\n'}
[1.392077] (ydlidar_ros2_driver) StdoutLine: {'line': b'-- The CXX compiler identification is GNU 11.4.0\n'}
[1.392132] (ydlidar_ros2_driver) StdoutLine: {'line': b'-- Detecting C compiler ABI info\n'}
[1.392167] (ydlidar_ros2_driver) StdoutLine: {'line': b'-- Detecting C compiler ABI info - done\n'}
[1.392215] (ydlidar_ros2_driver) StdoutLine: {'line': b'-- Check for working C compiler: /usr/bin/cc - skipped\n'}
[1.392261] (ydlidar_ros2_driver) StdoutLine: {'line': b'-- Detecting C compile features\n'}
[1.392297] (ydlidar_ros2_driver) StdoutLine: {'line': b'-- Detecting C compile features - done\n'}
[1.392347] (ydlidar_ros2_driver) StdoutLine: {'line': b'-- Detecting CXX compiler ABI info\n'}
[1.392393] (ydlidar_ros2_driver) StdoutLine: {'line': b'-- Detecting CXX compiler ABI info - done\n'}
[1.392440] (ydlidar_ros2_driver) StdoutLine: {'line': b'-- Check for working CXX compiler: /usr/bin/c++ - skipped\n'}
[1.392474] (ydlidar_ros2_driver) StdoutLine: {'line': b'-- Detecting CXX compile features\n'}
[1.392496] (ydlidar_ros2_driver) StdoutLine: {'line': b'-- Detecting CXX compile features - done\n'}
[1.392519] (ydlidar_ros2_driver) StdoutLine: {'line': b'-- Found ament_cmake: 1.3.12 (/opt/ros/humble/share/ament_cmake/cmake)\n'}
[1.392542] (interfaces_pkg) StdoutLine: {'line': b'-- The C compiler identification is GNU 11.4.0\n'}
[1.392589] (interfaces_pkg) StdoutLine: {'line': b'-- The CXX compiler identification is GNU 11.4.0\n'}
[1.392611] (interfaces_pkg) StdoutLine: {'line': b'-- Detecting C compiler ABI info\n'}
[1.392688] (interfaces_pkg) StdoutLine: {'line': b'-- Detecting C compiler ABI info - done\n'}
[1.392806] (interfaces_pkg) StdoutLine: {'line': b'-- Check for working C compiler: /usr/bin/cc - skipped\n'}
[1.392885] (interfaces_pkg) StdoutLine: {'line': b'-- Detecting C compile features\n'}
[1.392951] (interfaces_pkg) StdoutLine: {'line': b'-- Detecting C compile features - done\n'}
[1.393028] (interfaces_pkg) StdoutLine: {'line': b'-- Detecting CXX compiler ABI info\n'}
[1.393106] (interfaces_pkg) StdoutLine: {'line': b'-- Detecting CXX compiler ABI info - done\n'}
[1.393164] (interfaces_pkg) StdoutLine: {'line': b'-- Check for working CXX compiler: /usr/bin/c++ - skipped\n'}
[1.393221] (interfaces_pkg) StdoutLine: {'line': b'-- Detecting CXX compile features\n'}
[1.393276] (interfaces_pkg) StdoutLine: {'line': b'-- Detecting CXX compile features - done\n'}
[1.393338] (interfaces_pkg) StdoutLine: {'line': b'-- Found ament_cmake: 1.3.12 (/opt/ros/humble/share/ament_cmake/cmake)\n'}
[1.393397] (interfaces_pkg) StdoutLine: {'line': b'-- Found Python3: /home/jsmoon/.pyenv/shims/python3 (found version "3.10.12") found components: Interpreter \n'}
[1.393455] (interfaces_pkg) StdoutLine: {'line': b'-- Override CMake install command with custom implementation using symlinks instead of copying resources\n'}
[1.393513] (interfaces_pkg) StdoutLine: {'line': b'-- Found rosidl_default_generators: 1.2.0 (/opt/ros/humble/share/rosidl_default_generators/cmake)\n'}
[1.393569] (interfaces_pkg) StdoutLine: {'line': b'-- Using all available rosidl_typesupport_c: rosidl_typesupport_fastrtps_c;rosidl_typesupport_introspection_c\n'}
[1.393626] (interfaces_pkg) StdoutLine: {'line': b'-- Found rosidl_adapter: 3.1.7 (/opt/ros/humble/share/rosidl_adapter/cmake)\n'}
[1.393682] (interfaces_pkg) StdoutLine: {'line': b'-- Using all available rosidl_typesupport_cpp: rosidl_typesupport_fastrtps_cpp;rosidl_typesupport_introspection_cpp\n'}
[1.393740] (interfaces_pkg) StdoutLine: {'line': b'-- Found std_msgs: 4.9.0 (/opt/ros/humble/share/std_msgs/cmake)\n'}
[1.398182] (interfaces_pkg) StdoutLine: {'line': b'-- Found geometry_msgs: 4.9.0 (/opt/ros/humble/share/geometry_msgs/cmake)\n'}
[1.405505] (-) TimerEvent: {}
[1.452658] (ydlidar_ros2_driver) StdoutLine: {'line': b'-- Found Python3: /home/jsmoon/.pyenv/shims/python3 (found version "3.10.12") found components: Interpreter \n'}
[1.505652] (-) TimerEvent: {}
[1.554599] (ydlidar_ros2_driver) StdoutLine: {'line': b'-- Override CMake install command with custom implementation using symlinks instead of copying resources\n'}
[1.571824] (ydlidar_ros2_driver) StdoutLine: {'line': b'-- Found rclcpp: 16.0.16 (/opt/ros/humble/share/rclcpp/cmake)\n'}
[1.587721] (rtcm_msgs) StdoutLine: {'line': b'-- Found ament_cmake_cppcheck: 0.12.14 (/opt/ros/humble/share/ament_cmake_cppcheck/cmake)\n'}
[1.591341] (rtcm_msgs) StdoutLine: {'line': b'-- Found ament_cmake_cpplint: 0.12.14 (/opt/ros/humble/share/ament_cmake_cpplint/cmake)\n'}
[1.594466] (rtcm_msgs) StdoutLine: {'line': b'-- Found ament_cmake_uncrustify: 0.12.14 (/opt/ros/humble/share/ament_cmake_uncrustify/cmake)\n'}
[1.597917] (rtcm_msgs) StdoutLine: {'line': b'-- Found ament_cmake_ros: 0.10.0 (/opt/ros/humble/share/ament_cmake_ros/cmake)\n'}
[1.603850] (ydlidar_ros2_driver) StdoutLine: {'line': b'-- Found rosidl_generator_c: 3.1.7 (/opt/ros/humble/share/rosidl_generator_c/cmake)\n'}
[1.605740] (-) TimerEvent: {}
[1.606546] (ydlidar_ros2_driver) StdoutLine: {'line': b'-- Found rosidl_adapter: 3.1.7 (/opt/ros/humble/share/rosidl_adapter/cmake)\n'}
[1.612070] (ydlidar_ros2_driver) StdoutLine: {'line': b'-- Found rosidl_generator_cpp: 3.1.7 (/opt/ros/humble/share/rosidl_generator_cpp/cmake)\n'}
[1.617761] (ublox_serialization) CommandEnded: {'returncode': 0}
[1.619747] (ublox_serialization) JobProgress: {'identifier': 'ublox_serialization', 'progress': 'build'}
[1.619772] (ublox_serialization) Command: {'cmd': ['/usr/bin/cmake', '--build', '/home/jsmoon/yax_jeju/build/ublox_serialization', '--', '-j16', '-l16'], 'cwd': '/home/jsmoon/yax_jeju/build/ublox_serialization', 'env': OrderedDict([('PYENV_VIRTUALENV_INIT', '1'), ('GJS_DEBUG_TOPICS', 'JS ERROR;JS LOG'), ('LESSOPEN', '| /usr/bin/lesspipe %s'), ('USER', 'jsmoon'), ('LC_TIME', 'ko_KR.UTF-8'), ('XDG_SESSION_TYPE', 'x11'), ('SHLVL', '1'), ('LD_LIBRARY_PATH', '/opt/ros/humble/opt/rviz_ogre_vendor/lib:/opt/ros/humble/lib/x86_64-linux-gnu:/opt/ros/humble/lib:/home/jsmoon/Desktop/JSMOON/MLCS/project1/Personalized-Adaptive-Cruise/external/acados/lib:'), ('ACADOS_SOURCE_DIR', '/home/jsmoon/Desktop/JSMOON/MLCS/project1/Personalized-Adaptive-Cruise/external/acados'), ('HOME', '/home/jsmoon'), ('OLDPWD', '/home/jsmoon'), ('DESKTOP_SESSION', 'ubuntu-xorg'), ('PYENV_SHELL', 'bash'), ('GIO_LAUNCHED_DESKTOP_FILE', '/usr/share/applications/terminator.desktop'), ('ROS_PYTHON_VERSION', '3'), ('GNOME_SHELL_SESSION_MODE', 'ubuntu'), ('GTK_MODULES', 'gail:atk-bridge'), ('LC_MONETARY', 'ko_KR.UTF-8'), ('MANAGERPID', '1869'), ('SYSTEMD_EXEC_PID', '2431'), ('DBUS_SESSION_BUS_ADDRESS', 'unix:path=/run/user/1000/bus'), ('COLORTERM', 'truecolor'), ('TERMINATOR_DBUS_NAME', 'net.tenshu.Terminator23558193cd9818af7fe4d2c2f5bd9d00f'), ('GIO_LAUNCHED_DESKTOP_FILE_PID', '8379'), ('COLCON_PREFIX_PATH', '/home/jsmoon/ydlidar_ws/install'), ('ROS_DISTRO', 'humble'), ('GTK_IM_MODULE', 'ibus'), ('LOGNAME', 'jsmoon'), ('JOURNAL_STREAM', '8:9861'), ('_', '/usr/bin/colcon'), ('ROS_VERSION', '2'), ('XDG_SESSION_CLASS', 'user'), ('USERNAME', 'jsmoon'), ('TERM', 'xterm-256color'), ('GNOME_DESKTOP_SESSION_ID', 'this-is-deprecated'), ('ROS_LOCALHOST_ONLY', '0'), ('WINDOWPATH', '2'), ('PATH', '/opt/ros/humble/bin:/home/jsmoon/.pyenv/plugins/pyenv-virtualenv/shims:/home/jsmoon/.pyenv/shims:/home/jsmoon/.pyenv/bin:/home/jsmoon/.local/bin:/usr/local/sbin:/usr/local/bin:/usr/sbin:/usr/bin:/sbin:/bin:/usr/games:/usr/local/games:/snap/bin:/snap/bin'), ('SESSION_MANAGER', 'local/jsmoon-ASUS-TUF-Gaming-A14-FA401UM-FA401UM:@/tmp/.ICE-unix/2384,unix/jsmoon-ASUS-TUF-Gaming-A14-FA401UM-FA401UM:/tmp/.ICE-unix/2384'), ('INVOCATION_ID', '59e81587102e428d9dc34d9cf59fdca5'), ('XDG_MENU_PREFIX', 'gnome-'), ('LC_ADDRESS', 'ko_KR.UTF-8'), ('XDG_RUNTIME_DIR', '/run/user/1000'), ('DISPLAY', ':1'), ('TERMINATOR_DBUS_PATH', '/net/tenshu/Terminator2'), ('LANG', 'en_US.UTF-8'), ('XDG_CURRENT_DESKTOP', 'ubuntu:GNOME'), ('IBUS_DISABLE_SNOOPER', '1'), ('LC_TELEPHONE', 'ko_KR.UTF-8'), ('XMODIFIERS', '@im=ibus'), ('XDG_SESSION_DESKTOP', 'ubuntu-xorg'), ('XAUTHORITY', '/run/user/1000/gdm/Xauthority'), ('LS_COLORS', 'rs=0:di=01;34:ln=01;36:mh=00:pi=40;33:so=01;35:do=01;35:bd=40;33;01:cd=40;33;01:or=40;31;01:mi=00:su=37;41:sg=30;43:ca=30;41:tw=30;42:ow=34;42:st=37;44:ex=01;32:*.tar=01;31:*.tgz=01;31:*.arc=01;31:*.arj=01;31:*.taz=01;31:*.lha=01;31:*.lz4=01;31:*.lzh=01;31:*.lzma=01;31:*.tlz=01;31:*.txz=01;31:*.tzo=01;31:*.t7z=01;31:*.zip=01;31:*.z=01;31:*.dz=01;31:*.gz=01;31:*.lrz=01;31:*.lz=01;31:*.lzo=01;31:*.xz=01;31:*.zst=01;31:*.tzst=01;31:*.bz2=01;31:*.bz=01;31:*.tbz=01;31:*.tbz2=01;31:*.tz=01;31:*.deb=01;31:*.rpm=01;31:*.jar=01;31:*.war=01;31:*.ear=01;31:*.sar=01;31:*.rar=01;31:*.alz=01;31:*.ace=01;31:*.zoo=01;31:*.cpio=01;31:*.7z=01;31:*.rz=01;31:*.cab=01;31:*.wim=01;31:*.swm=01;31:*.dwm=01;31:*.esd=01;31:*.jpg=01;35:*.jpeg=01;35:*.mjpg=01;35:*.mjpeg=01;35:*.gif=01;35:*.bmp=01;35:*.pbm=01;35:*.pgm=01;35:*.ppm=01;35:*.tga=01;35:*.xbm=01;35:*.xpm=01;35:*.tif=01;35:*.tiff=01;35:*.png=01;35:*.svg=01;35:*.svgz=01;35:*.mng=01;35:*.pcx=01;35:*.mov=01;35:*.mpg=01;35:*.mpeg=01;35:*.m2v=01;35:*.mkv=01;35:*.webm=01;35:*.webp=01;35:*.ogm=01;35:*.mp4=01;35:*.m4v=01;35:*.mp4v=01;35:*.vob=01;35:*.qt=01;35:*.nuv=01;35:*.wmv=01;35:*.asf=01;35:*.rm=01;35:*.rmvb=01;35:*.flc=01;35:*.avi=01;35:*.fli=01;35:*.flv=01;35:*.gl=01;35:*.dl=01;35:*.xcf=01;35:*.xwd=01;35:*.yuv=01;35:*.cgm=01;35:*.emf=01;35:*.ogv=01;35:*.ogx=01;35:*.aac=00;36:*.au=00;36:*.flac=00;36:*.m4a=00;36:*.mid=00;36:*.midi=00;36:*.mka=00;36:*.mp3=00;36:*.mpc=00;36:*.ogg=00;36:*.ra=00;36:*.wav=00;36:*.oga=00;36:*.opus=00;36:*.spx=00;36:*.xspf=00;36:'), ('SSH_AGENT_LAUNCHER', 'gnome-keyring'), ('SSH_AUTH_SOCK', '/run/user/1000/keyring/ssh'), ('AMENT_PREFIX_PATH', '/home/jsmoon/ydlidar_ws/install/ydlidar_ros2_driver:/opt/ros/humble'), ('SHELL', '/bin/bash'), ('LC_NAME', 'ko_KR.UTF-8'), ('TERMINATOR_UUID', 'urn:uuid:df2315a3-6fbc-4574-8f2c-035191f51785'), ('QT_ACCESSIBILITY', '1'), ('GDMSESSION', 'ubuntu-xorg'), ('LESSCLOSE', '/usr/bin/lesspipe %s %s'), ('LC_MEASUREMENT', 'ko_KR.UTF-8'), ('GPG_AGENT_INFO', '/run/user/1000/gnupg/S.gpg-agent:0:1'), ('GJS_DEBUG_OUTPUT', 'stderr'), ('LC_IDENTIFICATION', 'ko_KR.UTF-8'), ('QT_IM_MODULE', 'ibus'), ('PWD', '/home/jsmoon/yax_jeju/build/ublox_serialization'), ('LC_ALL', 'en_US.UTF-8'), ('XDG_CONFIG_DIRS', '/etc/xdg/xdg-ubuntu-xorg:/etc/xdg'), ('PYENV_ROOT', '/home/jsmoon/.pyenv'), ('XDG_DATA_DIRS', '/usr/share/ubuntu-xorg:/usr/share/gnome:/usr/local/share/:/usr/share/:/var/lib/snapd/desktop'), ('PYTHONPATH', '/opt/ros/humble/lib/python3.10/site-packages:/opt/ros/humble/local/lib/python3.10/dist-packages'), ('LC_NUMERIC', 'ko_KR.UTF-8'), ('LC_PAPER', 'ko_KR.UTF-8'), ('COLCON', '1'), ('VTE_VERSION', '6800'), ('CMAKE_PREFIX_PATH', '/home/jsmoon/ydlidar_ws/install/ydlidar_ros2_driver:/opt/ros/humble')]), 'shell': False}
[1.620361] (ydlidar_ros2_driver) StdoutLine: {'line': b'-- Using all available rosidl_typesupport_c: rosidl_typesupport_fastrtps_c;rosidl_typesupport_introspection_c\n'}
[1.629128] (ydlidar_ros2_driver) StdoutLine: {'line': b'-- Using all available rosidl_typesupport_cpp: rosidl_typesupport_fastrtps_cpp;rosidl_typesupport_introspection_cpp\n'}
[1.672118] (ublox_serialization) CommandEnded: {'returncode': 0}
[1.673057] (ublox_serialization) JobProgress: {'identifier': 'ublox_serialization', 'progress': 'install'}
[1.674307] (ydlidar_ros2_driver) StdoutLine: {'line': b'-- Found rmw_implementation_cmake: 6.1.2 (/opt/ros/humble/share/rmw_implementation_cmake/cmake)\n'}
[1.677640] (ydlidar_ros2_driver) StdoutLine: {'line': b'-- Found rmw_fastrtps_cpp: 6.2.9 (/opt/ros/humble/share/rmw_fastrtps_cpp/cmake)\n'}
[1.688700] (ublox_serialization) Command: {'cmd': ['/usr/bin/cmake', '--install', '/home/jsmoon/yax_jeju/build/ublox_serialization'], 'cwd': '/home/jsmoon/yax_jeju/build/ublox_serialization', 'env': OrderedDict([('PYENV_VIRTUALENV_INIT', '1'), ('GJS_DEBUG_TOPICS', 'JS ERROR;JS LOG'), ('LESSOPEN', '| /usr/bin/lesspipe %s'), ('USER', 'jsmoon'), ('LC_TIME', 'ko_KR.UTF-8'), ('XDG_SESSION_TYPE', 'x11'), ('SHLVL', '1'), ('LD_LIBRARY_PATH', '/opt/ros/humble/opt/rviz_ogre_vendor/lib:/opt/ros/humble/lib/x86_64-linux-gnu:/opt/ros/humble/lib:/home/jsmoon/Desktop/JSMOON/MLCS/project1/Personalized-Adaptive-Cruise/external/acados/lib:'), ('ACADOS_SOURCE_DIR', '/home/jsmoon/Desktop/JSMOON/MLCS/project1/Personalized-Adaptive-Cruise/external/acados'), ('HOME', '/home/jsmoon'), ('OLDPWD', '/home/jsmoon'), ('DESKTOP_SESSION', 'ubuntu-xorg'), ('PYENV_SHELL', 'bash'), ('GIO_LAUNCHED_DESKTOP_FILE', '/usr/share/applications/terminator.desktop'), ('ROS_PYTHON_VERSION', '3'), ('GNOME_SHELL_SESSION_MODE', 'ubuntu'), ('GTK_MODULES', 'gail:atk-bridge'), ('LC_MONETARY', 'ko_KR.UTF-8'), ('MANAGERPID', '1869'), ('SYSTEMD_EXEC_PID', '2431'), ('DBUS_SESSION_BUS_ADDRESS', 'unix:path=/run/user/1000/bus'), ('COLORTERM', 'truecolor'), ('TERMINATOR_DBUS_NAME', 'net.tenshu.Terminator23558193cd9818af7fe4d2c2f5bd9d00f'), ('GIO_LAUNCHED_DESKTOP_FILE_PID', '8379'), ('COLCON_PREFIX_PATH', '/home/jsmoon/ydlidar_ws/install'), ('ROS_DISTRO', 'humble'), ('GTK_IM_MODULE', 'ibus'), ('LOGNAME', 'jsmoon'), ('JOURNAL_STREAM', '8:9861'), ('_', '/usr/bin/colcon'), ('ROS_VERSION', '2'), ('XDG_SESSION_CLASS', 'user'), ('USERNAME', 'jsmoon'), ('TERM', 'xterm-256color'), ('GNOME_DESKTOP_SESSION_ID', 'this-is-deprecated'), ('ROS_LOCALHOST_ONLY', '0'), ('WINDOWPATH', '2'), ('PATH', '/opt/ros/humble/bin:/home/jsmoon/.pyenv/plugins/pyenv-virtualenv/shims:/home/jsmoon/.pyenv/shims:/home/jsmoon/.pyenv/bin:/home/jsmoon/.local/bin:/usr/local/sbin:/usr/local/bin:/usr/sbin:/usr/bin:/sbin:/bin:/usr/games:/usr/local/games:/snap/bin:/snap/bin'), ('SESSION_MANAGER', 'local/jsmoon-ASUS-TUF-Gaming-A14-FA401UM-FA401UM:@/tmp/.ICE-unix/2384,unix/jsmoon-ASUS-TUF-Gaming-A14-FA401UM-FA401UM:/tmp/.ICE-unix/2384'), ('INVOCATION_ID', '59e81587102e428d9dc34d9cf59fdca5'), ('XDG_MENU_PREFIX', 'gnome-'), ('LC_ADDRESS', 'ko_KR.UTF-8'), ('XDG_RUNTIME_DIR', '/run/user/1000'), ('DISPLAY', ':1'), ('TERMINATOR_DBUS_PATH', '/net/tenshu/Terminator2'), ('LANG', 'en_US.UTF-8'), ('XDG_CURRENT_DESKTOP', 'ubuntu:GNOME'), ('IBUS_DISABLE_SNOOPER', '1'), ('LC_TELEPHONE', 'ko_KR.UTF-8'), ('XMODIFIERS', '@im=ibus'), ('XDG_SESSION_DESKTOP', 'ubuntu-xorg'), ('XAUTHORITY', '/run/user/1000/gdm/Xauthority'), ('LS_COLORS', 'rs=0:di=01;34:ln=01;36:mh=00:pi=40;33:so=01;35:do=01;35:bd=40;33;01:cd=40;33;01:or=40;31;01:mi=00:su=37;41:sg=30;43:ca=30;41:tw=30;42:ow=34;42:st=37;44:ex=01;32:*.tar=01;31:*.tgz=01;31:*.arc=01;31:*.arj=01;31:*.taz=01;31:*.lha=01;31:*.lz4=01;31:*.lzh=01;31:*.lzma=01;31:*.tlz=01;31:*.txz=01;31:*.tzo=01;31:*.t7z=01;31:*.zip=01;31:*.z=01;31:*.dz=01;31:*.gz=01;31:*.lrz=01;31:*.lz=01;31:*.lzo=01;31:*.xz=01;31:*.zst=01;31:*.tzst=01;31:*.bz2=01;31:*.bz=01;31:*.tbz=01;31:*.tbz2=01;31:*.tz=01;31:*.deb=01;31:*.rpm=01;31:*.jar=01;31:*.war=01;31:*.ear=01;31:*.sar=01;31:*.rar=01;31:*.alz=01;31:*.ace=01;31:*.zoo=01;31:*.cpio=01;31:*.7z=01;31:*.rz=01;31:*.cab=01;31:*.wim=01;31:*.swm=01;31:*.dwm=01;31:*.esd=01;31:*.jpg=01;35:*.jpeg=01;35:*.mjpg=01;35:*.mjpeg=01;35:*.gif=01;35:*.bmp=01;35:*.pbm=01;35:*.pgm=01;35:*.ppm=01;35:*.tga=01;35:*.xbm=01;35:*.xpm=01;35:*.tif=01;35:*.tiff=01;35:*.png=01;35:*.svg=01;35:*.svgz=01;35:*.mng=01;35:*.pcx=01;35:*.mov=01;35:*.mpg=01;35:*.mpeg=01;35:*.m2v=01;35:*.mkv=01;35:*.webm=01;35:*.webp=01;35:*.ogm=01;35:*.mp4=01;35:*.m4v=01;35:*.mp4v=01;35:*.vob=01;35:*.qt=01;35:*.nuv=01;35:*.wmv=01;35:*.asf=01;35:*.rm=01;35:*.rmvb=01;35:*.flc=01;35:*.avi=01;35:*.fli=01;35:*.flv=01;35:*.gl=01;35:*.dl=01;35:*.xcf=01;35:*.xwd=01;35:*.yuv=01;35:*.cgm=01;35:*.emf=01;35:*.ogv=01;35:*.ogx=01;35:*.aac=00;36:*.au=00;36:*.flac=00;36:*.m4a=00;36:*.mid=00;36:*.midi=00;36:*.mka=00;36:*.mp3=00;36:*.mpc=00;36:*.ogg=00;36:*.ra=00;36:*.wav=00;36:*.oga=00;36:*.opus=00;36:*.spx=00;36:*.xspf=00;36:'), ('SSH_AGENT_LAUNCHER', 'gnome-keyring'), ('SSH_AUTH_SOCK', '/run/user/1000/keyring/ssh'), ('AMENT_PREFIX_PATH', '/home/jsmoon/ydlidar_ws/install/ydlidar_ros2_driver:/opt/ros/humble'), ('SHELL', '/bin/bash'), ('LC_NAME', 'ko_KR.UTF-8'), ('TERMINATOR_UUID', 'urn:uuid:df2315a3-6fbc-4574-8f2c-035191f51785'), ('QT_ACCESSIBILITY', '1'), ('GDMSESSION', 'ubuntu-xorg'), ('LESSCLOSE', '/usr/bin/lesspipe %s %s'), ('LC_MEASUREMENT', 'ko_KR.UTF-8'), ('GPG_AGENT_INFO', '/run/user/1000/gnupg/S.gpg-agent:0:1'), ('GJS_DEBUG_OUTPUT', 'stderr'), ('LC_IDENTIFICATION', 'ko_KR.UTF-8'), ('QT_IM_MODULE', 'ibus'), ('PWD', '/home/jsmoon/yax_jeju/build/ublox_serialization'), ('LC_ALL', 'en_US.UTF-8'), ('XDG_CONFIG_DIRS', '/etc/xdg/xdg-ubuntu-xorg:/etc/xdg'), ('PYENV_ROOT', '/home/jsmoon/.pyenv'), ('XDG_DATA_DIRS', '/usr/share/ubuntu-xorg:/usr/share/gnome:/usr/local/share/:/usr/share/:/var/lib/snapd/desktop'), ('PYTHONPATH', '/opt/ros/humble/lib/python3.10/site-packages:/opt/ros/humble/local/lib/python3.10/dist-packages'), ('LC_NUMERIC', 'ko_KR.UTF-8'), ('LC_PAPER', 'ko_KR.UTF-8'), ('COLCON', '1'), ('VTE_VERSION', '6800'), ('CMAKE_PREFIX_PATH', '/home/jsmoon/ydlidar_ws/install/ydlidar_ros2_driver:/opt/ros/humble')]), 'shell': False}
[1.703026] (ublox_serialization) StdoutLine: {'line': b'-- Install configuration: ""\n'}
[1.703412] (ublox_serialization) StdoutLine: {'line': b'-- Execute custom install script\n'}
[1.703831] (ublox_serialization) StdoutLine: {'line': b'-- Symlinking: /home/jsmoon/yax_jeju/install/ublox_serialization/include/ublox_serialization/ublox_serialization/checksum.hpp\n'}
[1.705863] (-) TimerEvent: {}
[1.720596] (ublox_serialization) StdoutLine: {'line': b'-- Symlinking: /home/jsmoon/yax_jeju/install/ublox_serialization/include/ublox_serialization/ublox_serialization/serialization.hpp\n'}
[1.738339] (ublox_serialization) StdoutLine: {'line': b'-- Symlinking: /home/jsmoon/yax_jeju/install/ublox_serialization/share/ament_index/resource_index/package_run_dependencies/ublox_serialization\n'}
[1.750446] (ublox_serialization) StdoutLine: {'line': b'-- Symlinking: /home/jsmoon/yax_jeju/install/ublox_serialization/share/ament_index/resource_index/parent_prefix_path/ublox_serialization\n'}
[1.762483] (ublox_serialization) StdoutLine: {'line': b'-- Symlinking: /home/jsmoon/yax_jeju/install/ublox_serialization/share/ublox_serialization/environment/ament_prefix_path.sh\n'}
[1.773659] (ublox_serialization) StdoutLine: {'line': b'-- Symlinking: /home/jsmoon/yax_jeju/install/ublox_serialization/share/ublox_serialization/environment/ament_prefix_path.dsv\n'}
[1.781844] (ydlidar_ros2_driver) StdoutLine: {'line': b'-- Found OpenSSL: /usr/lib/x86_64-linux-gnu/libcrypto.so (found version "3.0.2")  \n'}
[1.785626] (ublox_serialization) StdoutLine: {'line': b'-- Symlinking: /home/jsmoon/yax_jeju/install/ublox_serialization/share/ublox_serialization/environment/path.sh\n'}
[1.799891] (ublox_serialization) StdoutLine: {'line': b'-- Symlinking: /home/jsmoon/yax_jeju/install/ublox_serialization/share/ublox_serialization/environment/path.dsv\n'}
[1.806110] (-) TimerEvent: {}
[1.812518] (ublox_serialization) StdoutLine: {'line': b'-- Symlinking: /home/jsmoon/yax_jeju/install/ublox_serialization/share/ublox_serialization/local_setup.bash\n'}
[1.825054] (ublox_serialization) StdoutLine: {'line': b'-- Symlinking: /home/jsmoon/yax_jeju/install/ublox_serialization/share/ublox_serialization/local_setup.sh\n'}
[1.825380] (ydlidar_ros2_driver) StdoutLine: {'line': b'-- Found FastRTPS: /opt/ros/humble/include  \n'}
[1.839250] (ublox_serialization) StdoutLine: {'line': b'-- Symlinking: /home/jsmoon/yax_jeju/install/ublox_serialization/share/ublox_serialization/local_setup.zsh\n'}
[1.854981] (ublox_serialization) StdoutLine: {'line': b'-- Symlinking: /home/jsmoon/yax_jeju/install/ublox_serialization/share/ublox_serialization/local_setup.dsv\n'}
[1.868095] (ublox_serialization) StdoutLine: {'line': b'-- Symlinking: /home/jsmoon/yax_jeju/install/ublox_serialization/share/ublox_serialization/package.dsv\n'}
[1.879398] (ydlidar_ros2_driver) StdoutLine: {'line': b"-- Using RMW implementation 'rmw_fastrtps_cpp' as default\n"}
[1.884377] (ublox_serialization) StdoutLine: {'line': b'-- Symlinking: /home/jsmoon/yax_jeju/install/ublox_serialization/share/ament_index/resource_index/packages/ublox_serialization\n'}
[1.888972] (ydlidar_ros2_driver) StdoutLine: {'line': b'-- Looking for pthread.h\n'}
[1.899423] (ublox_serialization) StdoutLine: {'line': b'-- Symlinking: /home/jsmoon/yax_jeju/install/ublox_serialization/share/ublox_serialization/cmake/ament_cmake_export_include_directories-extras.cmake\n'}
[1.906238] (-) TimerEvent: {}
[1.912197] (ublox_serialization) StdoutLine: {'line': b'-- Symlinking: /home/jsmoon/yax_jeju/install/ublox_serialization/share/ublox_serialization/cmake/ament_cmake_export_targets-extras.cmake\n'}
[1.931189] (ublox_serialization) StdoutLine: {'line': b'-- Symlinking: /home/jsmoon/yax_jeju/install/ublox_serialization/share/ublox_serialization/cmake/ublox_serializationConfig.cmake\n'}
[1.947320] (ublox_serialization) StdoutLine: {'line': b'-- Symlinking: /home/jsmoon/yax_jeju/install/ublox_serialization/share/ublox_serialization/cmake/ublox_serializationConfig-version.cmake\n'}
[1.960159] (ublox_serialization) StdoutLine: {'line': b'-- Symlinking: /home/jsmoon/yax_jeju/install/ublox_serialization/share/ublox_serialization/package.xml\n'}
[1.974236] (ublox_serialization) StdoutLine: {'line': b'-- Installing: /home/jsmoon/yax_jeju/install/ublox_serialization/share/ublox_serialization/cmake/export_ublox_serializationExport.cmake\n'}
[1.978913] (ublox_serialization) CommandEnded: {'returncode': 0}
[2.001742] (ublox_serialization) JobEnded: {'identifier': 'ublox_serialization', 'rc': 0}
[2.003358] (ublox_msgs) JobStarted: {'identifier': 'ublox_msgs'}
[2.005683] (ydlidar_ros2_driver) StdoutLine: {'line': b'-- Looking for pthread.h - found\n'}
[2.006619] (-) TimerEvent: {}
[2.007313] (ydlidar_ros2_driver) StdoutLine: {'line': b'-- Performing Test CMAKE_HAVE_LIBC_PTHREAD\n'}
[2.009069] (ublox_msgs) JobProgress: {'identifier': 'ublox_msgs', 'progress': 'cmake'}
[2.009822] (ublox_msgs) Command: {'cmd': ['/usr/bin/cmake', '/home/jsmoon/yax_jeju/src/RTK_GPS_NTRIP/ublox_msgs', '-DAMENT_CMAKE_SYMLINK_INSTALL=1', '-DCMAKE_INSTALL_PREFIX=/home/jsmoon/yax_jeju/install/ublox_msgs'], 'cwd': '/home/jsmoon/yax_jeju/build/ublox_msgs', 'env': OrderedDict([('PYENV_VIRTUALENV_INIT', '1'), ('GJS_DEBUG_TOPICS', 'JS ERROR;JS LOG'), ('LESSOPEN', '| /usr/bin/lesspipe %s'), ('USER', 'jsmoon'), ('LC_TIME', 'ko_KR.UTF-8'), ('XDG_SESSION_TYPE', 'x11'), ('SHLVL', '1'), ('LD_LIBRARY_PATH', '/opt/ros/humble/opt/rviz_ogre_vendor/lib:/opt/ros/humble/lib/x86_64-linux-gnu:/opt/ros/humble/lib:/home/jsmoon/Desktop/JSMOON/MLCS/project1/Personalized-Adaptive-Cruise/external/acados/lib:'), ('ACADOS_SOURCE_DIR', '/home/jsmoon/Desktop/JSMOON/MLCS/project1/Personalized-Adaptive-Cruise/external/acados'), ('HOME', '/home/jsmoon'), ('OLDPWD', '/home/jsmoon'), ('DESKTOP_SESSION', 'ubuntu-xorg'), ('PYENV_SHELL', 'bash'), ('GIO_LAUNCHED_DESKTOP_FILE', '/usr/share/applications/terminator.desktop'), ('ROS_PYTHON_VERSION', '3'), ('GNOME_SHELL_SESSION_MODE', 'ubuntu'), ('GTK_MODULES', 'gail:atk-bridge'), ('LC_MONETARY', 'ko_KR.UTF-8'), ('MANAGERPID', '1869'), ('SYSTEMD_EXEC_PID', '2431'), ('DBUS_SESSION_BUS_ADDRESS', 'unix:path=/run/user/1000/bus'), ('COLORTERM', 'truecolor'), ('TERMINATOR_DBUS_NAME', 'net.tenshu.Terminator23558193cd9818af7fe4d2c2f5bd9d00f'), ('GIO_LAUNCHED_DESKTOP_FILE_PID', '8379'), ('COLCON_PREFIX_PATH', '/home/jsmoon/ydlidar_ws/install'), ('ROS_DISTRO', 'humble'), ('GTK_IM_MODULE', 'ibus'), ('LOGNAME', 'jsmoon'), ('JOURNAL_STREAM', '8:9861'), ('_', '/usr/bin/colcon'), ('ROS_VERSION', '2'), ('XDG_SESSION_CLASS', 'user'), ('USERNAME', 'jsmoon'), ('TERM', 'xterm-256color'), ('GNOME_DESKTOP_SESSION_ID', 'this-is-deprecated'), ('ROS_LOCALHOST_ONLY', '0'), ('WINDOWPATH', '2'), ('PATH', '/opt/ros/humble/bin:/home/jsmoon/.pyenv/plugins/pyenv-virtualenv/shims:/home/jsmoon/.pyenv/shims:/home/jsmoon/.pyenv/bin:/home/jsmoon/.local/bin:/usr/local/sbin:/usr/local/bin:/usr/sbin:/usr/bin:/sbin:/bin:/usr/games:/usr/local/games:/snap/bin:/snap/bin'), ('SESSION_MANAGER', 'local/jsmoon-ASUS-TUF-Gaming-A14-FA401UM-FA401UM:@/tmp/.ICE-unix/2384,unix/jsmoon-ASUS-TUF-Gaming-A14-FA401UM-FA401UM:/tmp/.ICE-unix/2384'), ('INVOCATION_ID', '59e81587102e428d9dc34d9cf59fdca5'), ('XDG_MENU_PREFIX', 'gnome-'), ('LC_ADDRESS', 'ko_KR.UTF-8'), ('XDG_RUNTIME_DIR', '/run/user/1000'), ('DISPLAY', ':1'), ('TERMINATOR_DBUS_PATH', '/net/tenshu/Terminator2'), ('LANG', 'en_US.UTF-8'), ('XDG_CURRENT_DESKTOP', 'ubuntu:GNOME'), ('IBUS_DISABLE_SNOOPER', '1'), ('LC_TELEPHONE', 'ko_KR.UTF-8'), ('XMODIFIERS', '@im=ibus'), ('XDG_SESSION_DESKTOP', 'ubuntu-xorg'), ('XAUTHORITY', '/run/user/1000/gdm/Xauthority'), ('LS_COLORS', 'rs=0:di=01;34:ln=01;36:mh=00:pi=40;33:so=01;35:do=01;35:bd=40;33;01:cd=40;33;01:or=40;31;01:mi=00:su=37;41:sg=30;43:ca=30;41:tw=30;42:ow=34;42:st=37;44:ex=01;32:*.tar=01;31:*.tgz=01;31:*.arc=01;31:*.arj=01;31:*.taz=01;31:*.lha=01;31:*.lz4=01;31:*.lzh=01;31:*.lzma=01;31:*.tlz=01;31:*.txz=01;31:*.tzo=01;31:*.t7z=01;31:*.zip=01;31:*.z=01;31:*.dz=01;31:*.gz=01;31:*.lrz=01;31:*.lz=01;31:*.lzo=01;31:*.xz=01;31:*.zst=01;31:*.tzst=01;31:*.bz2=01;31:*.bz=01;31:*.tbz=01;31:*.tbz2=01;31:*.tz=01;31:*.deb=01;31:*.rpm=01;31:*.jar=01;31:*.war=01;31:*.ear=01;31:*.sar=01;31:*.rar=01;31:*.alz=01;31:*.ace=01;31:*.zoo=01;31:*.cpio=01;31:*.7z=01;31:*.rz=01;31:*.cab=01;31:*.wim=01;31:*.swm=01;31:*.dwm=01;31:*.esd=01;31:*.jpg=01;35:*.jpeg=01;35:*.mjpg=01;35:*.mjpeg=01;35:*.gif=01;35:*.bmp=01;35:*.pbm=01;35:*.pgm=01;35:*.ppm=01;35:*.tga=01;35:*.xbm=01;35:*.xpm=01;35:*.tif=01;35:*.tiff=01;35:*.png=01;35:*.svg=01;35:*.svgz=01;35:*.mng=01;35:*.pcx=01;35:*.mov=01;35:*.mpg=01;35:*.mpeg=01;35:*.m2v=01;35:*.mkv=01;35:*.webm=01;35:*.webp=01;35:*.ogm=01;35:*.mp4=01;35:*.m4v=01;35:*.mp4v=01;35:*.vob=01;35:*.qt=01;35:*.nuv=01;35:*.wmv=01;35:*.asf=01;35:*.rm=01;35:*.rmvb=01;35:*.flc=01;35:*.avi=01;35:*.fli=01;35:*.flv=01;35:*.gl=01;35:*.dl=01;35:*.xcf=01;35:*.xwd=01;35:*.yuv=01;35:*.cgm=01;35:*.emf=01;35:*.ogv=01;35:*.ogx=01;35:*.aac=00;36:*.au=00;36:*.flac=00;36:*.m4a=00;36:*.mid=00;36:*.midi=00;36:*.mka=00;36:*.mp3=00;36:*.mpc=00;36:*.ogg=00;36:*.ra=00;36:*.wav=00;36:*.oga=00;36:*.opus=00;36:*.spx=00;36:*.xspf=00;36:'), ('SSH_AGENT_LAUNCHER', 'gnome-keyring'), ('SSH_AUTH_SOCK', '/run/user/1000/keyring/ssh'), ('AMENT_PREFIX_PATH', '/home/jsmoon/yax_jeju/install/ublox_serialization:/home/jsmoon/ydlidar_ws/install/ydlidar_ros2_driver:/opt/ros/humble'), ('SHELL', '/bin/bash'), ('LC_NAME', 'ko_KR.UTF-8'), ('TERMINATOR_UUID', 'urn:uuid:df2315a3-6fbc-4574-8f2c-035191f51785'), ('QT_ACCESSIBILITY', '1'), ('GDMSESSION', 'ubuntu-xorg'), ('LESSCLOSE', '/usr/bin/lesspipe %s %s'), ('LC_MEASUREMENT', 'ko_KR.UTF-8'), ('GPG_AGENT_INFO', '/run/user/1000/gnupg/S.gpg-agent:0:1'), ('GJS_DEBUG_OUTPUT', 'stderr'), ('LC_IDENTIFICATION', 'ko_KR.UTF-8'), ('QT_IM_MODULE', 'ibus'), ('PWD', '/home/jsmoon/yax_jeju/build/ublox_msgs'), ('LC_ALL', 'en_US.UTF-8'), ('XDG_CONFIG_DIRS', '/etc/xdg/xdg-ubuntu-xorg:/etc/xdg'), ('PYENV_ROOT', '/home/jsmoon/.pyenv'), ('XDG_DATA_DIRS', '/usr/share/ubuntu-xorg:/usr/share/gnome:/usr/local/share/:/usr/share/:/var/lib/snapd/desktop'), ('PYTHONPATH', '/opt/ros/humble/lib/python3.10/site-packages:/opt/ros/humble/local/lib/python3.10/dist-packages'), ('LC_NUMERIC', 'ko_KR.UTF-8'), ('LC_PAPER', 'ko_KR.UTF-8'), ('COLCON', '1'), ('VTE_VERSION', '6800'), ('CMAKE_PREFIX_PATH', '/home/jsmoon/yax_jeju/install/ublox_serialization:/home/jsmoon/ydlidar_ws/install/ydlidar_ros2_driver:/opt/ros/humble')]), 'shell': False}
[2.069207] (interfaces_pkg) StdoutLine: {'line': b'-- Found ament_cmake_ros: 0.10.0 (/opt/ros/humble/share/ament_cmake_ros/cmake)\n'}
[2.082779] (ublox_msgs) StdoutLine: {'line': b'-- The C compiler identification is GNU 11.4.0\n'}
[2.106847] (-) TimerEvent: {}
[2.118845] (ydlidar_ros2_driver) StdoutLine: {'line': b'-- Performing Test CMAKE_HAVE_LIBC_PTHREAD - Success\n'}
[2.120277] (ydlidar_ros2_driver) StdoutLine: {'line': b'-- Found Threads: TRUE  \n'}
[2.154195] (ublox_msgs) StdoutLine: {'line': b'-- The CXX compiler identification is GNU 11.4.0\n'}
[2.163316] (ublox_msgs) StdoutLine: {'line': b'-- Detecting C compiler ABI info\n'}
[2.181533] (ydlidar_ros2_driver) StdoutLine: {'line': b'-- Found sensor_msgs: 4.9.0 (/opt/ros/humble/share/sensor_msgs/cmake)\n'}
[2.207064] (-) TimerEvent: {}
[2.209387] (camera_perception_pkg) Command: {'cmd': ['/usr/bin/python3', '-W', 'ignore:setup.py install is deprecated', '-W', 'ignore:easy_install command is deprecated', 'setup.py', 'develop', '--editable', '--build-directory', '/home/jsmoon/yax_jeju/build/camera_perception_pkg/build', '--no-deps', 'symlink_data'], 'cwd': '/home/jsmoon/yax_jeju/build/camera_perception_pkg', 'env': {'PYENV_VIRTUALENV_INIT': '1', 'GJS_DEBUG_TOPICS': 'JS ERROR;JS LOG', 'LESSOPEN': '| /usr/bin/lesspipe %s', 'USER': 'jsmoon', 'LC_TIME': 'ko_KR.UTF-8', 'XDG_SESSION_TYPE': 'x11', 'SHLVL': '1', 'LD_LIBRARY_PATH': '/opt/ros/humble/opt/rviz_ogre_vendor/lib:/opt/ros/humble/lib/x86_64-linux-gnu:/opt/ros/humble/lib:/home/jsmoon/Desktop/JSMOON/MLCS/project1/Personalized-Adaptive-Cruise/external/acados/lib:', 'ACADOS_SOURCE_DIR': '/home/jsmoon/Desktop/JSMOON/MLCS/project1/Personalized-Adaptive-Cruise/external/acados', 'HOME': '/home/jsmoon', 'OLDPWD': '/home/jsmoon', 'DESKTOP_SESSION': 'ubuntu-xorg', 'PYENV_SHELL': 'bash', 'GIO_LAUNCHED_DESKTOP_FILE': '/usr/share/applications/terminator.desktop', 'ROS_PYTHON_VERSION': '3', 'GNOME_SHELL_SESSION_MODE': 'ubuntu', 'GTK_MODULES': 'gail:atk-bridge', 'LC_MONETARY': 'ko_KR.UTF-8', 'MANAGERPID': '1869', 'SYSTEMD_EXEC_PID': '2431', 'DBUS_SESSION_BUS_ADDRESS': 'unix:path=/run/user/1000/bus', 'COLORTERM': 'truecolor', 'TERMINATOR_DBUS_NAME': 'net.tenshu.Terminator23558193cd9818af7fe4d2c2f5bd9d00f', 'GIO_LAUNCHED_DESKTOP_FILE_PID': '8379', 'COLCON_PREFIX_PATH': '/home/jsmoon/ydlidar_ws/install', 'ROS_DISTRO': 'humble', 'GTK_IM_MODULE': 'ibus', 'LOGNAME': 'jsmoon', 'JOURNAL_STREAM': '8:9861', '_': '/usr/bin/colcon', 'ROS_VERSION': '2', 'XDG_SESSION_CLASS': 'user', 'USERNAME': 'jsmoon', 'TERM': 'xterm-256color', 'GNOME_DESKTOP_SESSION_ID': 'this-is-deprecated', 'ROS_LOCALHOST_ONLY': '0', 'WINDOWPATH': '2', 'PATH': '/opt/ros/humble/bin:/home/jsmoon/.pyenv/plugins/pyenv-virtualenv/shims:/home/jsmoon/.pyenv/shims:/home/jsmoon/.pyenv/bin:/home/jsmoon/.local/bin:/usr/local/sbin:/usr/local/bin:/usr/sbin:/usr/bin:/sbin:/bin:/usr/games:/usr/local/games:/snap/bin:/snap/bin', 'SESSION_MANAGER': 'local/jsmoon-ASUS-TUF-Gaming-A14-FA401UM-FA401UM:@/tmp/.ICE-unix/2384,unix/jsmoon-ASUS-TUF-Gaming-A14-FA401UM-FA401UM:/tmp/.ICE-unix/2384', 'INVOCATION_ID': '59e81587102e428d9dc34d9cf59fdca5', 'XDG_MENU_PREFIX': 'gnome-', 'LC_ADDRESS': 'ko_KR.UTF-8', 'XDG_RUNTIME_DIR': '/run/user/1000', 'DISPLAY': ':1', 'TERMINATOR_DBUS_PATH': '/net/tenshu/Terminator2', 'LANG': 'en_US.UTF-8', 'XDG_CURRENT_DESKTOP': 'ubuntu:GNOME', 'IBUS_DISABLE_SNOOPER': '1', 'LC_TELEPHONE': 'ko_KR.UTF-8', 'XMODIFIERS': '@im=ibus', 'XDG_SESSION_DESKTOP': 'ubuntu-xorg', 'XAUTHORITY': '/run/user/1000/gdm/Xauthority', 'LS_COLORS': 'rs=0:di=01;34:ln=01;36:mh=00:pi=40;33:so=01;35:do=01;35:bd=40;33;01:cd=40;33;01:or=40;31;01:mi=00:su=37;41:sg=30;43:ca=30;41:tw=30;42:ow=34;42:st=37;44:ex=01;32:*.tar=01;31:*.tgz=01;31:*.arc=01;31:*.arj=01;31:*.taz=01;31:*.lha=01;31:*.lz4=01;31:*.lzh=01;31:*.lzma=01;31:*.tlz=01;31:*.txz=01;31:*.tzo=01;31:*.t7z=01;31:*.zip=01;31:*.z=01;31:*.dz=01;31:*.gz=01;31:*.lrz=01;31:*.lz=01;31:*.lzo=01;31:*.xz=01;31:*.zst=01;31:*.tzst=01;31:*.bz2=01;31:*.bz=01;31:*.tbz=01;31:*.tbz2=01;31:*.tz=01;31:*.deb=01;31:*.rpm=01;31:*.jar=01;31:*.war=01;31:*.ear=01;31:*.sar=01;31:*.rar=01;31:*.alz=01;31:*.ace=01;31:*.zoo=01;31:*.cpio=01;31:*.7z=01;31:*.rz=01;31:*.cab=01;31:*.wim=01;31:*.swm=01;31:*.dwm=01;31:*.esd=01;31:*.jpg=01;35:*.jpeg=01;35:*.mjpg=01;35:*.mjpeg=01;35:*.gif=01;35:*.bmp=01;35:*.pbm=01;35:*.pgm=01;35:*.ppm=01;35:*.tga=01;35:*.xbm=01;35:*.xpm=01;35:*.tif=01;35:*.tiff=01;35:*.png=01;35:*.svg=01;35:*.svgz=01;35:*.mng=01;35:*.pcx=01;35:*.mov=01;35:*.mpg=01;35:*.mpeg=01;35:*.m2v=01;35:*.mkv=01;35:*.webm=01;35:*.webp=01;35:*.ogm=01;35:*.mp4=01;35:*.m4v=01;35:*.mp4v=01;35:*.vob=01;35:*.qt=01;35:*.nuv=01;35:*.wmv=01;35:*.asf=01;35:*.rm=01;35:*.rmvb=01;35:*.flc=01;35:*.avi=01;35:*.fli=01;35:*.flv=01;35:*.gl=01;35:*.dl=01;35:*.xcf=01;35:*.xwd=01;35:*.yuv=01;35:*.cgm=01;35:*.emf=01;35:*.ogv=01;35:*.ogx=01;35:*.aac=00;36:*.au=00;36:*.flac=00;36:*.m4a=00;36:*.mid=00;36:*.midi=00;36:*.mka=00;36:*.mp3=00;36:*.mpc=00;36:*.ogg=00;36:*.ra=00;36:*.wav=00;36:*.oga=00;36:*.opus=00;36:*.spx=00;36:*.xspf=00;36:', 'SSH_AGENT_LAUNCHER': 'gnome-keyring', 'SSH_AUTH_SOCK': '/run/user/1000/keyring/ssh', 'AMENT_PREFIX_PATH': '/home/jsmoon/ydlidar_ws/install/ydlidar_ros2_driver:/opt/ros/humble', 'SHELL': '/bin/bash', 'LC_NAME': 'ko_KR.UTF-8', 'TERMINATOR_UUID': 'urn:uuid:df2315a3-6fbc-4574-8f2c-035191f51785', 'QT_ACCESSIBILITY': '1', 'GDMSESSION': 'ubuntu-xorg', 'LESSCLOSE': '/usr/bin/lesspipe %s %s', 'LC_MEASUREMENT': 'ko_KR.UTF-8', 'GPG_AGENT_INFO': '/run/user/1000/gnupg/S.gpg-agent:0:1', 'GJS_DEBUG_OUTPUT': 'stderr', 'LC_IDENTIFICATION': 'ko_KR.UTF-8', 'QT_IM_MODULE': 'ibus', 'PWD': '/home/jsmoon/yax_jeju/build/camera_perception_pkg', 'LC_ALL': 'en_US.UTF-8', 'XDG_CONFIG_DIRS': '/etc/xdg/xdg-ubuntu-xorg:/etc/xdg', 'PYENV_ROOT': '/home/jsmoon/.pyenv', 'XDG_DATA_DIRS': '/usr/share/ubuntu-xorg:/usr/share/gnome:/usr/local/share/:/usr/share/:/var/lib/snapd/desktop', 'PYTHONPATH': '/home/jsmoon/yax_jeju/build/camera_perception_pkg/prefix_override:/usr/lib/python3/dist-packages/colcon_core/task/python/colcon_distutils_commands:/home/jsmoon/yax_jeju/install/camera_perception_pkg/lib/python3.10/site-packages:/opt/ros/humble/lib/python3.10/site-packages:/opt/ros/humble/local/lib/python3.10/dist-packages', 'LC_NUMERIC': 'ko_KR.UTF-8', 'LC_PAPER': 'ko_KR.UTF-8', 'COLCON': '1', 'VTE_VERSION': '6800', 'CMAKE_PREFIX_PATH': '/home/jsmoon/ydlidar_ws/install/ydlidar_ros2_driver'}, 'shell': False}
[2.215929] (debug_pkg) Command: {'cmd': ['/usr/bin/python3', '-W', 'ignore:setup.py install is deprecated', '-W', 'ignore:easy_install command is deprecated', 'setup.py', 'develop', '--editable', '--build-directory', '/home/jsmoon/yax_jeju/build/debug_pkg/build', '--no-deps', 'symlink_data'], 'cwd': '/home/jsmoon/yax_jeju/build/debug_pkg', 'env': {'PYENV_VIRTUALENV_INIT': '1', 'GJS_DEBUG_TOPICS': 'JS ERROR;JS LOG', 'LESSOPEN': '| /usr/bin/lesspipe %s', 'USER': 'jsmoon', 'LC_TIME': 'ko_KR.UTF-8', 'XDG_SESSION_TYPE': 'x11', 'SHLVL': '1', 'LD_LIBRARY_PATH': '/opt/ros/humble/opt/rviz_ogre_vendor/lib:/opt/ros/humble/lib/x86_64-linux-gnu:/opt/ros/humble/lib:/home/jsmoon/Desktop/JSMOON/MLCS/project1/Personalized-Adaptive-Cruise/external/acados/lib:', 'ACADOS_SOURCE_DIR': '/home/jsmoon/Desktop/JSMOON/MLCS/project1/Personalized-Adaptive-Cruise/external/acados', 'HOME': '/home/jsmoon', 'OLDPWD': '/home/jsmoon', 'DESKTOP_SESSION': 'ubuntu-xorg', 'PYENV_SHELL': 'bash', 'GIO_LAUNCHED_DESKTOP_FILE': '/usr/share/applications/terminator.desktop', 'ROS_PYTHON_VERSION': '3', 'GNOME_SHELL_SESSION_MODE': 'ubuntu', 'GTK_MODULES': 'gail:atk-bridge', 'LC_MONETARY': 'ko_KR.UTF-8', 'MANAGERPID': '1869', 'SYSTEMD_EXEC_PID': '2431', 'DBUS_SESSION_BUS_ADDRESS': 'unix:path=/run/user/1000/bus', 'COLORTERM': 'truecolor', 'TERMINATOR_DBUS_NAME': 'net.tenshu.Terminator23558193cd9818af7fe4d2c2f5bd9d00f', 'GIO_LAUNCHED_DESKTOP_FILE_PID': '8379', 'COLCON_PREFIX_PATH': '/home/jsmoon/ydlidar_ws/install', 'ROS_DISTRO': 'humble', 'GTK_IM_MODULE': 'ibus', 'LOGNAME': 'jsmoon', 'JOURNAL_STREAM': '8:9861', '_': '/usr/bin/colcon', 'ROS_VERSION': '2', 'XDG_SESSION_CLASS': 'user', 'USERNAME': 'jsmoon', 'TERM': 'xterm-256color', 'GNOME_DESKTOP_SESSION_ID': 'this-is-deprecated', 'ROS_LOCALHOST_ONLY': '0', 'WINDOWPATH': '2', 'PATH': '/opt/ros/humble/bin:/home/jsmoon/.pyenv/plugins/pyenv-virtualenv/shims:/home/jsmoon/.pyenv/shims:/home/jsmoon/.pyenv/bin:/home/jsmoon/.local/bin:/usr/local/sbin:/usr/local/bin:/usr/sbin:/usr/bin:/sbin:/bin:/usr/games:/usr/local/games:/snap/bin:/snap/bin', 'SESSION_MANAGER': 'local/jsmoon-ASUS-TUF-Gaming-A14-FA401UM-FA401UM:@/tmp/.ICE-unix/2384,unix/jsmoon-ASUS-TUF-Gaming-A14-FA401UM-FA401UM:/tmp/.ICE-unix/2384', 'INVOCATION_ID': '59e81587102e428d9dc34d9cf59fdca5', 'XDG_MENU_PREFIX': 'gnome-', 'LC_ADDRESS': 'ko_KR.UTF-8', 'XDG_RUNTIME_DIR': '/run/user/1000', 'DISPLAY': ':1', 'TERMINATOR_DBUS_PATH': '/net/tenshu/Terminator2', 'LANG': 'en_US.UTF-8', 'XDG_CURRENT_DESKTOP': 'ubuntu:GNOME', 'IBUS_DISABLE_SNOOPER': '1', 'LC_TELEPHONE': 'ko_KR.UTF-8', 'XMODIFIERS': '@im=ibus', 'XDG_SESSION_DESKTOP': 'ubuntu-xorg', 'XAUTHORITY': '/run/user/1000/gdm/Xauthority', 'LS_COLORS': 'rs=0:di=01;34:ln=01;36:mh=00:pi=40;33:so=01;35:do=01;35:bd=40;33;01:cd=40;33;01:or=40;31;01:mi=00:su=37;41:sg=30;43:ca=30;41:tw=30;42:ow=34;42:st=37;44:ex=01;32:*.tar=01;31:*.tgz=01;31:*.arc=01;31:*.arj=01;31:*.taz=01;31:*.lha=01;31:*.lz4=01;31:*.lzh=01;31:*.lzma=01;31:*.tlz=01;31:*.txz=01;31:*.tzo=01;31:*.t7z=01;31:*.zip=01;31:*.z=01;31:*.dz=01;31:*.gz=01;31:*.lrz=01;31:*.lz=01;31:*.lzo=01;31:*.xz=01;31:*.zst=01;31:*.tzst=01;31:*.bz2=01;31:*.bz=01;31:*.tbz=01;31:*.tbz2=01;31:*.tz=01;31:*.deb=01;31:*.rpm=01;31:*.jar=01;31:*.war=01;31:*.ear=01;31:*.sar=01;31:*.rar=01;31:*.alz=01;31:*.ace=01;31:*.zoo=01;31:*.cpio=01;31:*.7z=01;31:*.rz=01;31:*.cab=01;31:*.wim=01;31:*.swm=01;31:*.dwm=01;31:*.esd=01;31:*.jpg=01;35:*.jpeg=01;35:*.mjpg=01;35:*.mjpeg=01;35:*.gif=01;35:*.bmp=01;35:*.pbm=01;35:*.pgm=01;35:*.ppm=01;35:*.tga=01;35:*.xbm=01;35:*.xpm=01;35:*.tif=01;35:*.tiff=01;35:*.png=01;35:*.svg=01;35:*.svgz=01;35:*.mng=01;35:*.pcx=01;35:*.mov=01;35:*.mpg=01;35:*.mpeg=01;35:*.m2v=01;35:*.mkv=01;35:*.webm=01;35:*.webp=01;35:*.ogm=01;35:*.mp4=01;35:*.m4v=01;35:*.mp4v=01;35:*.vob=01;35:*.qt=01;35:*.nuv=01;35:*.wmv=01;35:*.asf=01;35:*.rm=01;35:*.rmvb=01;35:*.flc=01;35:*.avi=01;35:*.fli=01;35:*.flv=01;35:*.gl=01;35:*.dl=01;35:*.xcf=01;35:*.xwd=01;35:*.yuv=01;35:*.cgm=01;35:*.emf=01;35:*.ogv=01;35:*.ogx=01;35:*.aac=00;36:*.au=00;36:*.flac=00;36:*.m4a=00;36:*.mid=00;36:*.midi=00;36:*.mka=00;36:*.mp3=00;36:*.mpc=00;36:*.ogg=00;36:*.ra=00;36:*.wav=00;36:*.oga=00;36:*.opus=00;36:*.spx=00;36:*.xspf=00;36:', 'SSH_AGENT_LAUNCHER': 'gnome-keyring', 'SSH_AUTH_SOCK': '/run/user/1000/keyring/ssh', 'AMENT_PREFIX_PATH': '/home/jsmoon/ydlidar_ws/install/ydlidar_ros2_driver:/opt/ros/humble', 'SHELL': '/bin/bash', 'LC_NAME': 'ko_KR.UTF-8', 'TERMINATOR_UUID': 'urn:uuid:df2315a3-6fbc-4574-8f2c-035191f51785', 'QT_ACCESSIBILITY': '1', 'GDMSESSION': 'ubuntu-xorg', 'LESSCLOSE': '/usr/bin/lesspipe %s %s', 'LC_MEASUREMENT': 'ko_KR.UTF-8', 'GPG_AGENT_INFO': '/run/user/1000/gnupg/S.gpg-agent:0:1', 'GJS_DEBUG_OUTPUT': 'stderr', 'LC_IDENTIFICATION': 'ko_KR.UTF-8', 'QT_IM_MODULE': 'ibus', 'PWD': '/home/jsmoon/yax_jeju/build/debug_pkg', 'LC_ALL': 'en_US.UTF-8', 'XDG_CONFIG_DIRS': '/etc/xdg/xdg-ubuntu-xorg:/etc/xdg', 'PYENV_ROOT': '/home/jsmoon/.pyenv', 'XDG_DATA_DIRS': '/usr/share/ubuntu-xorg:/usr/share/gnome:/usr/local/share/:/usr/share/:/var/lib/snapd/desktop', 'PYTHONPATH': '/home/jsmoon/yax_jeju/build/debug_pkg/prefix_override:/usr/lib/python3/dist-packages/colcon_core/task/python/colcon_distutils_commands:/home/jsmoon/yax_jeju/install/debug_pkg/lib/python3.10/site-packages:/opt/ros/humble/lib/python3.10/site-packages:/opt/ros/humble/local/lib/python3.10/dist-packages', 'LC_NUMERIC': 'ko_KR.UTF-8', 'LC_PAPER': 'ko_KR.UTF-8', 'COLCON': '1', 'VTE_VERSION': '6800', 'CMAKE_PREFIX_PATH': '/home/jsmoon/ydlidar_ws/install/ydlidar_ros2_driver'}, 'shell': False}
[2.218398] (ydlidar_ros2_driver) StdoutLine: {'line': b'-- Found visualization_msgs: 4.9.0 (/opt/ros/humble/share/visualization_msgs/cmake)\n'}
[2.219331] (ntrip_client) Command: {'cmd': ['/usr/bin/python3', '-W', 'ignore:setup.py install is deprecated', '-W', 'ignore:easy_install command is deprecated', 'setup.py', 'develop', '--editable', '--build-directory', '/home/jsmoon/yax_jeju/build/ntrip_client/build', '--no-deps', 'symlink_data'], 'cwd': '/home/jsmoon/yax_jeju/build/ntrip_client', 'env': {'PYENV_VIRTUALENV_INIT': '1', 'GJS_DEBUG_TOPICS': 'JS ERROR;JS LOG', 'LESSOPEN': '| /usr/bin/lesspipe %s', 'USER': 'jsmoon', 'LC_TIME': 'ko_KR.UTF-8', 'XDG_SESSION_TYPE': 'x11', 'SHLVL': '1', 'LD_LIBRARY_PATH': '/opt/ros/humble/opt/rviz_ogre_vendor/lib:/opt/ros/humble/lib/x86_64-linux-gnu:/opt/ros/humble/lib:/home/jsmoon/Desktop/JSMOON/MLCS/project1/Personalized-Adaptive-Cruise/external/acados/lib:', 'ACADOS_SOURCE_DIR': '/home/jsmoon/Desktop/JSMOON/MLCS/project1/Personalized-Adaptive-Cruise/external/acados', 'HOME': '/home/jsmoon', 'OLDPWD': '/home/jsmoon', 'DESKTOP_SESSION': 'ubuntu-xorg', 'PYENV_SHELL': 'bash', 'GIO_LAUNCHED_DESKTOP_FILE': '/usr/share/applications/terminator.desktop', 'ROS_PYTHON_VERSION': '3', 'GNOME_SHELL_SESSION_MODE': 'ubuntu', 'GTK_MODULES': 'gail:atk-bridge', 'LC_MONETARY': 'ko_KR.UTF-8', 'MANAGERPID': '1869', 'SYSTEMD_EXEC_PID': '2431', 'DBUS_SESSION_BUS_ADDRESS': 'unix:path=/run/user/1000/bus', 'COLORTERM': 'truecolor', 'TERMINATOR_DBUS_NAME': 'net.tenshu.Terminator23558193cd9818af7fe4d2c2f5bd9d00f', 'GIO_LAUNCHED_DESKTOP_FILE_PID': '8379', 'COLCON_PREFIX_PATH': '/home/jsmoon/ydlidar_ws/install', 'ROS_DISTRO': 'humble', 'GTK_IM_MODULE': 'ibus', 'LOGNAME': 'jsmoon', 'JOURNAL_STREAM': '8:9861', '_': '/usr/bin/colcon', 'ROS_VERSION': '2', 'XDG_SESSION_CLASS': 'user', 'USERNAME': 'jsmoon', 'TERM': 'xterm-256color', 'GNOME_DESKTOP_SESSION_ID': 'this-is-deprecated', 'ROS_LOCALHOST_ONLY': '0', 'WINDOWPATH': '2', 'PATH': '/opt/ros/humble/bin:/home/jsmoon/.pyenv/plugins/pyenv-virtualenv/shims:/home/jsmoon/.pyenv/shims:/home/jsmoon/.pyenv/bin:/home/jsmoon/.local/bin:/usr/local/sbin:/usr/local/bin:/usr/sbin:/usr/bin:/sbin:/bin:/usr/games:/usr/local/games:/snap/bin:/snap/bin', 'SESSION_MANAGER': 'local/jsmoon-ASUS-TUF-Gaming-A14-FA401UM-FA401UM:@/tmp/.ICE-unix/2384,unix/jsmoon-ASUS-TUF-Gaming-A14-FA401UM-FA401UM:/tmp/.ICE-unix/2384', 'INVOCATION_ID': '59e81587102e428d9dc34d9cf59fdca5', 'XDG_MENU_PREFIX': 'gnome-', 'LC_ADDRESS': 'ko_KR.UTF-8', 'XDG_RUNTIME_DIR': '/run/user/1000', 'DISPLAY': ':1', 'TERMINATOR_DBUS_PATH': '/net/tenshu/Terminator2', 'LANG': 'en_US.UTF-8', 'XDG_CURRENT_DESKTOP': 'ubuntu:GNOME', 'IBUS_DISABLE_SNOOPER': '1', 'LC_TELEPHONE': 'ko_KR.UTF-8', 'XMODIFIERS': '@im=ibus', 'XDG_SESSION_DESKTOP': 'ubuntu-xorg', 'XAUTHORITY': '/run/user/1000/gdm/Xauthority', 'LS_COLORS': 'rs=0:di=01;34:ln=01;36:mh=00:pi=40;33:so=01;35:do=01;35:bd=40;33;01:cd=40;33;01:or=40;31;01:mi=00:su=37;41:sg=30;43:ca=30;41:tw=30;42:ow=34;42:st=37;44:ex=01;32:*.tar=01;31:*.tgz=01;31:*.arc=01;31:*.arj=01;31:*.taz=01;31:*.lha=01;31:*.lz4=01;31:*.lzh=01;31:*.lzma=01;31:*.tlz=01;31:*.txz=01;31:*.tzo=01;31:*.t7z=01;31:*.zip=01;31:*.z=01;31:*.dz=01;31:*.gz=01;31:*.lrz=01;31:*.lz=01;31:*.lzo=01;31:*.xz=01;31:*.zst=01;31:*.tzst=01;31:*.bz2=01;31:*.bz=01;31:*.tbz=01;31:*.tbz2=01;31:*.tz=01;31:*.deb=01;31:*.rpm=01;31:*.jar=01;31:*.war=01;31:*.ear=01;31:*.sar=01;31:*.rar=01;31:*.alz=01;31:*.ace=01;31:*.zoo=01;31:*.cpio=01;31:*.7z=01;31:*.rz=01;31:*.cab=01;31:*.wim=01;31:*.swm=01;31:*.dwm=01;31:*.esd=01;31:*.jpg=01;35:*.jpeg=01;35:*.mjpg=01;35:*.mjpeg=01;35:*.gif=01;35:*.bmp=01;35:*.pbm=01;35:*.pgm=01;35:*.ppm=01;35:*.tga=01;35:*.xbm=01;35:*.xpm=01;35:*.tif=01;35:*.tiff=01;35:*.png=01;35:*.svg=01;35:*.svgz=01;35:*.mng=01;35:*.pcx=01;35:*.mov=01;35:*.mpg=01;35:*.mpeg=01;35:*.m2v=01;35:*.mkv=01;35:*.webm=01;35:*.webp=01;35:*.ogm=01;35:*.mp4=01;35:*.m4v=01;35:*.mp4v=01;35:*.vob=01;35:*.qt=01;35:*.nuv=01;35:*.wmv=01;35:*.asf=01;35:*.rm=01;35:*.rmvb=01;35:*.flc=01;35:*.avi=01;35:*.fli=01;35:*.flv=01;35:*.gl=01;35:*.dl=01;35:*.xcf=01;35:*.xwd=01;35:*.yuv=01;35:*.cgm=01;35:*.emf=01;35:*.ogv=01;35:*.ogx=01;35:*.aac=00;36:*.au=00;36:*.flac=00;36:*.m4a=00;36:*.mid=00;36:*.midi=00;36:*.mka=00;36:*.mp3=00;36:*.mpc=00;36:*.ogg=00;36:*.ra=00;36:*.wav=00;36:*.oga=00;36:*.opus=00;36:*.spx=00;36:*.xspf=00;36:', 'SSH_AGENT_LAUNCHER': 'gnome-keyring', 'SSH_AUTH_SOCK': '/run/user/1000/keyring/ssh', 'AMENT_PREFIX_PATH': '/home/jsmoon/ydlidar_ws/install/ydlidar_ros2_driver:/opt/ros/humble', 'SHELL': '/bin/bash', 'LC_NAME': 'ko_KR.UTF-8', 'TERMINATOR_UUID': 'urn:uuid:df2315a3-6fbc-4574-8f2c-035191f51785', 'QT_ACCESSIBILITY': '1', 'GDMSESSION': 'ubuntu-xorg', 'LESSCLOSE': '/usr/bin/lesspipe %s %s', 'LC_MEASUREMENT': 'ko_KR.UTF-8', 'GPG_AGENT_INFO': '/run/user/1000/gnupg/S.gpg-agent:0:1', 'GJS_DEBUG_OUTPUT': 'stderr', 'LC_IDENTIFICATION': 'ko_KR.UTF-8', 'QT_IM_MODULE': 'ibus', 'PWD': '/home/jsmoon/yax_jeju/build/ntrip_client', 'LC_ALL': 'en_US.UTF-8', 'XDG_CONFIG_DIRS': '/etc/xdg/xdg-ubuntu-xorg:/etc/xdg', 'PYENV_ROOT': '/home/jsmoon/.pyenv', 'XDG_DATA_DIRS': '/usr/share/ubuntu-xorg:/usr/share/gnome:/usr/local/share/:/usr/share/:/var/lib/snapd/desktop', 'PYTHONPATH': '/home/jsmoon/yax_jeju/build/ntrip_client/prefix_override:/usr/lib/python3/dist-packages/colcon_core/task/python/colcon_distutils_commands:/home/jsmoon/yax_jeju/install/ntrip_client/lib/python3.10/site-packages:/opt/ros/humble/lib/python3.10/site-packages:/opt/ros/humble/local/lib/python3.10/dist-packages', 'LC_NUMERIC': 'ko_KR.UTF-8', 'LC_PAPER': 'ko_KR.UTF-8', 'COLCON': '1', 'VTE_VERSION': '6800', 'CMAKE_PREFIX_PATH': '/home/jsmoon/ydlidar_ws/install/ydlidar_ros2_driver'}, 'shell': False}
[2.238665] (decision_making_pkg) Command: {'cmd': ['/usr/bin/python3', '-W', 'ignore:setup.py install is deprecated', '-W', 'ignore:easy_install command is deprecated', 'setup.py', 'develop', '--editable', '--build-directory', '/home/jsmoon/yax_jeju/build/decision_making_pkg/build', '--no-deps', 'symlink_data'], 'cwd': '/home/jsmoon/yax_jeju/build/decision_making_pkg', 'env': {'PYENV_VIRTUALENV_INIT': '1', 'GJS_DEBUG_TOPICS': 'JS ERROR;JS LOG', 'LESSOPEN': '| /usr/bin/lesspipe %s', 'USER': 'jsmoon', 'LC_TIME': 'ko_KR.UTF-8', 'XDG_SESSION_TYPE': 'x11', 'SHLVL': '1', 'LD_LIBRARY_PATH': '/opt/ros/humble/opt/rviz_ogre_vendor/lib:/opt/ros/humble/lib/x86_64-linux-gnu:/opt/ros/humble/lib:/home/jsmoon/Desktop/JSMOON/MLCS/project1/Personalized-Adaptive-Cruise/external/acados/lib:', 'ACADOS_SOURCE_DIR': '/home/jsmoon/Desktop/JSMOON/MLCS/project1/Personalized-Adaptive-Cruise/external/acados', 'HOME': '/home/jsmoon', 'OLDPWD': '/home/jsmoon', 'DESKTOP_SESSION': 'ubuntu-xorg', 'PYENV_SHELL': 'bash', 'GIO_LAUNCHED_DESKTOP_FILE': '/usr/share/applications/terminator.desktop', 'ROS_PYTHON_VERSION': '3', 'GNOME_SHELL_SESSION_MODE': 'ubuntu', 'GTK_MODULES': 'gail:atk-bridge', 'LC_MONETARY': 'ko_KR.UTF-8', 'MANAGERPID': '1869', 'SYSTEMD_EXEC_PID': '2431', 'DBUS_SESSION_BUS_ADDRESS': 'unix:path=/run/user/1000/bus', 'COLORTERM': 'truecolor', 'TERMINATOR_DBUS_NAME': 'net.tenshu.Terminator23558193cd9818af7fe4d2c2f5bd9d00f', 'GIO_LAUNCHED_DESKTOP_FILE_PID': '8379', 'COLCON_PREFIX_PATH': '/home/jsmoon/ydlidar_ws/install', 'ROS_DISTRO': 'humble', 'GTK_IM_MODULE': 'ibus', 'LOGNAME': 'jsmoon', 'JOURNAL_STREAM': '8:9861', '_': '/usr/bin/colcon', 'ROS_VERSION': '2', 'XDG_SESSION_CLASS': 'user', 'USERNAME': 'jsmoon', 'TERM': 'xterm-256color', 'GNOME_DESKTOP_SESSION_ID': 'this-is-deprecated', 'ROS_LOCALHOST_ONLY': '0', 'WINDOWPATH': '2', 'PATH': '/opt/ros/humble/bin:/home/jsmoon/.pyenv/plugins/pyenv-virtualenv/shims:/home/jsmoon/.pyenv/shims:/home/jsmoon/.pyenv/bin:/home/jsmoon/.local/bin:/usr/local/sbin:/usr/local/bin:/usr/sbin:/usr/bin:/sbin:/bin:/usr/games:/usr/local/games:/snap/bin:/snap/bin', 'SESSION_MANAGER': 'local/jsmoon-ASUS-TUF-Gaming-A14-FA401UM-FA401UM:@/tmp/.ICE-unix/2384,unix/jsmoon-ASUS-TUF-Gaming-A14-FA401UM-FA401UM:/tmp/.ICE-unix/2384', 'INVOCATION_ID': '59e81587102e428d9dc34d9cf59fdca5', 'XDG_MENU_PREFIX': 'gnome-', 'LC_ADDRESS': 'ko_KR.UTF-8', 'XDG_RUNTIME_DIR': '/run/user/1000', 'DISPLAY': ':1', 'TERMINATOR_DBUS_PATH': '/net/tenshu/Terminator2', 'LANG': 'en_US.UTF-8', 'XDG_CURRENT_DESKTOP': 'ubuntu:GNOME', 'IBUS_DISABLE_SNOOPER': '1', 'LC_TELEPHONE': 'ko_KR.UTF-8', 'XMODIFIERS': '@im=ibus', 'XDG_SESSION_DESKTOP': 'ubuntu-xorg', 'XAUTHORITY': '/run/user/1000/gdm/Xauthority', 'LS_COLORS': 'rs=0:di=01;34:ln=01;36:mh=00:pi=40;33:so=01;35:do=01;35:bd=40;33;01:cd=40;33;01:or=40;31;01:mi=00:su=37;41:sg=30;43:ca=30;41:tw=30;42:ow=34;42:st=37;44:ex=01;32:*.tar=01;31:*.tgz=01;31:*.arc=01;31:*.arj=01;31:*.taz=01;31:*.lha=01;31:*.lz4=01;31:*.lzh=01;31:*.lzma=01;31:*.tlz=01;31:*.txz=01;31:*.tzo=01;31:*.t7z=01;31:*.zip=01;31:*.z=01;31:*.dz=01;31:*.gz=01;31:*.lrz=01;31:*.lz=01;31:*.lzo=01;31:*.xz=01;31:*.zst=01;31:*.tzst=01;31:*.bz2=01;31:*.bz=01;31:*.tbz=01;31:*.tbz2=01;31:*.tz=01;31:*.deb=01;31:*.rpm=01;31:*.jar=01;31:*.war=01;31:*.ear=01;31:*.sar=01;31:*.rar=01;31:*.alz=01;31:*.ace=01;31:*.zoo=01;31:*.cpio=01;31:*.7z=01;31:*.rz=01;31:*.cab=01;31:*.wim=01;31:*.swm=01;31:*.dwm=01;31:*.esd=01;31:*.jpg=01;35:*.jpeg=01;35:*.mjpg=01;35:*.mjpeg=01;35:*.gif=01;35:*.bmp=01;35:*.pbm=01;35:*.pgm=01;35:*.ppm=01;35:*.tga=01;35:*.xbm=01;35:*.xpm=01;35:*.tif=01;35:*.tiff=01;35:*.png=01;35:*.svg=01;35:*.svgz=01;35:*.mng=01;35:*.pcx=01;35:*.mov=01;35:*.mpg=01;35:*.mpeg=01;35:*.m2v=01;35:*.mkv=01;35:*.webm=01;35:*.webp=01;35:*.ogm=01;35:*.mp4=01;35:*.m4v=01;35:*.mp4v=01;35:*.vob=01;35:*.qt=01;35:*.nuv=01;35:*.wmv=01;35:*.asf=01;35:*.rm=01;35:*.rmvb=01;35:*.flc=01;35:*.avi=01;35:*.fli=01;35:*.flv=01;35:*.gl=01;35:*.dl=01;35:*.xcf=01;35:*.xwd=01;35:*.yuv=01;35:*.cgm=01;35:*.emf=01;35:*.ogv=01;35:*.ogx=01;35:*.aac=00;36:*.au=00;36:*.flac=00;36:*.m4a=00;36:*.mid=00;36:*.midi=00;36:*.mka=00;36:*.mp3=00;36:*.mpc=00;36:*.ogg=00;36:*.ra=00;36:*.wav=00;36:*.oga=00;36:*.opus=00;36:*.spx=00;36:*.xspf=00;36:', 'SSH_AGENT_LAUNCHER': 'gnome-keyring', 'SSH_AUTH_SOCK': '/run/user/1000/keyring/ssh', 'AMENT_PREFIX_PATH': '/home/jsmoon/ydlidar_ws/install/ydlidar_ros2_driver:/opt/ros/humble', 'SHELL': '/bin/bash', 'LC_NAME': 'ko_KR.UTF-8', 'TERMINATOR_UUID': 'urn:uuid:df2315a3-6fbc-4574-8f2c-035191f51785', 'QT_ACCESSIBILITY': '1', 'GDMSESSION': 'ubuntu-xorg', 'LESSCLOSE': '/usr/bin/lesspipe %s %s', 'LC_MEASUREMENT': 'ko_KR.UTF-8', 'GPG_AGENT_INFO': '/run/user/1000/gnupg/S.gpg-agent:0:1', 'GJS_DEBUG_OUTPUT': 'stderr', 'LC_IDENTIFICATION': 'ko_KR.UTF-8', 'QT_IM_MODULE': 'ibus', 'PWD': '/home/jsmoon/yax_jeju/build/decision_making_pkg', 'LC_ALL': 'en_US.UTF-8', 'XDG_CONFIG_DIRS': '/etc/xdg/xdg-ubuntu-xorg:/etc/xdg', 'PYENV_ROOT': '/home/jsmoon/.pyenv', 'XDG_DATA_DIRS': '/usr/share/ubuntu-xorg:/usr/share/gnome:/usr/local/share/:/usr/share/:/var/lib/snapd/desktop', 'PYTHONPATH': '/home/jsmoon/yax_jeju/build/decision_making_pkg/prefix_override:/usr/lib/python3/dist-packages/colcon_core/task/python/colcon_distutils_commands:/home/jsmoon/yax_jeju/install/decision_making_pkg/lib/python3.10/site-packages:/opt/ros/humble/lib/python3.10/site-packages:/opt/ros/humble/local/lib/python3.10/dist-packages', 'LC_NUMERIC': 'ko_KR.UTF-8', 'LC_PAPER': 'ko_KR.UTF-8', 'COLCON': '1', 'VTE_VERSION': '6800', 'CMAKE_PREFIX_PATH': '/home/jsmoon/ydlidar_ws/install/ydlidar_ros2_driver'}, 'shell': False}
[2.242990] (ydlidar_ros2_driver) StdoutLine: {'line': b'-- Found std_srvs: 4.9.0 (/opt/ros/humble/share/std_srvs/cmake)\n'}
[2.244294] (serial_communication_pkg) Command: {'cmd': ['/usr/bin/python3', '-W', 'ignore:setup.py install is deprecated', '-W', 'ignore:easy_install command is deprecated', 'setup.py', 'develop', '--editable', '--build-directory', '/home/jsmoon/yax_jeju/build/serial_communication_pkg/build', '--no-deps', 'symlink_data'], 'cwd': '/home/jsmoon/yax_jeju/build/serial_communication_pkg', 'env': {'PYENV_VIRTUALENV_INIT': '1', 'GJS_DEBUG_TOPICS': 'JS ERROR;JS LOG', 'LESSOPEN': '| /usr/bin/lesspipe %s', 'USER': 'jsmoon', 'LC_TIME': 'ko_KR.UTF-8', 'XDG_SESSION_TYPE': 'x11', 'SHLVL': '1', 'LD_LIBRARY_PATH': '/opt/ros/humble/opt/rviz_ogre_vendor/lib:/opt/ros/humble/lib/x86_64-linux-gnu:/opt/ros/humble/lib:/home/jsmoon/Desktop/JSMOON/MLCS/project1/Personalized-Adaptive-Cruise/external/acados/lib:', 'ACADOS_SOURCE_DIR': '/home/jsmoon/Desktop/JSMOON/MLCS/project1/Personalized-Adaptive-Cruise/external/acados', 'HOME': '/home/jsmoon', 'OLDPWD': '/home/jsmoon', 'DESKTOP_SESSION': 'ubuntu-xorg', 'PYENV_SHELL': 'bash', 'GIO_LAUNCHED_DESKTOP_FILE': '/usr/share/applications/terminator.desktop', 'ROS_PYTHON_VERSION': '3', 'GNOME_SHELL_SESSION_MODE': 'ubuntu', 'GTK_MODULES': 'gail:atk-bridge', 'LC_MONETARY': 'ko_KR.UTF-8', 'MANAGERPID': '1869', 'SYSTEMD_EXEC_PID': '2431', 'DBUS_SESSION_BUS_ADDRESS': 'unix:path=/run/user/1000/bus', 'COLORTERM': 'truecolor', 'TERMINATOR_DBUS_NAME': 'net.tenshu.Terminator23558193cd9818af7fe4d2c2f5bd9d00f', 'GIO_LAUNCHED_DESKTOP_FILE_PID': '8379', 'COLCON_PREFIX_PATH': '/home/jsmoon/ydlidar_ws/install', 'ROS_DISTRO': 'humble', 'GTK_IM_MODULE': 'ibus', 'LOGNAME': 'jsmoon', 'JOURNAL_STREAM': '8:9861', '_': '/usr/bin/colcon', 'ROS_VERSION': '2', 'XDG_SESSION_CLASS': 'user', 'USERNAME': 'jsmoon', 'TERM': 'xterm-256color', 'GNOME_DESKTOP_SESSION_ID': 'this-is-deprecated', 'ROS_LOCALHOST_ONLY': '0', 'WINDOWPATH': '2', 'PATH': '/opt/ros/humble/bin:/home/jsmoon/.pyenv/plugins/pyenv-virtualenv/shims:/home/jsmoon/.pyenv/shims:/home/jsmoon/.pyenv/bin:/home/jsmoon/.local/bin:/usr/local/sbin:/usr/local/bin:/usr/sbin:/usr/bin:/sbin:/bin:/usr/games:/usr/local/games:/snap/bin:/snap/bin', 'SESSION_MANAGER': 'local/jsmoon-ASUS-TUF-Gaming-A14-FA401UM-FA401UM:@/tmp/.ICE-unix/2384,unix/jsmoon-ASUS-TUF-Gaming-A14-FA401UM-FA401UM:/tmp/.ICE-unix/2384', 'INVOCATION_ID': '59e81587102e428d9dc34d9cf59fdca5', 'XDG_MENU_PREFIX': 'gnome-', 'LC_ADDRESS': 'ko_KR.UTF-8', 'XDG_RUNTIME_DIR': '/run/user/1000', 'DISPLAY': ':1', 'TERMINATOR_DBUS_PATH': '/net/tenshu/Terminator2', 'LANG': 'en_US.UTF-8', 'XDG_CURRENT_DESKTOP': 'ubuntu:GNOME', 'IBUS_DISABLE_SNOOPER': '1', 'LC_TELEPHONE': 'ko_KR.UTF-8', 'XMODIFIERS': '@im=ibus', 'XDG_SESSION_DESKTOP': 'ubuntu-xorg', 'XAUTHORITY': '/run/user/1000/gdm/Xauthority', 'LS_COLORS': 'rs=0:di=01;34:ln=01;36:mh=00:pi=40;33:so=01;35:do=01;35:bd=40;33;01:cd=40;33;01:or=40;31;01:mi=00:su=37;41:sg=30;43:ca=30;41:tw=30;42:ow=34;42:st=37;44:ex=01;32:*.tar=01;31:*.tgz=01;31:*.arc=01;31:*.arj=01;31:*.taz=01;31:*.lha=01;31:*.lz4=01;31:*.lzh=01;31:*.lzma=01;31:*.tlz=01;31:*.txz=01;31:*.tzo=01;31:*.t7z=01;31:*.zip=01;31:*.z=01;31:*.dz=01;31:*.gz=01;31:*.lrz=01;31:*.lz=01;31:*.lzo=01;31:*.xz=01;31:*.zst=01;31:*.tzst=01;31:*.bz2=01;31:*.bz=01;31:*.tbz=01;31:*.tbz2=01;31:*.tz=01;31:*.deb=01;31:*.rpm=01;31:*.jar=01;31:*.war=01;31:*.ear=01;31:*.sar=01;31:*.rar=01;31:*.alz=01;31:*.ace=01;31:*.zoo=01;31:*.cpio=01;31:*.7z=01;31:*.rz=01;31:*.cab=01;31:*.wim=01;31:*.swm=01;31:*.dwm=01;31:*.esd=01;31:*.jpg=01;35:*.jpeg=01;35:*.mjpg=01;35:*.mjpeg=01;35:*.gif=01;35:*.bmp=01;35:*.pbm=01;35:*.pgm=01;35:*.ppm=01;35:*.tga=01;35:*.xbm=01;35:*.xpm=01;35:*.tif=01;35:*.tiff=01;35:*.png=01;35:*.svg=01;35:*.svgz=01;35:*.mng=01;35:*.pcx=01;35:*.mov=01;35:*.mpg=01;35:*.mpeg=01;35:*.m2v=01;35:*.mkv=01;35:*.webm=01;35:*.webp=01;35:*.ogm=01;35:*.mp4=01;35:*.m4v=01;35:*.mp4v=01;35:*.vob=01;35:*.qt=01;35:*.nuv=01;35:*.wmv=01;35:*.asf=01;35:*.rm=01;35:*.rmvb=01;35:*.flc=01;35:*.avi=01;35:*.fli=01;35:*.flv=01;35:*.gl=01;35:*.dl=01;35:*.xcf=01;35:*.xwd=01;35:*.yuv=01;35:*.cgm=01;35:*.emf=01;35:*.ogv=01;35:*.ogx=01;35:*.aac=00;36:*.au=00;36:*.flac=00;36:*.m4a=00;36:*.mid=00;36:*.midi=00;36:*.mka=00;36:*.mp3=00;36:*.mpc=00;36:*.ogg=00;36:*.ra=00;36:*.wav=00;36:*.oga=00;36:*.opus=00;36:*.spx=00;36:*.xspf=00;36:', 'SSH_AGENT_LAUNCHER': 'gnome-keyring', 'SSH_AUTH_SOCK': '/run/user/1000/keyring/ssh', 'AMENT_PREFIX_PATH': '/home/jsmoon/ydlidar_ws/install/ydlidar_ros2_driver:/opt/ros/humble', 'SHELL': '/bin/bash', 'LC_NAME': 'ko_KR.UTF-8', 'TERMINATOR_UUID': 'urn:uuid:df2315a3-6fbc-4574-8f2c-035191f51785', 'QT_ACCESSIBILITY': '1', 'GDMSESSION': 'ubuntu-xorg', 'LESSCLOSE': '/usr/bin/lesspipe %s %s', 'LC_MEASUREMENT': 'ko_KR.UTF-8', 'GPG_AGENT_INFO': '/run/user/1000/gnupg/S.gpg-agent:0:1', 'GJS_DEBUG_OUTPUT': 'stderr', 'LC_IDENTIFICATION': 'ko_KR.UTF-8', 'QT_IM_MODULE': 'ibus', 'PWD': '/home/jsmoon/yax_jeju/build/serial_communication_pkg', 'LC_ALL': 'en_US.UTF-8', 'XDG_CONFIG_DIRS': '/etc/xdg/xdg-ubuntu-xorg:/etc/xdg', 'PYENV_ROOT': '/home/jsmoon/.pyenv', 'XDG_DATA_DIRS': '/usr/share/ubuntu-xorg:/usr/share/gnome:/usr/local/share/:/usr/share/:/var/lib/snapd/desktop', 'PYTHONPATH': '/home/jsmoon/yax_jeju/build/serial_communication_pkg/prefix_override:/usr/lib/python3/dist-packages/colcon_core/task/python/colcon_distutils_commands:/home/jsmoon/yax_jeju/install/serial_communication_pkg/lib/python3.10/site-packages:/opt/ros/humble/lib/python3.10/site-packages:/opt/ros/humble/local/lib/python3.10/dist-packages', 'LC_NUMERIC': 'ko_KR.UTF-8', 'LC_PAPER': 'ko_KR.UTF-8', 'COLCON': '1', 'VTE_VERSION': '6800', 'CMAKE_PREFIX_PATH': '/home/jsmoon/ydlidar_ws/install/ydlidar_ros2_driver'}, 'shell': False}
[2.250016] (lidar_perception_pkg) Command: {'cmd': ['/usr/bin/python3', '-W', 'ignore:setup.py install is deprecated', '-W', 'ignore:easy_install command is deprecated', 'setup.py', 'develop', '--editable', '--build-directory', '/home/jsmoon/yax_jeju/build/lidar_perception_pkg/build', '--no-deps', 'symlink_data'], 'cwd': '/home/jsmoon/yax_jeju/build/lidar_perception_pkg', 'env': {'PYENV_VIRTUALENV_INIT': '1', 'GJS_DEBUG_TOPICS': 'JS ERROR;JS LOG', 'LESSOPEN': '| /usr/bin/lesspipe %s', 'USER': 'jsmoon', 'LC_TIME': 'ko_KR.UTF-8', 'XDG_SESSION_TYPE': 'x11', 'SHLVL': '1', 'LD_LIBRARY_PATH': '/opt/ros/humble/opt/rviz_ogre_vendor/lib:/opt/ros/humble/lib/x86_64-linux-gnu:/opt/ros/humble/lib:/home/jsmoon/Desktop/JSMOON/MLCS/project1/Personalized-Adaptive-Cruise/external/acados/lib:', 'ACADOS_SOURCE_DIR': '/home/jsmoon/Desktop/JSMOON/MLCS/project1/Personalized-Adaptive-Cruise/external/acados', 'HOME': '/home/jsmoon', 'OLDPWD': '/home/jsmoon', 'DESKTOP_SESSION': 'ubuntu-xorg', 'PYENV_SHELL': 'bash', 'GIO_LAUNCHED_DESKTOP_FILE': '/usr/share/applications/terminator.desktop', 'ROS_PYTHON_VERSION': '3', 'GNOME_SHELL_SESSION_MODE': 'ubuntu', 'GTK_MODULES': 'gail:atk-bridge', 'LC_MONETARY': 'ko_KR.UTF-8', 'MANAGERPID': '1869', 'SYSTEMD_EXEC_PID': '2431', 'DBUS_SESSION_BUS_ADDRESS': 'unix:path=/run/user/1000/bus', 'COLORTERM': 'truecolor', 'TERMINATOR_DBUS_NAME': 'net.tenshu.Terminator23558193cd9818af7fe4d2c2f5bd9d00f', 'GIO_LAUNCHED_DESKTOP_FILE_PID': '8379', 'COLCON_PREFIX_PATH': '/home/jsmoon/ydlidar_ws/install', 'ROS_DISTRO': 'humble', 'GTK_IM_MODULE': 'ibus', 'LOGNAME': 'jsmoon', 'JOURNAL_STREAM': '8:9861', '_': '/usr/bin/colcon', 'ROS_VERSION': '2', 'XDG_SESSION_CLASS': 'user', 'USERNAME': 'jsmoon', 'TERM': 'xterm-256color', 'GNOME_DESKTOP_SESSION_ID': 'this-is-deprecated', 'ROS_LOCALHOST_ONLY': '0', 'WINDOWPATH': '2', 'PATH': '/opt/ros/humble/bin:/home/jsmoon/.pyenv/plugins/pyenv-virtualenv/shims:/home/jsmoon/.pyenv/shims:/home/jsmoon/.pyenv/bin:/home/jsmoon/.local/bin:/usr/local/sbin:/usr/local/bin:/usr/sbin:/usr/bin:/sbin:/bin:/usr/games:/usr/local/games:/snap/bin:/snap/bin', 'SESSION_MANAGER': 'local/jsmoon-ASUS-TUF-Gaming-A14-FA401UM-FA401UM:@/tmp/.ICE-unix/2384,unix/jsmoon-ASUS-TUF-Gaming-A14-FA401UM-FA401UM:/tmp/.ICE-unix/2384', 'INVOCATION_ID': '59e81587102e428d9dc34d9cf59fdca5', 'XDG_MENU_PREFIX': 'gnome-', 'LC_ADDRESS': 'ko_KR.UTF-8', 'XDG_RUNTIME_DIR': '/run/user/1000', 'DISPLAY': ':1', 'TERMINATOR_DBUS_PATH': '/net/tenshu/Terminator2', 'LANG': 'en_US.UTF-8', 'XDG_CURRENT_DESKTOP': 'ubuntu:GNOME', 'IBUS_DISABLE_SNOOPER': '1', 'LC_TELEPHONE': 'ko_KR.UTF-8', 'XMODIFIERS': '@im=ibus', 'XDG_SESSION_DESKTOP': 'ubuntu-xorg', 'XAUTHORITY': '/run/user/1000/gdm/Xauthority', 'LS_COLORS': 'rs=0:di=01;34:ln=01;36:mh=00:pi=40;33:so=01;35:do=01;35:bd=40;33;01:cd=40;33;01:or=40;31;01:mi=00:su=37;41:sg=30;43:ca=30;41:tw=30;42:ow=34;42:st=37;44:ex=01;32:*.tar=01;31:*.tgz=01;31:*.arc=01;31:*.arj=01;31:*.taz=01;31:*.lha=01;31:*.lz4=01;31:*.lzh=01;31:*.lzma=01;31:*.tlz=01;31:*.txz=01;31:*.tzo=01;31:*.t7z=01;31:*.zip=01;31:*.z=01;31:*.dz=01;31:*.gz=01;31:*.lrz=01;31:*.lz=01;31:*.lzo=01;31:*.xz=01;31:*.zst=01;31:*.tzst=01;31:*.bz2=01;31:*.bz=01;31:*.tbz=01;31:*.tbz2=01;31:*.tz=01;31:*.deb=01;31:*.rpm=01;31:*.jar=01;31:*.war=01;31:*.ear=01;31:*.sar=01;31:*.rar=01;31:*.alz=01;31:*.ace=01;31:*.zoo=01;31:*.cpio=01;31:*.7z=01;31:*.rz=01;31:*.cab=01;31:*.wim=01;31:*.swm=01;31:*.dwm=01;31:*.esd=01;31:*.jpg=01;35:*.jpeg=01;35:*.mjpg=01;35:*.mjpeg=01;35:*.gif=01;35:*.bmp=01;35:*.pbm=01;35:*.pgm=01;35:*.ppm=01;35:*.tga=01;35:*.xbm=01;35:*.xpm=01;35:*.tif=01;35:*.tiff=01;35:*.png=01;35:*.svg=01;35:*.svgz=01;35:*.mng=01;35:*.pcx=01;35:*.mov=01;35:*.mpg=01;35:*.mpeg=01;35:*.m2v=01;35:*.mkv=01;35:*.webm=01;35:*.webp=01;35:*.ogm=01;35:*.mp4=01;35:*.m4v=01;35:*.mp4v=01;35:*.vob=01;35:*.qt=01;35:*.nuv=01;35:*.wmv=01;35:*.asf=01;35:*.rm=01;35:*.rmvb=01;35:*.flc=01;35:*.avi=01;35:*.fli=01;35:*.flv=01;35:*.gl=01;35:*.dl=01;35:*.xcf=01;35:*.xwd=01;35:*.yuv=01;35:*.cgm=01;35:*.emf=01;35:*.ogv=01;35:*.ogx=01;35:*.aac=00;36:*.au=00;36:*.flac=00;36:*.m4a=00;36:*.mid=00;36:*.midi=00;36:*.mka=00;36:*.mp3=00;36:*.mpc=00;36:*.ogg=00;36:*.ra=00;36:*.wav=00;36:*.oga=00;36:*.opus=00;36:*.spx=00;36:*.xspf=00;36:', 'SSH_AGENT_LAUNCHER': 'gnome-keyring', 'SSH_AUTH_SOCK': '/run/user/1000/keyring/ssh', 'AMENT_PREFIX_PATH': '/home/jsmoon/ydlidar_ws/install/ydlidar_ros2_driver:/opt/ros/humble', 'SHELL': '/bin/bash', 'LC_NAME': 'ko_KR.UTF-8', 'TERMINATOR_UUID': 'urn:uuid:df2315a3-6fbc-4574-8f2c-035191f51785', 'QT_ACCESSIBILITY': '1', 'GDMSESSION': 'ubuntu-xorg', 'LESSCLOSE': '/usr/bin/lesspipe %s %s', 'LC_MEASUREMENT': 'ko_KR.UTF-8', 'GPG_AGENT_INFO': '/run/user/1000/gnupg/S.gpg-agent:0:1', 'GJS_DEBUG_OUTPUT': 'stderr', 'LC_IDENTIFICATION': 'ko_KR.UTF-8', 'QT_IM_MODULE': 'ibus', 'PWD': '/home/jsmoon/yax_jeju/build/lidar_perception_pkg', 'LC_ALL': 'en_US.UTF-8', 'XDG_CONFIG_DIRS': '/etc/xdg/xdg-ubuntu-xorg:/etc/xdg', 'PYENV_ROOT': '/home/jsmoon/.pyenv', 'XDG_DATA_DIRS': '/usr/share/ubuntu-xorg:/usr/share/gnome:/usr/local/share/:/usr/share/:/var/lib/snapd/desktop', 'PYTHONPATH': '/home/jsmoon/yax_jeju/build/lidar_perception_pkg/prefix_override:/usr/lib/python3/dist-packages/colcon_core/task/python/colcon_distutils_commands:/home/jsmoon/yax_jeju/install/lidar_perception_pkg/lib/python3.10/site-packages:/opt/ros/humble/lib/python3.10/site-packages:/opt/ros/humble/local/lib/python3.10/dist-packages', 'LC_NUMERIC': 'ko_KR.UTF-8', 'LC_PAPER': 'ko_KR.UTF-8', 'COLCON': '1', 'VTE_VERSION': '6800', 'CMAKE_PREFIX_PATH': '/home/jsmoon/ydlidar_ws/install/ydlidar_ros2_driver'}, 'shell': False}
[2.260515] (ydlidar_ros2_driver) StdoutLine: {'line': b'-- Found ament_lint_auto: 0.12.14 (/opt/ros/humble/share/ament_lint_auto/cmake)\n'}
[2.261788] (ublox_msgs) StdoutLine: {'line': b'-- Detecting C compiler ABI info - done\n'}
[2.267087] (latlong_utm) Command: {'cmd': ['/usr/bin/python3', '-W', 'ignore:setup.py install is deprecated', '-W', 'ignore:easy_install command is deprecated', 'setup.py', 'develop', '--editable', '--build-directory', '/home/jsmoon/yax_jeju/build/latlong_utm/build', '--no-deps', 'symlink_data'], 'cwd': '/home/jsmoon/yax_jeju/build/latlong_utm', 'env': {'PYENV_VIRTUALENV_INIT': '1', 'GJS_DEBUG_TOPICS': 'JS ERROR;JS LOG', 'LESSOPEN': '| /usr/bin/lesspipe %s', 'USER': 'jsmoon', 'LC_TIME': 'ko_KR.UTF-8', 'XDG_SESSION_TYPE': 'x11', 'SHLVL': '1', 'LD_LIBRARY_PATH': '/opt/ros/humble/opt/rviz_ogre_vendor/lib:/opt/ros/humble/lib/x86_64-linux-gnu:/opt/ros/humble/lib:/home/jsmoon/Desktop/JSMOON/MLCS/project1/Personalized-Adaptive-Cruise/external/acados/lib:', 'ACADOS_SOURCE_DIR': '/home/jsmoon/Desktop/JSMOON/MLCS/project1/Personalized-Adaptive-Cruise/external/acados', 'HOME': '/home/jsmoon', 'OLDPWD': '/home/jsmoon', 'DESKTOP_SESSION': 'ubuntu-xorg', 'PYENV_SHELL': 'bash', 'GIO_LAUNCHED_DESKTOP_FILE': '/usr/share/applications/terminator.desktop', 'ROS_PYTHON_VERSION': '3', 'GNOME_SHELL_SESSION_MODE': 'ubuntu', 'GTK_MODULES': 'gail:atk-bridge', 'LC_MONETARY': 'ko_KR.UTF-8', 'MANAGERPID': '1869', 'SYSTEMD_EXEC_PID': '2431', 'DBUS_SESSION_BUS_ADDRESS': 'unix:path=/run/user/1000/bus', 'COLORTERM': 'truecolor', 'TERMINATOR_DBUS_NAME': 'net.tenshu.Terminator23558193cd9818af7fe4d2c2f5bd9d00f', 'GIO_LAUNCHED_DESKTOP_FILE_PID': '8379', 'COLCON_PREFIX_PATH': '/home/jsmoon/ydlidar_ws/install', 'ROS_DISTRO': 'humble', 'GTK_IM_MODULE': 'ibus', 'LOGNAME': 'jsmoon', 'JOURNAL_STREAM': '8:9861', '_': '/usr/bin/colcon', 'ROS_VERSION': '2', 'XDG_SESSION_CLASS': 'user', 'USERNAME': 'jsmoon', 'TERM': 'xterm-256color', 'GNOME_DESKTOP_SESSION_ID': 'this-is-deprecated', 'ROS_LOCALHOST_ONLY': '0', 'WINDOWPATH': '2', 'PATH': '/opt/ros/humble/bin:/home/jsmoon/.pyenv/plugins/pyenv-virtualenv/shims:/home/jsmoon/.pyenv/shims:/home/jsmoon/.pyenv/bin:/home/jsmoon/.local/bin:/usr/local/sbin:/usr/local/bin:/usr/sbin:/usr/bin:/sbin:/bin:/usr/games:/usr/local/games:/snap/bin:/snap/bin', 'SESSION_MANAGER': 'local/jsmoon-ASUS-TUF-Gaming-A14-FA401UM-FA401UM:@/tmp/.ICE-unix/2384,unix/jsmoon-ASUS-TUF-Gaming-A14-FA401UM-FA401UM:/tmp/.ICE-unix/2384', 'INVOCATION_ID': '59e81587102e428d9dc34d9cf59fdca5', 'XDG_MENU_PREFIX': 'gnome-', 'LC_ADDRESS': 'ko_KR.UTF-8', 'XDG_RUNTIME_DIR': '/run/user/1000', 'DISPLAY': ':1', 'TERMINATOR_DBUS_PATH': '/net/tenshu/Terminator2', 'LANG': 'en_US.UTF-8', 'XDG_CURRENT_DESKTOP': 'ubuntu:GNOME', 'IBUS_DISABLE_SNOOPER': '1', 'LC_TELEPHONE': 'ko_KR.UTF-8', 'XMODIFIERS': '@im=ibus', 'XDG_SESSION_DESKTOP': 'ubuntu-xorg', 'XAUTHORITY': '/run/user/1000/gdm/Xauthority', 'LS_COLORS': 'rs=0:di=01;34:ln=01;36:mh=00:pi=40;33:so=01;35:do=01;35:bd=40;33;01:cd=40;33;01:or=40;31;01:mi=00:su=37;41:sg=30;43:ca=30;41:tw=30;42:ow=34;42:st=37;44:ex=01;32:*.tar=01;31:*.tgz=01;31:*.arc=01;31:*.arj=01;31:*.taz=01;31:*.lha=01;31:*.lz4=01;31:*.lzh=01;31:*.lzma=01;31:*.tlz=01;31:*.txz=01;31:*.tzo=01;31:*.t7z=01;31:*.zip=01;31:*.z=01;31:*.dz=01;31:*.gz=01;31:*.lrz=01;31:*.lz=01;31:*.lzo=01;31:*.xz=01;31:*.zst=01;31:*.tzst=01;31:*.bz2=01;31:*.bz=01;31:*.tbz=01;31:*.tbz2=01;31:*.tz=01;31:*.deb=01;31:*.rpm=01;31:*.jar=01;31:*.war=01;31:*.ear=01;31:*.sar=01;31:*.rar=01;31:*.alz=01;31:*.ace=01;31:*.zoo=01;31:*.cpio=01;31:*.7z=01;31:*.rz=01;31:*.cab=01;31:*.wim=01;31:*.swm=01;31:*.dwm=01;31:*.esd=01;31:*.jpg=01;35:*.jpeg=01;35:*.mjpg=01;35:*.mjpeg=01;35:*.gif=01;35:*.bmp=01;35:*.pbm=01;35:*.pgm=01;35:*.ppm=01;35:*.tga=01;35:*.xbm=01;35:*.xpm=01;35:*.tif=01;35:*.tiff=01;35:*.png=01;35:*.svg=01;35:*.svgz=01;35:*.mng=01;35:*.pcx=01;35:*.mov=01;35:*.mpg=01;35:*.mpeg=01;35:*.m2v=01;35:*.mkv=01;35:*.webm=01;35:*.webp=01;35:*.ogm=01;35:*.mp4=01;35:*.m4v=01;35:*.mp4v=01;35:*.vob=01;35:*.qt=01;35:*.nuv=01;35:*.wmv=01;35:*.asf=01;35:*.rm=01;35:*.rmvb=01;35:*.flc=01;35:*.avi=01;35:*.fli=01;35:*.flv=01;35:*.gl=01;35:*.dl=01;35:*.xcf=01;35:*.xwd=01;35:*.yuv=01;35:*.cgm=01;35:*.emf=01;35:*.ogv=01;35:*.ogx=01;35:*.aac=00;36:*.au=00;36:*.flac=00;36:*.m4a=00;36:*.mid=00;36:*.midi=00;36:*.mka=00;36:*.mp3=00;36:*.mpc=00;36:*.ogg=00;36:*.ra=00;36:*.wav=00;36:*.oga=00;36:*.opus=00;36:*.spx=00;36:*.xspf=00;36:', 'SSH_AGENT_LAUNCHER': 'gnome-keyring', 'SSH_AUTH_SOCK': '/run/user/1000/keyring/ssh', 'AMENT_PREFIX_PATH': '/home/jsmoon/ydlidar_ws/install/ydlidar_ros2_driver:/opt/ros/humble', 'SHELL': '/bin/bash', 'LC_NAME': 'ko_KR.UTF-8', 'TERMINATOR_UUID': 'urn:uuid:df2315a3-6fbc-4574-8f2c-035191f51785', 'QT_ACCESSIBILITY': '1', 'GDMSESSION': 'ubuntu-xorg', 'LESSCLOSE': '/usr/bin/lesspipe %s %s', 'LC_MEASUREMENT': 'ko_KR.UTF-8', 'GPG_AGENT_INFO': '/run/user/1000/gnupg/S.gpg-agent:0:1', 'GJS_DEBUG_OUTPUT': 'stderr', 'LC_IDENTIFICATION': 'ko_KR.UTF-8', 'QT_IM_MODULE': 'ibus', 'PWD': '/home/jsmoon/yax_jeju/build/latlong_utm', 'LC_ALL': 'en_US.UTF-8', 'XDG_CONFIG_DIRS': '/etc/xdg/xdg-ubuntu-xorg:/etc/xdg', 'PYENV_ROOT': '/home/jsmoon/.pyenv', 'XDG_DATA_DIRS': '/usr/share/ubuntu-xorg:/usr/share/gnome:/usr/local/share/:/usr/share/:/var/lib/snapd/desktop', 'PYTHONPATH': '/home/jsmoon/yax_jeju/build/latlong_utm/prefix_override:/usr/lib/python3/dist-packages/colcon_core/task/python/colcon_distutils_commands:/home/jsmoon/yax_jeju/install/latlong_utm/lib/python3.10/site-packages:/opt/ros/humble/lib/python3.10/site-packages:/opt/ros/humble/local/lib/python3.10/dist-packages', 'LC_NUMERIC': 'ko_KR.UTF-8', 'LC_PAPER': 'ko_KR.UTF-8', 'COLCON': '1', 'VTE_VERSION': '6800', 'CMAKE_PREFIX_PATH': '/home/jsmoon/ydlidar_ws/install/ydlidar_ros2_driver'}, 'shell': False}
[2.269732] (ublox_msgs) StdoutLine: {'line': b'-- Check for working C compiler: /usr/bin/cc - skipped\n'}
[2.269969] (ublox_msgs) StdoutLine: {'line': b'-- Detecting C compile features\n'}
[2.270088] (ublox_msgs) StdoutLine: {'line': b'-- Detecting C compile features - done\n'}
[2.272446] (ublox_msgs) StdoutLine: {'line': b'-- Detecting CXX compiler ABI info\n'}
[2.307183] (-) TimerEvent: {}
[2.384224] (ublox_msgs) StdoutLine: {'line': b'-- Detecting CXX compiler ABI info - done\n'}
[2.391382] (ublox_msgs) StdoutLine: {'line': b'-- Check for working CXX compiler: /usr/bin/c++ - skipped\n'}
[2.391678] (ublox_msgs) StdoutLine: {'line': b'-- Detecting CXX compile features\n'}
[2.392043] (ublox_msgs) StdoutLine: {'line': b'-- Detecting CXX compile features - done\n'}
[2.394218] (ublox_msgs) StdoutLine: {'line': b'-- Found ament_cmake_ros: 0.10.0 (/opt/ros/humble/share/ament_cmake_ros/cmake)\n'}
[2.407330] (-) TimerEvent: {}
[2.433606] (rtcm_msgs) StdoutLine: {'line': b'-- Using all available rosidl_typesupport_c: rosidl_typesupport_fastrtps_c;rosidl_typesupport_introspection_c\n'}
[2.452111] (debug_pkg) StdoutLine: {'line': b'running develop\n'}
[2.456616] (ntrip_client) StdoutLine: {'line': b'running develop\n'}
[2.464193] (camera_perception_pkg) StdoutLine: {'line': b'running develop\n'}
[2.480990] (ydlidar_ros2_driver) StdoutLine: {'line': b"-- Added test 'copyright' to check source files copyright and LICENSE\n"}
[2.483950] (ydlidar_ros2_driver) StdoutLine: {'line': b"-- Added test 'cppcheck' to perform static code analysis on C / C++ code\n"}
[2.484272] (ydlidar_ros2_driver) StdoutLine: {'line': b'-- Configured cppcheck include dirs: /home/jsmoon/yax_jeju/src/ydlidar_ros2_driver/src\n'}
[2.484334] (ydlidar_ros2_driver) StdoutLine: {'line': b'-- Configured cppcheck exclude dirs and/or files: \n'}
[2.485299] (serial_communication_pkg) StdoutLine: {'line': b'running develop\n'}
[2.486959] (ydlidar_ros2_driver) StdoutLine: {'line': b"-- Added test 'cpplint' to check C / C++ code against the Google style\n"}
[2.487113] (ydlidar_ros2_driver) StdoutLine: {'line': b'-- Configured cpplint exclude dirs and/or files: \n'}
[2.488139] (ydlidar_ros2_driver) StdoutLine: {'line': b"-- Added test 'flake8' to check Python code syntax and style conventions\n"}
[2.489299] (ydlidar_ros2_driver) StdoutLine: {'line': b"-- Added test 'lint_cmake' to check CMake code style\n"}
[2.490229] (ydlidar_ros2_driver) StdoutLine: {'line': b"-- Added test 'pep257' to check Python code against some of the docstring style conventions in PEP 257\n"}
[2.491973] (decision_making_pkg) StdoutLine: {'line': b'running develop\n'}
[2.492642] (ydlidar_ros2_driver) StdoutLine: {'line': b"-- Added test 'uncrustify' to check C / C++ code style\n"}
[2.492728] (ydlidar_ros2_driver) StdoutLine: {'line': b'-- Configured uncrustify additional arguments: \n'}
[2.493648] (ydlidar_ros2_driver) StdoutLine: {'line': b"-- Added test 'xmllint' to check XML markup files\n"}
[2.495500] (ydlidar_ros2_driver) StdoutLine: {'line': b'-- Configuring done\n'}
[2.505509] (lidar_perception_pkg) StdoutLine: {'line': b'running develop\n'}
[2.507413] (-) TimerEvent: {}
[2.516710] (ydlidar_ros2_driver) StdoutLine: {'line': b'-- Generating done\n'}
[2.523610] (ydlidar_ros2_driver) StdoutLine: {'line': b'-- Build files have been written to: /home/jsmoon/yax_jeju/build/ydlidar_ros2_driver\n'}
[2.562110] (latlong_utm) StdoutLine: {'line': b'running develop\n'}
[2.562674] (ydlidar_ros2_driver) CommandEnded: {'returncode': 0}
[2.564561] (latlong_utm) StderrLine: {'line': b"/usr/lib/python3/dist-packages/setuptools/dist.py:723: UserWarning: Usage of dash-separated 'script-dir' will not be supported in future versions. Please use the underscore name 'script_dir' instead\n"}
[2.565141] (latlong_utm) StderrLine: {'line': b'  warnings.warn(\n'}
[2.565200] (ydlidar_ros2_driver) JobProgress: {'identifier': 'ydlidar_ros2_driver', 'progress': 'build'}
[2.565219] (ydlidar_ros2_driver) Command: {'cmd': ['/usr/bin/cmake', '--build', '/home/jsmoon/yax_jeju/build/ydlidar_ros2_driver', '--', '-j16', '-l16'], 'cwd': '/home/jsmoon/yax_jeju/build/ydlidar_ros2_driver', 'env': OrderedDict([('PYENV_VIRTUALENV_INIT', '1'), ('GJS_DEBUG_TOPICS', 'JS ERROR;JS LOG'), ('LESSOPEN', '| /usr/bin/lesspipe %s'), ('USER', 'jsmoon'), ('LC_TIME', 'ko_KR.UTF-8'), ('XDG_SESSION_TYPE', 'x11'), ('SHLVL', '1'), ('LD_LIBRARY_PATH', '/opt/ros/humble/opt/rviz_ogre_vendor/lib:/opt/ros/humble/lib/x86_64-linux-gnu:/opt/ros/humble/lib:/home/jsmoon/Desktop/JSMOON/MLCS/project1/Personalized-Adaptive-Cruise/external/acados/lib:'), ('ACADOS_SOURCE_DIR', '/home/jsmoon/Desktop/JSMOON/MLCS/project1/Personalized-Adaptive-Cruise/external/acados'), ('HOME', '/home/jsmoon'), ('OLDPWD', '/home/jsmoon'), ('DESKTOP_SESSION', 'ubuntu-xorg'), ('PYENV_SHELL', 'bash'), ('GIO_LAUNCHED_DESKTOP_FILE', '/usr/share/applications/terminator.desktop'), ('ROS_PYTHON_VERSION', '3'), ('GNOME_SHELL_SESSION_MODE', 'ubuntu'), ('GTK_MODULES', 'gail:atk-bridge'), ('LC_MONETARY', 'ko_KR.UTF-8'), ('MANAGERPID', '1869'), ('SYSTEMD_EXEC_PID', '2431'), ('DBUS_SESSION_BUS_ADDRESS', 'unix:path=/run/user/1000/bus'), ('COLORTERM', 'truecolor'), ('TERMINATOR_DBUS_NAME', 'net.tenshu.Terminator23558193cd9818af7fe4d2c2f5bd9d00f'), ('GIO_LAUNCHED_DESKTOP_FILE_PID', '8379'), ('COLCON_PREFIX_PATH', '/home/jsmoon/ydlidar_ws/install'), ('ROS_DISTRO', 'humble'), ('GTK_IM_MODULE', 'ibus'), ('LOGNAME', 'jsmoon'), ('JOURNAL_STREAM', '8:9861'), ('_', '/usr/bin/colcon'), ('ROS_VERSION', '2'), ('XDG_SESSION_CLASS', 'user'), ('USERNAME', 'jsmoon'), ('TERM', 'xterm-256color'), ('GNOME_DESKTOP_SESSION_ID', 'this-is-deprecated'), ('ROS_LOCALHOST_ONLY', '0'), ('WINDOWPATH', '2'), ('PATH', '/opt/ros/humble/bin:/home/jsmoon/.pyenv/plugins/pyenv-virtualenv/shims:/home/jsmoon/.pyenv/shims:/home/jsmoon/.pyenv/bin:/home/jsmoon/.local/bin:/usr/local/sbin:/usr/local/bin:/usr/sbin:/usr/bin:/sbin:/bin:/usr/games:/usr/local/games:/snap/bin:/snap/bin'), ('SESSION_MANAGER', 'local/jsmoon-ASUS-TUF-Gaming-A14-FA401UM-FA401UM:@/tmp/.ICE-unix/2384,unix/jsmoon-ASUS-TUF-Gaming-A14-FA401UM-FA401UM:/tmp/.ICE-unix/2384'), ('INVOCATION_ID', '59e81587102e428d9dc34d9cf59fdca5'), ('XDG_MENU_PREFIX', 'gnome-'), ('LC_ADDRESS', 'ko_KR.UTF-8'), ('XDG_RUNTIME_DIR', '/run/user/1000'), ('DISPLAY', ':1'), ('TERMINATOR_DBUS_PATH', '/net/tenshu/Terminator2'), ('LANG', 'en_US.UTF-8'), ('XDG_CURRENT_DESKTOP', 'ubuntu:GNOME'), ('IBUS_DISABLE_SNOOPER', '1'), ('LC_TELEPHONE', 'ko_KR.UTF-8'), ('XMODIFIERS', '@im=ibus'), ('XDG_SESSION_DESKTOP', 'ubuntu-xorg'), ('XAUTHORITY', '/run/user/1000/gdm/Xauthority'), ('LS_COLORS', 'rs=0:di=01;34:ln=01;36:mh=00:pi=40;33:so=01;35:do=01;35:bd=40;33;01:cd=40;33;01:or=40;31;01:mi=00:su=37;41:sg=30;43:ca=30;41:tw=30;42:ow=34;42:st=37;44:ex=01;32:*.tar=01;31:*.tgz=01;31:*.arc=01;31:*.arj=01;31:*.taz=01;31:*.lha=01;31:*.lz4=01;31:*.lzh=01;31:*.lzma=01;31:*.tlz=01;31:*.txz=01;31:*.tzo=01;31:*.t7z=01;31:*.zip=01;31:*.z=01;31:*.dz=01;31:*.gz=01;31:*.lrz=01;31:*.lz=01;31:*.lzo=01;31:*.xz=01;31:*.zst=01;31:*.tzst=01;31:*.bz2=01;31:*.bz=01;31:*.tbz=01;31:*.tbz2=01;31:*.tz=01;31:*.deb=01;31:*.rpm=01;31:*.jar=01;31:*.war=01;31:*.ear=01;31:*.sar=01;31:*.rar=01;31:*.alz=01;31:*.ace=01;31:*.zoo=01;31:*.cpio=01;31:*.7z=01;31:*.rz=01;31:*.cab=01;31:*.wim=01;31:*.swm=01;31:*.dwm=01;31:*.esd=01;31:*.jpg=01;35:*.jpeg=01;35:*.mjpg=01;35:*.mjpeg=01;35:*.gif=01;35:*.bmp=01;35:*.pbm=01;35:*.pgm=01;35:*.ppm=01;35:*.tga=01;35:*.xbm=01;35:*.xpm=01;35:*.tif=01;35:*.tiff=01;35:*.png=01;35:*.svg=01;35:*.svgz=01;35:*.mng=01;35:*.pcx=01;35:*.mov=01;35:*.mpg=01;35:*.mpeg=01;35:*.m2v=01;35:*.mkv=01;35:*.webm=01;35:*.webp=01;35:*.ogm=01;35:*.mp4=01;35:*.m4v=01;35:*.mp4v=01;35:*.vob=01;35:*.qt=01;35:*.nuv=01;35:*.wmv=01;35:*.asf=01;35:*.rm=01;35:*.rmvb=01;35:*.flc=01;35:*.avi=01;35:*.fli=01;35:*.flv=01;35:*.gl=01;35:*.dl=01;35:*.xcf=01;35:*.xwd=01;35:*.yuv=01;35:*.cgm=01;35:*.emf=01;35:*.ogv=01;35:*.ogx=01;35:*.aac=00;36:*.au=00;36:*.flac=00;36:*.m4a=00;36:*.mid=00;36:*.midi=00;36:*.mka=00;36:*.mp3=00;36:*.mpc=00;36:*.ogg=00;36:*.ra=00;36:*.wav=00;36:*.oga=00;36:*.opus=00;36:*.spx=00;36:*.xspf=00;36:'), ('SSH_AGENT_LAUNCHER', 'gnome-keyring'), ('SSH_AUTH_SOCK', '/run/user/1000/keyring/ssh'), ('AMENT_PREFIX_PATH', '/home/jsmoon/ydlidar_ws/install/ydlidar_ros2_driver:/opt/ros/humble'), ('SHELL', '/bin/bash'), ('LC_NAME', 'ko_KR.UTF-8'), ('TERMINATOR_UUID', 'urn:uuid:df2315a3-6fbc-4574-8f2c-035191f51785'), ('QT_ACCESSIBILITY', '1'), ('GDMSESSION', 'ubuntu-xorg'), ('LESSCLOSE', '/usr/bin/lesspipe %s %s'), ('LC_MEASUREMENT', 'ko_KR.UTF-8'), ('GPG_AGENT_INFO', '/run/user/1000/gnupg/S.gpg-agent:0:1'), ('GJS_DEBUG_OUTPUT', 'stderr'), ('LC_IDENTIFICATION', 'ko_KR.UTF-8'), ('QT_IM_MODULE', 'ibus'), ('PWD', '/home/jsmoon/yax_jeju/build/ydlidar_ros2_driver'), ('LC_ALL', 'en_US.UTF-8'), ('XDG_CONFIG_DIRS', '/etc/xdg/xdg-ubuntu-xorg:/etc/xdg'), ('PYENV_ROOT', '/home/jsmoon/.pyenv'), ('XDG_DATA_DIRS', '/usr/share/ubuntu-xorg:/usr/share/gnome:/usr/local/share/:/usr/share/:/var/lib/snapd/desktop'), ('PYTHONPATH', '/opt/ros/humble/lib/python3.10/site-packages:/opt/ros/humble/local/lib/python3.10/dist-packages'), ('LC_NUMERIC', 'ko_KR.UTF-8'), ('LC_PAPER', 'ko_KR.UTF-8'), ('COLCON', '1'), ('VTE_VERSION', '6800'), ('CMAKE_PREFIX_PATH', '/home/jsmoon/ydlidar_ws/install/ydlidar_ros2_driver:/opt/ros/humble')]), 'shell': False}
[2.604001] (interfaces_pkg) StdoutLine: {'line': b'-- Using all available rosidl_typesupport_c: rosidl_typesupport_fastrtps_c;rosidl_typesupport_introspection_c\n'}
[2.607497] (-) TimerEvent: {}
[2.632820] (ntrip_client) StdoutLine: {'line': b'running egg_info\n'}
[2.632985] (ntrip_client) StdoutLine: {'line': b'creating src/ntrip_client.egg-info\n'}
[2.633180] (ntrip_client) StdoutLine: {'line': b'writing src/ntrip_client.egg-info/PKG-INFO\n'}
[2.633391] (ntrip_client) StdoutLine: {'line': b'writing dependency_links to src/ntrip_client.egg-info/dependency_links.txt\n'}
[2.633506] (ntrip_client) StdoutLine: {'line': b'writing requirements to src/ntrip_client.egg-info/requires.txt\n'}
[2.633589] (ntrip_client) StdoutLine: {'line': b'writing top-level names to src/ntrip_client.egg-info/top_level.txt\n'}
[2.633818] (ntrip_client) StdoutLine: {'line': b"writing manifest file 'src/ntrip_client.egg-info/SOURCES.txt'\n"}
[2.638096] (ntrip_client) StdoutLine: {'line': b"reading manifest file 'src/ntrip_client.egg-info/SOURCES.txt'\n"}
[2.638218] (ntrip_client) StdoutLine: {'line': b"writing manifest file 'src/ntrip_client.egg-info/SOURCES.txt'\n"}
[2.644756] (debug_pkg) StdoutLine: {'line': b'running egg_info\n'}
[2.644946] (debug_pkg) StdoutLine: {'line': b'creating debug_pkg.egg-info\n'}
[2.645166] (debug_pkg) StdoutLine: {'line': b'writing debug_pkg.egg-info/PKG-INFO\n'}
[2.645378] (debug_pkg) StdoutLine: {'line': b'writing dependency_links to debug_pkg.egg-info/dependency_links.txt\n'}
[2.645510] (debug_pkg) StdoutLine: {'line': b'writing entry points to debug_pkg.egg-info/entry_points.txt\n'}
[2.645588] (debug_pkg) StdoutLine: {'line': b'writing requirements to debug_pkg.egg-info/requires.txt\n'}
[2.645655] (debug_pkg) StdoutLine: {'line': b'writing top-level names to debug_pkg.egg-info/top_level.txt\n'}
[2.645900] (debug_pkg) StdoutLine: {'line': b"writing manifest file 'debug_pkg.egg-info/SOURCES.txt'\n"}
[2.647794] (debug_pkg) StdoutLine: {'line': b"reading manifest file 'debug_pkg.egg-info/SOURCES.txt'\n"}
[2.648324] (debug_pkg) StdoutLine: {'line': b"writing manifest file 'debug_pkg.egg-info/SOURCES.txt'\n"}
[2.648449] (camera_perception_pkg) StdoutLine: {'line': b'running egg_info\n'}
[2.648534] (camera_perception_pkg) StdoutLine: {'line': b'creating camera_perception_pkg.egg-info\n'}
[2.648785] (camera_perception_pkg) StdoutLine: {'line': b'writing camera_perception_pkg.egg-info/PKG-INFO\n'}
[2.648939] (camera_perception_pkg) StdoutLine: {'line': b'writing dependency_links to camera_perception_pkg.egg-info/dependency_links.txt\n'}
[2.649061] (camera_perception_pkg) StdoutLine: {'line': b'writing entry points to camera_perception_pkg.egg-info/entry_points.txt\n'}
[2.649137] (camera_perception_pkg) StdoutLine: {'line': b'writing requirements to camera_perception_pkg.egg-info/requires.txt\n'}
[2.649213] (camera_perception_pkg) StdoutLine: {'line': b'writing top-level names to camera_perception_pkg.egg-info/top_level.txt\n'}
[2.649371] (camera_perception_pkg) StdoutLine: {'line': b"writing manifest file 'camera_perception_pkg.egg-info/SOURCES.txt'\n"}
[2.650866] (camera_perception_pkg) StdoutLine: {'line': b"reading manifest file 'camera_perception_pkg.egg-info/SOURCES.txt'\n"}
[2.651323] (camera_perception_pkg) StdoutLine: {'line': b"writing manifest file 'camera_perception_pkg.egg-info/SOURCES.txt'\n"}
[2.654449] (decision_making_pkg) StdoutLine: {'line': b'running egg_info\n'}
[2.654576] (decision_making_pkg) StdoutLine: {'line': b'creating decision_making_pkg.egg-info\n'}
[2.654823] (decision_making_pkg) StdoutLine: {'line': b'writing decision_making_pkg.egg-info/PKG-INFO\n'}
[2.655016] (decision_making_pkg) StdoutLine: {'line': b'writing dependency_links to decision_making_pkg.egg-info/dependency_links.txt\n'}
[2.655187] (decision_making_pkg) StdoutLine: {'line': b'writing entry points to decision_making_pkg.egg-info/entry_points.txt\n'}
[2.655296] (decision_making_pkg) StdoutLine: {'line': b'writing requirements to decision_making_pkg.egg-info/requires.txt\n'}
[2.655351] (decision_making_pkg) StdoutLine: {'line': b'writing top-level names to decision_making_pkg.egg-info/top_level.txt\n'}
[2.655542] (decision_making_pkg) StdoutLine: {'line': b"writing manifest file 'decision_making_pkg.egg-info/SOURCES.txt'\n"}
[2.657464] (decision_making_pkg) StdoutLine: {'line': b"reading manifest file 'decision_making_pkg.egg-info/SOURCES.txt'\n"}
[2.658064] (decision_making_pkg) StdoutLine: {'line': b"writing manifest file 'decision_making_pkg.egg-info/SOURCES.txt'\n"}
[2.658448] (lidar_perception_pkg) StdoutLine: {'line': b'running egg_info\n'}
[2.658556] (lidar_perception_pkg) StdoutLine: {'line': b'creating lidar_perception_pkg.egg-info\n'}
[2.658831] (lidar_perception_pkg) StdoutLine: {'line': b'writing lidar_perception_pkg.egg-info/PKG-INFO\n'}
[2.659037] (lidar_perception_pkg) StdoutLine: {'line': b'writing dependency_links to lidar_perception_pkg.egg-info/dependency_links.txt\n'}
[2.659153] (lidar_perception_pkg) StdoutLine: {'line': b'writing entry points to lidar_perception_pkg.egg-info/entry_points.txt\n'}
[2.659240] (lidar_perception_pkg) StdoutLine: {'line': b'writing requirements to lidar_perception_pkg.egg-info/requires.txt\n'}
[2.659315] (lidar_perception_pkg) StdoutLine: {'line': b'writing top-level names to lidar_perception_pkg.egg-info/top_level.txt\n'}
[2.659485] (lidar_perception_pkg) StdoutLine: {'line': b"writing manifest file 'lidar_perception_pkg.egg-info/SOURCES.txt'\n"}
[2.661396] (lidar_perception_pkg) StdoutLine: {'line': b"reading manifest file 'lidar_perception_pkg.egg-info/SOURCES.txt'\n"}
[2.661957] (lidar_perception_pkg) StdoutLine: {'line': b"writing manifest file 'lidar_perception_pkg.egg-info/SOURCES.txt'\n"}
[2.667532] (serial_communication_pkg) StdoutLine: {'line': b'running egg_info\n'}
[2.667689] (serial_communication_pkg) StdoutLine: {'line': b'creating serial_communication_pkg.egg-info\n'}
[2.667832] (serial_communication_pkg) StdoutLine: {'line': b'writing serial_communication_pkg.egg-info/PKG-INFO\n'}
[2.668088] (serial_communication_pkg) StdoutLine: {'line': b'writing dependency_links to serial_communication_pkg.egg-info/dependency_links.txt\n'}
[2.668180] (serial_communication_pkg) StdoutLine: {'line': b'writing entry points to serial_communication_pkg.egg-info/entry_points.txt\n'}
[2.668254] (serial_communication_pkg) StdoutLine: {'line': b'writing requirements to serial_communication_pkg.egg-info/requires.txt\n'}
[2.668321] (serial_communication_pkg) StdoutLine: {'line': b'writing top-level names to serial_communication_pkg.egg-info/top_level.txt\n'}
[2.668524] (serial_communication_pkg) StdoutLine: {'line': b"writing manifest file 'serial_communication_pkg.egg-info/SOURCES.txt'\n"}
[2.670482] (serial_communication_pkg) StdoutLine: {'line': b"reading manifest file 'serial_communication_pkg.egg-info/SOURCES.txt'\n"}
[2.670675] (ntrip_client) StdoutLine: {'line': b'running build_ext\n'}
[2.670849] (ntrip_client) StdoutLine: {'line': b'Creating /home/jsmoon/yax_jeju/install/ntrip_client/lib/python3.10/site-packages/ntrip-client.egg-link (link to src)\n'}
[2.670938] (serial_communication_pkg) StdoutLine: {'line': b"writing manifest file 'serial_communication_pkg.egg-info/SOURCES.txt'\n"}
[2.672397] (ntrip_client) StdoutLine: {'line': b'Installing ntrip_ros.py script to /home/jsmoon/yax_jeju/install/ntrip_client/lib/ntrip_client\n'}
[2.672605] (ntrip_client) StdoutLine: {'line': b'\n'}
[2.672665] (ntrip_client) StdoutLine: {'line': b'Installed /home/jsmoon/yax_jeju/build/ntrip_client/src\n'}
[2.672738] (ntrip_client) StdoutLine: {'line': b'running symlink_data\n'}
[2.672808] (ntrip_client) StdoutLine: {'line': b'creating /home/jsmoon/yax_jeju/install/ntrip_client/share/ament_index\n'}
[2.672874] (ntrip_client) StdoutLine: {'line': b'creating /home/jsmoon/yax_jeju/install/ntrip_client/share/ament_index/resource_index\n'}
[2.672934] (ntrip_client) StdoutLine: {'line': b'creating /home/jsmoon/yax_jeju/install/ntrip_client/share/ament_index/resource_index/packages\n'}
[2.673013] (ntrip_client) StdoutLine: {'line': b'symbolically linking /home/jsmoon/yax_jeju/build/ntrip_client/resource/ntrip_client -> /home/jsmoon/yax_jeju/install/ntrip_client/share/ament_index/resource_index/packages\n'}
[2.673069] (ntrip_client) StdoutLine: {'line': b'symbolically linking /home/jsmoon/yax_jeju/build/ntrip_client/package.xml -> /home/jsmoon/yax_jeju/install/ntrip_client/share/ntrip_client\n'}
[2.673132] (ntrip_client) StdoutLine: {'line': b'symbolically linking /home/jsmoon/yax_jeju/build/ntrip_client/launch/ntrip_client_launch.py -> /home/jsmoon/yax_jeju/install/ntrip_client/share/ntrip_client\n'}
[2.673982] (latlong_utm) StdoutLine: {'line': b'running egg_info\n'}
[2.674077] (latlong_utm) StdoutLine: {'line': b'creating latlong_utm.egg-info\n'}
[2.674348] (latlong_utm) StdoutLine: {'line': b'writing latlong_utm.egg-info/PKG-INFO\n'}
[2.674595] (latlong_utm) StdoutLine: {'line': b'writing dependency_links to latlong_utm.egg-info/dependency_links.txt\n'}
[2.674766] (latlong_utm) StdoutLine: {'line': b'writing entry points to latlong_utm.egg-info/entry_points.txt\n'}
[2.674884] (latlong_utm) StdoutLine: {'line': b'writing requirements to latlong_utm.egg-info/requires.txt\n'}
[2.674939] (latlong_utm) StdoutLine: {'line': b'writing top-level names to latlong_utm.egg-info/top_level.txt\n'}
[2.675070] (latlong_utm) StdoutLine: {'line': b"writing manifest file 'latlong_utm.egg-info/SOURCES.txt'\n"}
[2.676471] (latlong_utm) StdoutLine: {'line': b"reading manifest file 'latlong_utm.egg-info/SOURCES.txt'\n"}
[2.676880] (latlong_utm) StdoutLine: {'line': b"writing manifest file 'latlong_utm.egg-info/SOURCES.txt'\n"}
[2.685359] (camera_perception_pkg) StdoutLine: {'line': b'running build_ext\n'}
[2.685542] (camera_perception_pkg) StdoutLine: {'line': b'Creating /home/jsmoon/yax_jeju/install/camera_perception_pkg/lib/python3.10/site-packages/camera-perception-pkg.egg-link (link to .)\n'}
[2.686204] (camera_perception_pkg) StdoutLine: {'line': b'Installing image_publisher_node script to /home/jsmoon/yax_jeju/install/camera_perception_pkg/lib/camera_perception_pkg\n'}
[2.686345] (camera_perception_pkg) StdoutLine: {'line': b'Installing lane_extract script to /home/jsmoon/yax_jeju/install/camera_perception_pkg/lib/camera_perception_pkg\n'}
[2.686414] (camera_perception_pkg) StdoutLine: {'line': b'Installing lane_info_extractor_node script to /home/jsmoon/yax_jeju/install/camera_perception_pkg/lib/camera_perception_pkg\n'}
[2.686517] (camera_perception_pkg) StdoutLine: {'line': b'Installing object_detector_node script to /home/jsmoon/yax_jeju/install/camera_perception_pkg/lib/camera_perception_pkg\n'}
[2.686595] (camera_perception_pkg) StdoutLine: {'line': b'Installing roi_merger_node script to /home/jsmoon/yax_jeju/install/camera_perception_pkg/lib/camera_perception_pkg\n'}
[2.686661] (camera_perception_pkg) StdoutLine: {'line': b'Installing traffic_light_detector_node script to /home/jsmoon/yax_jeju/install/camera_perception_pkg/lib/camera_perception_pkg\n'}
[2.686728] (camera_perception_pkg) StdoutLine: {'line': b'Installing traffic_light_yolov8_node script to /home/jsmoon/yax_jeju/install/camera_perception_pkg/lib/camera_perception_pkg\n'}
[2.686769] (camera_perception_pkg) StdoutLine: {'line': b'Installing yolov8_node script to /home/jsmoon/yax_jeju/install/camera_perception_pkg/lib/camera_perception_pkg\n'}
[2.686842] (camera_perception_pkg) StdoutLine: {'line': b'Installing yolov8_traffic_light_node script to /home/jsmoon/yax_jeju/install/camera_perception_pkg/lib/camera_perception_pkg\n'}
[2.686923] (debug_pkg) StdoutLine: {'line': b'running build_ext\n'}
[2.687004] (camera_perception_pkg) StdoutLine: {'line': b'\n'}
[2.687054] (camera_perception_pkg) StdoutLine: {'line': b'Installed /home/jsmoon/yax_jeju/build/camera_perception_pkg\n'}
[2.687093] (camera_perception_pkg) StdoutLine: {'line': b'running symlink_data\n'}
[2.687167] (camera_perception_pkg) StdoutLine: {'line': b'creating /home/jsmoon/yax_jeju/install/camera_perception_pkg/share/ament_index\n'}
[2.687211] (camera_perception_pkg) StdoutLine: {'line': b'creating /home/jsmoon/yax_jeju/install/camera_perception_pkg/share/ament_index/resource_index\n'}
[2.687256] (camera_perception_pkg) StdoutLine: {'line': b'creating /home/jsmoon/yax_jeju/install/camera_perception_pkg/share/ament_index/resource_index/packages\n'}
[2.687301] (camera_perception_pkg) StdoutLine: {'line': b'symbolically linking /home/jsmoon/yax_jeju/build/camera_perception_pkg/resource/camera_perception_pkg -> /home/jsmoon/yax_jeju/install/camera_perception_pkg/share/ament_index/resource_index/packages\n'}
[2.687375] (camera_perception_pkg) StdoutLine: {'line': b'symbolically linking /home/jsmoon/yax_jeju/build/camera_perception_pkg/package.xml -> /home/jsmoon/yax_jeju/install/camera_perception_pkg/share/camera_perception_pkg\n'}
[2.687430] (camera_perception_pkg) StdoutLine: {'line': b'creating /home/jsmoon/yax_jeju/install/camera_perception_pkg/share/camera_perception_pkg/launch\n'}
[2.687471] (camera_perception_pkg) StdoutLine: {'line': b'symbolically linking /home/jsmoon/yax_jeju/build/camera_perception_pkg/launch/camera_lane.launch.py -> /home/jsmoon/yax_jeju/install/camera_perception_pkg/share/camera_perception_pkg/launch\n'}
[2.687534] (debug_pkg) StdoutLine: {'line': b'Creating /home/jsmoon/yax_jeju/install/debug_pkg/lib/python3.10/site-packages/debug-pkg.egg-link (link to .)\n'}
[2.687794] (debug_pkg) StdoutLine: {'line': b'Installing path_visualizer_node script to /home/jsmoon/yax_jeju/install/debug_pkg/lib/debug_pkg\n'}
[2.687921] (debug_pkg) StdoutLine: {'line': b'Installing steering_visualizer_node script to /home/jsmoon/yax_jeju/install/debug_pkg/lib/debug_pkg\n'}
[2.688020] (debug_pkg) StdoutLine: {'line': b'Installing traffic_light_visualizer_node script to /home/jsmoon/yax_jeju/install/debug_pkg/lib/debug_pkg\n'}
[2.688105] (debug_pkg) StdoutLine: {'line': b'Installing yolov8_visualizer_node script to /home/jsmoon/yax_jeju/install/debug_pkg/lib/debug_pkg\n'}
[2.688238] (debug_pkg) StdoutLine: {'line': b'\n'}
[2.688299] (debug_pkg) StdoutLine: {'line': b'Installed /home/jsmoon/yax_jeju/build/debug_pkg\n'}
[2.688343] (debug_pkg) StdoutLine: {'line': b'running symlink_data\n'}
[2.688754] (debug_pkg) StdoutLine: {'line': b'creating /home/jsmoon/yax_jeju/install/debug_pkg/share/ament_index\n'}
[2.688820] (debug_pkg) StdoutLine: {'line': b'creating /home/jsmoon/yax_jeju/install/debug_pkg/share/ament_index/resource_index\n'}
[2.688859] (debug_pkg) StdoutLine: {'line': b'creating /home/jsmoon/yax_jeju/install/debug_pkg/share/ament_index/resource_index/packages\n'}
[2.688895] (debug_pkg) StdoutLine: {'line': b'symbolically linking /home/jsmoon/yax_jeju/build/debug_pkg/resource/debug_pkg -> /home/jsmoon/yax_jeju/install/debug_pkg/share/ament_index/resource_index/packages\n'}
[2.688930] (debug_pkg) StdoutLine: {'line': b'symbolically linking /home/jsmoon/yax_jeju/build/debug_pkg/package.xml -> /home/jsmoon/yax_jeju/install/debug_pkg/share/debug_pkg\n'}
[2.695826] (lidar_perception_pkg) StdoutLine: {'line': b'running build_ext\n'}
[2.696015] (lidar_perception_pkg) StdoutLine: {'line': b'Creating /home/jsmoon/yax_jeju/install/lidar_perception_pkg/lib/python3.10/site-packages/lidar-perception-pkg.egg-link (link to .)\n'}
[2.696578] (lidar_perception_pkg) StdoutLine: {'line': b'Installing lidar_obstacle_detector_node script to /home/jsmoon/yax_jeju/install/lidar_perception_pkg/lib/lidar_perception_pkg\n'}
[2.696718] (lidar_perception_pkg) StdoutLine: {'line': b'Installing lidar_processor_node script to /home/jsmoon/yax_jeju/install/lidar_perception_pkg/lib/lidar_perception_pkg\n'}
[2.696809] (lidar_perception_pkg) StdoutLine: {'line': b'Installing lidar_publisher_node script to /home/jsmoon/yax_jeju/install/lidar_perception_pkg/lib/lidar_perception_pkg\n'}
[2.696947] (lidar_perception_pkg) StdoutLine: {'line': b'\n'}
[2.697006] (lidar_perception_pkg) StdoutLine: {'line': b'Installed /home/jsmoon/yax_jeju/build/lidar_perception_pkg\n'}
[2.697091] (lidar_perception_pkg) StdoutLine: {'line': b'running symlink_data\n'}
[2.697176] (lidar_perception_pkg) StdoutLine: {'line': b'creating /home/jsmoon/yax_jeju/install/lidar_perception_pkg/share/ament_index\n'}
[2.697234] (decision_making_pkg) StdoutLine: {'line': b'running build_ext\n'}
[2.697297] (lidar_perception_pkg) StdoutLine: {'line': b'creating /home/jsmoon/yax_jeju/install/lidar_perception_pkg/share/ament_index/resource_index\n'}
[2.697344] (lidar_perception_pkg) StdoutLine: {'line': b'creating /home/jsmoon/yax_jeju/install/lidar_perception_pkg/share/ament_index/resource_index/packages\n'}
[2.697386] (lidar_perception_pkg) StdoutLine: {'line': b'symbolically linking /home/jsmoon/yax_jeju/build/lidar_perception_pkg/resource/lidar_perception_pkg -> /home/jsmoon/yax_jeju/install/lidar_perception_pkg/share/ament_index/resource_index/packages\n'}
[2.697430] (lidar_perception_pkg) StdoutLine: {'line': b'symbolically linking /home/jsmoon/yax_jeju/build/lidar_perception_pkg/package.xml -> /home/jsmoon/yax_jeju/install/lidar_perception_pkg/share/lidar_perception_pkg\n'}
[2.697489] (decision_making_pkg) StdoutLine: {'line': b'Creating /home/jsmoon/yax_jeju/install/decision_making_pkg/lib/python3.10/site-packages/decision-making-pkg.egg-link (link to .)\n'}
[2.698136] (decision_making_pkg) StdoutLine: {'line': b'Installing cmd_vel_to_motion_command script to /home/jsmoon/yax_jeju/install/decision_making_pkg/lib/decision_making_pkg\n'}
[2.698272] (decision_making_pkg) StdoutLine: {'line': b'Installing fake_gps_publisher script to /home/jsmoon/yax_jeju/install/decision_making_pkg/lib/decision_making_pkg\n'}
[2.698345] (decision_making_pkg) StdoutLine: {'line': b'Installing forward_driver_node script to /home/jsmoon/yax_jeju/install/decision_making_pkg/lib/decision_making_pkg\n'}
[2.698433] (decision_making_pkg) StdoutLine: {'line': b'Installing gps_goto_node script to /home/jsmoon/yax_jeju/install/decision_making_pkg/lib/decision_making_pkg\n'}
[2.698494] (decision_making_pkg) StdoutLine: {'line': b'Installing motion_planner_node script to /home/jsmoon/yax_jeju/install/decision_making_pkg/lib/decision_making_pkg\n'}
[2.698565] (decision_making_pkg) StdoutLine: {'line': b'Installing path_planner_node script to /home/jsmoon/yax_jeju/install/decision_making_pkg/lib/decision_making_pkg\n'}
[2.698636] (decision_making_pkg) StdoutLine: {'line': b'Installing path_planner_robust_node script to /home/jsmoon/yax_jeju/install/decision_making_pkg/lib/decision_making_pkg\n'}
[2.698703] (decision_making_pkg) StdoutLine: {'line': b'Installing waypoint_follower_node script to /home/jsmoon/yax_jeju/install/decision_making_pkg/lib/decision_making_pkg\n'}
[2.698766] (decision_making_pkg) StdoutLine: {'line': b'Installing yolov8_cone_and_yellow_node script to /home/jsmoon/yax_jeju/install/decision_making_pkg/lib/decision_making_pkg\n'}
[2.698934] (decision_making_pkg) StdoutLine: {'line': b'\n'}
[2.698994] (decision_making_pkg) StdoutLine: {'line': b'Installed /home/jsmoon/yax_jeju/build/decision_making_pkg\n'}
[2.699132] (decision_making_pkg) StdoutLine: {'line': b'running symlink_data\n'}
[2.699293] (decision_making_pkg) StdoutLine: {'line': b'creating /home/jsmoon/yax_jeju/install/decision_making_pkg/share/ament_index\n'}
[2.700821] (decision_making_pkg) StdoutLine: {'line': b'creating /home/jsmoon/yax_jeju/install/decision_making_pkg/share/ament_index/resource_index\n'}
[2.700947] (decision_making_pkg) StdoutLine: {'line': b'creating /home/jsmoon/yax_jeju/install/decision_making_pkg/share/ament_index/resource_index/packages\n'}
[2.701003] (decision_making_pkg) StdoutLine: {'line': b'symbolically linking /home/jsmoon/yax_jeju/build/decision_making_pkg/resource/decision_making_pkg -> /home/jsmoon/yax_jeju/install/decision_making_pkg/share/ament_index/resource_index/packages\n'}
[2.701165] (decision_making_pkg) StdoutLine: {'line': b'symbolically linking /home/jsmoon/yax_jeju/build/decision_making_pkg/package.xml -> /home/jsmoon/yax_jeju/install/decision_making_pkg/share/decision_making_pkg\n'}
[2.701220] (decision_making_pkg) StdoutLine: {'line': b'creating /home/jsmoon/yax_jeju/install/decision_making_pkg/share/decision_making_pkg/config\n'}
[2.701262] (decision_making_pkg) StdoutLine: {'line': b'symbolically linking /home/jsmoon/yax_jeju/build/decision_making_pkg/config/pright.csv -> /home/jsmoon/yax_jeju/install/decision_making_pkg/share/decision_making_pkg/config\n'}
[2.701303] (decision_making_pkg) StdoutLine: {'line': b'symbolically linking /home/jsmoon/yax_jeju/build/decision_making_pkg/config/test2.csv -> /home/jsmoon/yax_jeju/install/decision_making_pkg/share/decision_making_pkg/config\n'}
[2.701340] (decision_making_pkg) StdoutLine: {'line': b'symbolically linking /home/jsmoon/yax_jeju/build/decision_making_pkg/config/waypoints_center.csv -> /home/jsmoon/yax_jeju/install/decision_making_pkg/share/decision_making_pkg/config\n'}
[2.701377] (decision_making_pkg) StdoutLine: {'line': b'symbolically linking /home/jsmoon/yax_jeju/build/decision_making_pkg/config/pleft.csv -> /home/jsmoon/yax_jeju/install/decision_making_pkg/share/decision_making_pkg/config\n'}
[2.701423] (decision_making_pkg) StdoutLine: {'line': b'symbolically linking /home/jsmoon/yax_jeju/build/decision_making_pkg/config/tleft.csv -> /home/jsmoon/yax_jeju/install/decision_making_pkg/share/decision_making_pkg/config\n'}
[2.701456] (decision_making_pkg) StdoutLine: {'line': b'symbolically linking /home/jsmoon/yax_jeju/build/decision_making_pkg/config/tright.csv -> /home/jsmoon/yax_jeju/install/decision_making_pkg/share/decision_making_pkg/config\n'}
[2.701482] (decision_making_pkg) StdoutLine: {'line': b'symbolically linking /home/jsmoon/yax_jeju/build/decision_making_pkg/config/params.yaml -> /home/jsmoon/yax_jeju/install/decision_making_pkg/share/decision_making_pkg/config\n'}
[2.701509] (decision_making_pkg) StdoutLine: {'line': b'symbolically linking /home/jsmoon/yax_jeju/build/decision_making_pkg/config/output (10).csv -> /home/jsmoon/yax_jeju/install/decision_making_pkg/share/decision_making_pkg/config\n'}
[2.701535] (decision_making_pkg) StdoutLine: {'line': b'creating /home/jsmoon/yax_jeju/install/decision_making_pkg/share/decision_making_pkg/waypoints\n'}
[2.701560] (decision_making_pkg) StdoutLine: {'line': b'symbolically linking /home/jsmoon/yax_jeju/build/decision_making_pkg/waypoints/demo_waypoints.yaml -> /home/jsmoon/yax_jeju/install/decision_making_pkg/share/decision_making_pkg/waypoints\n'}
[2.707048] (latlong_utm) StdoutLine: {'line': b'running build_ext\n'}
[2.707215] (latlong_utm) StdoutLine: {'line': b'Creating /home/jsmoon/yax_jeju/install/latlong_utm/lib/python3.10/site-packages/latlong-utm.egg-link (link to .)\n'}
[2.707556] (-) TimerEvent: {}
[2.708006] (latlong_utm) StdoutLine: {'line': b'Installing latlonpub script to /home/jsmoon/yax_jeju/install/latlong_utm/lib/latlong_utm\n'}
[2.708170] (latlong_utm) StdoutLine: {'line': b'Installing lattoutm script to /home/jsmoon/yax_jeju/install/latlong_utm/lib/latlong_utm\n'}
[2.708260] (latlong_utm) StdoutLine: {'line': b'Installing utmpub script to /home/jsmoon/yax_jeju/install/latlong_utm/lib/latlong_utm\n'}
[2.708354] (latlong_utm) StdoutLine: {'line': b'Installing utmtolat script to /home/jsmoon/yax_jeju/install/latlong_utm/lib/latlong_utm\n'}
[2.708465] (latlong_utm) StdoutLine: {'line': b'\n'}
[2.708511] (latlong_utm) StdoutLine: {'line': b'Installed /home/jsmoon/yax_jeju/build/latlong_utm\n'}
[2.708572] (latlong_utm) StdoutLine: {'line': b'running symlink_data\n'}
[2.708607] (latlong_utm) StdoutLine: {'line': b'creating /home/jsmoon/yax_jeju/install/latlong_utm/share/ament_index\n'}
[2.708669] (latlong_utm) StdoutLine: {'line': b'creating /home/jsmoon/yax_jeju/install/latlong_utm/share/ament_index/resource_index\n'}
[2.708714] (latlong_utm) StdoutLine: {'line': b'creating /home/jsmoon/yax_jeju/install/latlong_utm/share/ament_index/resource_index/packages\n'}
[2.708745] (latlong_utm) StdoutLine: {'line': b'symbolically linking /home/jsmoon/yax_jeju/build/latlong_utm/resource/latlong_utm -> /home/jsmoon/yax_jeju/install/latlong_utm/share/ament_index/resource_index/packages\n'}
[2.708802] (latlong_utm) StdoutLine: {'line': b'symbolically linking /home/jsmoon/yax_jeju/build/latlong_utm/package.xml -> /home/jsmoon/yax_jeju/install/latlong_utm/share/latlong_utm\n'}
[2.711890] (serial_communication_pkg) StdoutLine: {'line': b'running build_ext\n'}
[2.712232] (serial_communication_pkg) StdoutLine: {'line': b'Creating /home/jsmoon/yax_jeju/install/serial_communication_pkg/lib/python3.10/site-packages/serial-communication-pkg.egg-link (link to .)\n'}
[2.712842] (serial_communication_pkg) StdoutLine: {'line': b'Installing serial_sender_node script to /home/jsmoon/yax_jeju/install/serial_communication_pkg/lib/serial_communication_pkg\n'}
[2.713099] (serial_communication_pkg) StdoutLine: {'line': b'\n'}
[2.713171] (serial_communication_pkg) StdoutLine: {'line': b'Installed /home/jsmoon/yax_jeju/build/serial_communication_pkg\n'}
[2.713248] (serial_communication_pkg) StdoutLine: {'line': b'running symlink_data\n'}
[2.713383] (serial_communication_pkg) StdoutLine: {'line': b'creating /home/jsmoon/yax_jeju/install/serial_communication_pkg/share/ament_index\n'}
[2.713424] (serial_communication_pkg) StdoutLine: {'line': b'creating /home/jsmoon/yax_jeju/install/serial_communication_pkg/share/ament_index/resource_index\n'}
[2.713464] (serial_communication_pkg) StdoutLine: {'line': b'creating /home/jsmoon/yax_jeju/install/serial_communication_pkg/share/ament_index/resource_index/packages\n'}
[2.713529] (serial_communication_pkg) StdoutLine: {'line': b'symbolically linking /home/jsmoon/yax_jeju/build/serial_communication_pkg/resource/serial_communication_pkg -> /home/jsmoon/yax_jeju/install/serial_communication_pkg/share/ament_index/resource_index/packages\n'}
[2.713567] (serial_communication_pkg) StdoutLine: {'line': b'symbolically linking /home/jsmoon/yax_jeju/build/serial_communication_pkg/package.xml -> /home/jsmoon/yax_jeju/install/serial_communication_pkg/share/serial_communication_pkg\n'}
[2.724465] (rtcm_msgs) StdoutLine: {'line': b'-- Using all available rosidl_typesupport_cpp: rosidl_typesupport_fastrtps_cpp;rosidl_typesupport_introspection_cpp\n'}
[2.745757] (ntrip_client) CommandEnded: {'returncode': 0}
[2.746189] (ydlidar_ros2_driver) StdoutLine: {'line': b'[ 25%] \x1b[32mBuilding CXX object CMakeFiles/ydlidar_ros2_driver_node.dir/src/ydlidar_ros2_driver_node.cpp.o\x1b[0m\n'}
[2.746500] (ydlidar_ros2_driver) StdoutLine: {'line': b'[ 50%] \x1b[32mBuilding CXX object CMakeFiles/ydlidar_ros2_driver_client.dir/src/ydlidar_ros2_driver_client.cpp.o\x1b[0m\n'}
[2.752924] (ntrip_client) JobEnded: {'identifier': 'ntrip_client', 'rc': 0}
[2.753751] (debug_pkg) CommandEnded: {'returncode': 0}
[2.760336] (debug_pkg) JobEnded: {'identifier': 'debug_pkg', 'rc': 0}
[2.761402] (lidar_perception_pkg) CommandEnded: {'returncode': 0}
[2.767415] (lidar_perception_pkg) JobEnded: {'identifier': 'lidar_perception_pkg', 'rc': 0}
[2.768261] (camera_perception_pkg) CommandEnded: {'returncode': 0}
[2.773380] (camera_perception_pkg) JobEnded: {'identifier': 'camera_perception_pkg', 'rc': 0}
[2.774262] (decision_making_pkg) CommandEnded: {'returncode': 0}
[2.778851] (decision_making_pkg) JobEnded: {'identifier': 'decision_making_pkg', 'rc': 0}
[2.779618] (serial_communication_pkg) CommandEnded: {'returncode': 0}
[2.784059] (serial_communication_pkg) JobEnded: {'identifier': 'serial_communication_pkg', 'rc': 0}
[2.784429] (latlong_utm) CommandEnded: {'returncode': 0}
[2.788360] (latlong_utm) JobEnded: {'identifier': 'latlong_utm', 'rc': 0}
[2.796954] (rtcm_msgs) StdoutLine: {'line': b'-- Found PythonInterp: /home/jsmoon/.pyenv/shims/python3 (found suitable version "3.10.12", minimum required is "3.6") \n'}
[2.798156] (rtcm_msgs) StdoutLine: {'line': b'-- Found python_cmake_module: 0.10.0 (/opt/ros/humble/share/python_cmake_module/cmake)\n'}
[2.807664] (-) TimerEvent: {}
[2.866323] (rtcm_msgs) StdoutLine: {'line': b'-- Found PythonLibs: /usr/lib/x86_64-linux-gnu/libpython3.10.so (found suitable version "3.10.12", minimum required is "3.5") \n'}
[2.866471] (rtcm_msgs) StdoutLine: {'line': b'-- Using PYTHON_EXECUTABLE: /home/jsmoon/.pyenv/shims/python3\n'}
[2.866507] (rtcm_msgs) StdoutLine: {'line': b'-- Using PYTHON_INCLUDE_DIRS: /usr/include/python3.10\n'}
[2.866536] (rtcm_msgs) StdoutLine: {'line': b'-- Using PYTHON_LIBRARIES: /usr/lib/x86_64-linux-gnu/libpython3.10.so\n'}
[2.893323] (ublox_msgs) StdoutLine: {'line': b'-- Found Python3: /home/jsmoon/.pyenv/shims/python3 (found version "3.10.12") found components: Interpreter \n'}
[2.907796] (-) TimerEvent: {}
[2.937268] (rtcm_msgs) StdoutLine: {'line': b'-- Found PythonExtra: .so  \n'}
[2.983278] (ublox_msgs) StdoutLine: {'line': b'-- Override CMake install command with custom implementation using symlinks instead of copying resources\n'}
[3.001918] (ublox_msgs) StdoutLine: {'line': b'-- Found rosidl_default_generators: 1.2.0 (/opt/ros/humble/share/rosidl_default_generators/cmake)\n'}
[3.003553] (ublox_msgs) StdoutLine: {'line': b'-- Using all available rosidl_typesupport_c: rosidl_typesupport_fastrtps_c;rosidl_typesupport_introspection_c\n'}
[3.007416] (ublox_msgs) StdoutLine: {'line': b'-- Found rosidl_adapter: 3.1.7 (/opt/ros/humble/share/rosidl_adapter/cmake)\n'}
[3.007891] (-) TimerEvent: {}
[3.030573] (rtcm_msgs) StdoutLine: {'line': b'-- Found ament_cmake_flake8: 0.12.14 (/opt/ros/humble/share/ament_cmake_flake8/cmake)\n'}
[3.031639] (rtcm_msgs) StdoutLine: {'line': b'-- Found ament_cmake_pep257: 0.12.14 (/opt/ros/humble/share/ament_cmake_pep257/cmake)\n'}
[3.034474] (ublox_msgs) StdoutLine: {'line': b'-- Using all available rosidl_typesupport_cpp: rosidl_typesupport_fastrtps_cpp;rosidl_typesupport_introspection_cpp\n'}
[3.041194] (rtcm_msgs) StdoutLine: {'line': b'-- Configuring done\n'}
[3.055844] (ublox_msgs) StdoutLine: {'line': b'-- Found sensor_msgs: 4.9.0 (/opt/ros/humble/share/sensor_msgs/cmake)\n'}
[3.064007] (rtcm_msgs) StdoutLine: {'line': b'-- Generating done\n'}
[3.070703] (rtcm_msgs) StdoutLine: {'line': b'-- Build files have been written to: /home/jsmoon/yax_jeju/build/rtcm_msgs\n'}
[3.077663] (rtcm_msgs) CommandEnded: {'returncode': 0}
[3.078372] (rtcm_msgs) JobProgress: {'identifier': 'rtcm_msgs', 'progress': 'build'}
[3.078669] (rtcm_msgs) Command: {'cmd': ['/usr/bin/cmake', '--build', '/home/jsmoon/yax_jeju/build/rtcm_msgs', '--', '-j16', '-l16'], 'cwd': '/home/jsmoon/yax_jeju/build/rtcm_msgs', 'env': OrderedDict([('PYENV_VIRTUALENV_INIT', '1'), ('GJS_DEBUG_TOPICS', 'JS ERROR;JS LOG'), ('LESSOPEN', '| /usr/bin/lesspipe %s'), ('USER', 'jsmoon'), ('LC_TIME', 'ko_KR.UTF-8'), ('XDG_SESSION_TYPE', 'x11'), ('SHLVL', '1'), ('LD_LIBRARY_PATH', '/opt/ros/humble/opt/rviz_ogre_vendor/lib:/opt/ros/humble/lib/x86_64-linux-gnu:/opt/ros/humble/lib:/home/jsmoon/Desktop/JSMOON/MLCS/project1/Personalized-Adaptive-Cruise/external/acados/lib:'), ('ACADOS_SOURCE_DIR', '/home/jsmoon/Desktop/JSMOON/MLCS/project1/Personalized-Adaptive-Cruise/external/acados'), ('HOME', '/home/jsmoon'), ('OLDPWD', '/home/jsmoon'), ('DESKTOP_SESSION', 'ubuntu-xorg'), ('PYENV_SHELL', 'bash'), ('GIO_LAUNCHED_DESKTOP_FILE', '/usr/share/applications/terminator.desktop'), ('ROS_PYTHON_VERSION', '3'), ('GNOME_SHELL_SESSION_MODE', 'ubuntu'), ('GTK_MODULES', 'gail:atk-bridge'), ('LC_MONETARY', 'ko_KR.UTF-8'), ('MANAGERPID', '1869'), ('SYSTEMD_EXEC_PID', '2431'), ('DBUS_SESSION_BUS_ADDRESS', 'unix:path=/run/user/1000/bus'), ('COLORTERM', 'truecolor'), ('TERMINATOR_DBUS_NAME', 'net.tenshu.Terminator23558193cd9818af7fe4d2c2f5bd9d00f'), ('GIO_LAUNCHED_DESKTOP_FILE_PID', '8379'), ('COLCON_PREFIX_PATH', '/home/jsmoon/ydlidar_ws/install'), ('ROS_DISTRO', 'humble'), ('GTK_IM_MODULE', 'ibus'), ('LOGNAME', 'jsmoon'), ('JOURNAL_STREAM', '8:9861'), ('_', '/usr/bin/colcon'), ('ROS_VERSION', '2'), ('XDG_SESSION_CLASS', 'user'), ('USERNAME', 'jsmoon'), ('TERM', 'xterm-256color'), ('GNOME_DESKTOP_SESSION_ID', 'this-is-deprecated'), ('ROS_LOCALHOST_ONLY', '0'), ('WINDOWPATH', '2'), ('PATH', '/opt/ros/humble/bin:/home/jsmoon/.pyenv/plugins/pyenv-virtualenv/shims:/home/jsmoon/.pyenv/shims:/home/jsmoon/.pyenv/bin:/home/jsmoon/.local/bin:/usr/local/sbin:/usr/local/bin:/usr/sbin:/usr/bin:/sbin:/bin:/usr/games:/usr/local/games:/snap/bin:/snap/bin'), ('SESSION_MANAGER', 'local/jsmoon-ASUS-TUF-Gaming-A14-FA401UM-FA401UM:@/tmp/.ICE-unix/2384,unix/jsmoon-ASUS-TUF-Gaming-A14-FA401UM-FA401UM:/tmp/.ICE-unix/2384'), ('INVOCATION_ID', '59e81587102e428d9dc34d9cf59fdca5'), ('XDG_MENU_PREFIX', 'gnome-'), ('LC_ADDRESS', 'ko_KR.UTF-8'), ('XDG_RUNTIME_DIR', '/run/user/1000'), ('DISPLAY', ':1'), ('TERMINATOR_DBUS_PATH', '/net/tenshu/Terminator2'), ('LANG', 'en_US.UTF-8'), ('XDG_CURRENT_DESKTOP', 'ubuntu:GNOME'), ('IBUS_DISABLE_SNOOPER', '1'), ('LC_TELEPHONE', 'ko_KR.UTF-8'), ('XMODIFIERS', '@im=ibus'), ('XDG_SESSION_DESKTOP', 'ubuntu-xorg'), ('XAUTHORITY', '/run/user/1000/gdm/Xauthority'), ('LS_COLORS', 'rs=0:di=01;34:ln=01;36:mh=00:pi=40;33:so=01;35:do=01;35:bd=40;33;01:cd=40;33;01:or=40;31;01:mi=00:su=37;41:sg=30;43:ca=30;41:tw=30;42:ow=34;42:st=37;44:ex=01;32:*.tar=01;31:*.tgz=01;31:*.arc=01;31:*.arj=01;31:*.taz=01;31:*.lha=01;31:*.lz4=01;31:*.lzh=01;31:*.lzma=01;31:*.tlz=01;31:*.txz=01;31:*.tzo=01;31:*.t7z=01;31:*.zip=01;31:*.z=01;31:*.dz=01;31:*.gz=01;31:*.lrz=01;31:*.lz=01;31:*.lzo=01;31:*.xz=01;31:*.zst=01;31:*.tzst=01;31:*.bz2=01;31:*.bz=01;31:*.tbz=01;31:*.tbz2=01;31:*.tz=01;31:*.deb=01;31:*.rpm=01;31:*.jar=01;31:*.war=01;31:*.ear=01;31:*.sar=01;31:*.rar=01;31:*.alz=01;31:*.ace=01;31:*.zoo=01;31:*.cpio=01;31:*.7z=01;31:*.rz=01;31:*.cab=01;31:*.wim=01;31:*.swm=01;31:*.dwm=01;31:*.esd=01;31:*.jpg=01;35:*.jpeg=01;35:*.mjpg=01;35:*.mjpeg=01;35:*.gif=01;35:*.bmp=01;35:*.pbm=01;35:*.pgm=01;35:*.ppm=01;35:*.tga=01;35:*.xbm=01;35:*.xpm=01;35:*.tif=01;35:*.tiff=01;35:*.png=01;35:*.svg=01;35:*.svgz=01;35:*.mng=01;35:*.pcx=01;35:*.mov=01;35:*.mpg=01;35:*.mpeg=01;35:*.m2v=01;35:*.mkv=01;35:*.webm=01;35:*.webp=01;35:*.ogm=01;35:*.mp4=01;35:*.m4v=01;35:*.mp4v=01;35:*.vob=01;35:*.qt=01;35:*.nuv=01;35:*.wmv=01;35:*.asf=01;35:*.rm=01;35:*.rmvb=01;35:*.flc=01;35:*.avi=01;35:*.fli=01;35:*.flv=01;35:*.gl=01;35:*.dl=01;35:*.xcf=01;35:*.xwd=01;35:*.yuv=01;35:*.cgm=01;35:*.emf=01;35:*.ogv=01;35:*.ogx=01;35:*.aac=00;36:*.au=00;36:*.flac=00;36:*.m4a=00;36:*.mid=00;36:*.midi=00;36:*.mka=00;36:*.mp3=00;36:*.mpc=00;36:*.ogg=00;36:*.ra=00;36:*.wav=00;36:*.oga=00;36:*.opus=00;36:*.spx=00;36:*.xspf=00;36:'), ('SSH_AGENT_LAUNCHER', 'gnome-keyring'), ('SSH_AUTH_SOCK', '/run/user/1000/keyring/ssh'), ('AMENT_PREFIX_PATH', '/home/jsmoon/ydlidar_ws/install/ydlidar_ros2_driver:/opt/ros/humble'), ('SHELL', '/bin/bash'), ('LC_NAME', 'ko_KR.UTF-8'), ('TERMINATOR_UUID', 'urn:uuid:df2315a3-6fbc-4574-8f2c-035191f51785'), ('QT_ACCESSIBILITY', '1'), ('GDMSESSION', 'ubuntu-xorg'), ('LESSCLOSE', '/usr/bin/lesspipe %s %s'), ('LC_MEASUREMENT', 'ko_KR.UTF-8'), ('GPG_AGENT_INFO', '/run/user/1000/gnupg/S.gpg-agent:0:1'), ('GJS_DEBUG_OUTPUT', 'stderr'), ('LC_IDENTIFICATION', 'ko_KR.UTF-8'), ('QT_IM_MODULE', 'ibus'), ('PWD', '/home/jsmoon/yax_jeju/build/rtcm_msgs'), ('LC_ALL', 'en_US.UTF-8'), ('XDG_CONFIG_DIRS', '/etc/xdg/xdg-ubuntu-xorg:/etc/xdg'), ('PYENV_ROOT', '/home/jsmoon/.pyenv'), ('XDG_DATA_DIRS', '/usr/share/ubuntu-xorg:/usr/share/gnome:/usr/local/share/:/usr/share/:/var/lib/snapd/desktop'), ('PYTHONPATH', '/opt/ros/humble/lib/python3.10/site-packages:/opt/ros/humble/local/lib/python3.10/dist-packages'), ('LC_NUMERIC', 'ko_KR.UTF-8'), ('LC_PAPER', 'ko_KR.UTF-8'), ('COLCON', '1'), ('VTE_VERSION', '6800'), ('CMAKE_PREFIX_PATH', '/home/jsmoon/ydlidar_ws/install/ydlidar_ros2_driver:/opt/ros/humble')]), 'shell': False}
[3.084372] (interfaces_pkg) StdoutLine: {'line': b'-- Using all available rosidl_typesupport_cpp: rosidl_typesupport_fastrtps_cpp;rosidl_typesupport_introspection_cpp\n'}
[3.092668] (ublox_msgs) StdoutLine: {'line': b'-- Found ublox_serialization: 2.3.0 (/home/jsmoon/yax_jeju/install/ublox_serialization/share/ublox_serialization/cmake)\n'}
[3.107986] (-) TimerEvent: {}
[3.113481] (rtcm_msgs) StdoutLine: {'line': b'[  3%] \x1b[34m\x1b[1mGenerating C code for ROS interfaces\x1b[0m\n'}
[3.121427] (rtcm_msgs) StdoutLine: {'line': b'[  6%] \x1b[34m\x1b[1mGenerating C++ code for ROS interfaces\x1b[0m\n'}
[3.129440] (rtcm_msgs) StdoutLine: {'line': b'[  6%] Built target ament_cmake_python_symlink_rtcm_msgs\n'}
[3.152874] (interfaces_pkg) StdoutLine: {'line': b'-- Found PythonInterp: /home/jsmoon/.pyenv/shims/python3 (found suitable version "3.10.12", minimum required is "3.6") \n'}
[3.153820] (interfaces_pkg) StdoutLine: {'line': b'-- Found python_cmake_module: 0.10.0 (/opt/ros/humble/share/python_cmake_module/cmake)\n'}
[3.208077] (-) TimerEvent: {}
[3.222297] (interfaces_pkg) StdoutLine: {'line': b'-- Found PythonLibs: /usr/lib/x86_64-linux-gnu/libpython3.10.so (found suitable version "3.10.12", minimum required is "3.5") \n'}
[3.222462] (interfaces_pkg) StdoutLine: {'line': b'-- Using PYTHON_EXECUTABLE: /home/jsmoon/.pyenv/shims/python3\n'}
[3.222500] (interfaces_pkg) StdoutLine: {'line': b'-- Using PYTHON_INCLUDE_DIRS: /usr/include/python3.10\n'}
[3.222529] (interfaces_pkg) StdoutLine: {'line': b'-- Using PYTHON_LIBRARIES: /usr/lib/x86_64-linux-gnu/libpython3.10.so\n'}
[3.289865] (interfaces_pkg) StdoutLine: {'line': b'-- Found PythonExtra: .so  \n'}
[3.308181] (-) TimerEvent: {}
[3.337481] (rtcm_msgs) StdoutLine: {'line': b'running egg_info\n'}
[3.337770] (rtcm_msgs) StdoutLine: {'line': b'creating rtcm_msgs.egg-info\n'}
[3.337870] (rtcm_msgs) StdoutLine: {'line': b'[  6%] Built target rtcm_msgs__cpp\n'}
[3.338033] (rtcm_msgs) StdoutLine: {'line': b'writing rtcm_msgs.egg-info/PKG-INFO\n'}
[3.338132] (rtcm_msgs) StdoutLine: {'line': b'writing dependency_links to rtcm_msgs.egg-info/dependency_links.txt\n'}
[3.338215] (rtcm_msgs) StdoutLine: {'line': b'writing top-level names to rtcm_msgs.egg-info/top_level.txt\n'}
[3.338402] (rtcm_msgs) StdoutLine: {'line': b"writing manifest file 'rtcm_msgs.egg-info/SOURCES.txt'\n"}
[3.340005] (rtcm_msgs) StdoutLine: {'line': b"reading manifest file 'rtcm_msgs.egg-info/SOURCES.txt'\n"}
[3.340286] (rtcm_msgs) StdoutLine: {'line': b"writing manifest file 'rtcm_msgs.egg-info/SOURCES.txt'\n"}
[3.346571] (rtcm_msgs) StdoutLine: {'line': b'[ 12%] \x1b[34m\x1b[1mGenerating C++ type support dispatch for ROS interfaces\x1b[0m\n'}
[3.346731] (rtcm_msgs) StdoutLine: {'line': b'[ 12%] \x1b[34m\x1b[1mGenerating C++ introspection for ROS interfaces\x1b[0m\n'}
[3.346769] (rtcm_msgs) StdoutLine: {'line': b'[ 16%] \x1b[34m\x1b[1mGenerating C++ type support for eProsima Fast-RTPS\x1b[0m\n'}
[3.348066] (rtcm_msgs) StdoutLine: {'line': b'[ 19%] \x1b[32mBuilding C object CMakeFiles/rtcm_msgs__rosidl_generator_c.dir/rosidl_generator_c/rtcm_msgs/msg/detail/message__functions.c.o\x1b[0m\n'}
[3.369431] (rtcm_msgs) StdoutLine: {'line': b'[ 19%] Built target ament_cmake_python_build_rtcm_msgs_egg\n'}
[3.391455] (rtcm_msgs) StdoutLine: {'line': b'[ 22%] \x1b[32m\x1b[1mLinking C shared library librtcm_msgs__rosidl_generator_c.so\x1b[0m\n'}
[3.398839] (interfaces_pkg) StdoutLine: {'line': b'-- Configuring done\n'}
[3.408251] (-) TimerEvent: {}
[3.423994] (rtcm_msgs) StdoutLine: {'line': b'[ 22%] Built target rtcm_msgs__rosidl_generator_c\n'}
[3.434687] (rtcm_msgs) StdoutLine: {'line': b'[ 32%] \x1b[34m\x1b[1mGenerating C type support for eProsima Fast-RTPS\x1b[0m\n'}
[3.434864] (rtcm_msgs) StdoutLine: {'line': b'[ 32%] \x1b[34m\x1b[1mGenerating C type support dispatch for ROS interfaces\x1b[0m\n'}
[3.434932] (rtcm_msgs) StdoutLine: {'line': b'[ 32%] \x1b[34m\x1b[1mGenerating C introspection for ROS interfaces\x1b[0m\n'}
[3.438943] (interfaces_pkg) StdoutLine: {'line': b'-- Generating done\n'}
[3.448318] (interfaces_pkg) StdoutLine: {'line': b'-- Build files have been written to: /home/jsmoon/yax_jeju/build/interfaces_pkg\n'}
[3.455959] (interfaces_pkg) CommandEnded: {'returncode': 0}
[3.456642] (interfaces_pkg) JobProgress: {'identifier': 'interfaces_pkg', 'progress': 'build'}
[3.457090] (interfaces_pkg) Command: {'cmd': ['/usr/bin/cmake', '--build', '/home/jsmoon/yax_jeju/build/interfaces_pkg', '--', '-j16', '-l16'], 'cwd': '/home/jsmoon/yax_jeju/build/interfaces_pkg', 'env': OrderedDict([('PYENV_VIRTUALENV_INIT', '1'), ('GJS_DEBUG_TOPICS', 'JS ERROR;JS LOG'), ('LESSOPEN', '| /usr/bin/lesspipe %s'), ('USER', 'jsmoon'), ('LC_TIME', 'ko_KR.UTF-8'), ('XDG_SESSION_TYPE', 'x11'), ('SHLVL', '1'), ('LD_LIBRARY_PATH', '/opt/ros/humble/opt/rviz_ogre_vendor/lib:/opt/ros/humble/lib/x86_64-linux-gnu:/opt/ros/humble/lib:/home/jsmoon/Desktop/JSMOON/MLCS/project1/Personalized-Adaptive-Cruise/external/acados/lib:'), ('ACADOS_SOURCE_DIR', '/home/jsmoon/Desktop/JSMOON/MLCS/project1/Personalized-Adaptive-Cruise/external/acados'), ('HOME', '/home/jsmoon'), ('OLDPWD', '/home/jsmoon'), ('DESKTOP_SESSION', 'ubuntu-xorg'), ('PYENV_SHELL', 'bash'), ('GIO_LAUNCHED_DESKTOP_FILE', '/usr/share/applications/terminator.desktop'), ('ROS_PYTHON_VERSION', '3'), ('GNOME_SHELL_SESSION_MODE', 'ubuntu'), ('GTK_MODULES', 'gail:atk-bridge'), ('LC_MONETARY', 'ko_KR.UTF-8'), ('MANAGERPID', '1869'), ('SYSTEMD_EXEC_PID', '2431'), ('DBUS_SESSION_BUS_ADDRESS', 'unix:path=/run/user/1000/bus'), ('COLORTERM', 'truecolor'), ('TERMINATOR_DBUS_NAME', 'net.tenshu.Terminator23558193cd9818af7fe4d2c2f5bd9d00f'), ('GIO_LAUNCHED_DESKTOP_FILE_PID', '8379'), ('COLCON_PREFIX_PATH', '/home/jsmoon/ydlidar_ws/install'), ('ROS_DISTRO', 'humble'), ('GTK_IM_MODULE', 'ibus'), ('LOGNAME', 'jsmoon'), ('JOURNAL_STREAM', '8:9861'), ('_', '/usr/bin/colcon'), ('ROS_VERSION', '2'), ('XDG_SESSION_CLASS', 'user'), ('USERNAME', 'jsmoon'), ('TERM', 'xterm-256color'), ('GNOME_DESKTOP_SESSION_ID', 'this-is-deprecated'), ('ROS_LOCALHOST_ONLY', '0'), ('WINDOWPATH', '2'), ('PATH', '/opt/ros/humble/bin:/home/jsmoon/.pyenv/plugins/pyenv-virtualenv/shims:/home/jsmoon/.pyenv/shims:/home/jsmoon/.pyenv/bin:/home/jsmoon/.local/bin:/usr/local/sbin:/usr/local/bin:/usr/sbin:/usr/bin:/sbin:/bin:/usr/games:/usr/local/games:/snap/bin:/snap/bin'), ('SESSION_MANAGER', 'local/jsmoon-ASUS-TUF-Gaming-A14-FA401UM-FA401UM:@/tmp/.ICE-unix/2384,unix/jsmoon-ASUS-TUF-Gaming-A14-FA401UM-FA401UM:/tmp/.ICE-unix/2384'), ('INVOCATION_ID', '59e81587102e428d9dc34d9cf59fdca5'), ('XDG_MENU_PREFIX', 'gnome-'), ('LC_ADDRESS', 'ko_KR.UTF-8'), ('XDG_RUNTIME_DIR', '/run/user/1000'), ('DISPLAY', ':1'), ('TERMINATOR_DBUS_PATH', '/net/tenshu/Terminator2'), ('LANG', 'en_US.UTF-8'), ('XDG_CURRENT_DESKTOP', 'ubuntu:GNOME'), ('IBUS_DISABLE_SNOOPER', '1'), ('LC_TELEPHONE', 'ko_KR.UTF-8'), ('XMODIFIERS', '@im=ibus'), ('XDG_SESSION_DESKTOP', 'ubuntu-xorg'), ('XAUTHORITY', '/run/user/1000/gdm/Xauthority'), ('LS_COLORS', 'rs=0:di=01;34:ln=01;36:mh=00:pi=40;33:so=01;35:do=01;35:bd=40;33;01:cd=40;33;01:or=40;31;01:mi=00:su=37;41:sg=30;43:ca=30;41:tw=30;42:ow=34;42:st=37;44:ex=01;32:*.tar=01;31:*.tgz=01;31:*.arc=01;31:*.arj=01;31:*.taz=01;31:*.lha=01;31:*.lz4=01;31:*.lzh=01;31:*.lzma=01;31:*.tlz=01;31:*.txz=01;31:*.tzo=01;31:*.t7z=01;31:*.zip=01;31:*.z=01;31:*.dz=01;31:*.gz=01;31:*.lrz=01;31:*.lz=01;31:*.lzo=01;31:*.xz=01;31:*.zst=01;31:*.tzst=01;31:*.bz2=01;31:*.bz=01;31:*.tbz=01;31:*.tbz2=01;31:*.tz=01;31:*.deb=01;31:*.rpm=01;31:*.jar=01;31:*.war=01;31:*.ear=01;31:*.sar=01;31:*.rar=01;31:*.alz=01;31:*.ace=01;31:*.zoo=01;31:*.cpio=01;31:*.7z=01;31:*.rz=01;31:*.cab=01;31:*.wim=01;31:*.swm=01;31:*.dwm=01;31:*.esd=01;31:*.jpg=01;35:*.jpeg=01;35:*.mjpg=01;35:*.mjpeg=01;35:*.gif=01;35:*.bmp=01;35:*.pbm=01;35:*.pgm=01;35:*.ppm=01;35:*.tga=01;35:*.xbm=01;35:*.xpm=01;35:*.tif=01;35:*.tiff=01;35:*.png=01;35:*.svg=01;35:*.svgz=01;35:*.mng=01;35:*.pcx=01;35:*.mov=01;35:*.mpg=01;35:*.mpeg=01;35:*.m2v=01;35:*.mkv=01;35:*.webm=01;35:*.webp=01;35:*.ogm=01;35:*.mp4=01;35:*.m4v=01;35:*.mp4v=01;35:*.vob=01;35:*.qt=01;35:*.nuv=01;35:*.wmv=01;35:*.asf=01;35:*.rm=01;35:*.rmvb=01;35:*.flc=01;35:*.avi=01;35:*.fli=01;35:*.flv=01;35:*.gl=01;35:*.dl=01;35:*.xcf=01;35:*.xwd=01;35:*.yuv=01;35:*.cgm=01;35:*.emf=01;35:*.ogv=01;35:*.ogx=01;35:*.aac=00;36:*.au=00;36:*.flac=00;36:*.m4a=00;36:*.mid=00;36:*.midi=00;36:*.mka=00;36:*.mp3=00;36:*.mpc=00;36:*.ogg=00;36:*.ra=00;36:*.wav=00;36:*.oga=00;36:*.opus=00;36:*.spx=00;36:*.xspf=00;36:'), ('SSH_AGENT_LAUNCHER', 'gnome-keyring'), ('SSH_AUTH_SOCK', '/run/user/1000/keyring/ssh'), ('AMENT_PREFIX_PATH', '/home/jsmoon/ydlidar_ws/install/ydlidar_ros2_driver:/opt/ros/humble'), ('SHELL', '/bin/bash'), ('LC_NAME', 'ko_KR.UTF-8'), ('TERMINATOR_UUID', 'urn:uuid:df2315a3-6fbc-4574-8f2c-035191f51785'), ('QT_ACCESSIBILITY', '1'), ('GDMSESSION', 'ubuntu-xorg'), ('LESSCLOSE', '/usr/bin/lesspipe %s %s'), ('LC_MEASUREMENT', 'ko_KR.UTF-8'), ('GPG_AGENT_INFO', '/run/user/1000/gnupg/S.gpg-agent:0:1'), ('GJS_DEBUG_OUTPUT', 'stderr'), ('LC_IDENTIFICATION', 'ko_KR.UTF-8'), ('QT_IM_MODULE', 'ibus'), ('PWD', '/home/jsmoon/yax_jeju/build/interfaces_pkg'), ('LC_ALL', 'en_US.UTF-8'), ('XDG_CONFIG_DIRS', '/etc/xdg/xdg-ubuntu-xorg:/etc/xdg'), ('PYENV_ROOT', '/home/jsmoon/.pyenv'), ('XDG_DATA_DIRS', '/usr/share/ubuntu-xorg:/usr/share/gnome:/usr/local/share/:/usr/share/:/var/lib/snapd/desktop'), ('PYTHONPATH', '/opt/ros/humble/lib/python3.10/site-packages:/opt/ros/humble/local/lib/python3.10/dist-packages'), ('LC_NUMERIC', 'ko_KR.UTF-8'), ('LC_PAPER', 'ko_KR.UTF-8'), ('COLCON', '1'), ('VTE_VERSION', '6800'), ('CMAKE_PREFIX_PATH', '/home/jsmoon/ydlidar_ws/install/ydlidar_ros2_driver:/opt/ros/humble')]), 'shell': False}
[3.500331] (interfaces_pkg) StdoutLine: {'line': b'[  0%] \x1b[34m\x1b[1mGenerating C code for ROS interfaces\x1b[0m\n'}
[3.508352] (-) TimerEvent: {}
[3.510141] (interfaces_pkg) StdoutLine: {'line': b'[  0%] \x1b[34m\x1b[1mGenerating C++ code for ROS interfaces\x1b[0m\n'}
[3.518885] (interfaces_pkg) StdoutLine: {'line': b'[  0%] Built target ament_cmake_python_symlink_interfaces_pkg\n'}
[3.554494] (rtcm_msgs) StdoutLine: {'line': b'[ 35%] \x1b[32mBuilding CXX object CMakeFiles/rtcm_msgs__rosidl_typesupport_cpp.dir/rosidl_typesupport_cpp/rtcm_msgs/msg/message__type_support.cpp.o\x1b[0m\n'}
[3.581983] (rtcm_msgs) StdoutLine: {'line': b'[ 38%] \x1b[32mBuilding CXX object CMakeFiles/rtcm_msgs__rosidl_typesupport_introspection_cpp.dir/rosidl_typesupport_introspection_cpp/rtcm_msgs/msg/detail/message__type_support.cpp.o\x1b[0m\n'}
[3.585224] (rtcm_msgs) StdoutLine: {'line': b'[ 41%] \x1b[32mBuilding CXX object CMakeFiles/rtcm_msgs__rosidl_typesupport_fastrtps_cpp.dir/rosidl_typesupport_fastrtps_cpp/rtcm_msgs/msg/detail/dds_fastrtps/message__type_support.cpp.o\x1b[0m\n'}
[3.608450] (-) TimerEvent: {}
[3.669331] (rtcm_msgs) StdoutLine: {'line': b'[ 45%] \x1b[32mBuilding C object CMakeFiles/rtcm_msgs__rosidl_typesupport_introspection_c.dir/rosidl_typesupport_introspection_c/rtcm_msgs/msg/detail/message__type_support.c.o\x1b[0m\n'}
[3.696435] (rtcm_msgs) StdoutLine: {'line': b'[ 48%] \x1b[32mBuilding CXX object CMakeFiles/rtcm_msgs__rosidl_typesupport_fastrtps_c.dir/rosidl_typesupport_fastrtps_c/rtcm_msgs/msg/detail/message__type_support_c.cpp.o\x1b[0m\n'}
[3.707112] (rtcm_msgs) StdoutLine: {'line': b'[ 54%] \x1b[32mBuilding CXX object CMakeFiles/rtcm_msgs__rosidl_typesupport_c.dir/rosidl_typesupport_c/rtcm_msgs/msg/message__type_support.cpp.o\x1b[0m\n'}
[3.707300] (rtcm_msgs) StdoutLine: {'line': b'[ 54%] \x1b[32m\x1b[1mLinking C shared library librtcm_msgs__rosidl_typesupport_introspection_c.so\x1b[0m\n'}
[3.708522] (-) TimerEvent: {}
[3.742159] (rtcm_msgs) StdoutLine: {'line': b'[ 58%] \x1b[32m\x1b[1mLinking CXX shared library librtcm_msgs__rosidl_typesupport_c.so\x1b[0m\n'}
[3.742744] (rtcm_msgs) StdoutLine: {'line': b'[ 58%] Built target rtcm_msgs__rosidl_typesupport_introspection_c\n'}
[3.751748] (rtcm_msgs) StdoutLine: {'line': b'[ 61%] \x1b[32m\x1b[1mLinking CXX shared library librtcm_msgs__rosidl_typesupport_cpp.so\x1b[0m\n'}
[3.786425] (rtcm_msgs) StdoutLine: {'line': b'[ 61%] Built target rtcm_msgs__rosidl_typesupport_c\n'}
[3.786860] (rtcm_msgs) StdoutLine: {'line': b'[ 61%] Built target rtcm_msgs__rosidl_typesupport_cpp\n'}
[3.808623] (-) TimerEvent: {}
[3.809673] (interfaces_pkg) StdoutLine: {'line': b'running egg_info\n'}
[3.810077] (interfaces_pkg) StdoutLine: {'line': b'creating interfaces_pkg.egg-info\n'}
[3.810277] (interfaces_pkg) StdoutLine: {'line': b'writing interfaces_pkg.egg-info/PKG-INFO\n'}
[3.810398] (interfaces_pkg) StdoutLine: {'line': b'writing dependency_links to interfaces_pkg.egg-info/dependency_links.txt\n'}
[3.810491] (interfaces_pkg) StdoutLine: {'line': b'writing top-level names to interfaces_pkg.egg-info/top_level.txt\n'}
[3.810637] (interfaces_pkg) StdoutLine: {'line': b"writing manifest file 'interfaces_pkg.egg-info/SOURCES.txt'\n"}
[3.811994] (interfaces_pkg) StdoutLine: {'line': b"reading manifest file 'interfaces_pkg.egg-info/SOURCES.txt'\n"}
[3.812285] (interfaces_pkg) StdoutLine: {'line': b"writing manifest file 'interfaces_pkg.egg-info/SOURCES.txt'\n"}
[3.842318] (interfaces_pkg) StdoutLine: {'line': b'[  0%] Built target ament_cmake_python_build_interfaces_pkg_egg\n'}
[3.883438] (rtcm_msgs) StdoutLine: {'line': b'[ 64%] \x1b[32m\x1b[1mLinking CXX shared library librtcm_msgs__rosidl_typesupport_introspection_cpp.so\x1b[0m\n'}
[3.888819] (rtcm_msgs) StdoutLine: {'line': b'[ 67%] \x1b[32m\x1b[1mLinking CXX shared library librtcm_msgs__rosidl_typesupport_fastrtps_cpp.so\x1b[0m\n'}
[3.908723] (-) TimerEvent: {}
[3.915608] (rtcm_msgs) StdoutLine: {'line': b'[ 70%] \x1b[32m\x1b[1mLinking CXX shared library librtcm_msgs__rosidl_typesupport_fastrtps_c.so\x1b[0m\n'}
[3.951390] (rtcm_msgs) StdoutLine: {'line': b'[ 70%] Built target rtcm_msgs__rosidl_typesupport_introspection_cpp\n'}
[3.958845] (rtcm_msgs) StdoutLine: {'line': b'[ 70%] Built target rtcm_msgs__rosidl_typesupport_fastrtps_cpp\n'}
[3.981539] (rtcm_msgs) StdoutLine: {'line': b'[ 70%] Built target rtcm_msgs__rosidl_typesupport_fastrtps_c\n'}
[4.001623] (rtcm_msgs) StdoutLine: {'line': b'[ 70%] Built target rtcm_msgs\n'}
[4.008849] (-) TimerEvent: {}
[4.020986] (rtcm_msgs) StdoutLine: {'line': b'[ 74%] \x1b[34m\x1b[1mGenerating Python code for ROS interfaces\x1b[0m\n'}
[4.108976] (-) TimerEvent: {}
[4.209346] (-) TimerEvent: {}
[4.257304] (rtcm_msgs) StdoutLine: {'line': b'[ 74%] Built target rtcm_msgs__py\n'}
[4.281068] (rtcm_msgs) StdoutLine: {'line': b'[ 77%] \x1b[32mBuilding C object CMakeFiles/rtcm_msgs__rosidl_generator_py.dir/rosidl_generator_py/rtcm_msgs/msg/_message_s.c.o\x1b[0m\n'}
[4.309461] (-) TimerEvent: {}
[4.329883] (interfaces_pkg) StdoutLine: {'line': b'[  4%] \x1b[32mBuilding C object CMakeFiles/interfaces_pkg__rosidl_generator_c.dir/rosidl_generator_c/interfaces_pkg/msg/detail/bounding_box2_d__functions.c.o\x1b[0m\n'}
[4.330095] (interfaces_pkg) StdoutLine: {'line': b'[  4%] \x1b[32mBuilding C object CMakeFiles/interfaces_pkg__rosidl_generator_c.dir/rosidl_generator_c/interfaces_pkg/msg/detail/bounding_box3_d__functions.c.o\x1b[0m\n'}
[4.330155] (interfaces_pkg) StdoutLine: {'line': b'[  4%] \x1b[32mBuilding C object CMakeFiles/interfaces_pkg__rosidl_generator_c.dir/rosidl_generator_c/interfaces_pkg/msg/detail/mask__functions.c.o\x1b[0m\n'}
[4.330195] (interfaces_pkg) StdoutLine: {'line': b'[  5%] \x1b[32mBuilding C object CMakeFiles/interfaces_pkg__rosidl_generator_c.dir/rosidl_generator_c/interfaces_pkg/msg/detail/key_point2_d_array__functions.c.o\x1b[0m\n'}
[4.330232] (interfaces_pkg) StdoutLine: {'line': b'[  5%] \x1b[32mBuilding C object CMakeFiles/interfaces_pkg__rosidl_generator_c.dir/rosidl_generator_c/interfaces_pkg/msg/detail/key_point3_d__functions.c.o\x1b[0m\n'}
[4.330269] (interfaces_pkg) StdoutLine: {'line': b'[  4%] \x1b[32mBuilding C object CMakeFiles/interfaces_pkg__rosidl_generator_c.dir/rosidl_generator_c/interfaces_pkg/msg/detail/vector2__functions.c.o\x1b[0m\n'}
[4.330304] (interfaces_pkg) StdoutLine: {'line': b'[  6%] \x1b[32mBuilding C object CMakeFiles/interfaces_pkg__rosidl_generator_c.dir/rosidl_generator_c/interfaces_pkg/msg/detail/key_point2_d__functions.c.o\x1b[0m\n'}
[4.330337] (interfaces_pkg) StdoutLine: {'line': b'[  7%] \x1b[32mBuilding C object CMakeFiles/interfaces_pkg__rosidl_generator_c.dir/rosidl_generator_c/interfaces_pkg/msg/detail/key_point3_d_array__functions.c.o\x1b[0m\n'}
[4.330388] (interfaces_pkg) StdoutLine: {'line': b'[  4%] \x1b[32mBuilding C object CMakeFiles/interfaces_pkg__rosidl_generator_c.dir/rosidl_generator_c/interfaces_pkg/msg/detail/point2_d__functions.c.o\x1b[0m\n'}
[4.330544] (interfaces_pkg) StdoutLine: {'line': b'[  8%] \x1b[32mBuilding C object CMakeFiles/interfaces_pkg__rosidl_generator_c.dir/rosidl_generator_c/interfaces_pkg/msg/detail/detection__functions.c.o\x1b[0m\n'}
[4.331464] (interfaces_pkg) StdoutLine: {'line': b'[  8%] \x1b[32mBuilding C object CMakeFiles/interfaces_pkg__rosidl_generator_c.dir/rosidl_generator_c/interfaces_pkg/msg/detail/pose2_d__functions.c.o\x1b[0m\n'}
[4.335136] (interfaces_pkg) StdoutLine: {'line': b'[  8%] \x1b[32mBuilding C object CMakeFiles/interfaces_pkg__rosidl_generator_c.dir/rosidl_generator_c/interfaces_pkg/msg/detail/detection_array__functions.c.o\x1b[0m\n'}
[4.336832] (interfaces_pkg) StdoutLine: {'line': b'[  9%] \x1b[32mBuilding C object CMakeFiles/interfaces_pkg__rosidl_generator_c.dir/rosidl_generator_c/interfaces_pkg/msg/detail/lane_info__functions.c.o\x1b[0m\n'}
[4.342055] (interfaces_pkg) StdoutLine: {'line': b'[ 10%] \x1b[32mBuilding C object CMakeFiles/interfaces_pkg__rosidl_generator_c.dir/rosidl_generator_c/interfaces_pkg/msg/detail/motion_command__functions.c.o\x1b[0m\n'}
[4.358378] (interfaces_pkg) StdoutLine: {'line': b'[ 10%] \x1b[32mBuilding C object CMakeFiles/interfaces_pkg__rosidl_generator_c.dir/rosidl_generator_c/interfaces_pkg/msg/detail/target_point__functions.c.o\x1b[0m\n'}
[4.364114] (ublox_msgs) StdoutLine: {'line': b'-- Using all available rosidl_typesupport_c: rosidl_typesupport_fastrtps_c;rosidl_typesupport_introspection_c\n'}
[4.383511] (interfaces_pkg) StdoutLine: {'line': b'[ 11%] \x1b[32mBuilding C object CMakeFiles/interfaces_pkg__rosidl_generator_c.dir/rosidl_generator_c/interfaces_pkg/msg/detail/path_planning_result__functions.c.o\x1b[0m\n'}
[4.410390] (-) TimerEvent: {}
[4.420846] (rtcm_msgs) StdoutLine: {'line': b'[ 80%] \x1b[32m\x1b[1mLinking C shared library rosidl_generator_py/rtcm_msgs/librtcm_msgs__rosidl_generator_py.so\x1b[0m\n'}
[4.430968] (interfaces_pkg) StdoutLine: {'line': b'[ 12%] \x1b[32m\x1b[1mLinking C shared library libinterfaces_pkg__rosidl_generator_c.so\x1b[0m\n'}
[4.466858] (interfaces_pkg) StdoutLine: {'line': b'[ 12%] Built target interfaces_pkg__cpp\n'}
[4.469557] (rtcm_msgs) StdoutLine: {'line': b'[ 80%] Built target rtcm_msgs__rosidl_generator_py\n'}
[4.474419] (interfaces_pkg) StdoutLine: {'line': b'[ 12%] Built target interfaces_pkg__rosidl_generator_c\n'}
[4.475491] (interfaces_pkg) StdoutLine: {'line': b'[ 13%] \x1b[34m\x1b[1mGenerating C++ type support dispatch for ROS interfaces\x1b[0m\n'}
[4.475647] (interfaces_pkg) StdoutLine: {'line': b'[ 13%] \x1b[34m\x1b[1mGenerating C++ introspection for ROS interfaces\x1b[0m\n'}
[4.475696] (interfaces_pkg) StdoutLine: {'line': b'[ 14%] \x1b[34m\x1b[1mGenerating C++ type support for eProsima Fast-RTPS\x1b[0m\n'}
[4.484992] (interfaces_pkg) StdoutLine: {'line': b'[ 15%] \x1b[34m\x1b[1mGenerating C type support dispatch for ROS interfaces\x1b[0m\n'}
[4.485181] (interfaces_pkg) StdoutLine: {'line': b'[ 17%] \x1b[34m\x1b[1mGenerating C type support for eProsima Fast-RTPS\x1b[0m\n'}
[4.485232] (interfaces_pkg) StdoutLine: {'line': b'[ 17%] \x1b[34m\x1b[1mGenerating C introspection for ROS interfaces\x1b[0m\n'}
[4.489113] (rtcm_msgs) StdoutLine: {'line': b'[ 90%] \x1b[32mBuilding C object CMakeFiles/rtcm_msgs__rosidl_typesupport_c__pyext.dir/rosidl_generator_py/rtcm_msgs/_rtcm_msgs_s.ep.rosidl_typesupport_c.c.o\x1b[0m\n'}
[4.489326] (rtcm_msgs) StdoutLine: {'line': b'[ 90%] \x1b[32mBuilding C object CMakeFiles/rtcm_msgs__rosidl_typesupport_fastrtps_c__pyext.dir/rosidl_generator_py/rtcm_msgs/_rtcm_msgs_s.ep.rosidl_typesupport_fastrtps_c.c.o\x1b[0m\n'}
[4.489382] (rtcm_msgs) StdoutLine: {'line': b'[ 90%] \x1b[32mBuilding C object CMakeFiles/rtcm_msgs__rosidl_typesupport_introspection_c__pyext.dir/rosidl_generator_py/rtcm_msgs/_rtcm_msgs_s.ep.rosidl_typesupport_introspection_c.c.o\x1b[0m\n'}
[4.510485] (-) TimerEvent: {}
[4.588076] (rtcm_msgs) StdoutLine: {'line': b'[ 96%] \x1b[32m\x1b[1mLinking C shared library rosidl_generator_py/rtcm_msgs/rtcm_msgs_s__rosidl_typesupport_c.cpython-310-x86_64-linux-gnu.so\x1b[0m\n'}
[4.588255] (rtcm_msgs) StdoutLine: {'line': b'[ 96%] \x1b[32m\x1b[1mLinking C shared library rosidl_generator_py/rtcm_msgs/rtcm_msgs_s__rosidl_typesupport_introspection_c.cpython-310-x86_64-linux-gnu.so\x1b[0m\n'}
[4.606163] (rtcm_msgs) StdoutLine: {'line': b'[100%] \x1b[32m\x1b[1mLinking C shared library rosidl_generator_py/rtcm_msgs/rtcm_msgs_s__rosidl_typesupport_fastrtps_c.cpython-310-x86_64-linux-gnu.so\x1b[0m\n'}
[4.610587] (-) TimerEvent: {}
[4.628537] (rtcm_msgs) StdoutLine: {'line': b'[100%] Built target rtcm_msgs__rosidl_typesupport_c__pyext\n'}
[4.631751] (rtcm_msgs) StdoutLine: {'line': b'[100%] Built target rtcm_msgs__rosidl_typesupport_introspection_c__pyext\n'}
[4.655775] (rtcm_msgs) StdoutLine: {'line': b'[100%] Built target rtcm_msgs__rosidl_typesupport_fastrtps_c__pyext\n'}
[4.671530] (rtcm_msgs) CommandEnded: {'returncode': 0}
[4.672224] (rtcm_msgs) JobProgress: {'identifier': 'rtcm_msgs', 'progress': 'install'}
[4.672642] (rtcm_msgs) Command: {'cmd': ['/usr/bin/cmake', '--install', '/home/jsmoon/yax_jeju/build/rtcm_msgs'], 'cwd': '/home/jsmoon/yax_jeju/build/rtcm_msgs', 'env': OrderedDict([('PYENV_VIRTUALENV_INIT', '1'), ('GJS_DEBUG_TOPICS', 'JS ERROR;JS LOG'), ('LESSOPEN', '| /usr/bin/lesspipe %s'), ('USER', 'jsmoon'), ('LC_TIME', 'ko_KR.UTF-8'), ('XDG_SESSION_TYPE', 'x11'), ('SHLVL', '1'), ('LD_LIBRARY_PATH', '/opt/ros/humble/opt/rviz_ogre_vendor/lib:/opt/ros/humble/lib/x86_64-linux-gnu:/opt/ros/humble/lib:/home/jsmoon/Desktop/JSMOON/MLCS/project1/Personalized-Adaptive-Cruise/external/acados/lib:'), ('ACADOS_SOURCE_DIR', '/home/jsmoon/Desktop/JSMOON/MLCS/project1/Personalized-Adaptive-Cruise/external/acados'), ('HOME', '/home/jsmoon'), ('OLDPWD', '/home/jsmoon'), ('DESKTOP_SESSION', 'ubuntu-xorg'), ('PYENV_SHELL', 'bash'), ('GIO_LAUNCHED_DESKTOP_FILE', '/usr/share/applications/terminator.desktop'), ('ROS_PYTHON_VERSION', '3'), ('GNOME_SHELL_SESSION_MODE', 'ubuntu'), ('GTK_MODULES', 'gail:atk-bridge'), ('LC_MONETARY', 'ko_KR.UTF-8'), ('MANAGERPID', '1869'), ('SYSTEMD_EXEC_PID', '2431'), ('DBUS_SESSION_BUS_ADDRESS', 'unix:path=/run/user/1000/bus'), ('COLORTERM', 'truecolor'), ('TERMINATOR_DBUS_NAME', 'net.tenshu.Terminator23558193cd9818af7fe4d2c2f5bd9d00f'), ('GIO_LAUNCHED_DESKTOP_FILE_PID', '8379'), ('COLCON_PREFIX_PATH', '/home/jsmoon/ydlidar_ws/install'), ('ROS_DISTRO', 'humble'), ('GTK_IM_MODULE', 'ibus'), ('LOGNAME', 'jsmoon'), ('JOURNAL_STREAM', '8:9861'), ('_', '/usr/bin/colcon'), ('ROS_VERSION', '2'), ('XDG_SESSION_CLASS', 'user'), ('USERNAME', 'jsmoon'), ('TERM', 'xterm-256color'), ('GNOME_DESKTOP_SESSION_ID', 'this-is-deprecated'), ('ROS_LOCALHOST_ONLY', '0'), ('WINDOWPATH', '2'), ('PATH', '/opt/ros/humble/bin:/home/jsmoon/.pyenv/plugins/pyenv-virtualenv/shims:/home/jsmoon/.pyenv/shims:/home/jsmoon/.pyenv/bin:/home/jsmoon/.local/bin:/usr/local/sbin:/usr/local/bin:/usr/sbin:/usr/bin:/sbin:/bin:/usr/games:/usr/local/games:/snap/bin:/snap/bin'), ('SESSION_MANAGER', 'local/jsmoon-ASUS-TUF-Gaming-A14-FA401UM-FA401UM:@/tmp/.ICE-unix/2384,unix/jsmoon-ASUS-TUF-Gaming-A14-FA401UM-FA401UM:/tmp/.ICE-unix/2384'), ('INVOCATION_ID', '59e81587102e428d9dc34d9cf59fdca5'), ('XDG_MENU_PREFIX', 'gnome-'), ('LC_ADDRESS', 'ko_KR.UTF-8'), ('XDG_RUNTIME_DIR', '/run/user/1000'), ('DISPLAY', ':1'), ('TERMINATOR_DBUS_PATH', '/net/tenshu/Terminator2'), ('LANG', 'en_US.UTF-8'), ('XDG_CURRENT_DESKTOP', 'ubuntu:GNOME'), ('IBUS_DISABLE_SNOOPER', '1'), ('LC_TELEPHONE', 'ko_KR.UTF-8'), ('XMODIFIERS', '@im=ibus'), ('XDG_SESSION_DESKTOP', 'ubuntu-xorg'), ('XAUTHORITY', '/run/user/1000/gdm/Xauthority'), ('LS_COLORS', 'rs=0:di=01;34:ln=01;36:mh=00:pi=40;33:so=01;35:do=01;35:bd=40;33;01:cd=40;33;01:or=40;31;01:mi=00:su=37;41:sg=30;43:ca=30;41:tw=30;42:ow=34;42:st=37;44:ex=01;32:*.tar=01;31:*.tgz=01;31:*.arc=01;31:*.arj=01;31:*.taz=01;31:*.lha=01;31:*.lz4=01;31:*.lzh=01;31:*.lzma=01;31:*.tlz=01;31:*.txz=01;31:*.tzo=01;31:*.t7z=01;31:*.zip=01;31:*.z=01;31:*.dz=01;31:*.gz=01;31:*.lrz=01;31:*.lz=01;31:*.lzo=01;31:*.xz=01;31:*.zst=01;31:*.tzst=01;31:*.bz2=01;31:*.bz=01;31:*.tbz=01;31:*.tbz2=01;31:*.tz=01;31:*.deb=01;31:*.rpm=01;31:*.jar=01;31:*.war=01;31:*.ear=01;31:*.sar=01;31:*.rar=01;31:*.alz=01;31:*.ace=01;31:*.zoo=01;31:*.cpio=01;31:*.7z=01;31:*.rz=01;31:*.cab=01;31:*.wim=01;31:*.swm=01;31:*.dwm=01;31:*.esd=01;31:*.jpg=01;35:*.jpeg=01;35:*.mjpg=01;35:*.mjpeg=01;35:*.gif=01;35:*.bmp=01;35:*.pbm=01;35:*.pgm=01;35:*.ppm=01;35:*.tga=01;35:*.xbm=01;35:*.xpm=01;35:*.tif=01;35:*.tiff=01;35:*.png=01;35:*.svg=01;35:*.svgz=01;35:*.mng=01;35:*.pcx=01;35:*.mov=01;35:*.mpg=01;35:*.mpeg=01;35:*.m2v=01;35:*.mkv=01;35:*.webm=01;35:*.webp=01;35:*.ogm=01;35:*.mp4=01;35:*.m4v=01;35:*.mp4v=01;35:*.vob=01;35:*.qt=01;35:*.nuv=01;35:*.wmv=01;35:*.asf=01;35:*.rm=01;35:*.rmvb=01;35:*.flc=01;35:*.avi=01;35:*.fli=01;35:*.flv=01;35:*.gl=01;35:*.dl=01;35:*.xcf=01;35:*.xwd=01;35:*.yuv=01;35:*.cgm=01;35:*.emf=01;35:*.ogv=01;35:*.ogx=01;35:*.aac=00;36:*.au=00;36:*.flac=00;36:*.m4a=00;36:*.mid=00;36:*.midi=00;36:*.mka=00;36:*.mp3=00;36:*.mpc=00;36:*.ogg=00;36:*.ra=00;36:*.wav=00;36:*.oga=00;36:*.opus=00;36:*.spx=00;36:*.xspf=00;36:'), ('SSH_AGENT_LAUNCHER', 'gnome-keyring'), ('SSH_AUTH_SOCK', '/run/user/1000/keyring/ssh'), ('AMENT_PREFIX_PATH', '/home/jsmoon/ydlidar_ws/install/ydlidar_ros2_driver:/opt/ros/humble'), ('SHELL', '/bin/bash'), ('LC_NAME', 'ko_KR.UTF-8'), ('TERMINATOR_UUID', 'urn:uuid:df2315a3-6fbc-4574-8f2c-035191f51785'), ('QT_ACCESSIBILITY', '1'), ('GDMSESSION', 'ubuntu-xorg'), ('LESSCLOSE', '/usr/bin/lesspipe %s %s'), ('LC_MEASUREMENT', 'ko_KR.UTF-8'), ('GPG_AGENT_INFO', '/run/user/1000/gnupg/S.gpg-agent:0:1'), ('GJS_DEBUG_OUTPUT', 'stderr'), ('LC_IDENTIFICATION', 'ko_KR.UTF-8'), ('QT_IM_MODULE', 'ibus'), ('PWD', '/home/jsmoon/yax_jeju/build/rtcm_msgs'), ('LC_ALL', 'en_US.UTF-8'), ('XDG_CONFIG_DIRS', '/etc/xdg/xdg-ubuntu-xorg:/etc/xdg'), ('PYENV_ROOT', '/home/jsmoon/.pyenv'), ('XDG_DATA_DIRS', '/usr/share/ubuntu-xorg:/usr/share/gnome:/usr/local/share/:/usr/share/:/var/lib/snapd/desktop'), ('PYTHONPATH', '/opt/ros/humble/lib/python3.10/site-packages:/opt/ros/humble/local/lib/python3.10/dist-packages'), ('LC_NUMERIC', 'ko_KR.UTF-8'), ('LC_PAPER', 'ko_KR.UTF-8'), ('COLCON', '1'), ('VTE_VERSION', '6800'), ('CMAKE_PREFIX_PATH', '/home/jsmoon/ydlidar_ws/install/ydlidar_ros2_driver:/opt/ros/humble')]), 'shell': False}
[4.677632] (ydlidar_ros2_driver) StderrLine: {'line': b'\x1b[01m\x1b[K/home/jsmoon/yax_jeju/src/ydlidar_ros2_driver/src/ydlidar_ros2_driver_node.cpp:\x1b[m\x1b[K In lambda function:\n'}
[4.677859] (ydlidar_ros2_driver) StderrLine: {'line': b'\x1b[01m\x1b[K/home/jsmoon/yax_jeju/src/ydlidar_ros2_driver/src/ydlidar_ros2_driver_node.cpp:191:54:\x1b[m\x1b[K \x1b[01;35m\x1b[Kwarning: \x1b[m\x1b[Kunused parameter \xe2\x80\x98\x1b[01m\x1b[Krequest_header\x1b[m\x1b[K\xe2\x80\x99 [\x1b[01;35m\x1b[K\x1b]8;;https://gcc.gnu.org/onlinedocs/gcc/Warning-Options.html#index-Wunused-parameter\x07-Wunused-parameter\x1b]8;;\x07\x1b[m\x1b[K]\n'}
[4.677919] (ydlidar_ros2_driver) StderrLine: {'line': b'  191 |     [&laser](\x1b[01;35m\x1b[Kconst std::shared_ptr<rmw_request_id_t> request_header\x1b[m\x1b[K,\n'}
[4.677969] (ydlidar_ros2_driver) StderrLine: {'line': b'      |              \x1b[01;35m\x1b[K~~~~~~~~~~~~~~~~~~~~~~~~~~~~~~~~~~~~~~~~^~~~~~~~~~~~~~\x1b[m\x1b[K\n'}
[4.678022] (ydlidar_ros2_driver) StderrLine: {'line': b'\x1b[01m\x1b[K/home/jsmoon/yax_jeju/src/ydlidar_ros2_driver/src/ydlidar_ros2_driver_node.cpp:192:56:\x1b[m\x1b[K \x1b[01;35m\x1b[Kwarning: \x1b[m\x1b[Kunused parameter \xe2\x80\x98\x1b[01m\x1b[Kreq\x1b[m\x1b[K\xe2\x80\x99 [\x1b[01;35m\x1b[K\x1b]8;;https://gcc.gnu.org/onlinedocs/gcc/Warning-Options.html#index-Wunused-parameter\x07-Wunused-parameter\x1b]8;;\x07\x1b[m\x1b[K]\n'}
[4.678080] (ydlidar_ros2_driver) StderrLine: {'line': b'  192 |   \x1b[01;35m\x1b[Kconst std::shared_ptr<std_srvs::srv::Empty::Request> req\x1b[m\x1b[K,\n'}
[4.678124] (ydlidar_ros2_driver) StderrLine: {'line': b'      |   \x1b[01;35m\x1b[K~~~~~~~~~~~~~~~~~~~~~~~~~~~~~~~~~~~~~~~~~~~~~~~~~~~~~^~~\x1b[m\x1b[K\n'}
[4.678167] (ydlidar_ros2_driver) StderrLine: {'line': b'\x1b[01m\x1b[K/home/jsmoon/yax_jeju/src/ydlidar_ros2_driver/src/ydlidar_ros2_driver_node.cpp:193:51:\x1b[m\x1b[K \x1b[01;35m\x1b[Kwarning: \x1b[m\x1b[Kunused parameter \xe2\x80\x98\x1b[01m\x1b[Kresponse\x1b[m\x1b[K\xe2\x80\x99 [\x1b[01;35m\x1b[K\x1b]8;;https://gcc.gnu.org/onlinedocs/gcc/Warning-Options.html#index-Wunused-parameter\x07-Wunused-parameter\x1b]8;;\x07\x1b[m\x1b[K]\n'}
[4.678213] (ydlidar_ros2_driver) StderrLine: {'line': b'  193 |   \x1b[01;35m\x1b[Kstd::shared_ptr<std_srvs::srv::Empty::Response> response\x1b[m\x1b[K) -> bool\n'}
[4.678256] (ydlidar_ros2_driver) StderrLine: {'line': b'      |   \x1b[01;35m\x1b[K~~~~~~~~~~~~~~~~~~~~~~~~~~~~~~~~~~~~~~~~~~~~~~~~^~~~~~~~\x1b[m\x1b[K\n'}
[4.683462] (rtcm_msgs) StdoutLine: {'line': b'-- Install configuration: ""\n'}
[4.684020] (rtcm_msgs) StdoutLine: {'line': b'-- Execute custom install script\n'}
[4.684300] (rtcm_msgs) StdoutLine: {'line': b'-- Symlinking: /home/jsmoon/yax_jeju/install/rtcm_msgs/share/ament_index/resource_index/rosidl_interfaces/rtcm_msgs\n'}
[4.687988] (ydlidar_ros2_driver) StderrLine: {'line': b'\x1b[01m\x1b[K/home/jsmoon/yax_jeju/src/ydlidar_ros2_driver/src/ydlidar_ros2_driver_node.cpp:\x1b[m\x1b[K In lambda function:\n'}
[4.688130] (ydlidar_ros2_driver) StderrLine: {'line': b'\x1b[01m\x1b[K/home/jsmoon/yax_jeju/src/ydlidar_ros2_driver/src/ydlidar_ros2_driver_node.cpp:201:54:\x1b[m\x1b[K \x1b[01;35m\x1b[Kwarning: \x1b[m\x1b[Kunused parameter \xe2\x80\x98\x1b[01m\x1b[Krequest_header\x1b[m\x1b[K\xe2\x80\x99 [\x1b[01;35m\x1b[K\x1b]8;;https://gcc.gnu.org/onlinedocs/gcc/Warning-Options.html#index-Wunused-parameter\x07-Wunused-parameter\x1b]8;;\x07\x1b[m\x1b[K]\n'}
[4.688184] (ydlidar_ros2_driver) StderrLine: {'line': b'  201 |     [&laser](\x1b[01;35m\x1b[Kconst std::shared_ptr<rmw_request_id_t> request_header\x1b[m\x1b[K,\n'}
[4.688237] (ydlidar_ros2_driver) StderrLine: {'line': b'      |              \x1b[01;35m\x1b[K~~~~~~~~~~~~~~~~~~~~~~~~~~~~~~~~~~~~~~~~^~~~~~~~~~~~~~\x1b[m\x1b[K\n'}
[4.688277] (ydlidar_ros2_driver) StderrLine: {'line': b'\x1b[01m\x1b[K/home/jsmoon/yax_jeju/src/ydlidar_ros2_driver/src/ydlidar_ros2_driver_node.cpp:202:56:\x1b[m\x1b[K \x1b[01;35m\x1b[Kwarning: \x1b[m\x1b[Kunused parameter \xe2\x80\x98\x1b[01m\x1b[Kreq\x1b[m\x1b[K\xe2\x80\x99 [\x1b[01;35m\x1b[K\x1b]8;;https://gcc.gnu.org/onlinedocs/gcc/Warning-Options.html#index-Wunused-parameter\x07-Wunused-parameter\x1b]8;;\x07\x1b[m\x1b[K]\n'}
[4.688318] (ydlidar_ros2_driver) StderrLine: {'line': b'  202 |   \x1b[01;35m\x1b[Kconst std::shared_ptr<std_srvs::srv::Empty::Request> req\x1b[m\x1b[K,\n'}
[4.688358] (ydlidar_ros2_driver) StderrLine: {'line': b'      |   \x1b[01;35m\x1b[K~~~~~~~~~~~~~~~~~~~~~~~~~~~~~~~~~~~~~~~~~~~~~~~~~~~~~^~~\x1b[m\x1b[K\n'}
[4.688399] (ydlidar_ros2_driver) StderrLine: {'line': b'\x1b[01m\x1b[K/home/jsmoon/yax_jeju/src/ydlidar_ros2_driver/src/ydlidar_ros2_driver_node.cpp:203:51:\x1b[m\x1b[K \x1b[01;35m\x1b[Kwarning: \x1b[m\x1b[Kunused parameter \xe2\x80\x98\x1b[01m\x1b[Kresponse\x1b[m\x1b[K\xe2\x80\x99 [\x1b[01;35m\x1b[K\x1b]8;;https://gcc.gnu.org/onlinedocs/gcc/Warning-Options.html#index-Wunused-parameter\x07-Wunused-parameter\x1b]8;;\x07\x1b[m\x1b[K]\n'}
[4.688439] (ydlidar_ros2_driver) StderrLine: {'line': b'  203 |   \x1b[01;35m\x1b[Kstd::shared_ptr<std_srvs::srv::Empty::Response> response\x1b[m\x1b[K) -> bool\n'}
[4.688477] (ydlidar_ros2_driver) StderrLine: {'line': b'      |   \x1b[01;35m\x1b[K~~~~~~~~~~~~~~~~~~~~~~~~~~~~~~~~~~~~~~~~~~~~~~~~^~~~~~~~\x1b[m\x1b[K\n'}
[4.695516] (rtcm_msgs) StdoutLine: {'line': b'-- Symlinking: /home/jsmoon/yax_jeju/install/rtcm_msgs/include/rtcm_msgs/rtcm_msgs/msg/detail/message__functions.h\n'}
[4.706454] (rtcm_msgs) StdoutLine: {'line': b'-- Symlinking: /home/jsmoon/yax_jeju/install/rtcm_msgs/include/rtcm_msgs/rtcm_msgs/msg/detail/message__struct.h\n'}
[4.710657] (-) TimerEvent: {}
[4.717248] (rtcm_msgs) StdoutLine: {'line': b'-- Symlinking: /home/jsmoon/yax_jeju/install/rtcm_msgs/include/rtcm_msgs/rtcm_msgs/msg/detail/message__type_support.h\n'}
[4.728189] (rtcm_msgs) StdoutLine: {'line': b'-- Symlinking: /home/jsmoon/yax_jeju/install/rtcm_msgs/include/rtcm_msgs/rtcm_msgs/msg/message.h\n'}
[4.741136] (rtcm_msgs) StdoutLine: {'line': b'-- Symlinking: /home/jsmoon/yax_jeju/install/rtcm_msgs/include/rtcm_msgs/rtcm_msgs/msg/rosidl_generator_c__visibility_control.h\n'}
[4.752765] (rtcm_msgs) StdoutLine: {'line': b'-- Symlinking: /home/jsmoon/yax_jeju/install/rtcm_msgs/share/rtcm_msgs/environment/library_path.sh\n'}
[4.764184] (rtcm_msgs) StdoutLine: {'line': b'-- Symlinking: /home/jsmoon/yax_jeju/install/rtcm_msgs/share/rtcm_msgs/environment/library_path.dsv\n'}
[4.777022] (rtcm_msgs) StdoutLine: {'line': b'-- Symlinking: /home/jsmoon/yax_jeju/install/rtcm_msgs/include/rtcm_msgs/rtcm_msgs/msg/detail/message__rosidl_typesupport_fastrtps_c.h\n'}
[4.788161] (rtcm_msgs) StdoutLine: {'line': b'-- Symlinking: /home/jsmoon/yax_jeju/install/rtcm_msgs/include/rtcm_msgs/rtcm_msgs/msg/rosidl_typesupport_fastrtps_c__visibility_control.h\n'}
[4.799577] (rtcm_msgs) StdoutLine: {'line': b'-- Symlinking: /home/jsmoon/yax_jeju/install/rtcm_msgs/include/rtcm_msgs/rtcm_msgs/msg/detail/message__builder.hpp\n'}
[4.810668] (rtcm_msgs) StdoutLine: {'line': b'-- Symlinking: /home/jsmoon/yax_jeju/install/rtcm_msgs/include/rtcm_msgs/rtcm_msgs/msg/detail/message__struct.hpp\n'}
[4.810835] (-) TimerEvent: {}
[4.821895] (rtcm_msgs) StdoutLine: {'line': b'-- Symlinking: /home/jsmoon/yax_jeju/install/rtcm_msgs/include/rtcm_msgs/rtcm_msgs/msg/detail/message__traits.hpp\n'}
[4.832909] (rtcm_msgs) StdoutLine: {'line': b'-- Symlinking: /home/jsmoon/yax_jeju/install/rtcm_msgs/include/rtcm_msgs/rtcm_msgs/msg/detail/message__type_support.hpp\n'}
[4.844414] (rtcm_msgs) StdoutLine: {'line': b'-- Symlinking: /home/jsmoon/yax_jeju/install/rtcm_msgs/include/rtcm_msgs/rtcm_msgs/msg/message.hpp\n'}
[4.855889] (rtcm_msgs) StdoutLine: {'line': b'-- Symlinking: /home/jsmoon/yax_jeju/install/rtcm_msgs/include/rtcm_msgs/rtcm_msgs/msg/rosidl_generator_cpp__visibility_control.hpp\n'}
[4.868144] (rtcm_msgs) StdoutLine: {'line': b'-- Symlinking: /home/jsmoon/yax_jeju/install/rtcm_msgs/include/rtcm_msgs/rtcm_msgs/msg/detail/message__rosidl_typesupport_fastrtps_cpp.hpp\n'}
[4.878902] (rtcm_msgs) StdoutLine: {'line': b'-- Symlinking: /home/jsmoon/yax_jeju/install/rtcm_msgs/include/rtcm_msgs/rtcm_msgs/msg/rosidl_typesupport_fastrtps_cpp__visibility_control.h\n'}
[4.889927] (rtcm_msgs) StdoutLine: {'line': b'-- Symlinking: /home/jsmoon/yax_jeju/install/rtcm_msgs/include/rtcm_msgs/rtcm_msgs/msg/detail/message__rosidl_typesupport_introspection_c.h\n'}
[4.901231] (rtcm_msgs) StdoutLine: {'line': b'-- Symlinking: /home/jsmoon/yax_jeju/install/rtcm_msgs/include/rtcm_msgs/rtcm_msgs/msg/rosidl_typesupport_introspection_c__visibility_control.h\n'}
[4.910911] (-) TimerEvent: {}
[4.912500] (rtcm_msgs) StdoutLine: {'line': b'-- Symlinking: /home/jsmoon/yax_jeju/install/rtcm_msgs/include/rtcm_msgs/rtcm_msgs/msg/detail/message__rosidl_typesupport_introspection_cpp.hpp\n'}
[4.923766] (rtcm_msgs) StdoutLine: {'line': b'-- Symlinking: /home/jsmoon/yax_jeju/install/rtcm_msgs/share/rtcm_msgs/environment/pythonpath.sh\n'}
[4.935568] (rtcm_msgs) StdoutLine: {'line': b'-- Symlinking: /home/jsmoon/yax_jeju/install/rtcm_msgs/share/rtcm_msgs/environment/pythonpath.dsv\n'}
[4.948557] (rtcm_msgs) StdoutLine: {'line': b'-- Symlinking: /home/jsmoon/yax_jeju/install/rtcm_msgs/local/lib/python3.10/dist-packages/rtcm_msgs-1.1.6-py3.10.egg-info/PKG-INFO\n'}
[4.959678] (rtcm_msgs) StdoutLine: {'line': b'-- Symlinking: /home/jsmoon/yax_jeju/install/rtcm_msgs/local/lib/python3.10/dist-packages/rtcm_msgs-1.1.6-py3.10.egg-info/SOURCES.txt\n'}
[4.970708] (rtcm_msgs) StdoutLine: {'line': b'-- Symlinking: /home/jsmoon/yax_jeju/install/rtcm_msgs/local/lib/python3.10/dist-packages/rtcm_msgs-1.1.6-py3.10.egg-info/dependency_links.txt\n'}
[4.982075] (rtcm_msgs) StdoutLine: {'line': b'-- Symlinking: /home/jsmoon/yax_jeju/install/rtcm_msgs/local/lib/python3.10/dist-packages/rtcm_msgs-1.1.6-py3.10.egg-info/top_level.txt\n'}
[4.993270] (rtcm_msgs) StdoutLine: {'line': b'-- Symlinking: /home/jsmoon/yax_jeju/install/rtcm_msgs/local/lib/python3.10/dist-packages/rtcm_msgs/__init__.py\n'}
[5.003941] (rtcm_msgs) StdoutLine: {'line': b'-- Symlinking: /home/jsmoon/yax_jeju/install/rtcm_msgs/local/lib/python3.10/dist-packages/rtcm_msgs/_rtcm_msgs_s.ep.rosidl_typesupport_c.c\n'}
[5.011012] (-) TimerEvent: {}
[5.014760] (rtcm_msgs) StdoutLine: {'line': b'-- Symlinking: /home/jsmoon/yax_jeju/install/rtcm_msgs/local/lib/python3.10/dist-packages/rtcm_msgs/_rtcm_msgs_s.ep.rosidl_typesupport_fastrtps_c.c\n'}
[5.021616] (ublox_msgs) StdoutLine: {'line': b'-- Using all available rosidl_typesupport_cpp: rosidl_typesupport_fastrtps_cpp;rosidl_typesupport_introspection_cpp\n'}
[5.025942] (rtcm_msgs) StdoutLine: {'line': b'-- Symlinking: /home/jsmoon/yax_jeju/install/rtcm_msgs/local/lib/python3.10/dist-packages/rtcm_msgs/_rtcm_msgs_s.ep.rosidl_typesupport_introspection_c.c\n'}
[5.036963] (rtcm_msgs) StdoutLine: {'line': b'-- Symlinking: /home/jsmoon/yax_jeju/install/rtcm_msgs/local/lib/python3.10/dist-packages/rtcm_msgs/librtcm_msgs__rosidl_generator_py.so\n'}
[5.049833] (rtcm_msgs) StdoutLine: {'line': b'-- Symlinking: /home/jsmoon/yax_jeju/install/rtcm_msgs/local/lib/python3.10/dist-packages/rtcm_msgs/msg/__init__.py\n'}
[5.061638] (rtcm_msgs) StdoutLine: {'line': b'-- Symlinking: /home/jsmoon/yax_jeju/install/rtcm_msgs/local/lib/python3.10/dist-packages/rtcm_msgs/msg/_message.py\n'}
[5.072623] (rtcm_msgs) StdoutLine: {'line': b'-- Symlinking: /home/jsmoon/yax_jeju/install/rtcm_msgs/local/lib/python3.10/dist-packages/rtcm_msgs/msg/_message_s.c\n'}
[5.083451] (rtcm_msgs) StdoutLine: {'line': b'-- Symlinking: /home/jsmoon/yax_jeju/install/rtcm_msgs/local/lib/python3.10/dist-packages/rtcm_msgs/rtcm_msgs_s__rosidl_typesupport_c.cpython-310-x86_64-linux-gnu.so\n'}
[5.096354] (rtcm_msgs) StdoutLine: {'line': b'-- Symlinking: /home/jsmoon/yax_jeju/install/rtcm_msgs/local/lib/python3.10/dist-packages/rtcm_msgs/rtcm_msgs_s__rosidl_typesupport_fastrtps_c.cpython-310-x86_64-linux-gnu.so\n'}
[5.105627] (rtcm_msgs) StdoutLine: {'line': b'-- Symlinking: /home/jsmoon/yax_jeju/install/rtcm_msgs/local/lib/python3.10/dist-packages/rtcm_msgs/rtcm_msgs_s__rosidl_typesupport_introspection_c.cpython-310-x86_64-linux-gnu.so\n'}
[5.112071] (-) TimerEvent: {}
[5.113948] (ublox_msgs) StdoutLine: {'line': b'-- Found PythonInterp: /home/jsmoon/.pyenv/shims/python3 (found suitable version "3.10.12", minimum required is "3.6") \n'}
[5.114157] (rtcm_msgs) StdoutLine: {'line': b'-- Up-to-date symlink: /home/jsmoon/yax_jeju/install/rtcm_msgs/local/lib/python3.10/dist-packages/rtcm_msgs/rtcm_msgs_s__rosidl_typesupport_fastrtps_c.cpython-310-x86_64-linux-gnu.so\n'}
[5.115224] (rtcm_msgs) StdoutLine: {'line': b'-- Up-to-date symlink: /home/jsmoon/yax_jeju/install/rtcm_msgs/local/lib/python3.10/dist-packages/rtcm_msgs/rtcm_msgs_s__rosidl_typesupport_introspection_c.cpython-310-x86_64-linux-gnu.so\n'}
[5.115756] (rtcm_msgs) StdoutLine: {'line': b'-- Up-to-date symlink: /home/jsmoon/yax_jeju/install/rtcm_msgs/local/lib/python3.10/dist-packages/rtcm_msgs/rtcm_msgs_s__rosidl_typesupport_c.cpython-310-x86_64-linux-gnu.so\n'}
[5.120279] (ublox_msgs) StdoutLine: {'line': b'-- Found python_cmake_module: 0.10.0 (/opt/ros/humble/share/python_cmake_module/cmake)\n'}
[5.120467] (rtcm_msgs) StdoutLine: {'line': b'-- Symlinking: /home/jsmoon/yax_jeju/install/rtcm_msgs/share/rtcm_msgs/msg/Message.idl\n'}
[5.125759] (rtcm_msgs) StdoutLine: {'line': b'-- Symlinking: /home/jsmoon/yax_jeju/install/rtcm_msgs/share/rtcm_msgs/msg/Message.msg\n'}
[5.133142] (interfaces_pkg) StdoutLine: {'line': b'[ 19%] \x1b[32mBuilding CXX object CMakeFiles/interfaces_pkg__rosidl_typesupport_c.dir/rosidl_typesupport_c/interfaces_pkg/msg/pose2_d__type_support.cpp.o\x1b[0m\n'}
[5.133327] (interfaces_pkg) StdoutLine: {'line': b'[ 19%] \x1b[32mBuilding CXX object CMakeFiles/interfaces_pkg__rosidl_typesupport_c.dir/rosidl_typesupport_c/interfaces_pkg/msg/vector2__type_support.cpp.o\x1b[0m\n'}
[5.134788] (interfaces_pkg) StdoutLine: {'line': b'[ 20%] \x1b[32mBuilding CXX object CMakeFiles/interfaces_pkg__rosidl_typesupport_c.dir/rosidl_typesupport_c/interfaces_pkg/msg/mask__type_support.cpp.o\x1b[0m\n'}
[5.134973] (interfaces_pkg) StdoutLine: {'line': b'[ 21%] \x1b[32mBuilding CXX object CMakeFiles/interfaces_pkg__rosidl_typesupport_c.dir/rosidl_typesupport_c/interfaces_pkg/msg/bounding_box3_d__type_support.cpp.o\x1b[0m\n'}
[5.135837] (interfaces_pkg) StdoutLine: {'line': b'[ 21%] \x1b[32mBuilding CXX object CMakeFiles/interfaces_pkg__rosidl_typesupport_c.dir/rosidl_typesupport_c/interfaces_pkg/msg/point2_d__type_support.cpp.o\x1b[0m\n'}
[5.135968] (interfaces_pkg) StdoutLine: {'line': b'[ 22%] \x1b[32mBuilding CXX object CMakeFiles/interfaces_pkg__rosidl_typesupport_c.dir/rosidl_typesupport_c/interfaces_pkg/msg/key_point3_d__type_support.cpp.o\x1b[0m\n'}
[5.137439] (rtcm_msgs) StdoutLine: {'line': b'-- Symlinking: /home/jsmoon/yax_jeju/install/rtcm_msgs/share/ament_index/resource_index/package_run_dependencies/rtcm_msgs\n'}
[5.141190] (interfaces_pkg) StdoutLine: {'line': b'[ 23%] \x1b[32mBuilding CXX object CMakeFiles/interfaces_pkg__rosidl_typesupport_c.dir/rosidl_typesupport_c/interfaces_pkg/msg/key_point2_d_array__type_support.cpp.o\x1b[0m\n'}
[5.141387] (interfaces_pkg) StdoutLine: {'line': b'[ 23%] \x1b[32mBuilding CXX object CMakeFiles/interfaces_pkg__rosidl_typesupport_c.dir/rosidl_typesupport_c/interfaces_pkg/msg/bounding_box2_d__type_support.cpp.o\x1b[0m\n'}
[5.141439] (interfaces_pkg) StdoutLine: {'line': b'[ 23%] \x1b[32mBuilding CXX object CMakeFiles/interfaces_pkg__rosidl_typesupport_c.dir/rosidl_typesupport_c/interfaces_pkg/msg/key_point2_d__type_support.cpp.o\x1b[0m\n'}
[5.141481] (interfaces_pkg) StdoutLine: {'line': b'[ 23%] \x1b[32mBuilding CXX object CMakeFiles/interfaces_pkg__rosidl_typesupport_c.dir/rosidl_typesupport_c/interfaces_pkg/msg/key_point3_d_array__type_support.cpp.o\x1b[0m\n'}
[5.141849] (interfaces_pkg) StdoutLine: {'line': b'[ 24%] \x1b[32mBuilding CXX object CMakeFiles/interfaces_pkg__rosidl_typesupport_c.dir/rosidl_typesupport_c/interfaces_pkg/msg/detection__type_support.cpp.o\x1b[0m\n'}
[5.146818] (interfaces_pkg) StdoutLine: {'line': b'[ 25%] \x1b[32mBuilding CXX object CMakeFiles/interfaces_pkg__rosidl_typesupport_cpp.dir/rosidl_typesupport_cpp/interfaces_pkg/msg/point2_d__type_support.cpp.o\x1b[0m\n'}
[5.151502] (rtcm_msgs) StdoutLine: {'line': b'-- Symlinking: /home/jsmoon/yax_jeju/install/rtcm_msgs/share/ament_index/resource_index/parent_prefix_path/rtcm_msgs\n'}
[5.172206] (rtcm_msgs) StdoutLine: {'line': b'-- Symlinking: /home/jsmoon/yax_jeju/install/rtcm_msgs/share/rtcm_msgs/environment/ament_prefix_path.sh\n'}
[5.173850] (interfaces_pkg) StdoutLine: {'line': b'[ 25%] \x1b[32mBuilding CXX object CMakeFiles/interfaces_pkg__rosidl_typesupport_c.dir/rosidl_typesupport_c/interfaces_pkg/msg/lane_info__type_support.cpp.o\x1b[0m\n'}
[5.176137] (interfaces_pkg) StdoutLine: {'line': b'[ 26%] \x1b[32mBuilding CXX object CMakeFiles/interfaces_pkg__rosidl_typesupport_c.dir/rosidl_typesupport_c/interfaces_pkg/msg/detection_array__type_support.cpp.o\x1b[0m\n'}
[5.185035] (interfaces_pkg) StdoutLine: {'line': b'[ 26%] \x1b[32mBuilding CXX object CMakeFiles/interfaces_pkg__rosidl_typesupport_cpp.dir/rosidl_typesupport_cpp/interfaces_pkg/msg/vector2__type_support.cpp.o\x1b[0m\n'}
[5.187658] (interfaces_pkg) StdoutLine: {'line': b'[ 27%] \x1b[32mBuilding CXX object CMakeFiles/interfaces_pkg__rosidl_typesupport_cpp.dir/rosidl_typesupport_cpp/interfaces_pkg/msg/pose2_d__type_support.cpp.o\x1b[0m\n'}
[5.188531] (rtcm_msgs) StdoutLine: {'line': b'-- Symlinking: /home/jsmoon/yax_jeju/install/rtcm_msgs/share/rtcm_msgs/environment/ament_prefix_path.dsv\n'}
[5.188990] (interfaces_pkg) StdoutLine: {'line': b'[ 27%] \x1b[32mBuilding CXX object CMakeFiles/interfaces_pkg__rosidl_typesupport_cpp.dir/rosidl_typesupport_cpp/interfaces_pkg/msg/bounding_box3_d__type_support.cpp.o\x1b[0m\n'}
[5.189218] (interfaces_pkg) StdoutLine: {'line': b'[ 28%] \x1b[32mBuilding CXX object CMakeFiles/interfaces_pkg__rosidl_typesupport_cpp.dir/rosidl_typesupport_cpp/interfaces_pkg/msg/bounding_box2_d__type_support.cpp.o\x1b[0m\n'}
[5.194986] (interfaces_pkg) StdoutLine: {'line': b'[ 29%] \x1b[32mBuilding CXX object CMakeFiles/interfaces_pkg__rosidl_typesupport_c.dir/rosidl_typesupport_c/interfaces_pkg/msg/motion_command__type_support.cpp.o\x1b[0m\n'}
[5.200067] (interfaces_pkg) StdoutLine: {'line': b'[ 30%] \x1b[32mBuilding CXX object CMakeFiles/interfaces_pkg__rosidl_typesupport_c.dir/rosidl_typesupport_c/interfaces_pkg/msg/target_point__type_support.cpp.o\x1b[0m\n'}
[5.202116] (rtcm_msgs) StdoutLine: {'line': b'-- Symlinking: /home/jsmoon/yax_jeju/install/rtcm_msgs/share/rtcm_msgs/environment/path.sh\n'}
[5.212159] (interfaces_pkg) StdoutLine: {'line': b'[ 31%] \x1b[32mBuilding CXX object CMakeFiles/interfaces_pkg__rosidl_typesupport_cpp.dir/rosidl_typesupport_cpp/interfaces_pkg/msg/mask__type_support.cpp.o\x1b[0m\n'}
[5.212386] (-) TimerEvent: {}
[5.216754] (rtcm_msgs) StdoutLine: {'line': b'-- Symlinking: /home/jsmoon/yax_jeju/install/rtcm_msgs/share/rtcm_msgs/environment/path.dsv\n'}
[5.219362] (interfaces_pkg) StdoutLine: {'line': b'[ 32%] \x1b[32mBuilding CXX object CMakeFiles/interfaces_pkg__rosidl_typesupport_cpp.dir/rosidl_typesupport_cpp/interfaces_pkg/msg/key_point2_d__type_support.cpp.o\x1b[0m\n'}
[5.221868] (interfaces_pkg) StdoutLine: {'line': b'[ 32%] \x1b[32mBuilding CXX object CMakeFiles/interfaces_pkg__rosidl_typesupport_c.dir/rosidl_typesupport_c/interfaces_pkg/msg/path_planning_result__type_support.cpp.o\x1b[0m\n'}
[5.231001] (rtcm_msgs) StdoutLine: {'line': b'-- Symlinking: /home/jsmoon/yax_jeju/install/rtcm_msgs/share/rtcm_msgs/local_setup.bash\n'}
[5.249309] (interfaces_pkg) StdoutLine: {'line': b'[ 32%] \x1b[32mBuilding CXX object CMakeFiles/interfaces_pkg__rosidl_typesupport_cpp.dir/rosidl_typesupport_cpp/interfaces_pkg/msg/key_point2_d_array__type_support.cpp.o\x1b[0m\n'}
[5.254549] (rtcm_msgs) StdoutLine: {'line': b'-- Symlinking: /home/jsmoon/yax_jeju/install/rtcm_msgs/share/rtcm_msgs/local_setup.sh\n'}
[5.258378] (interfaces_pkg) StdoutLine: {'line': b'[ 33%] \x1b[32mBuilding CXX object CMakeFiles/interfaces_pkg__rosidl_typesupport_cpp.dir/rosidl_typesupport_cpp/interfaces_pkg/msg/key_point3_d__type_support.cpp.o\x1b[0m\n'}
[5.270771] (interfaces_pkg) StdoutLine: {'line': b'[ 34%] \x1b[32m\x1b[1mLinking CXX shared library libinterfaces_pkg__rosidl_typesupport_c.so\x1b[0m\n'}
[5.272887] (rtcm_msgs) StdoutLine: {'line': b'-- Symlinking: /home/jsmoon/yax_jeju/install/rtcm_msgs/share/rtcm_msgs/local_setup.zsh\n'}
[5.283637] (interfaces_pkg) StdoutLine: {'line': b'[ 35%] \x1b[32mBuilding CXX object CMakeFiles/interfaces_pkg__rosidl_typesupport_cpp.dir/rosidl_typesupport_cpp/interfaces_pkg/msg/key_point3_d_array__type_support.cpp.o\x1b[0m\n'}
[5.286099] (rtcm_msgs) StdoutLine: {'line': b'-- Symlinking: /home/jsmoon/yax_jeju/install/rtcm_msgs/share/rtcm_msgs/local_setup.dsv\n'}
[5.299912] (rtcm_msgs) StdoutLine: {'line': b'-- Symlinking: /home/jsmoon/yax_jeju/install/rtcm_msgs/share/rtcm_msgs/package.dsv\n'}
[5.303002] (ublox_msgs) StdoutLine: {'line': b'-- Found PythonLibs: /usr/lib/x86_64-linux-gnu/libpython3.10.so (found suitable version "3.10.12", minimum required is "3.5") \n'}
[5.303222] (ublox_msgs) StdoutLine: {'line': b'-- Using PYTHON_EXECUTABLE: /home/jsmoon/.pyenv/shims/python3\n'}
[5.306149] (ublox_msgs) StdoutLine: {'line': b'-- Using PYTHON_INCLUDE_DIRS: /usr/include/python3.10\n'}
[5.306354] (ublox_msgs) StdoutLine: {'line': b'-- Using PYTHON_LIBRARIES: /usr/lib/x86_64-linux-gnu/libpython3.10.so\n'}
[5.313142] (interfaces_pkg) StdoutLine: {'line': b'[ 35%] \x1b[32mBuilding CXX object CMakeFiles/interfaces_pkg__rosidl_typesupport_cpp.dir/rosidl_typesupport_cpp/interfaces_pkg/msg/detection__type_support.cpp.o\x1b[0m\n'}
[5.313348] (-) TimerEvent: {}
[5.316936] (rtcm_msgs) StdoutLine: {'line': b'-- Symlinking: /home/jsmoon/yax_jeju/install/rtcm_msgs/share/ament_index/resource_index/packages/rtcm_msgs\n'}
[5.331707] (rtcm_msgs) StdoutLine: {'line': b'-- Symlinking: /home/jsmoon/yax_jeju/install/rtcm_msgs/share/rtcm_msgs/cmake/rosidl_cmake-extras.cmake\n'}
[5.358027] (rtcm_msgs) StdoutLine: {'line': b'-- Symlinking: /home/jsmoon/yax_jeju/install/rtcm_msgs/share/rtcm_msgs/cmake/ament_cmake_export_dependencies-extras.cmake\n'}
[5.371978] (rtcm_msgs) StdoutLine: {'line': b'-- Symlinking: /home/jsmoon/yax_jeju/install/rtcm_msgs/share/rtcm_msgs/cmake/ament_cmake_export_include_directories-extras.cmake\n'}
[5.375601] (interfaces_pkg) StdoutLine: {'line': b'[ 35%] Built target interfaces_pkg__rosidl_typesupport_c\n'}
[5.394941] (rtcm_msgs) StdoutLine: {'line': b'-- Symlinking: /home/jsmoon/yax_jeju/install/rtcm_msgs/share/rtcm_msgs/cmake/ament_cmake_export_libraries-extras.cmake\n'}
[5.405827] (rtcm_msgs) StdoutLine: {'line': b'-- Symlinking: /home/jsmoon/yax_jeju/install/rtcm_msgs/share/rtcm_msgs/cmake/ament_cmake_export_targets-extras.cmake\n'}
[5.413483] (-) TimerEvent: {}
[5.414316] (interfaces_pkg) StdoutLine: {'line': b'[ 36%] \x1b[32mBuilding CXX object CMakeFiles/interfaces_pkg__rosidl_typesupport_cpp.dir/rosidl_typesupport_cpp/interfaces_pkg/msg/detection_array__type_support.cpp.o\x1b[0m\n'}
[5.416166] (rtcm_msgs) StdoutLine: {'line': b'-- Symlinking: /home/jsmoon/yax_jeju/install/rtcm_msgs/share/rtcm_msgs/cmake/rosidl_cmake_export_typesupport_targets-extras.cmake\n'}
[5.429081] (interfaces_pkg) StdoutLine: {'line': b'[ 37%] \x1b[32mBuilding CXX object CMakeFiles/interfaces_pkg__rosidl_typesupport_introspection_cpp.dir/rosidl_typesupport_introspection_cpp/interfaces_pkg/msg/detail/point2_d__type_support.cpp.o\x1b[0m\n'}
[5.435126] (rtcm_msgs) StdoutLine: {'line': b'-- Symlinking: /home/jsmoon/yax_jeju/install/rtcm_msgs/share/rtcm_msgs/cmake/rosidl_cmake_export_typesupport_libraries-extras.cmake\n'}
[5.453609] (interfaces_pkg) StdoutLine: {'line': b'[ 38%] \x1b[32mBuilding CXX object CMakeFiles/interfaces_pkg__rosidl_typesupport_introspection_cpp.dir/rosidl_typesupport_introspection_cpp/interfaces_pkg/msg/detail/vector2__type_support.cpp.o\x1b[0m\n'}
[5.456548] (rtcm_msgs) StdoutLine: {'line': b'-- Symlinking: /home/jsmoon/yax_jeju/install/rtcm_msgs/share/rtcm_msgs/cmake/rtcm_msgsConfig.cmake\n'}
[5.465507] (interfaces_pkg) StdoutLine: {'line': b'[ 38%] \x1b[32mBuilding CXX object CMakeFiles/interfaces_pkg__rosidl_typesupport_introspection_cpp.dir/rosidl_typesupport_introspection_cpp/interfaces_pkg/msg/detail/pose2_d__type_support.cpp.o\x1b[0m\n'}
[5.466180] (rtcm_msgs) StdoutLine: {'line': b'-- Symlinking: /home/jsmoon/yax_jeju/install/rtcm_msgs/share/rtcm_msgs/cmake/rtcm_msgsConfig-version.cmake\n'}
[5.470395] (interfaces_pkg) StdoutLine: {'line': b'[ 39%] \x1b[32mBuilding CXX object CMakeFiles/interfaces_pkg__rosidl_typesupport_introspection_cpp.dir/rosidl_typesupport_introspection_cpp/interfaces_pkg/msg/detail/bounding_box2_d__type_support.cpp.o\x1b[0m\n'}
[5.481594] (interfaces_pkg) StdoutLine: {'line': b'[ 40%] \x1b[32mBuilding CXX object CMakeFiles/interfaces_pkg__rosidl_typesupport_introspection_cpp.dir/rosidl_typesupport_introspection_cpp/interfaces_pkg/msg/detail/bounding_box3_d__type_support.cpp.o\x1b[0m\n'}
[5.483484] (interfaces_pkg) StdoutLine: {'line': b'[ 40%] \x1b[32mBuilding CXX object CMakeFiles/interfaces_pkg__rosidl_typesupport_introspection_cpp.dir/rosidl_typesupport_introspection_cpp/interfaces_pkg/msg/detail/mask__type_support.cpp.o\x1b[0m\n'}
[5.488152] (rtcm_msgs) StdoutLine: {'line': b'-- Symlinking: /home/jsmoon/yax_jeju/install/rtcm_msgs/share/rtcm_msgs/package.xml\n'}
[5.497549] (rtcm_msgs) StdoutLine: {'line': b'-- Installing: /home/jsmoon/yax_jeju/install/rtcm_msgs/lib/librtcm_msgs__rosidl_generator_c.so\n'}
[5.498271] (rtcm_msgs) StdoutLine: {'line': b'-- Set runtime path of "/home/jsmoon/yax_jeju/install/rtcm_msgs/lib/librtcm_msgs__rosidl_generator_c.so" to ""\n'}
[5.498509] (rtcm_msgs) StdoutLine: {'line': b'-- Installing: /home/jsmoon/yax_jeju/install/rtcm_msgs/lib/librtcm_msgs__rosidl_typesupport_fastrtps_c.so\n'}
[5.501897] (rtcm_msgs) StdoutLine: {'line': b'-- Set runtime path of "/home/jsmoon/yax_jeju/install/rtcm_msgs/lib/librtcm_msgs__rosidl_typesupport_fastrtps_c.so" to ""\n'}
[5.502085] (rtcm_msgs) StdoutLine: {'line': b'-- Installing: /home/jsmoon/yax_jeju/install/rtcm_msgs/lib/librtcm_msgs__rosidl_typesupport_fastrtps_cpp.so\n'}
[5.502144] (rtcm_msgs) StdoutLine: {'line': b'-- Set runtime path of "/home/jsmoon/yax_jeju/install/rtcm_msgs/lib/librtcm_msgs__rosidl_typesupport_fastrtps_cpp.so" to ""\n'}
[5.502191] (rtcm_msgs) StdoutLine: {'line': b'-- Installing: /home/jsmoon/yax_jeju/install/rtcm_msgs/lib/librtcm_msgs__rosidl_typesupport_introspection_c.so\n'}
[5.509112] (interfaces_pkg) StdoutLine: {'line': b'[ 41%] \x1b[32mBuilding CXX object CMakeFiles/interfaces_pkg__rosidl_typesupport_cpp.dir/rosidl_typesupport_cpp/interfaces_pkg/msg/lane_info__type_support.cpp.o\x1b[0m\n'}
[5.509326] (rtcm_msgs) StdoutLine: {'line': b'-- Set runtime path of "/home/jsmoon/yax_jeju/install/rtcm_msgs/lib/librtcm_msgs__rosidl_typesupport_introspection_c.so" to ""\n'}
[5.509409] (rtcm_msgs) StdoutLine: {'line': b'-- Installing: /home/jsmoon/yax_jeju/install/rtcm_msgs/lib/librtcm_msgs__rosidl_typesupport_c.so\n'}
[5.509466] (rtcm_msgs) StdoutLine: {'line': b'-- Set runtime path of "/home/jsmoon/yax_jeju/install/rtcm_msgs/lib/librtcm_msgs__rosidl_typesupport_c.so" to ""\n'}
[5.509521] (rtcm_msgs) StdoutLine: {'line': b'-- Installing: /home/jsmoon/yax_jeju/install/rtcm_msgs/lib/librtcm_msgs__rosidl_typesupport_introspection_cpp.so\n'}
[5.509575] (rtcm_msgs) StdoutLine: {'line': b'-- Set runtime path of "/home/jsmoon/yax_jeju/install/rtcm_msgs/lib/librtcm_msgs__rosidl_typesupport_introspection_cpp.so" to ""\n'}
[5.509628] (rtcm_msgs) StdoutLine: {'line': b'-- Installing: /home/jsmoon/yax_jeju/install/rtcm_msgs/lib/librtcm_msgs__rosidl_typesupport_cpp.so\n'}
[5.509677] (rtcm_msgs) StdoutLine: {'line': b'-- Set runtime path of "/home/jsmoon/yax_jeju/install/rtcm_msgs/lib/librtcm_msgs__rosidl_typesupport_cpp.so" to ""\n'}
[5.513580] (-) TimerEvent: {}
[5.524628] (interfaces_pkg) StdoutLine: {'line': b'[ 41%] \x1b[32mBuilding CXX object CMakeFiles/interfaces_pkg__rosidl_typesupport_cpp.dir/rosidl_typesupport_cpp/interfaces_pkg/msg/motion_command__type_support.cpp.o\x1b[0m\n'}
[5.531908] (ublox_msgs) StdoutLine: {'line': b'-- Found PythonExtra: .so  \n'}
[5.532229] (interfaces_pkg) StdoutLine: {'line': b'[ 42%] \x1b[32mBuilding CXX object CMakeFiles/interfaces_pkg__rosidl_typesupport_introspection_cpp.dir/rosidl_typesupport_introspection_cpp/interfaces_pkg/msg/detail/key_point2_d__type_support.cpp.o\x1b[0m\n'}
[5.559584] (interfaces_pkg) StdoutLine: {'line': b'[ 43%] \x1b[32mBuilding C object CMakeFiles/interfaces_pkg__rosidl_typesupport_introspection_c.dir/rosidl_typesupport_introspection_c/interfaces_pkg/msg/detail/point2_d__type_support.c.o\x1b[0m\n'}
[5.613080] (interfaces_pkg) StdoutLine: {'line': b'[ 44%] \x1b[32mBuilding C object CMakeFiles/interfaces_pkg__rosidl_typesupport_introspection_c.dir/rosidl_typesupport_introspection_c/interfaces_pkg/msg/detail/vector2__type_support.c.o\x1b[0m\n'}
[5.613296] (interfaces_pkg) StdoutLine: {'line': b'[ 45%] \x1b[32mBuilding CXX object CMakeFiles/interfaces_pkg__rosidl_typesupport_introspection_cpp.dir/rosidl_typesupport_introspection_cpp/interfaces_pkg/msg/detail/key_point2_d_array__type_support.cpp.o\x1b[0m\n'}
[5.613445] (interfaces_pkg) StdoutLine: {'line': b'[ 44%] \x1b[32mBuilding CXX object CMakeFiles/interfaces_pkg__rosidl_typesupport_cpp.dir/rosidl_typesupport_cpp/interfaces_pkg/msg/target_point__type_support.cpp.o\x1b[0m\n'}
[5.613646] (-) TimerEvent: {}
[5.634243] (interfaces_pkg) StdoutLine: {'line': b'[ 45%] \x1b[32mBuilding CXX object CMakeFiles/interfaces_pkg__rosidl_typesupport_introspection_cpp.dir/rosidl_typesupport_introspection_cpp/interfaces_pkg/msg/detail/key_point3_d__type_support.cpp.o\x1b[0m\n'}
[5.680839] (interfaces_pkg) StdoutLine: {'line': b'[ 46%] \x1b[32mBuilding C object CMakeFiles/interfaces_pkg__rosidl_typesupport_introspection_c.dir/rosidl_typesupport_introspection_c/interfaces_pkg/msg/detail/pose2_d__type_support.c.o\x1b[0m\n'}
[5.713762] (-) TimerEvent: {}
[5.726657] (interfaces_pkg) StdoutLine: {'line': b'[ 47%] \x1b[32mBuilding CXX object CMakeFiles/interfaces_pkg__rosidl_typesupport_cpp.dir/rosidl_typesupport_cpp/interfaces_pkg/msg/path_planning_result__type_support.cpp.o\x1b[0m\n'}
[5.759054] (rtcm_msgs) StdoutLine: {'line': b"Listing '/home/jsmoon/yax_jeju/install/rtcm_msgs/local/lib/python3.10/dist-packages/rtcm_msgs'...\n"}
[5.759235] (rtcm_msgs) StdoutLine: {'line': b"Compiling '/home/jsmoon/yax_jeju/install/rtcm_msgs/local/lib/python3.10/dist-packages/rtcm_msgs/__init__.py'...\n"}
[5.759288] (rtcm_msgs) StdoutLine: {'line': b"Listing '/home/jsmoon/yax_jeju/install/rtcm_msgs/local/lib/python3.10/dist-packages/rtcm_msgs/msg'...\n"}
[5.759328] (rtcm_msgs) StdoutLine: {'line': b"Compiling '/home/jsmoon/yax_jeju/install/rtcm_msgs/local/lib/python3.10/dist-packages/rtcm_msgs/msg/__init__.py'...\n"}
[5.759367] (rtcm_msgs) StdoutLine: {'line': b"Compiling '/home/jsmoon/yax_jeju/install/rtcm_msgs/local/lib/python3.10/dist-packages/rtcm_msgs/msg/_message.py'...\n"}
[5.769663] (rtcm_msgs) StdoutLine: {'line': b'-- Installing: /home/jsmoon/yax_jeju/install/rtcm_msgs/lib/librtcm_msgs__rosidl_generator_py.so\n'}
[5.770136] (rtcm_msgs) StdoutLine: {'line': b'-- Set runtime path of "/home/jsmoon/yax_jeju/install/rtcm_msgs/lib/librtcm_msgs__rosidl_generator_py.so" to ""\n'}
[5.770495] (rtcm_msgs) StdoutLine: {'line': b'-- Installing: /home/jsmoon/yax_jeju/install/rtcm_msgs/share/rtcm_msgs/cmake/export_rtcm_msgs__rosidl_generator_cExport.cmake\n'}
[5.777927] (rtcm_msgs) StdoutLine: {'line': b'-- Installing: /home/jsmoon/yax_jeju/install/rtcm_msgs/share/rtcm_msgs/cmake/export_rtcm_msgs__rosidl_generator_cExport-noconfig.cmake\n'}
[5.778163] (rtcm_msgs) StdoutLine: {'line': b'-- Installing: /home/jsmoon/yax_jeju/install/rtcm_msgs/share/rtcm_msgs/cmake/export_rtcm_msgs__rosidl_typesupport_fastrtps_cExport.cmake\n'}
[5.778259] (rtcm_msgs) StdoutLine: {'line': b'-- Installing: /home/jsmoon/yax_jeju/install/rtcm_msgs/share/rtcm_msgs/cmake/export_rtcm_msgs__rosidl_typesupport_fastrtps_cExport-noconfig.cmake\n'}
[5.778379] (rtcm_msgs) StdoutLine: {'line': b'-- Installing: /home/jsmoon/yax_jeju/install/rtcm_msgs/share/rtcm_msgs/cmake/export_rtcm_msgs__rosidl_generator_cppExport.cmake\n'}
[5.778436] (rtcm_msgs) StdoutLine: {'line': b'-- Installing: /home/jsmoon/yax_jeju/install/rtcm_msgs/share/rtcm_msgs/cmake/export_rtcm_msgs__rosidl_typesupport_fastrtps_cppExport.cmake\n'}
[5.778486] (rtcm_msgs) StdoutLine: {'line': b'-- Installing: /home/jsmoon/yax_jeju/install/rtcm_msgs/share/rtcm_msgs/cmake/export_rtcm_msgs__rosidl_typesupport_fastrtps_cppExport-noconfig.cmake\n'}
[5.778538] (rtcm_msgs) StdoutLine: {'line': b'-- Installing: /home/jsmoon/yax_jeju/install/rtcm_msgs/share/rtcm_msgs/cmake/rtcm_msgs__rosidl_typesupport_introspection_cExport.cmake\n'}
[5.778588] (rtcm_msgs) StdoutLine: {'line': b'-- Installing: /home/jsmoon/yax_jeju/install/rtcm_msgs/share/rtcm_msgs/cmake/rtcm_msgs__rosidl_typesupport_introspection_cExport-noconfig.cmake\n'}
[5.779652] (rtcm_msgs) StdoutLine: {'line': b'-- Installing: /home/jsmoon/yax_jeju/install/rtcm_msgs/share/rtcm_msgs/cmake/rtcm_msgs__rosidl_typesupport_cExport.cmake\n'}
[5.779762] (rtcm_msgs) StdoutLine: {'line': b'-- Installing: /home/jsmoon/yax_jeju/install/rtcm_msgs/share/rtcm_msgs/cmake/rtcm_msgs__rosidl_typesupport_cExport-noconfig.cmake\n'}
[5.779820] (rtcm_msgs) StdoutLine: {'line': b'-- Installing: /home/jsmoon/yax_jeju/install/rtcm_msgs/share/rtcm_msgs/cmake/rtcm_msgs__rosidl_typesupport_introspection_cppExport.cmake\n'}
[5.779874] (rtcm_msgs) StdoutLine: {'line': b'-- Installing: /home/jsmoon/yax_jeju/install/rtcm_msgs/share/rtcm_msgs/cmake/rtcm_msgs__rosidl_typesupport_introspection_cppExport-noconfig.cmake\n'}
[5.780067] (rtcm_msgs) StdoutLine: {'line': b'-- Installing: /home/jsmoon/yax_jeju/install/rtcm_msgs/share/rtcm_msgs/cmake/rtcm_msgs__rosidl_typesupport_cppExport.cmake\n'}
[5.780380] (rtcm_msgs) StdoutLine: {'line': b'-- Installing: /home/jsmoon/yax_jeju/install/rtcm_msgs/share/rtcm_msgs/cmake/rtcm_msgs__rosidl_typesupport_cppExport-noconfig.cmake\n'}
[5.780740] (rtcm_msgs) StdoutLine: {'line': b'-- Installing: /home/jsmoon/yax_jeju/install/rtcm_msgs/share/rtcm_msgs/cmake/export_rtcm_msgs__rosidl_generator_pyExport.cmake\n'}
[5.786143] (rtcm_msgs) StdoutLine: {'line': b'-- Installing: /home/jsmoon/yax_jeju/install/rtcm_msgs/share/rtcm_msgs/cmake/export_rtcm_msgs__rosidl_generator_pyExport-noconfig.cmake\n'}
[5.790941] (interfaces_pkg) StdoutLine: {'line': b'[ 48%] \x1b[32mBuilding C object CMakeFiles/interfaces_pkg__rosidl_typesupport_introspection_c.dir/rosidl_typesupport_introspection_c/interfaces_pkg/msg/detail/bounding_box2_d__type_support.c.o\x1b[0m\n'}
[5.796411] (rtcm_msgs) CommandEnded: {'returncode': 0}
[5.800253] (interfaces_pkg) StdoutLine: {'line': b'[ 48%] \x1b[32mBuilding CXX object CMakeFiles/interfaces_pkg__rosidl_typesupport_fastrtps_c.dir/rosidl_typesupport_fastrtps_c/interfaces_pkg/msg/detail/point2_d__type_support_c.cpp.o\x1b[0m\n'}
[5.813979] (-) TimerEvent: {}
[5.816845] (rtcm_msgs) JobEnded: {'identifier': 'rtcm_msgs', 'rc': 0}
[5.831789] (interfaces_pkg) StdoutLine: {'line': b'[ 49%] \x1b[32mBuilding CXX object CMakeFiles/interfaces_pkg__rosidl_typesupport_introspection_cpp.dir/rosidl_typesupport_introspection_cpp/interfaces_pkg/msg/detail/key_point3_d_array__type_support.cpp.o\x1b[0m\n'}
[5.838548] (interfaces_pkg) StdoutLine: {'line': b'[ 50%] \x1b[32mBuilding CXX object CMakeFiles/interfaces_pkg__rosidl_typesupport_introspection_cpp.dir/rosidl_typesupport_introspection_cpp/interfaces_pkg/msg/detail/detection__type_support.cpp.o\x1b[0m\n'}
[5.844871] (interfaces_pkg) StdoutLine: {'line': b'[ 51%] \x1b[32mBuilding CXX object CMakeFiles/interfaces_pkg__rosidl_typesupport_fastrtps_c.dir/rosidl_typesupport_fastrtps_c/interfaces_pkg/msg/detail/vector2__type_support_c.cpp.o\x1b[0m\n'}
[5.862179] (interfaces_pkg) StdoutLine: {'line': b'[ 52%] \x1b[32mBuilding CXX object CMakeFiles/interfaces_pkg__rosidl_typesupport_fastrtps_c.dir/rosidl_typesupport_fastrtps_c/interfaces_pkg/msg/detail/pose2_d__type_support_c.cpp.o\x1b[0m\n'}
[5.863460] (interfaces_pkg) StdoutLine: {'line': b'[ 52%] \x1b[32mBuilding C object CMakeFiles/interfaces_pkg__rosidl_typesupport_introspection_c.dir/rosidl_typesupport_introspection_c/interfaces_pkg/msg/detail/bounding_box3_d__type_support.c.o\x1b[0m\n'}
[5.870684] (interfaces_pkg) StdoutLine: {'line': b'[ 52%] \x1b[32mBuilding CXX object CMakeFiles/interfaces_pkg__rosidl_typesupport_introspection_cpp.dir/rosidl_typesupport_introspection_cpp/interfaces_pkg/msg/detail/detection_array__type_support.cpp.o\x1b[0m\n'}
[5.882135] (interfaces_pkg) StdoutLine: {'line': b'[ 53%] \x1b[32mBuilding C object CMakeFiles/interfaces_pkg__rosidl_typesupport_introspection_c.dir/rosidl_typesupport_introspection_c/interfaces_pkg/msg/detail/mask__type_support.c.o\x1b[0m\n'}
[5.892357] (interfaces_pkg) StdoutLine: {'line': b'[ 54%] \x1b[32mBuilding CXX object CMakeFiles/interfaces_pkg__rosidl_typesupport_fastrtps_cpp.dir/rosidl_typesupport_fastrtps_cpp/interfaces_pkg/msg/detail/dds_fastrtps/point2_d__type_support.cpp.o\x1b[0m\n'}
[5.909365] (interfaces_pkg) StdoutLine: {'line': b'[ 55%] \x1b[32mBuilding C object CMakeFiles/interfaces_pkg__rosidl_typesupport_introspection_c.dir/rosidl_typesupport_introspection_c/interfaces_pkg/msg/detail/key_point2_d__type_support.c.o\x1b[0m\n'}
[5.914090] (-) TimerEvent: {}
[5.918488] (interfaces_pkg) StdoutLine: {'line': b'[ 55%] \x1b[32mBuilding C object CMakeFiles/interfaces_pkg__rosidl_typesupport_introspection_c.dir/rosidl_typesupport_introspection_c/interfaces_pkg/msg/detail/key_point2_d_array__type_support.c.o\x1b[0m\n'}
[5.923133] (interfaces_pkg) StdoutLine: {'line': b'[ 55%] \x1b[32mBuilding CXX object CMakeFiles/interfaces_pkg__rosidl_typesupport_fastrtps_c.dir/rosidl_typesupport_fastrtps_c/interfaces_pkg/msg/detail/bounding_box2_d__type_support_c.cpp.o\x1b[0m\n'}
[5.930089] (ublox_msgs) StdoutLine: {'line': b'-- Configuring done\n'}
[5.930325] (interfaces_pkg) StdoutLine: {'line': b'[ 55%] \x1b[32mBuilding CXX object CMakeFiles/interfaces_pkg__rosidl_typesupport_fastrtps_cpp.dir/rosidl_typesupport_fastrtps_cpp/interfaces_pkg/msg/detail/dds_fastrtps/vector2__type_support.cpp.o\x1b[0m\n'}
[5.938941] (interfaces_pkg) StdoutLine: {'line': b'[ 56%] \x1b[32mBuilding CXX object CMakeFiles/interfaces_pkg__rosidl_typesupport_fastrtps_cpp.dir/rosidl_typesupport_fastrtps_cpp/interfaces_pkg/msg/detail/dds_fastrtps/pose2_d__type_support.cpp.o\x1b[0m\n'}
[5.997789] (interfaces_pkg) StdoutLine: {'line': b'[ 57%] \x1b[32mBuilding CXX object CMakeFiles/interfaces_pkg__rosidl_typesupport_fastrtps_cpp.dir/rosidl_typesupport_fastrtps_cpp/interfaces_pkg/msg/detail/dds_fastrtps/bounding_box2_d__type_support.cpp.o\x1b[0m\n'}
[6.003748] (interfaces_pkg) StdoutLine: {'line': b'[ 57%] \x1b[32mBuilding CXX object CMakeFiles/interfaces_pkg__rosidl_typesupport_fastrtps_cpp.dir/rosidl_typesupport_fastrtps_cpp/interfaces_pkg/msg/detail/dds_fastrtps/bounding_box3_d__type_support.cpp.o\x1b[0m\n'}
[6.008636] (interfaces_pkg) StdoutLine: {'line': b'[ 58%] \x1b[32mBuilding C object CMakeFiles/interfaces_pkg__rosidl_typesupport_introspection_c.dir/rosidl_typesupport_introspection_c/interfaces_pkg/msg/detail/key_point3_d__type_support.c.o\x1b[0m\n'}
[6.016091] (-) TimerEvent: {}
[6.028029] (interfaces_pkg) StdoutLine: {'line': b'[ 58%] \x1b[32m\x1b[1mLinking CXX shared library libinterfaces_pkg__rosidl_typesupport_cpp.so\x1b[0m\n'}
[6.050372] (interfaces_pkg) StdoutLine: {'line': b'[ 59%] \x1b[32mBuilding CXX object CMakeFiles/interfaces_pkg__rosidl_typesupport_fastrtps_cpp.dir/rosidl_typesupport_fastrtps_cpp/interfaces_pkg/msg/detail/dds_fastrtps/mask__type_support.cpp.o\x1b[0m\n'}
[6.063490] (interfaces_pkg) StdoutLine: {'line': b'[ 60%] \x1b[32mBuilding CXX object CMakeFiles/interfaces_pkg__rosidl_typesupport_fastrtps_cpp.dir/rosidl_typesupport_fastrtps_cpp/interfaces_pkg/msg/detail/dds_fastrtps/key_point2_d__type_support.cpp.o\x1b[0m\n'}
[6.069890] (interfaces_pkg) StdoutLine: {'line': b'[ 61%] \x1b[32mBuilding C object CMakeFiles/interfaces_pkg__rosidl_typesupport_introspection_c.dir/rosidl_typesupport_introspection_c/interfaces_pkg/msg/detail/key_point3_d_array__type_support.c.o\x1b[0m\n'}
[6.116208] (-) TimerEvent: {}
[6.123328] (ublox_msgs) StdoutLine: {'line': b'-- Generating done\n'}
[6.137093] (interfaces_pkg) StdoutLine: {'line': b'[ 61%] Built target interfaces_pkg__rosidl_typesupport_cpp\n'}
[6.148484] (ublox_msgs) StdoutLine: {'line': b'-- Build files have been written to: /home/jsmoon/yax_jeju/build/ublox_msgs\n'}
[6.163146] (interfaces_pkg) StdoutLine: {'line': b'[ 61%] \x1b[32mBuilding CXX object CMakeFiles/interfaces_pkg__rosidl_typesupport_fastrtps_cpp.dir/rosidl_typesupport_fastrtps_cpp/interfaces_pkg/msg/detail/dds_fastrtps/key_point2_d_array__type_support.cpp.o\x1b[0m\n'}
[6.163369] (interfaces_pkg) StdoutLine: {'line': b'[ 61%] \x1b[32mBuilding C object CMakeFiles/interfaces_pkg__rosidl_typesupport_introspection_c.dir/rosidl_typesupport_introspection_c/interfaces_pkg/msg/detail/detection__type_support.c.o\x1b[0m\n'}
[6.171270] (ublox_msgs) CommandEnded: {'returncode': 0}
[6.172128] (ublox_msgs) JobProgress: {'identifier': 'ublox_msgs', 'progress': 'build'}
[6.172458] (ublox_msgs) Command: {'cmd': ['/usr/bin/cmake', '--build', '/home/jsmoon/yax_jeju/build/ublox_msgs', '--', '-j16', '-l16'], 'cwd': '/home/jsmoon/yax_jeju/build/ublox_msgs', 'env': OrderedDict([('PYENV_VIRTUALENV_INIT', '1'), ('GJS_DEBUG_TOPICS', 'JS ERROR;JS LOG'), ('LESSOPEN', '| /usr/bin/lesspipe %s'), ('USER', 'jsmoon'), ('LC_TIME', 'ko_KR.UTF-8'), ('XDG_SESSION_TYPE', 'x11'), ('SHLVL', '1'), ('LD_LIBRARY_PATH', '/opt/ros/humble/opt/rviz_ogre_vendor/lib:/opt/ros/humble/lib/x86_64-linux-gnu:/opt/ros/humble/lib:/home/jsmoon/Desktop/JSMOON/MLCS/project1/Personalized-Adaptive-Cruise/external/acados/lib:'), ('ACADOS_SOURCE_DIR', '/home/jsmoon/Desktop/JSMOON/MLCS/project1/Personalized-Adaptive-Cruise/external/acados'), ('HOME', '/home/jsmoon'), ('OLDPWD', '/home/jsmoon'), ('DESKTOP_SESSION', 'ubuntu-xorg'), ('PYENV_SHELL', 'bash'), ('GIO_LAUNCHED_DESKTOP_FILE', '/usr/share/applications/terminator.desktop'), ('ROS_PYTHON_VERSION', '3'), ('GNOME_SHELL_SESSION_MODE', 'ubuntu'), ('GTK_MODULES', 'gail:atk-bridge'), ('LC_MONETARY', 'ko_KR.UTF-8'), ('MANAGERPID', '1869'), ('SYSTEMD_EXEC_PID', '2431'), ('DBUS_SESSION_BUS_ADDRESS', 'unix:path=/run/user/1000/bus'), ('COLORTERM', 'truecolor'), ('TERMINATOR_DBUS_NAME', 'net.tenshu.Terminator23558193cd9818af7fe4d2c2f5bd9d00f'), ('GIO_LAUNCHED_DESKTOP_FILE_PID', '8379'), ('COLCON_PREFIX_PATH', '/home/jsmoon/ydlidar_ws/install'), ('ROS_DISTRO', 'humble'), ('GTK_IM_MODULE', 'ibus'), ('LOGNAME', 'jsmoon'), ('JOURNAL_STREAM', '8:9861'), ('_', '/usr/bin/colcon'), ('ROS_VERSION', '2'), ('XDG_SESSION_CLASS', 'user'), ('USERNAME', 'jsmoon'), ('TERM', 'xterm-256color'), ('GNOME_DESKTOP_SESSION_ID', 'this-is-deprecated'), ('ROS_LOCALHOST_ONLY', '0'), ('WINDOWPATH', '2'), ('PATH', '/opt/ros/humble/bin:/home/jsmoon/.pyenv/plugins/pyenv-virtualenv/shims:/home/jsmoon/.pyenv/shims:/home/jsmoon/.pyenv/bin:/home/jsmoon/.local/bin:/usr/local/sbin:/usr/local/bin:/usr/sbin:/usr/bin:/sbin:/bin:/usr/games:/usr/local/games:/snap/bin:/snap/bin'), ('SESSION_MANAGER', 'local/jsmoon-ASUS-TUF-Gaming-A14-FA401UM-FA401UM:@/tmp/.ICE-unix/2384,unix/jsmoon-ASUS-TUF-Gaming-A14-FA401UM-FA401UM:/tmp/.ICE-unix/2384'), ('INVOCATION_ID', '59e81587102e428d9dc34d9cf59fdca5'), ('XDG_MENU_PREFIX', 'gnome-'), ('LC_ADDRESS', 'ko_KR.UTF-8'), ('XDG_RUNTIME_DIR', '/run/user/1000'), ('DISPLAY', ':1'), ('TERMINATOR_DBUS_PATH', '/net/tenshu/Terminator2'), ('LANG', 'en_US.UTF-8'), ('XDG_CURRENT_DESKTOP', 'ubuntu:GNOME'), ('IBUS_DISABLE_SNOOPER', '1'), ('LC_TELEPHONE', 'ko_KR.UTF-8'), ('XMODIFIERS', '@im=ibus'), ('XDG_SESSION_DESKTOP', 'ubuntu-xorg'), ('XAUTHORITY', '/run/user/1000/gdm/Xauthority'), ('LS_COLORS', 'rs=0:di=01;34:ln=01;36:mh=00:pi=40;33:so=01;35:do=01;35:bd=40;33;01:cd=40;33;01:or=40;31;01:mi=00:su=37;41:sg=30;43:ca=30;41:tw=30;42:ow=34;42:st=37;44:ex=01;32:*.tar=01;31:*.tgz=01;31:*.arc=01;31:*.arj=01;31:*.taz=01;31:*.lha=01;31:*.lz4=01;31:*.lzh=01;31:*.lzma=01;31:*.tlz=01;31:*.txz=01;31:*.tzo=01;31:*.t7z=01;31:*.zip=01;31:*.z=01;31:*.dz=01;31:*.gz=01;31:*.lrz=01;31:*.lz=01;31:*.lzo=01;31:*.xz=01;31:*.zst=01;31:*.tzst=01;31:*.bz2=01;31:*.bz=01;31:*.tbz=01;31:*.tbz2=01;31:*.tz=01;31:*.deb=01;31:*.rpm=01;31:*.jar=01;31:*.war=01;31:*.ear=01;31:*.sar=01;31:*.rar=01;31:*.alz=01;31:*.ace=01;31:*.zoo=01;31:*.cpio=01;31:*.7z=01;31:*.rz=01;31:*.cab=01;31:*.wim=01;31:*.swm=01;31:*.dwm=01;31:*.esd=01;31:*.jpg=01;35:*.jpeg=01;35:*.mjpg=01;35:*.mjpeg=01;35:*.gif=01;35:*.bmp=01;35:*.pbm=01;35:*.pgm=01;35:*.ppm=01;35:*.tga=01;35:*.xbm=01;35:*.xpm=01;35:*.tif=01;35:*.tiff=01;35:*.png=01;35:*.svg=01;35:*.svgz=01;35:*.mng=01;35:*.pcx=01;35:*.mov=01;35:*.mpg=01;35:*.mpeg=01;35:*.m2v=01;35:*.mkv=01;35:*.webm=01;35:*.webp=01;35:*.ogm=01;35:*.mp4=01;35:*.m4v=01;35:*.mp4v=01;35:*.vob=01;35:*.qt=01;35:*.nuv=01;35:*.wmv=01;35:*.asf=01;35:*.rm=01;35:*.rmvb=01;35:*.flc=01;35:*.avi=01;35:*.fli=01;35:*.flv=01;35:*.gl=01;35:*.dl=01;35:*.xcf=01;35:*.xwd=01;35:*.yuv=01;35:*.cgm=01;35:*.emf=01;35:*.ogv=01;35:*.ogx=01;35:*.aac=00;36:*.au=00;36:*.flac=00;36:*.m4a=00;36:*.mid=00;36:*.midi=00;36:*.mka=00;36:*.mp3=00;36:*.mpc=00;36:*.ogg=00;36:*.ra=00;36:*.wav=00;36:*.oga=00;36:*.opus=00;36:*.spx=00;36:*.xspf=00;36:'), ('SSH_AGENT_LAUNCHER', 'gnome-keyring'), ('SSH_AUTH_SOCK', '/run/user/1000/keyring/ssh'), ('AMENT_PREFIX_PATH', '/home/jsmoon/yax_jeju/install/ublox_serialization:/home/jsmoon/ydlidar_ws/install/ydlidar_ros2_driver:/opt/ros/humble'), ('SHELL', '/bin/bash'), ('LC_NAME', 'ko_KR.UTF-8'), ('TERMINATOR_UUID', 'urn:uuid:df2315a3-6fbc-4574-8f2c-035191f51785'), ('QT_ACCESSIBILITY', '1'), ('GDMSESSION', 'ubuntu-xorg'), ('LESSCLOSE', '/usr/bin/lesspipe %s %s'), ('LC_MEASUREMENT', 'ko_KR.UTF-8'), ('GPG_AGENT_INFO', '/run/user/1000/gnupg/S.gpg-agent:0:1'), ('GJS_DEBUG_OUTPUT', 'stderr'), ('LC_IDENTIFICATION', 'ko_KR.UTF-8'), ('QT_IM_MODULE', 'ibus'), ('PWD', '/home/jsmoon/yax_jeju/build/ublox_msgs'), ('LC_ALL', 'en_US.UTF-8'), ('XDG_CONFIG_DIRS', '/etc/xdg/xdg-ubuntu-xorg:/etc/xdg'), ('PYENV_ROOT', '/home/jsmoon/.pyenv'), ('XDG_DATA_DIRS', '/usr/share/ubuntu-xorg:/usr/share/gnome:/usr/local/share/:/usr/share/:/var/lib/snapd/desktop'), ('PYTHONPATH', '/opt/ros/humble/lib/python3.10/site-packages:/opt/ros/humble/local/lib/python3.10/dist-packages'), ('LC_NUMERIC', 'ko_KR.UTF-8'), ('LC_PAPER', 'ko_KR.UTF-8'), ('COLCON', '1'), ('VTE_VERSION', '6800'), ('CMAKE_PREFIX_PATH', '/home/jsmoon/yax_jeju/install/ublox_serialization:/home/jsmoon/ydlidar_ws/install/ydlidar_ros2_driver:/opt/ros/humble')]), 'shell': False}
[6.188320] (interfaces_pkg) StdoutLine: {'line': b'[ 62%] \x1b[32mBuilding CXX object CMakeFiles/interfaces_pkg__rosidl_typesupport_fastrtps_cpp.dir/rosidl_typesupport_fastrtps_cpp/interfaces_pkg/msg/detail/dds_fastrtps/key_point3_d__type_support.cpp.o\x1b[0m\n'}
[6.199172] (interfaces_pkg) StdoutLine: {'line': b'[ 63%] \x1b[32mBuilding CXX object CMakeFiles/interfaces_pkg__rosidl_typesupport_fastrtps_cpp.dir/rosidl_typesupport_fastrtps_cpp/interfaces_pkg/msg/detail/dds_fastrtps/key_point3_d_array__type_support.cpp.o\x1b[0m\n'}
[6.216324] (-) TimerEvent: {}
[6.225662] (interfaces_pkg) StdoutLine: {'line': b'[ 63%] \x1b[32mBuilding CXX object CMakeFiles/interfaces_pkg__rosidl_typesupport_fastrtps_cpp.dir/rosidl_typesupport_fastrtps_cpp/interfaces_pkg/msg/detail/dds_fastrtps/detection__type_support.cpp.o\x1b[0m\n'}
[6.243327] (interfaces_pkg) StdoutLine: {'line': b'[ 64%] \x1b[32mBuilding C object CMakeFiles/interfaces_pkg__rosidl_typesupport_introspection_c.dir/rosidl_typesupport_introspection_c/interfaces_pkg/msg/detail/detection_array__type_support.c.o\x1b[0m\n'}
[6.281816] (interfaces_pkg) StdoutLine: {'line': b'[ 65%] \x1b[32mBuilding CXX object CMakeFiles/interfaces_pkg__rosidl_typesupport_fastrtps_cpp.dir/rosidl_typesupport_fastrtps_cpp/interfaces_pkg/msg/detail/dds_fastrtps/detection_array__type_support.cpp.o\x1b[0m\n'}
[6.288109] (interfaces_pkg) StdoutLine: {'line': b'[ 66%] \x1b[32mBuilding CXX object CMakeFiles/interfaces_pkg__rosidl_typesupport_fastrtps_c.dir/rosidl_typesupport_fastrtps_c/interfaces_pkg/msg/detail/bounding_box3_d__type_support_c.cpp.o\x1b[0m\n'}
[6.309063] (interfaces_pkg) StdoutLine: {'line': b'[ 67%] \x1b[32mBuilding CXX object CMakeFiles/interfaces_pkg__rosidl_typesupport_fastrtps_c.dir/rosidl_typesupport_fastrtps_c/interfaces_pkg/msg/detail/mask__type_support_c.cpp.o\x1b[0m\n'}
[6.316451] (-) TimerEvent: {}
[6.316733] (interfaces_pkg) StdoutLine: {'line': b'[ 68%] \x1b[32mBuilding C object CMakeFiles/interfaces_pkg__rosidl_typesupport_introspection_c.dir/rosidl_typesupport_introspection_c/interfaces_pkg/msg/detail/lane_info__type_support.c.o\x1b[0m\n'}
[6.340015] (interfaces_pkg) StdoutLine: {'line': b'[ 69%] \x1b[32mBuilding CXX object CMakeFiles/interfaces_pkg__rosidl_typesupport_introspection_cpp.dir/rosidl_typesupport_introspection_cpp/interfaces_pkg/msg/detail/lane_info__type_support.cpp.o\x1b[0m\n'}
[6.340910] (interfaces_pkg) StdoutLine: {'line': b'[ 69%] \x1b[32mBuilding C object CMakeFiles/interfaces_pkg__rosidl_typesupport_introspection_c.dir/rosidl_typesupport_introspection_c/interfaces_pkg/msg/detail/motion_command__type_support.c.o\x1b[0m\n'}
[6.360566] (interfaces_pkg) StdoutLine: {'line': b'[ 69%] \x1b[32mBuilding CXX object CMakeFiles/interfaces_pkg__rosidl_typesupport_fastrtps_c.dir/rosidl_typesupport_fastrtps_c/interfaces_pkg/msg/detail/key_point2_d__type_support_c.cpp.o\x1b[0m\n'}
[6.372889] (interfaces_pkg) StdoutLine: {'line': b'[ 70%] \x1b[32mBuilding C object CMakeFiles/interfaces_pkg__rosidl_typesupport_introspection_c.dir/rosidl_typesupport_introspection_c/interfaces_pkg/msg/detail/target_point__type_support.c.o\x1b[0m\n'}
[6.390880] (ublox_msgs) StdoutLine: {'line': b'[  0%] \x1b[34m\x1b[1mGenerating C code for ROS interfaces\x1b[0m\n'}
[6.413401] (ublox_msgs) StdoutLine: {'line': b'[  0%] Built target ament_cmake_python_symlink_ublox_msgs\n'}
[6.416560] (-) TimerEvent: {}
[6.425649] (interfaces_pkg) StdoutLine: {'line': b'[ 71%] \x1b[32mBuilding CXX object CMakeFiles/interfaces_pkg__rosidl_typesupport_introspection_cpp.dir/rosidl_typesupport_introspection_cpp/interfaces_pkg/msg/detail/motion_command__type_support.cpp.o\x1b[0m\n'}
[6.427981] (ublox_msgs) StdoutLine: {'line': b'[  0%] \x1b[34m\x1b[1mGenerating C++ code for ROS interfaces\x1b[0m\n'}
[6.451146] (interfaces_pkg) StdoutLine: {'line': b'[ 72%] \x1b[32mBuilding C object CMakeFiles/interfaces_pkg__rosidl_typesupport_introspection_c.dir/rosidl_typesupport_introspection_c/interfaces_pkg/msg/detail/path_planning_result__type_support.c.o\x1b[0m\n'}
[6.453157] (interfaces_pkg) StdoutLine: {'line': b'[ 73%] \x1b[32mBuilding CXX object CMakeFiles/interfaces_pkg__rosidl_typesupport_fastrtps_cpp.dir/rosidl_typesupport_fastrtps_cpp/interfaces_pkg/msg/detail/dds_fastrtps/lane_info__type_support.cpp.o\x1b[0m\n'}
[6.466699] (interfaces_pkg) StdoutLine: {'line': b'[ 73%] \x1b[32mBuilding CXX object CMakeFiles/interfaces_pkg__rosidl_typesupport_introspection_cpp.dir/rosidl_typesupport_introspection_cpp/interfaces_pkg/msg/detail/target_point__type_support.cpp.o\x1b[0m\n'}
[6.516679] (-) TimerEvent: {}
[6.543139] (interfaces_pkg) StdoutLine: {'line': b'[ 73%] \x1b[32m\x1b[1mLinking C shared library libinterfaces_pkg__rosidl_typesupport_introspection_c.so\x1b[0m\n'}
[6.547685] (interfaces_pkg) StdoutLine: {'line': b'[ 73%] \x1b[32mBuilding CXX object CMakeFiles/interfaces_pkg__rosidl_typesupport_fastrtps_cpp.dir/rosidl_typesupport_fastrtps_cpp/interfaces_pkg/msg/detail/dds_fastrtps/motion_command__type_support.cpp.o\x1b[0m\n'}
[6.618262] (-) TimerEvent: {}
[6.634131] (interfaces_pkg) StdoutLine: {'line': b'[ 74%] \x1b[32mBuilding CXX object CMakeFiles/interfaces_pkg__rosidl_typesupport_fastrtps_cpp.dir/rosidl_typesupport_fastrtps_cpp/interfaces_pkg/msg/detail/dds_fastrtps/target_point__type_support.cpp.o\x1b[0m\n'}
[6.642760] (interfaces_pkg) StdoutLine: {'line': b'[ 74%] Built target interfaces_pkg__rosidl_typesupport_introspection_c\n'}
[6.669383] (interfaces_pkg) StdoutLine: {'line': b'[ 75%] \x1b[32mBuilding CXX object CMakeFiles/interfaces_pkg__rosidl_typesupport_introspection_cpp.dir/rosidl_typesupport_introspection_cpp/interfaces_pkg/msg/detail/path_planning_result__type_support.cpp.o\x1b[0m\n'}
[6.697270] (interfaces_pkg) StdoutLine: {'line': b'[ 76%] \x1b[32mBuilding CXX object CMakeFiles/interfaces_pkg__rosidl_typesupport_fastrtps_c.dir/rosidl_typesupport_fastrtps_c/interfaces_pkg/msg/detail/key_point2_d_array__type_support_c.cpp.o\x1b[0m\n'}
[6.698688] (interfaces_pkg) StdoutLine: {'line': b'[ 77%] \x1b[32mBuilding CXX object CMakeFiles/interfaces_pkg__rosidl_typesupport_fastrtps_cpp.dir/rosidl_typesupport_fastrtps_cpp/interfaces_pkg/msg/detail/dds_fastrtps/path_planning_result__type_support.cpp.o\x1b[0m\n'}
[6.706028] (interfaces_pkg) StdoutLine: {'line': b'[ 78%] \x1b[32mBuilding CXX object CMakeFiles/interfaces_pkg__rosidl_typesupport_fastrtps_c.dir/rosidl_typesupport_fastrtps_c/interfaces_pkg/msg/detail/key_point3_d__type_support_c.cpp.o\x1b[0m\n'}
[6.710190] (interfaces_pkg) StdoutLine: {'line': b'[ 78%] \x1b[32mBuilding CXX object CMakeFiles/interfaces_pkg__rosidl_typesupport_fastrtps_c.dir/rosidl_typesupport_fastrtps_c/interfaces_pkg/msg/detail/key_point3_d_array__type_support_c.cpp.o\x1b[0m\n'}
[6.718364] (-) TimerEvent: {}
[6.758238] (interfaces_pkg) StdoutLine: {'line': b'[ 79%] \x1b[32mBuilding CXX object CMakeFiles/interfaces_pkg__rosidl_typesupport_fastrtps_c.dir/rosidl_typesupport_fastrtps_c/interfaces_pkg/msg/detail/detection__type_support_c.cpp.o\x1b[0m\n'}
[6.805734] (interfaces_pkg) StdoutLine: {'line': b'[ 80%] \x1b[32mBuilding CXX object CMakeFiles/interfaces_pkg__rosidl_typesupport_fastrtps_c.dir/rosidl_typesupport_fastrtps_c/interfaces_pkg/msg/detail/detection_array__type_support_c.cpp.o\x1b[0m\n'}
[6.818474] (-) TimerEvent: {}
[6.852349] (interfaces_pkg) StdoutLine: {'line': b'[ 80%] \x1b[32mBuilding CXX object CMakeFiles/interfaces_pkg__rosidl_typesupport_fastrtps_c.dir/rosidl_typesupport_fastrtps_c/interfaces_pkg/msg/detail/lane_info__type_support_c.cpp.o\x1b[0m\n'}
[6.875458] (interfaces_pkg) StdoutLine: {'line': b'[ 81%] \x1b[32mBuilding CXX object CMakeFiles/interfaces_pkg__rosidl_typesupport_fastrtps_c.dir/rosidl_typesupport_fastrtps_c/interfaces_pkg/msg/detail/motion_command__type_support_c.cpp.o\x1b[0m\n'}
[6.914082] (interfaces_pkg) StdoutLine: {'line': b'[ 82%] \x1b[32mBuilding CXX object CMakeFiles/interfaces_pkg__rosidl_typesupport_fastrtps_c.dir/rosidl_typesupport_fastrtps_c/interfaces_pkg/msg/detail/target_point__type_support_c.cpp.o\x1b[0m\n'}
[6.918741] (-) TimerEvent: {}
[6.939139] (interfaces_pkg) StdoutLine: {'line': b'[ 82%] \x1b[32mBuilding CXX object CMakeFiles/interfaces_pkg__rosidl_typesupport_fastrtps_c.dir/rosidl_typesupport_fastrtps_c/interfaces_pkg/msg/detail/path_planning_result__type_support_c.cpp.o\x1b[0m\n'}
[7.018842] (-) TimerEvent: {}
[7.092540] (ublox_msgs) StdoutLine: {'line': b'running egg_info\n'}
[7.093318] (ublox_msgs) StdoutLine: {'line': b'creating ublox_msgs.egg-info\n'}
[7.093754] (ublox_msgs) StdoutLine: {'line': b'writing ublox_msgs.egg-info/PKG-INFO\n'}
[7.096048] (ublox_msgs) StdoutLine: {'line': b'writing dependency_links to ublox_msgs.egg-info/dependency_links.txt\n'}
[7.096203] (ublox_msgs) StdoutLine: {'line': b'writing top-level names to ublox_msgs.egg-info/top_level.txt\n'}
[7.096281] (ublox_msgs) StdoutLine: {'line': b"writing manifest file 'ublox_msgs.egg-info/SOURCES.txt'\n"}
[7.096967] (ublox_msgs) StdoutLine: {'line': b"reading manifest file 'ublox_msgs.egg-info/SOURCES.txt'\n"}
[7.097515] (ublox_msgs) StdoutLine: {'line': b"writing manifest file 'ublox_msgs.egg-info/SOURCES.txt'\n"}
[7.118949] (-) TimerEvent: {}
[7.140296] (ublox_msgs) StdoutLine: {'line': b'[  0%] Built target ament_cmake_python_build_ublox_msgs_egg\n'}
[7.161519] (interfaces_pkg) StdoutLine: {'line': b'[ 82%] \x1b[32m\x1b[1mLinking CXX shared library libinterfaces_pkg__rosidl_typesupport_fastrtps_cpp.so\x1b[0m\n'}
[7.218746] (interfaces_pkg) StdoutLine: {'line': b'[ 83%] \x1b[32m\x1b[1mLinking CXX shared library libinterfaces_pkg__rosidl_typesupport_introspection_cpp.so\x1b[0m\n'}
[7.218964] (-) TimerEvent: {}
[7.236413] (interfaces_pkg) StdoutLine: {'line': b'[ 83%] Built target interfaces_pkg__rosidl_typesupport_fastrtps_cpp\n'}
[7.239582] (interfaces_pkg) StdoutLine: {'line': b'[ 84%] \x1b[32m\x1b[1mLinking CXX shared library libinterfaces_pkg__rosidl_typesupport_fastrtps_c.so\x1b[0m\n'}
[7.298207] (interfaces_pkg) StdoutLine: {'line': b'[ 84%] Built target interfaces_pkg__rosidl_typesupport_introspection_cpp\n'}
[7.314146] (interfaces_pkg) StdoutLine: {'line': b'[ 84%] Built target interfaces_pkg__rosidl_typesupport_fastrtps_c\n'}
[7.319092] (-) TimerEvent: {}
[7.334466] (interfaces_pkg) StdoutLine: {'line': b'[ 84%] Built target interfaces_pkg\n'}
[7.355180] (interfaces_pkg) StdoutLine: {'line': b'[ 85%] \x1b[34m\x1b[1mGenerating Python code for ROS interfaces\x1b[0m\n'}
[7.419169] (-) TimerEvent: {}
[7.519467] (-) TimerEvent: {}
[7.619793] (-) TimerEvent: {}
[7.720069] (-) TimerEvent: {}
[7.820398] (-) TimerEvent: {}
[7.920734] (-) TimerEvent: {}
[7.996856] (ydlidar_ros2_driver) StdoutLine: {'line': b'[ 75%] \x1b[32m\x1b[1mLinking CXX executable ydlidar_ros2_driver_node\x1b[0m\n'}
[8.020842] (-) TimerEvent: {}
[8.121075] (-) TimerEvent: {}
[8.221400] (-) TimerEvent: {}
[8.288982] (ydlidar_ros2_driver) StdoutLine: {'line': b'[ 75%] Built target ydlidar_ros2_driver_node\n'}
[8.321517] (-) TimerEvent: {}
[8.421851] (-) TimerEvent: {}
[8.522212] (-) TimerEvent: {}
[8.562685] (interfaces_pkg) StdoutLine: {'line': b'[ 85%] Built target interfaces_pkg__py\n'}
[8.585966] (interfaces_pkg) StdoutLine: {'line': b'[ 86%] \x1b[32mBuilding C object CMakeFiles/interfaces_pkg__rosidl_generator_py.dir/rosidl_generator_py/interfaces_pkg/msg/_bounding_box2_d_s.c.o\x1b[0m\n'}
[8.586186] (interfaces_pkg) StdoutLine: {'line': b'[ 86%] \x1b[32mBuilding C object CMakeFiles/interfaces_pkg__rosidl_generator_py.dir/rosidl_generator_py/interfaces_pkg/msg/_pose2_d_s.c.o\x1b[0m\n'}
[8.586249] (interfaces_pkg) StdoutLine: {'line': b'[ 87%] \x1b[32mBuilding C object CMakeFiles/interfaces_pkg__rosidl_generator_py.dir/rosidl_generator_py/interfaces_pkg/msg/_mask_s.c.o\x1b[0m\n'}
[8.586330] (interfaces_pkg) StdoutLine: {'line': b'[ 88%] \x1b[32mBuilding C object CMakeFiles/interfaces_pkg__rosidl_generator_py.dir/rosidl_generator_py/interfaces_pkg/msg/_key_point2_d_s.c.o\x1b[0m\n'}
[8.586382] (interfaces_pkg) StdoutLine: {'line': b'[ 88%] \x1b[32mBuilding C object CMakeFiles/interfaces_pkg__rosidl_generator_py.dir/rosidl_generator_py/interfaces_pkg/msg/_vector2_s.c.o\x1b[0m\n'}
[8.586428] (interfaces_pkg) StdoutLine: {'line': b'[ 89%] \x1b[32mBuilding C object CMakeFiles/interfaces_pkg__rosidl_generator_py.dir/rosidl_generator_py/interfaces_pkg/msg/_key_point2_d_array_s.c.o\x1b[0m\n'}
[8.589496] (interfaces_pkg) StdoutLine: {'line': b'[ 88%] \x1b[32mBuilding C object CMakeFiles/interfaces_pkg__rosidl_generator_py.dir/rosidl_generator_py/interfaces_pkg/msg/_key_point3_d_array_s.c.o\x1b[0m\n'}
[8.589718] (interfaces_pkg) StdoutLine: {'line': b'[ 91%] \x1b[32mBuilding C object CMakeFiles/interfaces_pkg__rosidl_generator_py.dir/rosidl_generator_py/interfaces_pkg/msg/_bounding_box3_d_s.c.o\x1b[0m\n'}
[8.589777] (interfaces_pkg) StdoutLine: {'line': b'[ 92%] \x1b[32mBuilding C object CMakeFiles/interfaces_pkg__rosidl_generator_py.dir/rosidl_generator_py/interfaces_pkg/msg/_key_point3_d_s.c.o\x1b[0m\n'}
[8.589833] (interfaces_pkg) StdoutLine: {'line': b'[ 93%] \x1b[32mBuilding C object CMakeFiles/interfaces_pkg__rosidl_generator_py.dir/rosidl_generator_py/interfaces_pkg/msg/_detection_s.c.o\x1b[0m\n'}
[8.589882] (interfaces_pkg) StdoutLine: {'line': b'[ 93%] \x1b[32mBuilding C object CMakeFiles/interfaces_pkg__rosidl_generator_py.dir/rosidl_generator_py/interfaces_pkg/msg/_detection_array_s.c.o\x1b[0m\n'}
[8.589927] (interfaces_pkg) StdoutLine: {'line': b'[ 92%] \x1b[32mBuilding C object CMakeFiles/interfaces_pkg__rosidl_generator_py.dir/rosidl_generator_py/interfaces_pkg/msg/_point2_d_s.c.o\x1b[0m\n'}
[8.592147] (interfaces_pkg) StdoutLine: {'line': b'[ 95%] \x1b[32mBuilding C object CMakeFiles/interfaces_pkg__rosidl_generator_py.dir/rosidl_generator_py/interfaces_pkg/msg/_target_point_s.c.o\x1b[0m\n'}
[8.592340] (interfaces_pkg) StdoutLine: {'line': b'[ 95%] \x1b[32mBuilding C object CMakeFiles/interfaces_pkg__rosidl_generator_py.dir/rosidl_generator_py/interfaces_pkg/msg/_motion_command_s.c.o\x1b[0m\n'}
[8.596088] (interfaces_pkg) StdoutLine: {'line': b'[ 95%] \x1b[32mBuilding C object CMakeFiles/interfaces_pkg__rosidl_generator_py.dir/rosidl_generator_py/interfaces_pkg/msg/_lane_info_s.c.o\x1b[0m\n'}
[8.600150] (interfaces_pkg) StdoutLine: {'line': b'[ 95%] \x1b[32mBuilding C object CMakeFiles/interfaces_pkg__rosidl_generator_py.dir/rosidl_generator_py/interfaces_pkg/msg/_path_planning_result_s.c.o\x1b[0m\n'}
[8.622320] (-) TimerEvent: {}
[8.722648] (-) TimerEvent: {}
[8.748930] (interfaces_pkg) StdoutLine: {'line': b'[ 96%] \x1b[32m\x1b[1mLinking C shared library rosidl_generator_py/interfaces_pkg/libinterfaces_pkg__rosidl_generator_py.so\x1b[0m\n'}
[8.789686] (interfaces_pkg) StdoutLine: {'line': b'[ 96%] Built target interfaces_pkg__rosidl_generator_py\n'}
[8.808159] (interfaces_pkg) StdoutLine: {'line': b'[ 98%] \x1b[32mBuilding C object CMakeFiles/interfaces_pkg__rosidl_typesupport_fastrtps_c__pyext.dir/rosidl_generator_py/interfaces_pkg/_interfaces_pkg_s.ep.rosidl_typesupport_fastrtps_c.c.o\x1b[0m\n'}
[8.808414] (interfaces_pkg) StdoutLine: {'line': b'[ 98%] \x1b[32mBuilding C object CMakeFiles/interfaces_pkg__rosidl_typesupport_c__pyext.dir/rosidl_generator_py/interfaces_pkg/_interfaces_pkg_s.ep.rosidl_typesupport_c.c.o\x1b[0m\n'}
[8.808508] (interfaces_pkg) StdoutLine: {'line': b'[ 99%] \x1b[32mBuilding C object CMakeFiles/interfaces_pkg__rosidl_typesupport_introspection_c__pyext.dir/rosidl_generator_py/interfaces_pkg/_interfaces_pkg_s.ep.rosidl_typesupport_introspection_c.c.o\x1b[0m\n'}
[8.822774] (-) TimerEvent: {}
[8.903656] (interfaces_pkg) StdoutLine: {'line': b'[100%] \x1b[32m\x1b[1mLinking C shared library rosidl_generator_py/interfaces_pkg/interfaces_pkg_s__rosidl_typesupport_c.cpython-310-x86_64-linux-gnu.so\x1b[0m\n'}
[8.903882] (interfaces_pkg) StdoutLine: {'line': b'[100%] \x1b[32m\x1b[1mLinking C shared library rosidl_generator_py/interfaces_pkg/interfaces_pkg_s__rosidl_typesupport_introspection_c.cpython-310-x86_64-linux-gnu.so\x1b[0m\n'}
[8.903972] (interfaces_pkg) StdoutLine: {'line': b'[100%] \x1b[32m\x1b[1mLinking C shared library rosidl_generator_py/interfaces_pkg/interfaces_pkg_s__rosidl_typesupport_fastrtps_c.cpython-310-x86_64-linux-gnu.so\x1b[0m\n'}
[8.922916] (-) TimerEvent: {}
[8.936833] (interfaces_pkg) StdoutLine: {'line': b'[100%] Built target interfaces_pkg__rosidl_typesupport_fastrtps_c__pyext\n'}
[8.937107] (interfaces_pkg) StdoutLine: {'line': b'[100%] Built target interfaces_pkg__rosidl_typesupport_introspection_c__pyext\n'}
[8.937236] (interfaces_pkg) StdoutLine: {'line': b'[100%] Built target interfaces_pkg__rosidl_typesupport_c__pyext\n'}
[8.950880] (interfaces_pkg) CommandEnded: {'returncode': 0}
[8.952988] (interfaces_pkg) JobProgress: {'identifier': 'interfaces_pkg', 'progress': 'install'}
[8.953843] (interfaces_pkg) Command: {'cmd': ['/usr/bin/cmake', '--install', '/home/jsmoon/yax_jeju/build/interfaces_pkg'], 'cwd': '/home/jsmoon/yax_jeju/build/interfaces_pkg', 'env': OrderedDict([('PYENV_VIRTUALENV_INIT', '1'), ('GJS_DEBUG_TOPICS', 'JS ERROR;JS LOG'), ('LESSOPEN', '| /usr/bin/lesspipe %s'), ('USER', 'jsmoon'), ('LC_TIME', 'ko_KR.UTF-8'), ('XDG_SESSION_TYPE', 'x11'), ('SHLVL', '1'), ('LD_LIBRARY_PATH', '/opt/ros/humble/opt/rviz_ogre_vendor/lib:/opt/ros/humble/lib/x86_64-linux-gnu:/opt/ros/humble/lib:/home/jsmoon/Desktop/JSMOON/MLCS/project1/Personalized-Adaptive-Cruise/external/acados/lib:'), ('ACADOS_SOURCE_DIR', '/home/jsmoon/Desktop/JSMOON/MLCS/project1/Personalized-Adaptive-Cruise/external/acados'), ('HOME', '/home/jsmoon'), ('OLDPWD', '/home/jsmoon'), ('DESKTOP_SESSION', 'ubuntu-xorg'), ('PYENV_SHELL', 'bash'), ('GIO_LAUNCHED_DESKTOP_FILE', '/usr/share/applications/terminator.desktop'), ('ROS_PYTHON_VERSION', '3'), ('GNOME_SHELL_SESSION_MODE', 'ubuntu'), ('GTK_MODULES', 'gail:atk-bridge'), ('LC_MONETARY', 'ko_KR.UTF-8'), ('MANAGERPID', '1869'), ('SYSTEMD_EXEC_PID', '2431'), ('DBUS_SESSION_BUS_ADDRESS', 'unix:path=/run/user/1000/bus'), ('COLORTERM', 'truecolor'), ('TERMINATOR_DBUS_NAME', 'net.tenshu.Terminator23558193cd9818af7fe4d2c2f5bd9d00f'), ('GIO_LAUNCHED_DESKTOP_FILE_PID', '8379'), ('COLCON_PREFIX_PATH', '/home/jsmoon/ydlidar_ws/install'), ('ROS_DISTRO', 'humble'), ('GTK_IM_MODULE', 'ibus'), ('LOGNAME', 'jsmoon'), ('JOURNAL_STREAM', '8:9861'), ('_', '/usr/bin/colcon'), ('ROS_VERSION', '2'), ('XDG_SESSION_CLASS', 'user'), ('USERNAME', 'jsmoon'), ('TERM', 'xterm-256color'), ('GNOME_DESKTOP_SESSION_ID', 'this-is-deprecated'), ('ROS_LOCALHOST_ONLY', '0'), ('WINDOWPATH', '2'), ('PATH', '/opt/ros/humble/bin:/home/jsmoon/.pyenv/plugins/pyenv-virtualenv/shims:/home/jsmoon/.pyenv/shims:/home/jsmoon/.pyenv/bin:/home/jsmoon/.local/bin:/usr/local/sbin:/usr/local/bin:/usr/sbin:/usr/bin:/sbin:/bin:/usr/games:/usr/local/games:/snap/bin:/snap/bin'), ('SESSION_MANAGER', 'local/jsmoon-ASUS-TUF-Gaming-A14-FA401UM-FA401UM:@/tmp/.ICE-unix/2384,unix/jsmoon-ASUS-TUF-Gaming-A14-FA401UM-FA401UM:/tmp/.ICE-unix/2384'), ('INVOCATION_ID', '59e81587102e428d9dc34d9cf59fdca5'), ('XDG_MENU_PREFIX', 'gnome-'), ('LC_ADDRESS', 'ko_KR.UTF-8'), ('XDG_RUNTIME_DIR', '/run/user/1000'), ('DISPLAY', ':1'), ('TERMINATOR_DBUS_PATH', '/net/tenshu/Terminator2'), ('LANG', 'en_US.UTF-8'), ('XDG_CURRENT_DESKTOP', 'ubuntu:GNOME'), ('IBUS_DISABLE_SNOOPER', '1'), ('LC_TELEPHONE', 'ko_KR.UTF-8'), ('XMODIFIERS', '@im=ibus'), ('XDG_SESSION_DESKTOP', 'ubuntu-xorg'), ('XAUTHORITY', '/run/user/1000/gdm/Xauthority'), ('LS_COLORS', 'rs=0:di=01;34:ln=01;36:mh=00:pi=40;33:so=01;35:do=01;35:bd=40;33;01:cd=40;33;01:or=40;31;01:mi=00:su=37;41:sg=30;43:ca=30;41:tw=30;42:ow=34;42:st=37;44:ex=01;32:*.tar=01;31:*.tgz=01;31:*.arc=01;31:*.arj=01;31:*.taz=01;31:*.lha=01;31:*.lz4=01;31:*.lzh=01;31:*.lzma=01;31:*.tlz=01;31:*.txz=01;31:*.tzo=01;31:*.t7z=01;31:*.zip=01;31:*.z=01;31:*.dz=01;31:*.gz=01;31:*.lrz=01;31:*.lz=01;31:*.lzo=01;31:*.xz=01;31:*.zst=01;31:*.tzst=01;31:*.bz2=01;31:*.bz=01;31:*.tbz=01;31:*.tbz2=01;31:*.tz=01;31:*.deb=01;31:*.rpm=01;31:*.jar=01;31:*.war=01;31:*.ear=01;31:*.sar=01;31:*.rar=01;31:*.alz=01;31:*.ace=01;31:*.zoo=01;31:*.cpio=01;31:*.7z=01;31:*.rz=01;31:*.cab=01;31:*.wim=01;31:*.swm=01;31:*.dwm=01;31:*.esd=01;31:*.jpg=01;35:*.jpeg=01;35:*.mjpg=01;35:*.mjpeg=01;35:*.gif=01;35:*.bmp=01;35:*.pbm=01;35:*.pgm=01;35:*.ppm=01;35:*.tga=01;35:*.xbm=01;35:*.xpm=01;35:*.tif=01;35:*.tiff=01;35:*.png=01;35:*.svg=01;35:*.svgz=01;35:*.mng=01;35:*.pcx=01;35:*.mov=01;35:*.mpg=01;35:*.mpeg=01;35:*.m2v=01;35:*.mkv=01;35:*.webm=01;35:*.webp=01;35:*.ogm=01;35:*.mp4=01;35:*.m4v=01;35:*.mp4v=01;35:*.vob=01;35:*.qt=01;35:*.nuv=01;35:*.wmv=01;35:*.asf=01;35:*.rm=01;35:*.rmvb=01;35:*.flc=01;35:*.avi=01;35:*.fli=01;35:*.flv=01;35:*.gl=01;35:*.dl=01;35:*.xcf=01;35:*.xwd=01;35:*.yuv=01;35:*.cgm=01;35:*.emf=01;35:*.ogv=01;35:*.ogx=01;35:*.aac=00;36:*.au=00;36:*.flac=00;36:*.m4a=00;36:*.mid=00;36:*.midi=00;36:*.mka=00;36:*.mp3=00;36:*.mpc=00;36:*.ogg=00;36:*.ra=00;36:*.wav=00;36:*.oga=00;36:*.opus=00;36:*.spx=00;36:*.xspf=00;36:'), ('SSH_AGENT_LAUNCHER', 'gnome-keyring'), ('SSH_AUTH_SOCK', '/run/user/1000/keyring/ssh'), ('AMENT_PREFIX_PATH', '/home/jsmoon/ydlidar_ws/install/ydlidar_ros2_driver:/opt/ros/humble'), ('SHELL', '/bin/bash'), ('LC_NAME', 'ko_KR.UTF-8'), ('TERMINATOR_UUID', 'urn:uuid:df2315a3-6fbc-4574-8f2c-035191f51785'), ('QT_ACCESSIBILITY', '1'), ('GDMSESSION', 'ubuntu-xorg'), ('LESSCLOSE', '/usr/bin/lesspipe %s %s'), ('LC_MEASUREMENT', 'ko_KR.UTF-8'), ('GPG_AGENT_INFO', '/run/user/1000/gnupg/S.gpg-agent:0:1'), ('GJS_DEBUG_OUTPUT', 'stderr'), ('LC_IDENTIFICATION', 'ko_KR.UTF-8'), ('QT_IM_MODULE', 'ibus'), ('PWD', '/home/jsmoon/yax_jeju/build/interfaces_pkg'), ('LC_ALL', 'en_US.UTF-8'), ('XDG_CONFIG_DIRS', '/etc/xdg/xdg-ubuntu-xorg:/etc/xdg'), ('PYENV_ROOT', '/home/jsmoon/.pyenv'), ('XDG_DATA_DIRS', '/usr/share/ubuntu-xorg:/usr/share/gnome:/usr/local/share/:/usr/share/:/var/lib/snapd/desktop'), ('PYTHONPATH', '/opt/ros/humble/lib/python3.10/site-packages:/opt/ros/humble/local/lib/python3.10/dist-packages'), ('LC_NUMERIC', 'ko_KR.UTF-8'), ('LC_PAPER', 'ko_KR.UTF-8'), ('COLCON', '1'), ('VTE_VERSION', '6800'), ('CMAKE_PREFIX_PATH', '/home/jsmoon/ydlidar_ws/install/ydlidar_ros2_driver:/opt/ros/humble')]), 'shell': False}
[8.960448] (interfaces_pkg) StdoutLine: {'line': b'-- Install configuration: ""\n'}
[8.961144] (interfaces_pkg) StdoutLine: {'line': b'-- Execute custom install script\n'}
[8.961469] (interfaces_pkg) StdoutLine: {'line': b'-- Symlinking: /home/jsmoon/yax_jeju/install/interfaces_pkg/share/ament_index/resource_index/rosidl_interfaces/interfaces_pkg\n'}
[8.969922] (interfaces_pkg) StdoutLine: {'line': b'-- Symlinking: /home/jsmoon/yax_jeju/install/interfaces_pkg/include/interfaces_pkg/interfaces_pkg/msg/bounding_box2_d.h\n'}
[8.978402] (interfaces_pkg) StdoutLine: {'line': b'-- Symlinking: /home/jsmoon/yax_jeju/install/interfaces_pkg/include/interfaces_pkg/interfaces_pkg/msg/bounding_box3_d.h\n'}
[8.985941] (interfaces_pkg) StdoutLine: {'line': b'-- Symlinking: /home/jsmoon/yax_jeju/install/interfaces_pkg/include/interfaces_pkg/interfaces_pkg/msg/detail/bounding_box2_d__functions.h\n'}
[8.993341] (interfaces_pkg) StdoutLine: {'line': b'-- Symlinking: /home/jsmoon/yax_jeju/install/interfaces_pkg/include/interfaces_pkg/interfaces_pkg/msg/detail/bounding_box2_d__struct.h\n'}
[9.000856] (interfaces_pkg) StdoutLine: {'line': b'-- Symlinking: /home/jsmoon/yax_jeju/install/interfaces_pkg/include/interfaces_pkg/interfaces_pkg/msg/detail/bounding_box2_d__type_support.h\n'}
[9.009255] (interfaces_pkg) StdoutLine: {'line': b'-- Symlinking: /home/jsmoon/yax_jeju/install/interfaces_pkg/include/interfaces_pkg/interfaces_pkg/msg/detail/bounding_box3_d__functions.h\n'}
[9.017561] (interfaces_pkg) StdoutLine: {'line': b'-- Symlinking: /home/jsmoon/yax_jeju/install/interfaces_pkg/include/interfaces_pkg/interfaces_pkg/msg/detail/bounding_box3_d__struct.h\n'}
[9.023027] (-) TimerEvent: {}
[9.025357] (interfaces_pkg) StdoutLine: {'line': b'-- Symlinking: /home/jsmoon/yax_jeju/install/interfaces_pkg/include/interfaces_pkg/interfaces_pkg/msg/detail/bounding_box3_d__type_support.h\n'}
[9.034572] (interfaces_pkg) StdoutLine: {'line': b'-- Symlinking: /home/jsmoon/yax_jeju/install/interfaces_pkg/include/interfaces_pkg/interfaces_pkg/msg/detail/detection__functions.h\n'}
[9.043037] (interfaces_pkg) StdoutLine: {'line': b'-- Symlinking: /home/jsmoon/yax_jeju/install/interfaces_pkg/include/interfaces_pkg/interfaces_pkg/msg/detail/detection__struct.h\n'}
[9.053013] (interfaces_pkg) StdoutLine: {'line': b'-- Symlinking: /home/jsmoon/yax_jeju/install/interfaces_pkg/include/interfaces_pkg/interfaces_pkg/msg/detail/detection__type_support.h\n'}
[9.060399] (interfaces_pkg) StdoutLine: {'line': b'-- Symlinking: /home/jsmoon/yax_jeju/install/interfaces_pkg/include/interfaces_pkg/interfaces_pkg/msg/detail/detection_array__functions.h\n'}
[9.068378] (interfaces_pkg) StdoutLine: {'line': b'-- Symlinking: /home/jsmoon/yax_jeju/install/interfaces_pkg/include/interfaces_pkg/interfaces_pkg/msg/detail/detection_array__struct.h\n'}
[9.076806] (interfaces_pkg) StdoutLine: {'line': b'-- Symlinking: /home/jsmoon/yax_jeju/install/interfaces_pkg/include/interfaces_pkg/interfaces_pkg/msg/detail/detection_array__type_support.h\n'}
[9.085828] (interfaces_pkg) StdoutLine: {'line': b'-- Symlinking: /home/jsmoon/yax_jeju/install/interfaces_pkg/include/interfaces_pkg/interfaces_pkg/msg/detail/key_point2_d__functions.h\n'}
[9.094128] (interfaces_pkg) StdoutLine: {'line': b'-- Symlinking: /home/jsmoon/yax_jeju/install/interfaces_pkg/include/interfaces_pkg/interfaces_pkg/msg/detail/key_point2_d__struct.h\n'}
[9.104668] (interfaces_pkg) StdoutLine: {'line': b'-- Symlinking: /home/jsmoon/yax_jeju/install/interfaces_pkg/include/interfaces_pkg/interfaces_pkg/msg/detail/key_point2_d__type_support.h\n'}
[9.112670] (interfaces_pkg) StdoutLine: {'line': b'-- Symlinking: /home/jsmoon/yax_jeju/install/interfaces_pkg/include/interfaces_pkg/interfaces_pkg/msg/detail/key_point2_d_array__functions.h\n'}
[9.120870] (interfaces_pkg) StdoutLine: {'line': b'-- Symlinking: /home/jsmoon/yax_jeju/install/interfaces_pkg/include/interfaces_pkg/interfaces_pkg/msg/detail/key_point2_d_array__struct.h\n'}
[9.123089] (-) TimerEvent: {}
[9.128659] (interfaces_pkg) StdoutLine: {'line': b'-- Symlinking: /home/jsmoon/yax_jeju/install/interfaces_pkg/include/interfaces_pkg/interfaces_pkg/msg/detail/key_point2_d_array__type_support.h\n'}
[9.137928] (interfaces_pkg) StdoutLine: {'line': b'-- Symlinking: /home/jsmoon/yax_jeju/install/interfaces_pkg/include/interfaces_pkg/interfaces_pkg/msg/detail/key_point3_d__functions.h\n'}
[9.146215] (interfaces_pkg) StdoutLine: {'line': b'-- Symlinking: /home/jsmoon/yax_jeju/install/interfaces_pkg/include/interfaces_pkg/interfaces_pkg/msg/detail/key_point3_d__struct.h\n'}
[9.154100] (interfaces_pkg) StdoutLine: {'line': b'-- Symlinking: /home/jsmoon/yax_jeju/install/interfaces_pkg/include/interfaces_pkg/interfaces_pkg/msg/detail/key_point3_d__type_support.h\n'}
[9.163338] (interfaces_pkg) StdoutLine: {'line': b'-- Symlinking: /home/jsmoon/yax_jeju/install/interfaces_pkg/include/interfaces_pkg/interfaces_pkg/msg/detail/key_point3_d_array__functions.h\n'}
[9.172424] (interfaces_pkg) StdoutLine: {'line': b'-- Symlinking: /home/jsmoon/yax_jeju/install/interfaces_pkg/include/interfaces_pkg/interfaces_pkg/msg/detail/key_point3_d_array__struct.h\n'}
[9.181368] (interfaces_pkg) StdoutLine: {'line': b'-- Symlinking: /home/jsmoon/yax_jeju/install/interfaces_pkg/include/interfaces_pkg/interfaces_pkg/msg/detail/key_point3_d_array__type_support.h\n'}
[9.190488] (interfaces_pkg) StdoutLine: {'line': b'-- Symlinking: /home/jsmoon/yax_jeju/install/interfaces_pkg/include/interfaces_pkg/interfaces_pkg/msg/detail/lane_info__functions.h\n'}
[9.199727] (interfaces_pkg) StdoutLine: {'line': b'-- Symlinking: /home/jsmoon/yax_jeju/install/interfaces_pkg/include/interfaces_pkg/interfaces_pkg/msg/detail/lane_info__struct.h\n'}
[9.208264] (interfaces_pkg) StdoutLine: {'line': b'-- Symlinking: /home/jsmoon/yax_jeju/install/interfaces_pkg/include/interfaces_pkg/interfaces_pkg/msg/detail/lane_info__type_support.h\n'}
[9.216421] (interfaces_pkg) StdoutLine: {'line': b'-- Symlinking: /home/jsmoon/yax_jeju/install/interfaces_pkg/include/interfaces_pkg/interfaces_pkg/msg/detail/mask__functions.h\n'}
[9.223229] (-) TimerEvent: {}
[9.224598] (interfaces_pkg) StdoutLine: {'line': b'-- Symlinking: /home/jsmoon/yax_jeju/install/interfaces_pkg/include/interfaces_pkg/interfaces_pkg/msg/detail/mask__struct.h\n'}
[9.232855] (interfaces_pkg) StdoutLine: {'line': b'-- Symlinking: /home/jsmoon/yax_jeju/install/interfaces_pkg/include/interfaces_pkg/interfaces_pkg/msg/detail/mask__type_support.h\n'}
[9.240883] (interfaces_pkg) StdoutLine: {'line': b'-- Symlinking: /home/jsmoon/yax_jeju/install/interfaces_pkg/include/interfaces_pkg/interfaces_pkg/msg/detail/motion_command__functions.h\n'}
[9.249969] (interfaces_pkg) StdoutLine: {'line': b'-- Symlinking: /home/jsmoon/yax_jeju/install/interfaces_pkg/include/interfaces_pkg/interfaces_pkg/msg/detail/motion_command__struct.h\n'}
[9.258385] (interfaces_pkg) StdoutLine: {'line': b'-- Symlinking: /home/jsmoon/yax_jeju/install/interfaces_pkg/include/interfaces_pkg/interfaces_pkg/msg/detail/motion_command__type_support.h\n'}
[9.267765] (interfaces_pkg) StdoutLine: {'line': b'-- Symlinking: /home/jsmoon/yax_jeju/install/interfaces_pkg/include/interfaces_pkg/interfaces_pkg/msg/detail/path_planning_result__functions.h\n'}
[9.276421] (interfaces_pkg) StdoutLine: {'line': b'-- Symlinking: /home/jsmoon/yax_jeju/install/interfaces_pkg/include/interfaces_pkg/interfaces_pkg/msg/detail/path_planning_result__struct.h\n'}
[9.284565] (interfaces_pkg) StdoutLine: {'line': b'-- Symlinking: /home/jsmoon/yax_jeju/install/interfaces_pkg/include/interfaces_pkg/interfaces_pkg/msg/detail/path_planning_result__type_support.h\n'}
[9.292540] (interfaces_pkg) StdoutLine: {'line': b'-- Symlinking: /home/jsmoon/yax_jeju/install/interfaces_pkg/include/interfaces_pkg/interfaces_pkg/msg/detail/point2_d__functions.h\n'}
[9.300808] (interfaces_pkg) StdoutLine: {'line': b'-- Symlinking: /home/jsmoon/yax_jeju/install/interfaces_pkg/include/interfaces_pkg/interfaces_pkg/msg/detail/point2_d__struct.h\n'}
[9.309716] (interfaces_pkg) StdoutLine: {'line': b'-- Symlinking: /home/jsmoon/yax_jeju/install/interfaces_pkg/include/interfaces_pkg/interfaces_pkg/msg/detail/point2_d__type_support.h\n'}
[9.319274] (interfaces_pkg) StdoutLine: {'line': b'-- Symlinking: /home/jsmoon/yax_jeju/install/interfaces_pkg/include/interfaces_pkg/interfaces_pkg/msg/detail/pose2_d__functions.h\n'}
[9.323354] (-) TimerEvent: {}
[9.328892] (interfaces_pkg) StdoutLine: {'line': b'-- Symlinking: /home/jsmoon/yax_jeju/install/interfaces_pkg/include/interfaces_pkg/interfaces_pkg/msg/detail/pose2_d__struct.h\n'}
[9.338828] (interfaces_pkg) StdoutLine: {'line': b'-- Symlinking: /home/jsmoon/yax_jeju/install/interfaces_pkg/include/interfaces_pkg/interfaces_pkg/msg/detail/pose2_d__type_support.h\n'}
[9.346586] (interfaces_pkg) StdoutLine: {'line': b'-- Symlinking: /home/jsmoon/yax_jeju/install/interfaces_pkg/include/interfaces_pkg/interfaces_pkg/msg/detail/target_point__functions.h\n'}
[9.356796] (interfaces_pkg) StdoutLine: {'line': b'-- Symlinking: /home/jsmoon/yax_jeju/install/interfaces_pkg/include/interfaces_pkg/interfaces_pkg/msg/detail/target_point__struct.h\n'}
[9.364386] (interfaces_pkg) StdoutLine: {'line': b'-- Symlinking: /home/jsmoon/yax_jeju/install/interfaces_pkg/include/interfaces_pkg/interfaces_pkg/msg/detail/target_point__type_support.h\n'}
[9.373415] (interfaces_pkg) StdoutLine: {'line': b'-- Symlinking: /home/jsmoon/yax_jeju/install/interfaces_pkg/include/interfaces_pkg/interfaces_pkg/msg/detail/vector2__functions.h\n'}
[9.381038] (interfaces_pkg) StdoutLine: {'line': b'-- Symlinking: /home/jsmoon/yax_jeju/install/interfaces_pkg/include/interfaces_pkg/interfaces_pkg/msg/detail/vector2__struct.h\n'}
[9.389115] (interfaces_pkg) StdoutLine: {'line': b'-- Symlinking: /home/jsmoon/yax_jeju/install/interfaces_pkg/include/interfaces_pkg/interfaces_pkg/msg/detail/vector2__type_support.h\n'}
[9.396687] (interfaces_pkg) StdoutLine: {'line': b'-- Symlinking: /home/jsmoon/yax_jeju/install/interfaces_pkg/include/interfaces_pkg/interfaces_pkg/msg/detection.h\n'}
[9.405220] (interfaces_pkg) StdoutLine: {'line': b'-- Symlinking: /home/jsmoon/yax_jeju/install/interfaces_pkg/include/interfaces_pkg/interfaces_pkg/msg/detection_array.h\n'}
[9.413168] (interfaces_pkg) StdoutLine: {'line': b'-- Symlinking: /home/jsmoon/yax_jeju/install/interfaces_pkg/include/interfaces_pkg/interfaces_pkg/msg/key_point2_d.h\n'}
[9.421383] (interfaces_pkg) StdoutLine: {'line': b'-- Symlinking: /home/jsmoon/yax_jeju/install/interfaces_pkg/include/interfaces_pkg/interfaces_pkg/msg/key_point2_d_array.h\n'}
[9.423416] (-) TimerEvent: {}
[9.429072] (interfaces_pkg) StdoutLine: {'line': b'-- Symlinking: /home/jsmoon/yax_jeju/install/interfaces_pkg/include/interfaces_pkg/interfaces_pkg/msg/key_point3_d.h\n'}
[9.437590] (interfaces_pkg) StdoutLine: {'line': b'-- Symlinking: /home/jsmoon/yax_jeju/install/interfaces_pkg/include/interfaces_pkg/interfaces_pkg/msg/key_point3_d_array.h\n'}
[9.445697] (interfaces_pkg) StdoutLine: {'line': b'-- Symlinking: /home/jsmoon/yax_jeju/install/interfaces_pkg/include/interfaces_pkg/interfaces_pkg/msg/lane_info.h\n'}
[9.456784] (interfaces_pkg) StdoutLine: {'line': b'-- Symlinking: /home/jsmoon/yax_jeju/install/interfaces_pkg/include/interfaces_pkg/interfaces_pkg/msg/mask.h\n'}
[9.465853] (interfaces_pkg) StdoutLine: {'line': b'-- Symlinking: /home/jsmoon/yax_jeju/install/interfaces_pkg/include/interfaces_pkg/interfaces_pkg/msg/motion_command.h\n'}
[9.474039] (interfaces_pkg) StdoutLine: {'line': b'-- Symlinking: /home/jsmoon/yax_jeju/install/interfaces_pkg/include/interfaces_pkg/interfaces_pkg/msg/path_planning_result.h\n'}
[9.481773] (interfaces_pkg) StdoutLine: {'line': b'-- Symlinking: /home/jsmoon/yax_jeju/install/interfaces_pkg/include/interfaces_pkg/interfaces_pkg/msg/point2_d.h\n'}
[9.490447] (interfaces_pkg) StdoutLine: {'line': b'-- Symlinking: /home/jsmoon/yax_jeju/install/interfaces_pkg/include/interfaces_pkg/interfaces_pkg/msg/pose2_d.h\n'}
[9.500512] (interfaces_pkg) StdoutLine: {'line': b'-- Symlinking: /home/jsmoon/yax_jeju/install/interfaces_pkg/include/interfaces_pkg/interfaces_pkg/msg/rosidl_generator_c__visibility_control.h\n'}
[9.508765] (interfaces_pkg) StdoutLine: {'line': b'-- Symlinking: /home/jsmoon/yax_jeju/install/interfaces_pkg/include/interfaces_pkg/interfaces_pkg/msg/target_point.h\n'}
[9.518325] (interfaces_pkg) StdoutLine: {'line': b'-- Symlinking: /home/jsmoon/yax_jeju/install/interfaces_pkg/include/interfaces_pkg/interfaces_pkg/msg/vector2.h\n'}
[9.523527] (-) TimerEvent: {}
[9.526608] (interfaces_pkg) StdoutLine: {'line': b'-- Symlinking: /home/jsmoon/yax_jeju/install/interfaces_pkg/share/interfaces_pkg/environment/library_path.sh\n'}
[9.535595] (interfaces_pkg) StdoutLine: {'line': b'-- Symlinking: /home/jsmoon/yax_jeju/install/interfaces_pkg/share/interfaces_pkg/environment/library_path.dsv\n'}
[9.544056] (interfaces_pkg) StdoutLine: {'line': b'-- Symlinking: /home/jsmoon/yax_jeju/install/interfaces_pkg/include/interfaces_pkg/interfaces_pkg/msg/detail/bounding_box2_d__rosidl_typesupport_fastrtps_c.h\n'}
[9.554743] (interfaces_pkg) StdoutLine: {'line': b'-- Symlinking: /home/jsmoon/yax_jeju/install/interfaces_pkg/include/interfaces_pkg/interfaces_pkg/msg/detail/bounding_box3_d__rosidl_typesupport_fastrtps_c.h\n'}
[9.562853] (interfaces_pkg) StdoutLine: {'line': b'-- Symlinking: /home/jsmoon/yax_jeju/install/interfaces_pkg/include/interfaces_pkg/interfaces_pkg/msg/detail/detection__rosidl_typesupport_fastrtps_c.h\n'}
[9.572465] (interfaces_pkg) StdoutLine: {'line': b'-- Symlinking: /home/jsmoon/yax_jeju/install/interfaces_pkg/include/interfaces_pkg/interfaces_pkg/msg/detail/detection_array__rosidl_typesupport_fastrtps_c.h\n'}
[9.582903] (interfaces_pkg) StdoutLine: {'line': b'-- Symlinking: /home/jsmoon/yax_jeju/install/interfaces_pkg/include/interfaces_pkg/interfaces_pkg/msg/detail/key_point2_d__rosidl_typesupport_fastrtps_c.h\n'}
[9.591904] (interfaces_pkg) StdoutLine: {'line': b'-- Symlinking: /home/jsmoon/yax_jeju/install/interfaces_pkg/include/interfaces_pkg/interfaces_pkg/msg/detail/key_point2_d_array__rosidl_typesupport_fastrtps_c.h\n'}
[9.600110] (interfaces_pkg) StdoutLine: {'line': b'-- Symlinking: /home/jsmoon/yax_jeju/install/interfaces_pkg/include/interfaces_pkg/interfaces_pkg/msg/detail/key_point3_d__rosidl_typesupport_fastrtps_c.h\n'}
[9.606306] (ydlidar_ros2_driver) StdoutLine: {'line': b'[100%] \x1b[32m\x1b[1mLinking CXX executable ydlidar_ros2_driver_client\x1b[0m\n'}
[9.607216] (interfaces_pkg) StdoutLine: {'line': b'-- Symlinking: /home/jsmoon/yax_jeju/install/interfaces_pkg/include/interfaces_pkg/interfaces_pkg/msg/detail/key_point3_d_array__rosidl_typesupport_fastrtps_c.h\n'}
[9.614030] (interfaces_pkg) StdoutLine: {'line': b'-- Symlinking: /home/jsmoon/yax_jeju/install/interfaces_pkg/include/interfaces_pkg/interfaces_pkg/msg/detail/lane_info__rosidl_typesupport_fastrtps_c.h\n'}
[9.622159] (interfaces_pkg) StdoutLine: {'line': b'-- Symlinking: /home/jsmoon/yax_jeju/install/interfaces_pkg/include/interfaces_pkg/interfaces_pkg/msg/detail/mask__rosidl_typesupport_fastrtps_c.h\n'}
[9.623610] (-) TimerEvent: {}
[9.631506] (interfaces_pkg) StdoutLine: {'line': b'-- Symlinking: /home/jsmoon/yax_jeju/install/interfaces_pkg/include/interfaces_pkg/interfaces_pkg/msg/detail/motion_command__rosidl_typesupport_fastrtps_c.h\n'}
[9.639575] (interfaces_pkg) StdoutLine: {'line': b'-- Symlinking: /home/jsmoon/yax_jeju/install/interfaces_pkg/include/interfaces_pkg/interfaces_pkg/msg/detail/path_planning_result__rosidl_typesupport_fastrtps_c.h\n'}
[9.648646] (interfaces_pkg) StdoutLine: {'line': b'-- Symlinking: /home/jsmoon/yax_jeju/install/interfaces_pkg/include/interfaces_pkg/interfaces_pkg/msg/detail/point2_d__rosidl_typesupport_fastrtps_c.h\n'}
[9.659537] (interfaces_pkg) StdoutLine: {'line': b'-- Symlinking: /home/jsmoon/yax_jeju/install/interfaces_pkg/include/interfaces_pkg/interfaces_pkg/msg/detail/pose2_d__rosidl_typesupport_fastrtps_c.h\n'}
[9.670130] (interfaces_pkg) StdoutLine: {'line': b'-- Symlinking: /home/jsmoon/yax_jeju/install/interfaces_pkg/include/interfaces_pkg/interfaces_pkg/msg/detail/target_point__rosidl_typesupport_fastrtps_c.h\n'}
[9.679663] (interfaces_pkg) StdoutLine: {'line': b'-- Symlinking: /home/jsmoon/yax_jeju/install/interfaces_pkg/include/interfaces_pkg/interfaces_pkg/msg/detail/vector2__rosidl_typesupport_fastrtps_c.h\n'}
[9.687651] (interfaces_pkg) StdoutLine: {'line': b'-- Symlinking: /home/jsmoon/yax_jeju/install/interfaces_pkg/include/interfaces_pkg/interfaces_pkg/msg/rosidl_typesupport_fastrtps_c__visibility_control.h\n'}
[9.697484] (interfaces_pkg) StdoutLine: {'line': b'-- Symlinking: /home/jsmoon/yax_jeju/install/interfaces_pkg/include/interfaces_pkg/interfaces_pkg/msg/detail/bounding_box2_d__rosidl_typesupport_introspection_c.h\n'}
[9.705329] (interfaces_pkg) StdoutLine: {'line': b'-- Symlinking: /home/jsmoon/yax_jeju/install/interfaces_pkg/include/interfaces_pkg/interfaces_pkg/msg/detail/bounding_box3_d__rosidl_typesupport_introspection_c.h\n'}
[9.715832] (interfaces_pkg) StdoutLine: {'line': b'-- Symlinking: /home/jsmoon/yax_jeju/install/interfaces_pkg/include/interfaces_pkg/interfaces_pkg/msg/detail/detection__rosidl_typesupport_introspection_c.h\n'}
[9.723756] (-) TimerEvent: {}
[9.724556] (interfaces_pkg) StdoutLine: {'line': b'-- Symlinking: /home/jsmoon/yax_jeju/install/interfaces_pkg/include/interfaces_pkg/interfaces_pkg/msg/detail/detection_array__rosidl_typesupport_introspection_c.h\n'}
[9.734622] (interfaces_pkg) StdoutLine: {'line': b'-- Symlinking: /home/jsmoon/yax_jeju/install/interfaces_pkg/include/interfaces_pkg/interfaces_pkg/msg/detail/key_point2_d__rosidl_typesupport_introspection_c.h\n'}
[9.743742] (interfaces_pkg) StdoutLine: {'line': b'-- Symlinking: /home/jsmoon/yax_jeju/install/interfaces_pkg/include/interfaces_pkg/interfaces_pkg/msg/detail/key_point2_d_array__rosidl_typesupport_introspection_c.h\n'}
[9.752296] (interfaces_pkg) StdoutLine: {'line': b'-- Symlinking: /home/jsmoon/yax_jeju/install/interfaces_pkg/include/interfaces_pkg/interfaces_pkg/msg/detail/key_point3_d__rosidl_typesupport_introspection_c.h\n'}
[9.761501] (interfaces_pkg) StdoutLine: {'line': b'-- Symlinking: /home/jsmoon/yax_jeju/install/interfaces_pkg/include/interfaces_pkg/interfaces_pkg/msg/detail/key_point3_d_array__rosidl_typesupport_introspection_c.h\n'}
[9.769477] (interfaces_pkg) StdoutLine: {'line': b'-- Symlinking: /home/jsmoon/yax_jeju/install/interfaces_pkg/include/interfaces_pkg/interfaces_pkg/msg/detail/lane_info__rosidl_typesupport_introspection_c.h\n'}
[9.779190] (interfaces_pkg) StdoutLine: {'line': b'-- Symlinking: /home/jsmoon/yax_jeju/install/interfaces_pkg/include/interfaces_pkg/interfaces_pkg/msg/detail/mask__rosidl_typesupport_introspection_c.h\n'}
[9.787187] (interfaces_pkg) StdoutLine: {'line': b'-- Symlinking: /home/jsmoon/yax_jeju/install/interfaces_pkg/include/interfaces_pkg/interfaces_pkg/msg/detail/motion_command__rosidl_typesupport_introspection_c.h\n'}
[9.796837] (interfaces_pkg) StdoutLine: {'line': b'-- Symlinking: /home/jsmoon/yax_jeju/install/interfaces_pkg/include/interfaces_pkg/interfaces_pkg/msg/detail/path_planning_result__rosidl_typesupport_introspection_c.h\n'}
[9.805853] (interfaces_pkg) StdoutLine: {'line': b'-- Symlinking: /home/jsmoon/yax_jeju/install/interfaces_pkg/include/interfaces_pkg/interfaces_pkg/msg/detail/point2_d__rosidl_typesupport_introspection_c.h\n'}
[9.818666] (interfaces_pkg) StdoutLine: {'line': b'-- Symlinking: /home/jsmoon/yax_jeju/install/interfaces_pkg/include/interfaces_pkg/interfaces_pkg/msg/detail/pose2_d__rosidl_typesupport_introspection_c.h\n'}
[9.823879] (-) TimerEvent: {}
[9.827022] (interfaces_pkg) StdoutLine: {'line': b'-- Symlinking: /home/jsmoon/yax_jeju/install/interfaces_pkg/include/interfaces_pkg/interfaces_pkg/msg/detail/target_point__rosidl_typesupport_introspection_c.h\n'}
[9.835098] (interfaces_pkg) StdoutLine: {'line': b'-- Symlinking: /home/jsmoon/yax_jeju/install/interfaces_pkg/include/interfaces_pkg/interfaces_pkg/msg/detail/vector2__rosidl_typesupport_introspection_c.h\n'}
[9.843488] (interfaces_pkg) StdoutLine: {'line': b'-- Symlinking: /home/jsmoon/yax_jeju/install/interfaces_pkg/include/interfaces_pkg/interfaces_pkg/msg/rosidl_typesupport_introspection_c__visibility_control.h\n'}
[9.852805] (interfaces_pkg) StdoutLine: {'line': b'-- Symlinking: /home/jsmoon/yax_jeju/install/interfaces_pkg/include/interfaces_pkg/interfaces_pkg/msg/bounding_box2_d.hpp\n'}
[9.861067] (interfaces_pkg) StdoutLine: {'line': b'-- Symlinking: /home/jsmoon/yax_jeju/install/interfaces_pkg/include/interfaces_pkg/interfaces_pkg/msg/bounding_box3_d.hpp\n'}
[9.869591] (interfaces_pkg) StdoutLine: {'line': b'-- Symlinking: /home/jsmoon/yax_jeju/install/interfaces_pkg/include/interfaces_pkg/interfaces_pkg/msg/detail/bounding_box2_d__builder.hpp\n'}
[9.871497] (ydlidar_ros2_driver) StdoutLine: {'line': b'[100%] Built target ydlidar_ros2_driver_client\n'}
[9.877511] (interfaces_pkg) StdoutLine: {'line': b'-- Symlinking: /home/jsmoon/yax_jeju/install/interfaces_pkg/include/interfaces_pkg/interfaces_pkg/msg/detail/bounding_box2_d__struct.hpp\n'}
[9.881287] (ydlidar_ros2_driver) CommandEnded: {'returncode': 0}
[9.881802] (ydlidar_ros2_driver) JobProgress: {'identifier': 'ydlidar_ros2_driver', 'progress': 'install'}
[9.882102] (ydlidar_ros2_driver) Command: {'cmd': ['/usr/bin/cmake', '--install', '/home/jsmoon/yax_jeju/build/ydlidar_ros2_driver'], 'cwd': '/home/jsmoon/yax_jeju/build/ydlidar_ros2_driver', 'env': OrderedDict([('PYENV_VIRTUALENV_INIT', '1'), ('GJS_DEBUG_TOPICS', 'JS ERROR;JS LOG'), ('LESSOPEN', '| /usr/bin/lesspipe %s'), ('USER', 'jsmoon'), ('LC_TIME', 'ko_KR.UTF-8'), ('XDG_SESSION_TYPE', 'x11'), ('SHLVL', '1'), ('LD_LIBRARY_PATH', '/opt/ros/humble/opt/rviz_ogre_vendor/lib:/opt/ros/humble/lib/x86_64-linux-gnu:/opt/ros/humble/lib:/home/jsmoon/Desktop/JSMOON/MLCS/project1/Personalized-Adaptive-Cruise/external/acados/lib:'), ('ACADOS_SOURCE_DIR', '/home/jsmoon/Desktop/JSMOON/MLCS/project1/Personalized-Adaptive-Cruise/external/acados'), ('HOME', '/home/jsmoon'), ('OLDPWD', '/home/jsmoon'), ('DESKTOP_SESSION', 'ubuntu-xorg'), ('PYENV_SHELL', 'bash'), ('GIO_LAUNCHED_DESKTOP_FILE', '/usr/share/applications/terminator.desktop'), ('ROS_PYTHON_VERSION', '3'), ('GNOME_SHELL_SESSION_MODE', 'ubuntu'), ('GTK_MODULES', 'gail:atk-bridge'), ('LC_MONETARY', 'ko_KR.UTF-8'), ('MANAGERPID', '1869'), ('SYSTEMD_EXEC_PID', '2431'), ('DBUS_SESSION_BUS_ADDRESS', 'unix:path=/run/user/1000/bus'), ('COLORTERM', 'truecolor'), ('TERMINATOR_DBUS_NAME', 'net.tenshu.Terminator23558193cd9818af7fe4d2c2f5bd9d00f'), ('GIO_LAUNCHED_DESKTOP_FILE_PID', '8379'), ('COLCON_PREFIX_PATH', '/home/jsmoon/ydlidar_ws/install'), ('ROS_DISTRO', 'humble'), ('GTK_IM_MODULE', 'ibus'), ('LOGNAME', 'jsmoon'), ('JOURNAL_STREAM', '8:9861'), ('_', '/usr/bin/colcon'), ('ROS_VERSION', '2'), ('XDG_SESSION_CLASS', 'user'), ('USERNAME', 'jsmoon'), ('TERM', 'xterm-256color'), ('GNOME_DESKTOP_SESSION_ID', 'this-is-deprecated'), ('ROS_LOCALHOST_ONLY', '0'), ('WINDOWPATH', '2'), ('PATH', '/opt/ros/humble/bin:/home/jsmoon/.pyenv/plugins/pyenv-virtualenv/shims:/home/jsmoon/.pyenv/shims:/home/jsmoon/.pyenv/bin:/home/jsmoon/.local/bin:/usr/local/sbin:/usr/local/bin:/usr/sbin:/usr/bin:/sbin:/bin:/usr/games:/usr/local/games:/snap/bin:/snap/bin'), ('SESSION_MANAGER', 'local/jsmoon-ASUS-TUF-Gaming-A14-FA401UM-FA401UM:@/tmp/.ICE-unix/2384,unix/jsmoon-ASUS-TUF-Gaming-A14-FA401UM-FA401UM:/tmp/.ICE-unix/2384'), ('INVOCATION_ID', '59e81587102e428d9dc34d9cf59fdca5'), ('XDG_MENU_PREFIX', 'gnome-'), ('LC_ADDRESS', 'ko_KR.UTF-8'), ('XDG_RUNTIME_DIR', '/run/user/1000'), ('DISPLAY', ':1'), ('TERMINATOR_DBUS_PATH', '/net/tenshu/Terminator2'), ('LANG', 'en_US.UTF-8'), ('XDG_CURRENT_DESKTOP', 'ubuntu:GNOME'), ('IBUS_DISABLE_SNOOPER', '1'), ('LC_TELEPHONE', 'ko_KR.UTF-8'), ('XMODIFIERS', '@im=ibus'), ('XDG_SESSION_DESKTOP', 'ubuntu-xorg'), ('XAUTHORITY', '/run/user/1000/gdm/Xauthority'), ('LS_COLORS', 'rs=0:di=01;34:ln=01;36:mh=00:pi=40;33:so=01;35:do=01;35:bd=40;33;01:cd=40;33;01:or=40;31;01:mi=00:su=37;41:sg=30;43:ca=30;41:tw=30;42:ow=34;42:st=37;44:ex=01;32:*.tar=01;31:*.tgz=01;31:*.arc=01;31:*.arj=01;31:*.taz=01;31:*.lha=01;31:*.lz4=01;31:*.lzh=01;31:*.lzma=01;31:*.tlz=01;31:*.txz=01;31:*.tzo=01;31:*.t7z=01;31:*.zip=01;31:*.z=01;31:*.dz=01;31:*.gz=01;31:*.lrz=01;31:*.lz=01;31:*.lzo=01;31:*.xz=01;31:*.zst=01;31:*.tzst=01;31:*.bz2=01;31:*.bz=01;31:*.tbz=01;31:*.tbz2=01;31:*.tz=01;31:*.deb=01;31:*.rpm=01;31:*.jar=01;31:*.war=01;31:*.ear=01;31:*.sar=01;31:*.rar=01;31:*.alz=01;31:*.ace=01;31:*.zoo=01;31:*.cpio=01;31:*.7z=01;31:*.rz=01;31:*.cab=01;31:*.wim=01;31:*.swm=01;31:*.dwm=01;31:*.esd=01;31:*.jpg=01;35:*.jpeg=01;35:*.mjpg=01;35:*.mjpeg=01;35:*.gif=01;35:*.bmp=01;35:*.pbm=01;35:*.pgm=01;35:*.ppm=01;35:*.tga=01;35:*.xbm=01;35:*.xpm=01;35:*.tif=01;35:*.tiff=01;35:*.png=01;35:*.svg=01;35:*.svgz=01;35:*.mng=01;35:*.pcx=01;35:*.mov=01;35:*.mpg=01;35:*.mpeg=01;35:*.m2v=01;35:*.mkv=01;35:*.webm=01;35:*.webp=01;35:*.ogm=01;35:*.mp4=01;35:*.m4v=01;35:*.mp4v=01;35:*.vob=01;35:*.qt=01;35:*.nuv=01;35:*.wmv=01;35:*.asf=01;35:*.rm=01;35:*.rmvb=01;35:*.flc=01;35:*.avi=01;35:*.fli=01;35:*.flv=01;35:*.gl=01;35:*.dl=01;35:*.xcf=01;35:*.xwd=01;35:*.yuv=01;35:*.cgm=01;35:*.emf=01;35:*.ogv=01;35:*.ogx=01;35:*.aac=00;36:*.au=00;36:*.flac=00;36:*.m4a=00;36:*.mid=00;36:*.midi=00;36:*.mka=00;36:*.mp3=00;36:*.mpc=00;36:*.ogg=00;36:*.ra=00;36:*.wav=00;36:*.oga=00;36:*.opus=00;36:*.spx=00;36:*.xspf=00;36:'), ('SSH_AGENT_LAUNCHER', 'gnome-keyring'), ('SSH_AUTH_SOCK', '/run/user/1000/keyring/ssh'), ('AMENT_PREFIX_PATH', '/home/jsmoon/ydlidar_ws/install/ydlidar_ros2_driver:/opt/ros/humble'), ('SHELL', '/bin/bash'), ('LC_NAME', 'ko_KR.UTF-8'), ('TERMINATOR_UUID', 'urn:uuid:df2315a3-6fbc-4574-8f2c-035191f51785'), ('QT_ACCESSIBILITY', '1'), ('GDMSESSION', 'ubuntu-xorg'), ('LESSCLOSE', '/usr/bin/lesspipe %s %s'), ('LC_MEASUREMENT', 'ko_KR.UTF-8'), ('GPG_AGENT_INFO', '/run/user/1000/gnupg/S.gpg-agent:0:1'), ('GJS_DEBUG_OUTPUT', 'stderr'), ('LC_IDENTIFICATION', 'ko_KR.UTF-8'), ('QT_IM_MODULE', 'ibus'), ('PWD', '/home/jsmoon/yax_jeju/build/ydlidar_ros2_driver'), ('LC_ALL', 'en_US.UTF-8'), ('XDG_CONFIG_DIRS', '/etc/xdg/xdg-ubuntu-xorg:/etc/xdg'), ('PYENV_ROOT', '/home/jsmoon/.pyenv'), ('XDG_DATA_DIRS', '/usr/share/ubuntu-xorg:/usr/share/gnome:/usr/local/share/:/usr/share/:/var/lib/snapd/desktop'), ('PYTHONPATH', '/opt/ros/humble/lib/python3.10/site-packages:/opt/ros/humble/local/lib/python3.10/dist-packages'), ('LC_NUMERIC', 'ko_KR.UTF-8'), ('LC_PAPER', 'ko_KR.UTF-8'), ('COLCON', '1'), ('VTE_VERSION', '6800'), ('CMAKE_PREFIX_PATH', '/home/jsmoon/ydlidar_ws/install/ydlidar_ros2_driver:/opt/ros/humble')]), 'shell': False}
[9.887071] (interfaces_pkg) StdoutLine: {'line': b'-- Symlinking: /home/jsmoon/yax_jeju/install/interfaces_pkg/include/interfaces_pkg/interfaces_pkg/msg/detail/bounding_box2_d__traits.hpp\n'}
[9.888721] (ydlidar_ros2_driver) StdoutLine: {'line': b'-- Install configuration: ""\n'}
[9.889083] (ydlidar_ros2_driver) StdoutLine: {'line': b'-- Execute custom install script\n'}
[9.889291] (ydlidar_ros2_driver) StdoutLine: {'line': b'-- Symlinking: /home/jsmoon/yax_jeju/install/ydlidar_ros2_driver/lib/ydlidar_ros2_driver/ydlidar_ros2_driver_node\n'}
[9.895739] (interfaces_pkg) StdoutLine: {'line': b'-- Symlinking: /home/jsmoon/yax_jeju/install/interfaces_pkg/include/interfaces_pkg/interfaces_pkg/msg/detail/bounding_box2_d__type_support.hpp\n'}
[9.896284] (ydlidar_ros2_driver) StdoutLine: {'line': b'-- Symlinking: /home/jsmoon/yax_jeju/install/ydlidar_ros2_driver/lib/ydlidar_ros2_driver/ydlidar_ros2_driver_client\n'}
[9.903893] (interfaces_pkg) StdoutLine: {'line': b'-- Symlinking: /home/jsmoon/yax_jeju/install/interfaces_pkg/include/interfaces_pkg/interfaces_pkg/msg/detail/bounding_box3_d__builder.hpp\n'}
[9.904255] (ydlidar_ros2_driver) StdoutLine: {'line': b'-- Symlinking: /home/jsmoon/yax_jeju/install/ydlidar_ros2_driver/share/ydlidar_ros2_driver/launch/ydlidar.py\n'}
[9.911724] (ydlidar_ros2_driver) StdoutLine: {'line': b'-- Symlinking: /home/jsmoon/yax_jeju/install/ydlidar_ros2_driver/share/ydlidar_ros2_driver/launch/ydlidar_launch.py\n'}
[9.911949] (interfaces_pkg) StdoutLine: {'line': b'-- Symlinking: /home/jsmoon/yax_jeju/install/interfaces_pkg/include/interfaces_pkg/interfaces_pkg/msg/detail/bounding_box3_d__struct.hpp\n'}
[9.919009] (ydlidar_ros2_driver) StdoutLine: {'line': b'-- Symlinking: /home/jsmoon/yax_jeju/install/ydlidar_ros2_driver/share/ydlidar_ros2_driver/launch/ydlidar_launch_view.py\n'}
[9.919427] (interfaces_pkg) StdoutLine: {'line': b'-- Symlinking: /home/jsmoon/yax_jeju/install/interfaces_pkg/include/interfaces_pkg/interfaces_pkg/msg/detail/bounding_box3_d__traits.hpp\n'}
[9.923974] (-) TimerEvent: {}
[9.926686] (ydlidar_ros2_driver) StdoutLine: {'line': b'-- Symlinking: /home/jsmoon/yax_jeju/install/ydlidar_ros2_driver/share/ydlidar_ros2_driver/params/G1.yaml\n'}
[9.927009] (interfaces_pkg) StdoutLine: {'line': b'-- Symlinking: /home/jsmoon/yax_jeju/install/interfaces_pkg/include/interfaces_pkg/interfaces_pkg/msg/detail/bounding_box3_d__type_support.hpp\n'}
[9.934620] (ydlidar_ros2_driver) StdoutLine: {'line': b'-- Symlinking: /home/jsmoon/yax_jeju/install/ydlidar_ros2_driver/share/ydlidar_ros2_driver/params/G2.yaml\n'}
[9.934855] (interfaces_pkg) StdoutLine: {'line': b'-- Symlinking: /home/jsmoon/yax_jeju/install/interfaces_pkg/include/interfaces_pkg/interfaces_pkg/msg/detail/detection__builder.hpp\n'}
[9.941903] (ydlidar_ros2_driver) StdoutLine: {'line': b'-- Symlinking: /home/jsmoon/yax_jeju/install/ydlidar_ros2_driver/share/ydlidar_ros2_driver/params/G4.yaml\n'}
[9.942182] (interfaces_pkg) StdoutLine: {'line': b'-- Symlinking: /home/jsmoon/yax_jeju/install/interfaces_pkg/include/interfaces_pkg/interfaces_pkg/msg/detail/detection__struct.hpp\n'}
[9.951216] (ydlidar_ros2_driver) StdoutLine: {'line': b'-- Symlinking: /home/jsmoon/yax_jeju/install/ydlidar_ros2_driver/share/ydlidar_ros2_driver/params/G6.yaml\n'}
[9.951454] (interfaces_pkg) StdoutLine: {'line': b'-- Symlinking: /home/jsmoon/yax_jeju/install/interfaces_pkg/include/interfaces_pkg/interfaces_pkg/msg/detail/detection__traits.hpp\n'}
[9.959201] (interfaces_pkg) StdoutLine: {'line': b'-- Symlinking: /home/jsmoon/yax_jeju/install/interfaces_pkg/include/interfaces_pkg/interfaces_pkg/msg/detail/detection__type_support.hpp\n'}
[9.960684] (ydlidar_ros2_driver) StdoutLine: {'line': b'-- Symlinking: /home/jsmoon/yax_jeju/install/ydlidar_ros2_driver/share/ydlidar_ros2_driver/params/GS2.yaml\n'}
[9.968650] (ydlidar_ros2_driver) StdoutLine: {'line': b'-- Symlinking: /home/jsmoon/yax_jeju/install/ydlidar_ros2_driver/share/ydlidar_ros2_driver/params/GS5.yaml\n'}
[9.968890] (interfaces_pkg) StdoutLine: {'line': b'-- Symlinking: /home/jsmoon/yax_jeju/install/interfaces_pkg/include/interfaces_pkg/interfaces_pkg/msg/detail/detection_array__builder.hpp\n'}
[9.976864] (interfaces_pkg) StdoutLine: {'line': b'-- Symlinking: /home/jsmoon/yax_jeju/install/interfaces_pkg/include/interfaces_pkg/interfaces_pkg/msg/detail/detection_array__struct.hpp\n'}
[9.977119] (ydlidar_ros2_driver) StdoutLine: {'line': b'-- Symlinking: /home/jsmoon/yax_jeju/install/ydlidar_ros2_driver/share/ydlidar_ros2_driver/params/TEA.yaml\n'}
[9.984822] (ydlidar_ros2_driver) StdoutLine: {'line': b'-- Symlinking: /home/jsmoon/yax_jeju/install/ydlidar_ros2_driver/share/ydlidar_ros2_driver/params/TG.yaml\n'}
[9.985081] (interfaces_pkg) StdoutLine: {'line': b'-- Symlinking: /home/jsmoon/yax_jeju/install/interfaces_pkg/include/interfaces_pkg/interfaces_pkg/msg/detail/detection_array__traits.hpp\n'}
[9.992951] (ydlidar_ros2_driver) StdoutLine: {'line': b'-- Symlinking: /home/jsmoon/yax_jeju/install/ydlidar_ros2_driver/share/ydlidar_ros2_driver/params/Tmini-Plus-SH.yaml\n'}
[9.993135] (interfaces_pkg) StdoutLine: {'line': b'-- Symlinking: /home/jsmoon/yax_jeju/install/interfaces_pkg/include/interfaces_pkg/interfaces_pkg/msg/detail/detection_array__type_support.hpp\n'}
[10.000850] (ydlidar_ros2_driver) StdoutLine: {'line': b'-- Symlinking: /home/jsmoon/yax_jeju/install/ydlidar_ros2_driver/share/ydlidar_ros2_driver/params/Tmini.yaml\n'}
[10.001096] (interfaces_pkg) StdoutLine: {'line': b'-- Symlinking: /home/jsmoon/yax_jeju/install/interfaces_pkg/include/interfaces_pkg/interfaces_pkg/msg/detail/key_point2_d__builder.hpp\n'}
[10.007907] (interfaces_pkg) StdoutLine: {'line': b'-- Symlinking: /home/jsmoon/yax_jeju/install/interfaces_pkg/include/interfaces_pkg/interfaces_pkg/msg/detail/key_point2_d__struct.hpp\n'}
[10.008142] (ydlidar_ros2_driver) StdoutLine: {'line': b'-- Symlinking: /home/jsmoon/yax_jeju/install/ydlidar_ros2_driver/share/ydlidar_ros2_driver/params/X2.yaml\n'}
[10.015861] (ydlidar_ros2_driver) StdoutLine: {'line': b'-- Symlinking: /home/jsmoon/yax_jeju/install/ydlidar_ros2_driver/share/ydlidar_ros2_driver/params/X3.yaml\n'}
[10.016055] (interfaces_pkg) StdoutLine: {'line': b'-- Symlinking: /home/jsmoon/yax_jeju/install/interfaces_pkg/include/interfaces_pkg/interfaces_pkg/msg/detail/key_point2_d__traits.hpp\n'}
[10.024032] (ydlidar_ros2_driver) StdoutLine: {'line': b'-- Symlinking: /home/jsmoon/yax_jeju/install/ydlidar_ros2_driver/share/ydlidar_ros2_driver/params/X4-Pro.yaml\n'}
[10.024164] (-) TimerEvent: {}
[10.024329] (interfaces_pkg) StdoutLine: {'line': b'-- Symlinking: /home/jsmoon/yax_jeju/install/interfaces_pkg/include/interfaces_pkg/interfaces_pkg/msg/detail/key_point2_d__type_support.hpp\n'}
[10.031628] (interfaces_pkg) StdoutLine: {'line': b'-- Symlinking: /home/jsmoon/yax_jeju/install/interfaces_pkg/include/interfaces_pkg/interfaces_pkg/msg/detail/key_point2_d_array__builder.hpp\n'}
[10.032416] (ydlidar_ros2_driver) StdoutLine: {'line': b'-- Symlinking: /home/jsmoon/yax_jeju/install/ydlidar_ros2_driver/share/ydlidar_ros2_driver/params/X4.yaml\n'}
[10.040275] (ydlidar_ros2_driver) StdoutLine: {'line': b'-- Symlinking: /home/jsmoon/yax_jeju/install/ydlidar_ros2_driver/share/ydlidar_ros2_driver/params/sdm15.yaml\n'}
[10.040526] (interfaces_pkg) StdoutLine: {'line': b'-- Symlinking: /home/jsmoon/yax_jeju/install/interfaces_pkg/include/interfaces_pkg/interfaces_pkg/msg/detail/key_point2_d_array__struct.hpp\n'}
[10.048574] (ydlidar_ros2_driver) StdoutLine: {'line': b'-- Symlinking: /home/jsmoon/yax_jeju/install/ydlidar_ros2_driver/share/ydlidar_ros2_driver/params/ydlidar.yaml\n'}
[10.048932] (interfaces_pkg) StdoutLine: {'line': b'-- Symlinking: /home/jsmoon/yax_jeju/install/interfaces_pkg/include/interfaces_pkg/interfaces_pkg/msg/detail/key_point2_d_array__traits.hpp\n'}
[10.059455] (interfaces_pkg) StdoutLine: {'line': b'-- Symlinking: /home/jsmoon/yax_jeju/install/interfaces_pkg/include/interfaces_pkg/interfaces_pkg/msg/detail/key_point2_d_array__type_support.hpp\n'}
[10.060176] (ydlidar_ros2_driver) StdoutLine: {'line': b'-- Symlinking: /home/jsmoon/yax_jeju/install/ydlidar_ros2_driver/share/ydlidar_ros2_driver/startup/initenv.sh\n'}
[10.067453] (interfaces_pkg) StdoutLine: {'line': b'-- Symlinking: /home/jsmoon/yax_jeju/install/interfaces_pkg/include/interfaces_pkg/interfaces_pkg/msg/detail/key_point3_d__builder.hpp\n'}
[10.067893] (ydlidar_ros2_driver) StdoutLine: {'line': b'-- Symlinking: /home/jsmoon/yax_jeju/install/ydlidar_ros2_driver/share/ydlidar_ros2_driver/config/ydlidar.rviz\n'}
[10.075776] (interfaces_pkg) StdoutLine: {'line': b'-- Symlinking: /home/jsmoon/yax_jeju/install/interfaces_pkg/include/interfaces_pkg/interfaces_pkg/msg/detail/key_point3_d__struct.hpp\n'}
[10.076001] (ydlidar_ros2_driver) StdoutLine: {'line': b'-- Symlinking: /home/jsmoon/yax_jeju/install/ydlidar_ros2_driver/share/ament_index/resource_index/package_run_dependencies/ydlidar_ros2_driver\n'}
[10.084039] (interfaces_pkg) StdoutLine: {'line': b'-- Symlinking: /home/jsmoon/yax_jeju/install/interfaces_pkg/include/interfaces_pkg/interfaces_pkg/msg/detail/key_point3_d__traits.hpp\n'}
[10.084244] (ydlidar_ros2_driver) StdoutLine: {'line': b'-- Symlinking: /home/jsmoon/yax_jeju/install/ydlidar_ros2_driver/share/ament_index/resource_index/parent_prefix_path/ydlidar_ros2_driver\n'}
[10.091188] (interfaces_pkg) StdoutLine: {'line': b'-- Symlinking: /home/jsmoon/yax_jeju/install/interfaces_pkg/include/interfaces_pkg/interfaces_pkg/msg/detail/key_point3_d__type_support.hpp\n'}
[10.091501] (ydlidar_ros2_driver) StdoutLine: {'line': b'-- Symlinking: /home/jsmoon/yax_jeju/install/ydlidar_ros2_driver/share/ydlidar_ros2_driver/environment/ament_prefix_path.sh\n'}
[10.098625] (interfaces_pkg) StdoutLine: {'line': b'-- Symlinking: /home/jsmoon/yax_jeju/install/interfaces_pkg/include/interfaces_pkg/interfaces_pkg/msg/detail/key_point3_d_array__builder.hpp\n'}
[10.098851] (ydlidar_ros2_driver) StdoutLine: {'line': b'-- Symlinking: /home/jsmoon/yax_jeju/install/ydlidar_ros2_driver/share/ydlidar_ros2_driver/environment/ament_prefix_path.dsv\n'}
[10.105706] (ydlidar_ros2_driver) StdoutLine: {'line': b'-- Symlinking: /home/jsmoon/yax_jeju/install/ydlidar_ros2_driver/share/ydlidar_ros2_driver/environment/path.sh\n'}
[10.106520] (interfaces_pkg) StdoutLine: {'line': b'-- Symlinking: /home/jsmoon/yax_jeju/install/interfaces_pkg/include/interfaces_pkg/interfaces_pkg/msg/detail/key_point3_d_array__struct.hpp\n'}
[10.112962] (ydlidar_ros2_driver) StdoutLine: {'line': b'-- Symlinking: /home/jsmoon/yax_jeju/install/ydlidar_ros2_driver/share/ydlidar_ros2_driver/environment/path.dsv\n'}
[10.113972] (interfaces_pkg) StdoutLine: {'line': b'-- Symlinking: /home/jsmoon/yax_jeju/install/interfaces_pkg/include/interfaces_pkg/interfaces_pkg/msg/detail/key_point3_d_array__traits.hpp\n'}
[10.123028] (interfaces_pkg) StdoutLine: {'line': b'-- Symlinking: /home/jsmoon/yax_jeju/install/interfaces_pkg/include/interfaces_pkg/interfaces_pkg/msg/detail/key_point3_d_array__type_support.hpp\n'}
[10.123190] (ydlidar_ros2_driver) StdoutLine: {'line': b'-- Symlinking: /home/jsmoon/yax_jeju/install/ydlidar_ros2_driver/share/ydlidar_ros2_driver/local_setup.bash\n'}
[10.124247] (-) TimerEvent: {}
[10.130674] (ydlidar_ros2_driver) StdoutLine: {'line': b'-- Symlinking: /home/jsmoon/yax_jeju/install/ydlidar_ros2_driver/share/ydlidar_ros2_driver/local_setup.sh\n'}
[10.131156] (interfaces_pkg) StdoutLine: {'line': b'-- Symlinking: /home/jsmoon/yax_jeju/install/interfaces_pkg/include/interfaces_pkg/interfaces_pkg/msg/detail/lane_info__builder.hpp\n'}
[10.139445] (ydlidar_ros2_driver) StdoutLine: {'line': b'-- Symlinking: /home/jsmoon/yax_jeju/install/ydlidar_ros2_driver/share/ydlidar_ros2_driver/local_setup.zsh\n'}
[10.139650] (interfaces_pkg) StdoutLine: {'line': b'-- Symlinking: /home/jsmoon/yax_jeju/install/interfaces_pkg/include/interfaces_pkg/interfaces_pkg/msg/detail/lane_info__struct.hpp\n'}
[10.147319] (interfaces_pkg) StdoutLine: {'line': b'-- Symlinking: /home/jsmoon/yax_jeju/install/interfaces_pkg/include/interfaces_pkg/interfaces_pkg/msg/detail/lane_info__traits.hpp\n'}
[10.147448] (ydlidar_ros2_driver) StdoutLine: {'line': b'-- Symlinking: /home/jsmoon/yax_jeju/install/ydlidar_ros2_driver/share/ydlidar_ros2_driver/local_setup.dsv\n'}
[10.154981] (interfaces_pkg) StdoutLine: {'line': b'-- Symlinking: /home/jsmoon/yax_jeju/install/interfaces_pkg/include/interfaces_pkg/interfaces_pkg/msg/detail/lane_info__type_support.hpp\n'}
[10.155773] (ydlidar_ros2_driver) StdoutLine: {'line': b'-- Symlinking: /home/jsmoon/yax_jeju/install/ydlidar_ros2_driver/share/ydlidar_ros2_driver/package.dsv\n'}
[10.162671] (ydlidar_ros2_driver) StdoutLine: {'line': b'-- Symlinking: /home/jsmoon/yax_jeju/install/ydlidar_ros2_driver/share/ament_index/resource_index/packages/ydlidar_ros2_driver\n'}
[10.162994] (interfaces_pkg) StdoutLine: {'line': b'-- Symlinking: /home/jsmoon/yax_jeju/install/interfaces_pkg/include/interfaces_pkg/interfaces_pkg/msg/detail/mask__builder.hpp\n'}
[10.170076] (ydlidar_ros2_driver) StdoutLine: {'line': b'-- Symlinking: /home/jsmoon/yax_jeju/install/ydlidar_ros2_driver/share/ydlidar_ros2_driver/cmake/ydlidar_ros2_driverConfig.cmake\n'}
[10.172071] (interfaces_pkg) StdoutLine: {'line': b'-- Symlinking: /home/jsmoon/yax_jeju/install/interfaces_pkg/include/interfaces_pkg/interfaces_pkg/msg/detail/mask__struct.hpp\n'}
[10.178247] (ydlidar_ros2_driver) StdoutLine: {'line': b'-- Symlinking: /home/jsmoon/yax_jeju/install/ydlidar_ros2_driver/share/ydlidar_ros2_driver/cmake/ydlidar_ros2_driverConfig-version.cmake\n'}
[10.179468] (interfaces_pkg) StdoutLine: {'line': b'-- Symlinking: /home/jsmoon/yax_jeju/install/interfaces_pkg/include/interfaces_pkg/interfaces_pkg/msg/detail/mask__traits.hpp\n'}
[10.186364] (interfaces_pkg) StdoutLine: {'line': b'-- Symlinking: /home/jsmoon/yax_jeju/install/interfaces_pkg/include/interfaces_pkg/interfaces_pkg/msg/detail/mask__type_support.hpp\n'}
[10.186559] (ydlidar_ros2_driver) StdoutLine: {'line': b'-- Symlinking: /home/jsmoon/yax_jeju/install/ydlidar_ros2_driver/share/ydlidar_ros2_driver/package.xml\n'}
[10.193982] (interfaces_pkg) StdoutLine: {'line': b'-- Symlinking: /home/jsmoon/yax_jeju/install/interfaces_pkg/include/interfaces_pkg/interfaces_pkg/msg/detail/motion_command__builder.hpp\n'}
[10.195925] (ydlidar_ros2_driver) CommandEnded: {'returncode': 0}
[10.201479] (interfaces_pkg) StdoutLine: {'line': b'-- Symlinking: /home/jsmoon/yax_jeju/install/interfaces_pkg/include/interfaces_pkg/interfaces_pkg/msg/detail/motion_command__struct.hpp\n'}
[10.204423] (ydlidar_ros2_driver) JobEnded: {'identifier': 'ydlidar_ros2_driver', 'rc': 0}
[10.210136] (interfaces_pkg) StdoutLine: {'line': b'-- Symlinking: /home/jsmoon/yax_jeju/install/interfaces_pkg/include/interfaces_pkg/interfaces_pkg/msg/detail/motion_command__traits.hpp\n'}
[10.219503] (interfaces_pkg) StdoutLine: {'line': b'-- Symlinking: /home/jsmoon/yax_jeju/install/interfaces_pkg/include/interfaces_pkg/interfaces_pkg/msg/detail/motion_command__type_support.hpp\n'}
[10.224334] (-) TimerEvent: {}
[10.228286] (interfaces_pkg) StdoutLine: {'line': b'-- Symlinking: /home/jsmoon/yax_jeju/install/interfaces_pkg/include/interfaces_pkg/interfaces_pkg/msg/detail/path_planning_result__builder.hpp\n'}
[10.237137] (interfaces_pkg) StdoutLine: {'line': b'-- Symlinking: /home/jsmoon/yax_jeju/install/interfaces_pkg/include/interfaces_pkg/interfaces_pkg/msg/detail/path_planning_result__struct.hpp\n'}
[10.245825] (interfaces_pkg) StdoutLine: {'line': b'-- Symlinking: /home/jsmoon/yax_jeju/install/interfaces_pkg/include/interfaces_pkg/interfaces_pkg/msg/detail/path_planning_result__traits.hpp\n'}
[10.253506] (interfaces_pkg) StdoutLine: {'line': b'-- Symlinking: /home/jsmoon/yax_jeju/install/interfaces_pkg/include/interfaces_pkg/interfaces_pkg/msg/detail/path_planning_result__type_support.hpp\n'}
[10.261067] (interfaces_pkg) StdoutLine: {'line': b'-- Symlinking: /home/jsmoon/yax_jeju/install/interfaces_pkg/include/interfaces_pkg/interfaces_pkg/msg/detail/point2_d__builder.hpp\n'}
[10.269265] (interfaces_pkg) StdoutLine: {'line': b'-- Symlinking: /home/jsmoon/yax_jeju/install/interfaces_pkg/include/interfaces_pkg/interfaces_pkg/msg/detail/point2_d__struct.hpp\n'}
[10.277323] (interfaces_pkg) StdoutLine: {'line': b'-- Symlinking: /home/jsmoon/yax_jeju/install/interfaces_pkg/include/interfaces_pkg/interfaces_pkg/msg/detail/point2_d__traits.hpp\n'}
[10.287347] (interfaces_pkg) StdoutLine: {'line': b'-- Symlinking: /home/jsmoon/yax_jeju/install/interfaces_pkg/include/interfaces_pkg/interfaces_pkg/msg/detail/point2_d__type_support.hpp\n'}
[10.296234] (interfaces_pkg) StdoutLine: {'line': b'-- Symlinking: /home/jsmoon/yax_jeju/install/interfaces_pkg/include/interfaces_pkg/interfaces_pkg/msg/detail/pose2_d__builder.hpp\n'}
[10.305333] (interfaces_pkg) StdoutLine: {'line': b'-- Symlinking: /home/jsmoon/yax_jeju/install/interfaces_pkg/include/interfaces_pkg/interfaces_pkg/msg/detail/pose2_d__struct.hpp\n'}
[10.312672] (interfaces_pkg) StdoutLine: {'line': b'-- Symlinking: /home/jsmoon/yax_jeju/install/interfaces_pkg/include/interfaces_pkg/interfaces_pkg/msg/detail/pose2_d__traits.hpp\n'}
[10.319642] (interfaces_pkg) StdoutLine: {'line': b'-- Symlinking: /home/jsmoon/yax_jeju/install/interfaces_pkg/include/interfaces_pkg/interfaces_pkg/msg/detail/pose2_d__type_support.hpp\n'}
[10.324440] (-) TimerEvent: {}
[10.328029] (interfaces_pkg) StdoutLine: {'line': b'-- Symlinking: /home/jsmoon/yax_jeju/install/interfaces_pkg/include/interfaces_pkg/interfaces_pkg/msg/detail/target_point__builder.hpp\n'}
[10.335930] (interfaces_pkg) StdoutLine: {'line': b'-- Symlinking: /home/jsmoon/yax_jeju/install/interfaces_pkg/include/interfaces_pkg/interfaces_pkg/msg/detail/target_point__struct.hpp\n'}
[10.343457] (interfaces_pkg) StdoutLine: {'line': b'-- Symlinking: /home/jsmoon/yax_jeju/install/interfaces_pkg/include/interfaces_pkg/interfaces_pkg/msg/detail/target_point__traits.hpp\n'}
[10.350912] (interfaces_pkg) StdoutLine: {'line': b'-- Symlinking: /home/jsmoon/yax_jeju/install/interfaces_pkg/include/interfaces_pkg/interfaces_pkg/msg/detail/target_point__type_support.hpp\n'}
[10.360406] (interfaces_pkg) StdoutLine: {'line': b'-- Symlinking: /home/jsmoon/yax_jeju/install/interfaces_pkg/include/interfaces_pkg/interfaces_pkg/msg/detail/vector2__builder.hpp\n'}
[10.368760] (interfaces_pkg) StdoutLine: {'line': b'-- Symlinking: /home/jsmoon/yax_jeju/install/interfaces_pkg/include/interfaces_pkg/interfaces_pkg/msg/detail/vector2__struct.hpp\n'}
[10.377927] (interfaces_pkg) StdoutLine: {'line': b'-- Symlinking: /home/jsmoon/yax_jeju/install/interfaces_pkg/include/interfaces_pkg/interfaces_pkg/msg/detail/vector2__traits.hpp\n'}
[10.386081] (interfaces_pkg) StdoutLine: {'line': b'-- Symlinking: /home/jsmoon/yax_jeju/install/interfaces_pkg/include/interfaces_pkg/interfaces_pkg/msg/detail/vector2__type_support.hpp\n'}
[10.394629] (interfaces_pkg) StdoutLine: {'line': b'-- Symlinking: /home/jsmoon/yax_jeju/install/interfaces_pkg/include/interfaces_pkg/interfaces_pkg/msg/detection.hpp\n'}
[10.402511] (interfaces_pkg) StdoutLine: {'line': b'-- Symlinking: /home/jsmoon/yax_jeju/install/interfaces_pkg/include/interfaces_pkg/interfaces_pkg/msg/detection_array.hpp\n'}
[10.409854] (interfaces_pkg) StdoutLine: {'line': b'-- Symlinking: /home/jsmoon/yax_jeju/install/interfaces_pkg/include/interfaces_pkg/interfaces_pkg/msg/key_point2_d.hpp\n'}
[10.417562] (interfaces_pkg) StdoutLine: {'line': b'-- Symlinking: /home/jsmoon/yax_jeju/install/interfaces_pkg/include/interfaces_pkg/interfaces_pkg/msg/key_point2_d_array.hpp\n'}
[10.424527] (-) TimerEvent: {}
[10.424945] (interfaces_pkg) StdoutLine: {'line': b'-- Symlinking: /home/jsmoon/yax_jeju/install/interfaces_pkg/include/interfaces_pkg/interfaces_pkg/msg/key_point3_d.hpp\n'}
[10.432117] (interfaces_pkg) StdoutLine: {'line': b'-- Symlinking: /home/jsmoon/yax_jeju/install/interfaces_pkg/include/interfaces_pkg/interfaces_pkg/msg/key_point3_d_array.hpp\n'}
[10.441241] (interfaces_pkg) StdoutLine: {'line': b'-- Symlinking: /home/jsmoon/yax_jeju/install/interfaces_pkg/include/interfaces_pkg/interfaces_pkg/msg/lane_info.hpp\n'}
[10.449054] (interfaces_pkg) StdoutLine: {'line': b'-- Symlinking: /home/jsmoon/yax_jeju/install/interfaces_pkg/include/interfaces_pkg/interfaces_pkg/msg/mask.hpp\n'}
[10.458750] (interfaces_pkg) StdoutLine: {'line': b'-- Symlinking: /home/jsmoon/yax_jeju/install/interfaces_pkg/include/interfaces_pkg/interfaces_pkg/msg/motion_command.hpp\n'}
[10.465945] (interfaces_pkg) StdoutLine: {'line': b'-- Symlinking: /home/jsmoon/yax_jeju/install/interfaces_pkg/include/interfaces_pkg/interfaces_pkg/msg/path_planning_result.hpp\n'}
[10.472975] (interfaces_pkg) StdoutLine: {'line': b'-- Symlinking: /home/jsmoon/yax_jeju/install/interfaces_pkg/include/interfaces_pkg/interfaces_pkg/msg/point2_d.hpp\n'}
[10.479951] (interfaces_pkg) StdoutLine: {'line': b'-- Symlinking: /home/jsmoon/yax_jeju/install/interfaces_pkg/include/interfaces_pkg/interfaces_pkg/msg/pose2_d.hpp\n'}
[10.487166] (interfaces_pkg) StdoutLine: {'line': b'-- Symlinking: /home/jsmoon/yax_jeju/install/interfaces_pkg/include/interfaces_pkg/interfaces_pkg/msg/rosidl_generator_cpp__visibility_control.hpp\n'}
[10.494341] (interfaces_pkg) StdoutLine: {'line': b'-- Symlinking: /home/jsmoon/yax_jeju/install/interfaces_pkg/include/interfaces_pkg/interfaces_pkg/msg/target_point.hpp\n'}
[10.502859] (interfaces_pkg) StdoutLine: {'line': b'-- Symlinking: /home/jsmoon/yax_jeju/install/interfaces_pkg/include/interfaces_pkg/interfaces_pkg/msg/vector2.hpp\n'}
[10.511927] (interfaces_pkg) StdoutLine: {'line': b'-- Symlinking: /home/jsmoon/yax_jeju/install/interfaces_pkg/include/interfaces_pkg/interfaces_pkg/msg/detail/bounding_box2_d__rosidl_typesupport_fastrtps_cpp.hpp\n'}
[10.522160] (interfaces_pkg) StdoutLine: {'line': b'-- Symlinking: /home/jsmoon/yax_jeju/install/interfaces_pkg/include/interfaces_pkg/interfaces_pkg/msg/detail/bounding_box3_d__rosidl_typesupport_fastrtps_cpp.hpp\n'}
[10.524800] (-) TimerEvent: {}
[10.533909] (interfaces_pkg) StdoutLine: {'line': b'-- Symlinking: /home/jsmoon/yax_jeju/install/interfaces_pkg/include/interfaces_pkg/interfaces_pkg/msg/detail/detection__rosidl_typesupport_fastrtps_cpp.hpp\n'}
[10.541998] (interfaces_pkg) StdoutLine: {'line': b'-- Symlinking: /home/jsmoon/yax_jeju/install/interfaces_pkg/include/interfaces_pkg/interfaces_pkg/msg/detail/detection_array__rosidl_typesupport_fastrtps_cpp.hpp\n'}
[10.550578] (interfaces_pkg) StdoutLine: {'line': b'-- Symlinking: /home/jsmoon/yax_jeju/install/interfaces_pkg/include/interfaces_pkg/interfaces_pkg/msg/detail/key_point2_d__rosidl_typesupport_fastrtps_cpp.hpp\n'}
[10.558711] (interfaces_pkg) StdoutLine: {'line': b'-- Symlinking: /home/jsmoon/yax_jeju/install/interfaces_pkg/include/interfaces_pkg/interfaces_pkg/msg/detail/key_point2_d_array__rosidl_typesupport_fastrtps_cpp.hpp\n'}
[10.566946] (interfaces_pkg) StdoutLine: {'line': b'-- Symlinking: /home/jsmoon/yax_jeju/install/interfaces_pkg/include/interfaces_pkg/interfaces_pkg/msg/detail/key_point3_d__rosidl_typesupport_fastrtps_cpp.hpp\n'}
[10.575645] (interfaces_pkg) StdoutLine: {'line': b'-- Symlinking: /home/jsmoon/yax_jeju/install/interfaces_pkg/include/interfaces_pkg/interfaces_pkg/msg/detail/key_point3_d_array__rosidl_typesupport_fastrtps_cpp.hpp\n'}
[10.583871] (interfaces_pkg) StdoutLine: {'line': b'-- Symlinking: /home/jsmoon/yax_jeju/install/interfaces_pkg/include/interfaces_pkg/interfaces_pkg/msg/detail/lane_info__rosidl_typesupport_fastrtps_cpp.hpp\n'}
[10.591678] (interfaces_pkg) StdoutLine: {'line': b'-- Symlinking: /home/jsmoon/yax_jeju/install/interfaces_pkg/include/interfaces_pkg/interfaces_pkg/msg/detail/mask__rosidl_typesupport_fastrtps_cpp.hpp\n'}
[10.599605] (interfaces_pkg) StdoutLine: {'line': b'-- Symlinking: /home/jsmoon/yax_jeju/install/interfaces_pkg/include/interfaces_pkg/interfaces_pkg/msg/detail/motion_command__rosidl_typesupport_fastrtps_cpp.hpp\n'}
[10.607885] (interfaces_pkg) StdoutLine: {'line': b'-- Symlinking: /home/jsmoon/yax_jeju/install/interfaces_pkg/include/interfaces_pkg/interfaces_pkg/msg/detail/path_planning_result__rosidl_typesupport_fastrtps_cpp.hpp\n'}
[10.616273] (interfaces_pkg) StdoutLine: {'line': b'-- Symlinking: /home/jsmoon/yax_jeju/install/interfaces_pkg/include/interfaces_pkg/interfaces_pkg/msg/detail/point2_d__rosidl_typesupport_fastrtps_cpp.hpp\n'}
[10.624878] (-) TimerEvent: {}
[10.625247] (interfaces_pkg) StdoutLine: {'line': b'-- Symlinking: /home/jsmoon/yax_jeju/install/interfaces_pkg/include/interfaces_pkg/interfaces_pkg/msg/detail/pose2_d__rosidl_typesupport_fastrtps_cpp.hpp\n'}
[10.634188] (interfaces_pkg) StdoutLine: {'line': b'-- Symlinking: /home/jsmoon/yax_jeju/install/interfaces_pkg/include/interfaces_pkg/interfaces_pkg/msg/detail/target_point__rosidl_typesupport_fastrtps_cpp.hpp\n'}
[10.642941] (interfaces_pkg) StdoutLine: {'line': b'-- Symlinking: /home/jsmoon/yax_jeju/install/interfaces_pkg/include/interfaces_pkg/interfaces_pkg/msg/detail/vector2__rosidl_typesupport_fastrtps_cpp.hpp\n'}
[10.651881] (interfaces_pkg) StdoutLine: {'line': b'-- Symlinking: /home/jsmoon/yax_jeju/install/interfaces_pkg/include/interfaces_pkg/interfaces_pkg/msg/rosidl_typesupport_fastrtps_cpp__visibility_control.h\n'}
[10.659955] (interfaces_pkg) StdoutLine: {'line': b'-- Symlinking: /home/jsmoon/yax_jeju/install/interfaces_pkg/include/interfaces_pkg/interfaces_pkg/msg/detail/bounding_box2_d__rosidl_typesupport_introspection_cpp.hpp\n'}
[10.669025] (interfaces_pkg) StdoutLine: {'line': b'-- Symlinking: /home/jsmoon/yax_jeju/install/interfaces_pkg/include/interfaces_pkg/interfaces_pkg/msg/detail/bounding_box3_d__rosidl_typesupport_introspection_cpp.hpp\n'}
[10.678208] (interfaces_pkg) StdoutLine: {'line': b'-- Symlinking: /home/jsmoon/yax_jeju/install/interfaces_pkg/include/interfaces_pkg/interfaces_pkg/msg/detail/detection__rosidl_typesupport_introspection_cpp.hpp\n'}
[10.687244] (interfaces_pkg) StdoutLine: {'line': b'-- Symlinking: /home/jsmoon/yax_jeju/install/interfaces_pkg/include/interfaces_pkg/interfaces_pkg/msg/detail/detection_array__rosidl_typesupport_introspection_cpp.hpp\n'}
[10.696417] (interfaces_pkg) StdoutLine: {'line': b'-- Symlinking: /home/jsmoon/yax_jeju/install/interfaces_pkg/include/interfaces_pkg/interfaces_pkg/msg/detail/key_point2_d__rosidl_typesupport_introspection_cpp.hpp\n'}
[10.706605] (interfaces_pkg) StdoutLine: {'line': b'-- Symlinking: /home/jsmoon/yax_jeju/install/interfaces_pkg/include/interfaces_pkg/interfaces_pkg/msg/detail/key_point2_d_array__rosidl_typesupport_introspection_cpp.hpp\n'}
[10.715259] (interfaces_pkg) StdoutLine: {'line': b'-- Symlinking: /home/jsmoon/yax_jeju/install/interfaces_pkg/include/interfaces_pkg/interfaces_pkg/msg/detail/key_point3_d__rosidl_typesupport_introspection_cpp.hpp\n'}
[10.723845] (interfaces_pkg) StdoutLine: {'line': b'-- Symlinking: /home/jsmoon/yax_jeju/install/interfaces_pkg/include/interfaces_pkg/interfaces_pkg/msg/detail/key_point3_d_array__rosidl_typesupport_introspection_cpp.hpp\n'}
[10.724981] (-) TimerEvent: {}
[10.731668] (interfaces_pkg) StdoutLine: {'line': b'-- Symlinking: /home/jsmoon/yax_jeju/install/interfaces_pkg/include/interfaces_pkg/interfaces_pkg/msg/detail/lane_info__rosidl_typesupport_introspection_cpp.hpp\n'}
[10.739371] (interfaces_pkg) StdoutLine: {'line': b'-- Symlinking: /home/jsmoon/yax_jeju/install/interfaces_pkg/include/interfaces_pkg/interfaces_pkg/msg/detail/mask__rosidl_typesupport_introspection_cpp.hpp\n'}
[10.746943] (interfaces_pkg) StdoutLine: {'line': b'-- Symlinking: /home/jsmoon/yax_jeju/install/interfaces_pkg/include/interfaces_pkg/interfaces_pkg/msg/detail/motion_command__rosidl_typesupport_introspection_cpp.hpp\n'}
[10.754656] (interfaces_pkg) StdoutLine: {'line': b'-- Symlinking: /home/jsmoon/yax_jeju/install/interfaces_pkg/include/interfaces_pkg/interfaces_pkg/msg/detail/path_planning_result__rosidl_typesupport_introspection_cpp.hpp\n'}
[10.762486] (interfaces_pkg) StdoutLine: {'line': b'-- Symlinking: /home/jsmoon/yax_jeju/install/interfaces_pkg/include/interfaces_pkg/interfaces_pkg/msg/detail/point2_d__rosidl_typesupport_introspection_cpp.hpp\n'}
[10.770481] (interfaces_pkg) StdoutLine: {'line': b'-- Symlinking: /home/jsmoon/yax_jeju/install/interfaces_pkg/include/interfaces_pkg/interfaces_pkg/msg/detail/pose2_d__rosidl_typesupport_introspection_cpp.hpp\n'}
[10.780285] (interfaces_pkg) StdoutLine: {'line': b'-- Symlinking: /home/jsmoon/yax_jeju/install/interfaces_pkg/include/interfaces_pkg/interfaces_pkg/msg/detail/target_point__rosidl_typesupport_introspection_cpp.hpp\n'}
[10.788808] (interfaces_pkg) StdoutLine: {'line': b'-- Symlinking: /home/jsmoon/yax_jeju/install/interfaces_pkg/include/interfaces_pkg/interfaces_pkg/msg/detail/vector2__rosidl_typesupport_introspection_cpp.hpp\n'}
[10.798264] (interfaces_pkg) StdoutLine: {'line': b'-- Symlinking: /home/jsmoon/yax_jeju/install/interfaces_pkg/share/interfaces_pkg/environment/pythonpath.sh\n'}
[10.805857] (interfaces_pkg) StdoutLine: {'line': b'-- Symlinking: /home/jsmoon/yax_jeju/install/interfaces_pkg/share/interfaces_pkg/environment/pythonpath.dsv\n'}
[10.814229] (interfaces_pkg) StdoutLine: {'line': b'-- Symlinking: /home/jsmoon/yax_jeju/install/interfaces_pkg/local/lib/python3.10/dist-packages/interfaces_pkg-0.0.0-py3.10.egg-info/PKG-INFO\n'}
[10.821839] (interfaces_pkg) StdoutLine: {'line': b'-- Symlinking: /home/jsmoon/yax_jeju/install/interfaces_pkg/local/lib/python3.10/dist-packages/interfaces_pkg-0.0.0-py3.10.egg-info/SOURCES.txt\n'}
[10.825068] (-) TimerEvent: {}
[10.830156] (interfaces_pkg) StdoutLine: {'line': b'-- Symlinking: /home/jsmoon/yax_jeju/install/interfaces_pkg/local/lib/python3.10/dist-packages/interfaces_pkg-0.0.0-py3.10.egg-info/dependency_links.txt\n'}
[10.838731] (interfaces_pkg) StdoutLine: {'line': b'-- Symlinking: /home/jsmoon/yax_jeju/install/interfaces_pkg/local/lib/python3.10/dist-packages/interfaces_pkg-0.0.0-py3.10.egg-info/top_level.txt\n'}
[10.848137] (interfaces_pkg) StdoutLine: {'line': b'-- Symlinking: /home/jsmoon/yax_jeju/install/interfaces_pkg/local/lib/python3.10/dist-packages/interfaces_pkg/__init__.py\n'}
[10.857585] (interfaces_pkg) StdoutLine: {'line': b'-- Symlinking: /home/jsmoon/yax_jeju/install/interfaces_pkg/local/lib/python3.10/dist-packages/interfaces_pkg/_interfaces_pkg_s.ep.rosidl_typesupport_c.c\n'}
[10.866335] (interfaces_pkg) StdoutLine: {'line': b'-- Symlinking: /home/jsmoon/yax_jeju/install/interfaces_pkg/local/lib/python3.10/dist-packages/interfaces_pkg/_interfaces_pkg_s.ep.rosidl_typesupport_fastrtps_c.c\n'}
[10.874619] (interfaces_pkg) StdoutLine: {'line': b'-- Symlinking: /home/jsmoon/yax_jeju/install/interfaces_pkg/local/lib/python3.10/dist-packages/interfaces_pkg/_interfaces_pkg_s.ep.rosidl_typesupport_introspection_c.c\n'}
[10.882343] (interfaces_pkg) StdoutLine: {'line': b'-- Symlinking: /home/jsmoon/yax_jeju/install/interfaces_pkg/local/lib/python3.10/dist-packages/interfaces_pkg/interfaces_pkg_s__rosidl_typesupport_c.cpython-310-x86_64-linux-gnu.so\n'}
[10.891769] (interfaces_pkg) StdoutLine: {'line': b'-- Symlinking: /home/jsmoon/yax_jeju/install/interfaces_pkg/local/lib/python3.10/dist-packages/interfaces_pkg/interfaces_pkg_s__rosidl_typesupport_fastrtps_c.cpython-310-x86_64-linux-gnu.so\n'}
[10.900252] (interfaces_pkg) StdoutLine: {'line': b'-- Symlinking: /home/jsmoon/yax_jeju/install/interfaces_pkg/local/lib/python3.10/dist-packages/interfaces_pkg/interfaces_pkg_s__rosidl_typesupport_introspection_c.cpython-310-x86_64-linux-gnu.so\n'}
[10.909678] (interfaces_pkg) StdoutLine: {'line': b'-- Symlinking: /home/jsmoon/yax_jeju/install/interfaces_pkg/local/lib/python3.10/dist-packages/interfaces_pkg/libinterfaces_pkg__rosidl_generator_py.so\n'}
[10.918532] (interfaces_pkg) StdoutLine: {'line': b'-- Symlinking: /home/jsmoon/yax_jeju/install/interfaces_pkg/local/lib/python3.10/dist-packages/interfaces_pkg/msg/__init__.py\n'}
[10.925170] (-) TimerEvent: {}
[10.928979] (interfaces_pkg) StdoutLine: {'line': b'-- Symlinking: /home/jsmoon/yax_jeju/install/interfaces_pkg/local/lib/python3.10/dist-packages/interfaces_pkg/msg/_bounding_box2_d.py\n'}
[10.938720] (interfaces_pkg) StdoutLine: {'line': b'-- Symlinking: /home/jsmoon/yax_jeju/install/interfaces_pkg/local/lib/python3.10/dist-packages/interfaces_pkg/msg/_bounding_box2_d_s.c\n'}
[10.947895] (interfaces_pkg) StdoutLine: {'line': b'-- Symlinking: /home/jsmoon/yax_jeju/install/interfaces_pkg/local/lib/python3.10/dist-packages/interfaces_pkg/msg/_bounding_box3_d.py\n'}
[10.956753] (interfaces_pkg) StdoutLine: {'line': b'-- Symlinking: /home/jsmoon/yax_jeju/install/interfaces_pkg/local/lib/python3.10/dist-packages/interfaces_pkg/msg/_bounding_box3_d_s.c\n'}
[10.966020] (interfaces_pkg) StdoutLine: {'line': b'-- Symlinking: /home/jsmoon/yax_jeju/install/interfaces_pkg/local/lib/python3.10/dist-packages/interfaces_pkg/msg/_detection.py\n'}
[10.973601] (interfaces_pkg) StdoutLine: {'line': b'-- Symlinking: /home/jsmoon/yax_jeju/install/interfaces_pkg/local/lib/python3.10/dist-packages/interfaces_pkg/msg/_detection_array.py\n'}
[10.981369] (interfaces_pkg) StdoutLine: {'line': b'-- Symlinking: /home/jsmoon/yax_jeju/install/interfaces_pkg/local/lib/python3.10/dist-packages/interfaces_pkg/msg/_detection_array_s.c\n'}
[10.988974] (interfaces_pkg) StdoutLine: {'line': b'-- Symlinking: /home/jsmoon/yax_jeju/install/interfaces_pkg/local/lib/python3.10/dist-packages/interfaces_pkg/msg/_detection_s.c\n'}
[10.997570] (interfaces_pkg) StdoutLine: {'line': b'-- Symlinking: /home/jsmoon/yax_jeju/install/interfaces_pkg/local/lib/python3.10/dist-packages/interfaces_pkg/msg/_key_point2_d.py\n'}
[11.005048] (interfaces_pkg) StdoutLine: {'line': b'-- Symlinking: /home/jsmoon/yax_jeju/install/interfaces_pkg/local/lib/python3.10/dist-packages/interfaces_pkg/msg/_key_point2_d_array.py\n'}
[11.011806] (interfaces_pkg) StdoutLine: {'line': b'-- Symlinking: /home/jsmoon/yax_jeju/install/interfaces_pkg/local/lib/python3.10/dist-packages/interfaces_pkg/msg/_key_point2_d_array_s.c\n'}
[11.018736] (interfaces_pkg) StdoutLine: {'line': b'-- Symlinking: /home/jsmoon/yax_jeju/install/interfaces_pkg/local/lib/python3.10/dist-packages/interfaces_pkg/msg/_key_point2_d_s.c\n'}
[11.025265] (-) TimerEvent: {}
[11.026748] (interfaces_pkg) StdoutLine: {'line': b'-- Symlinking: /home/jsmoon/yax_jeju/install/interfaces_pkg/local/lib/python3.10/dist-packages/interfaces_pkg/msg/_key_point3_d.py\n'}
[11.034686] (interfaces_pkg) StdoutLine: {'line': b'-- Symlinking: /home/jsmoon/yax_jeju/install/interfaces_pkg/local/lib/python3.10/dist-packages/interfaces_pkg/msg/_key_point3_d_array.py\n'}
[11.043299] (interfaces_pkg) StdoutLine: {'line': b'-- Symlinking: /home/jsmoon/yax_jeju/install/interfaces_pkg/local/lib/python3.10/dist-packages/interfaces_pkg/msg/_key_point3_d_array_s.c\n'}
[11.051371] (interfaces_pkg) StdoutLine: {'line': b'-- Symlinking: /home/jsmoon/yax_jeju/install/interfaces_pkg/local/lib/python3.10/dist-packages/interfaces_pkg/msg/_key_point3_d_s.c\n'}
[11.060654] (interfaces_pkg) StdoutLine: {'line': b'-- Symlinking: /home/jsmoon/yax_jeju/install/interfaces_pkg/local/lib/python3.10/dist-packages/interfaces_pkg/msg/_lane_info.py\n'}
[11.068119] (interfaces_pkg) StdoutLine: {'line': b'-- Symlinking: /home/jsmoon/yax_jeju/install/interfaces_pkg/local/lib/python3.10/dist-packages/interfaces_pkg/msg/_lane_info_s.c\n'}
[11.076294] (interfaces_pkg) StdoutLine: {'line': b'-- Symlinking: /home/jsmoon/yax_jeju/install/interfaces_pkg/local/lib/python3.10/dist-packages/interfaces_pkg/msg/_mask.py\n'}
[11.083750] (interfaces_pkg) StdoutLine: {'line': b'-- Symlinking: /home/jsmoon/yax_jeju/install/interfaces_pkg/local/lib/python3.10/dist-packages/interfaces_pkg/msg/_mask_s.c\n'}
[11.090564] (interfaces_pkg) StdoutLine: {'line': b'-- Symlinking: /home/jsmoon/yax_jeju/install/interfaces_pkg/local/lib/python3.10/dist-packages/interfaces_pkg/msg/_motion_command.py\n'}
[11.097196] (interfaces_pkg) StdoutLine: {'line': b'-- Symlinking: /home/jsmoon/yax_jeju/install/interfaces_pkg/local/lib/python3.10/dist-packages/interfaces_pkg/msg/_motion_command_s.c\n'}
[11.105037] (interfaces_pkg) StdoutLine: {'line': b'-- Symlinking: /home/jsmoon/yax_jeju/install/interfaces_pkg/local/lib/python3.10/dist-packages/interfaces_pkg/msg/_path_planning_result.py\n'}
[11.113072] (interfaces_pkg) StdoutLine: {'line': b'-- Symlinking: /home/jsmoon/yax_jeju/install/interfaces_pkg/local/lib/python3.10/dist-packages/interfaces_pkg/msg/_path_planning_result_s.c\n'}
[11.120581] (interfaces_pkg) StdoutLine: {'line': b'-- Symlinking: /home/jsmoon/yax_jeju/install/interfaces_pkg/local/lib/python3.10/dist-packages/interfaces_pkg/msg/_point2_d.py\n'}
[11.125361] (-) TimerEvent: {}
[11.130300] (interfaces_pkg) StdoutLine: {'line': b'-- Symlinking: /home/jsmoon/yax_jeju/install/interfaces_pkg/local/lib/python3.10/dist-packages/interfaces_pkg/msg/_point2_d_s.c\n'}
[11.138155] (interfaces_pkg) StdoutLine: {'line': b'-- Symlinking: /home/jsmoon/yax_jeju/install/interfaces_pkg/local/lib/python3.10/dist-packages/interfaces_pkg/msg/_pose2_d.py\n'}
[11.145246] (interfaces_pkg) StdoutLine: {'line': b'-- Symlinking: /home/jsmoon/yax_jeju/install/interfaces_pkg/local/lib/python3.10/dist-packages/interfaces_pkg/msg/_pose2_d_s.c\n'}
[11.154037] (interfaces_pkg) StdoutLine: {'line': b'-- Symlinking: /home/jsmoon/yax_jeju/install/interfaces_pkg/local/lib/python3.10/dist-packages/interfaces_pkg/msg/_target_point.py\n'}
[11.162204] (interfaces_pkg) StdoutLine: {'line': b'-- Symlinking: /home/jsmoon/yax_jeju/install/interfaces_pkg/local/lib/python3.10/dist-packages/interfaces_pkg/msg/_target_point_s.c\n'}
[11.170366] (interfaces_pkg) StdoutLine: {'line': b'-- Symlinking: /home/jsmoon/yax_jeju/install/interfaces_pkg/local/lib/python3.10/dist-packages/interfaces_pkg/msg/_vector2.py\n'}
[11.177282] (interfaces_pkg) StdoutLine: {'line': b'-- Symlinking: /home/jsmoon/yax_jeju/install/interfaces_pkg/local/lib/python3.10/dist-packages/interfaces_pkg/msg/_vector2_s.c\n'}
[11.185816] (interfaces_pkg) StdoutLine: {'line': b'-- Up-to-date symlink: /home/jsmoon/yax_jeju/install/interfaces_pkg/local/lib/python3.10/dist-packages/interfaces_pkg/interfaces_pkg_s__rosidl_typesupport_fastrtps_c.cpython-310-x86_64-linux-gnu.so\n'}
[11.186188] (interfaces_pkg) StdoutLine: {'line': b'-- Up-to-date symlink: /home/jsmoon/yax_jeju/install/interfaces_pkg/local/lib/python3.10/dist-packages/interfaces_pkg/interfaces_pkg_s__rosidl_typesupport_introspection_c.cpython-310-x86_64-linux-gnu.so\n'}
[11.186650] (interfaces_pkg) StdoutLine: {'line': b'-- Up-to-date symlink: /home/jsmoon/yax_jeju/install/interfaces_pkg/local/lib/python3.10/dist-packages/interfaces_pkg/interfaces_pkg_s__rosidl_typesupport_c.cpython-310-x86_64-linux-gnu.so\n'}
[11.186731] (interfaces_pkg) StdoutLine: {'line': b'-- Symlinking: /home/jsmoon/yax_jeju/install/interfaces_pkg/share/interfaces_pkg/msg/Point2D.idl\n'}
[11.194283] (interfaces_pkg) StdoutLine: {'line': b'-- Symlinking: /home/jsmoon/yax_jeju/install/interfaces_pkg/share/interfaces_pkg/msg/Vector2.idl\n'}
[11.202972] (interfaces_pkg) StdoutLine: {'line': b'-- Symlinking: /home/jsmoon/yax_jeju/install/interfaces_pkg/share/interfaces_pkg/msg/Pose2D.idl\n'}
[11.211450] (interfaces_pkg) StdoutLine: {'line': b'-- Symlinking: /home/jsmoon/yax_jeju/install/interfaces_pkg/share/interfaces_pkg/msg/BoundingBox2D.idl\n'}
[11.219777] (interfaces_pkg) StdoutLine: {'line': b'-- Symlinking: /home/jsmoon/yax_jeju/install/interfaces_pkg/share/interfaces_pkg/msg/BoundingBox3D.idl\n'}
[11.225469] (-) TimerEvent: {}
[11.227769] (interfaces_pkg) StdoutLine: {'line': b'-- Symlinking: /home/jsmoon/yax_jeju/install/interfaces_pkg/share/interfaces_pkg/msg/Mask.idl\n'}
[11.234688] (interfaces_pkg) StdoutLine: {'line': b'-- Symlinking: /home/jsmoon/yax_jeju/install/interfaces_pkg/share/interfaces_pkg/msg/KeyPoint2D.idl\n'}
[11.243248] (interfaces_pkg) StdoutLine: {'line': b'-- Symlinking: /home/jsmoon/yax_jeju/install/interfaces_pkg/share/interfaces_pkg/msg/KeyPoint2DArray.idl\n'}
[11.251953] (interfaces_pkg) StdoutLine: {'line': b'-- Symlinking: /home/jsmoon/yax_jeju/install/interfaces_pkg/share/interfaces_pkg/msg/KeyPoint3D.idl\n'}
[11.261434] (interfaces_pkg) StdoutLine: {'line': b'-- Symlinking: /home/jsmoon/yax_jeju/install/interfaces_pkg/share/interfaces_pkg/msg/KeyPoint3DArray.idl\n'}
[11.271339] (interfaces_pkg) StdoutLine: {'line': b'-- Symlinking: /home/jsmoon/yax_jeju/install/interfaces_pkg/share/interfaces_pkg/msg/Detection.idl\n'}
[11.279869] (interfaces_pkg) StdoutLine: {'line': b'-- Symlinking: /home/jsmoon/yax_jeju/install/interfaces_pkg/share/interfaces_pkg/msg/DetectionArray.idl\n'}
[11.287415] (interfaces_pkg) StdoutLine: {'line': b'-- Symlinking: /home/jsmoon/yax_jeju/install/interfaces_pkg/share/interfaces_pkg/msg/LaneInfo.idl\n'}
[11.296408] (interfaces_pkg) StdoutLine: {'line': b'-- Symlinking: /home/jsmoon/yax_jeju/install/interfaces_pkg/share/interfaces_pkg/msg/MotionCommand.idl\n'}
[11.304662] (interfaces_pkg) StdoutLine: {'line': b'-- Symlinking: /home/jsmoon/yax_jeju/install/interfaces_pkg/share/interfaces_pkg/msg/TargetPoint.idl\n'}
[11.313732] (interfaces_pkg) StdoutLine: {'line': b'-- Symlinking: /home/jsmoon/yax_jeju/install/interfaces_pkg/share/interfaces_pkg/msg/PathPlanningResult.idl\n'}
[11.323761] (interfaces_pkg) StdoutLine: {'line': b'-- Symlinking: /home/jsmoon/yax_jeju/install/interfaces_pkg/share/interfaces_pkg/msg/Point2D.msg\n'}
[11.325574] (-) TimerEvent: {}
[11.333914] (interfaces_pkg) StdoutLine: {'line': b'-- Symlinking: /home/jsmoon/yax_jeju/install/interfaces_pkg/share/interfaces_pkg/msg/Vector2.msg\n'}
[11.342779] (interfaces_pkg) StdoutLine: {'line': b'-- Symlinking: /home/jsmoon/yax_jeju/install/interfaces_pkg/share/interfaces_pkg/msg/Pose2D.msg\n'}
[11.352300] (interfaces_pkg) StdoutLine: {'line': b'-- Symlinking: /home/jsmoon/yax_jeju/install/interfaces_pkg/share/interfaces_pkg/msg/BoundingBox2D.msg\n'}
[11.360428] (interfaces_pkg) StdoutLine: {'line': b'-- Symlinking: /home/jsmoon/yax_jeju/install/interfaces_pkg/share/interfaces_pkg/msg/BoundingBox3D.msg\n'}
[11.368622] (interfaces_pkg) StdoutLine: {'line': b'-- Symlinking: /home/jsmoon/yax_jeju/install/interfaces_pkg/share/interfaces_pkg/msg/Mask.msg\n'}
[11.377226] (interfaces_pkg) StdoutLine: {'line': b'-- Symlinking: /home/jsmoon/yax_jeju/install/interfaces_pkg/share/interfaces_pkg/msg/KeyPoint2D.msg\n'}
[11.385851] (interfaces_pkg) StdoutLine: {'line': b'-- Symlinking: /home/jsmoon/yax_jeju/install/interfaces_pkg/share/interfaces_pkg/msg/KeyPoint2DArray.msg\n'}
[11.393415] (interfaces_pkg) StdoutLine: {'line': b'-- Symlinking: /home/jsmoon/yax_jeju/install/interfaces_pkg/share/interfaces_pkg/msg/KeyPoint3D.msg\n'}
[11.401330] (interfaces_pkg) StdoutLine: {'line': b'-- Symlinking: /home/jsmoon/yax_jeju/install/interfaces_pkg/share/interfaces_pkg/msg/KeyPoint3DArray.msg\n'}
[11.409549] (interfaces_pkg) StdoutLine: {'line': b'-- Symlinking: /home/jsmoon/yax_jeju/install/interfaces_pkg/share/interfaces_pkg/msg/Detection.msg\n'}
[11.418685] (interfaces_pkg) StdoutLine: {'line': b'-- Symlinking: /home/jsmoon/yax_jeju/install/interfaces_pkg/share/interfaces_pkg/msg/DetectionArray.msg\n'}
[11.425697] (-) TimerEvent: {}
[11.427241] (interfaces_pkg) StdoutLine: {'line': b'-- Symlinking: /home/jsmoon/yax_jeju/install/interfaces_pkg/share/interfaces_pkg/msg/LaneInfo.msg\n'}
[11.434464] (interfaces_pkg) StdoutLine: {'line': b'-- Symlinking: /home/jsmoon/yax_jeju/install/interfaces_pkg/share/interfaces_pkg/msg/MotionCommand.msg\n'}
[11.441292] (interfaces_pkg) StdoutLine: {'line': b'-- Symlinking: /home/jsmoon/yax_jeju/install/interfaces_pkg/share/interfaces_pkg/msg/TargetPoint.msg\n'}
[11.448423] (interfaces_pkg) StdoutLine: {'line': b'-- Symlinking: /home/jsmoon/yax_jeju/install/interfaces_pkg/share/interfaces_pkg/msg/PathPlanningResult.msg\n'}
[11.457759] (interfaces_pkg) StdoutLine: {'line': b'-- Symlinking: /home/jsmoon/yax_jeju/install/interfaces_pkg/share/ament_index/resource_index/package_run_dependencies/interfaces_pkg\n'}
[11.465847] (interfaces_pkg) StdoutLine: {'line': b'-- Symlinking: /home/jsmoon/yax_jeju/install/interfaces_pkg/share/ament_index/resource_index/parent_prefix_path/interfaces_pkg\n'}
[11.473528] (interfaces_pkg) StdoutLine: {'line': b'-- Symlinking: /home/jsmoon/yax_jeju/install/interfaces_pkg/share/interfaces_pkg/environment/ament_prefix_path.sh\n'}
[11.480828] (interfaces_pkg) StdoutLine: {'line': b'-- Symlinking: /home/jsmoon/yax_jeju/install/interfaces_pkg/share/interfaces_pkg/environment/ament_prefix_path.dsv\n'}
[11.489501] (interfaces_pkg) StdoutLine: {'line': b'-- Symlinking: /home/jsmoon/yax_jeju/install/interfaces_pkg/share/interfaces_pkg/environment/path.sh\n'}
[11.497158] (interfaces_pkg) StdoutLine: {'line': b'-- Symlinking: /home/jsmoon/yax_jeju/install/interfaces_pkg/share/interfaces_pkg/environment/path.dsv\n'}
[11.504386] (interfaces_pkg) StdoutLine: {'line': b'-- Symlinking: /home/jsmoon/yax_jeju/install/interfaces_pkg/share/interfaces_pkg/local_setup.bash\n'}
[11.512812] (interfaces_pkg) StdoutLine: {'line': b'-- Symlinking: /home/jsmoon/yax_jeju/install/interfaces_pkg/share/interfaces_pkg/local_setup.sh\n'}
[11.520699] (interfaces_pkg) StdoutLine: {'line': b'-- Symlinking: /home/jsmoon/yax_jeju/install/interfaces_pkg/share/interfaces_pkg/local_setup.zsh\n'}
[11.525795] (-) TimerEvent: {}
[11.528786] (interfaces_pkg) StdoutLine: {'line': b'-- Symlinking: /home/jsmoon/yax_jeju/install/interfaces_pkg/share/interfaces_pkg/local_setup.dsv\n'}
[11.539642] (interfaces_pkg) StdoutLine: {'line': b'-- Symlinking: /home/jsmoon/yax_jeju/install/interfaces_pkg/share/interfaces_pkg/package.dsv\n'}
[11.548133] (interfaces_pkg) StdoutLine: {'line': b'-- Symlinking: /home/jsmoon/yax_jeju/install/interfaces_pkg/share/ament_index/resource_index/packages/interfaces_pkg\n'}
[11.557133] (interfaces_pkg) StdoutLine: {'line': b'-- Symlinking: /home/jsmoon/yax_jeju/install/interfaces_pkg/share/interfaces_pkg/cmake/rosidl_cmake-extras.cmake\n'}
[11.565804] (interfaces_pkg) StdoutLine: {'line': b'-- Symlinking: /home/jsmoon/yax_jeju/install/interfaces_pkg/share/interfaces_pkg/cmake/ament_cmake_export_dependencies-extras.cmake\n'}
[11.574277] (interfaces_pkg) StdoutLine: {'line': b'-- Symlinking: /home/jsmoon/yax_jeju/install/interfaces_pkg/share/interfaces_pkg/cmake/ament_cmake_export_include_directories-extras.cmake\n'}
[11.581369] (interfaces_pkg) StdoutLine: {'line': b'-- Symlinking: /home/jsmoon/yax_jeju/install/interfaces_pkg/share/interfaces_pkg/cmake/ament_cmake_export_libraries-extras.cmake\n'}
[11.588923] (interfaces_pkg) StdoutLine: {'line': b'-- Symlinking: /home/jsmoon/yax_jeju/install/interfaces_pkg/share/interfaces_pkg/cmake/ament_cmake_export_targets-extras.cmake\n'}
[11.597515] (interfaces_pkg) StdoutLine: {'line': b'-- Symlinking: /home/jsmoon/yax_jeju/install/interfaces_pkg/share/interfaces_pkg/cmake/rosidl_cmake_export_typesupport_targets-extras.cmake\n'}
[11.605864] (interfaces_pkg) StdoutLine: {'line': b'-- Symlinking: /home/jsmoon/yax_jeju/install/interfaces_pkg/share/interfaces_pkg/cmake/rosidl_cmake_export_typesupport_libraries-extras.cmake\n'}
[11.613740] (interfaces_pkg) StdoutLine: {'line': b'-- Symlinking: /home/jsmoon/yax_jeju/install/interfaces_pkg/share/interfaces_pkg/cmake/interfaces_pkgConfig.cmake\n'}
[11.622928] (interfaces_pkg) StdoutLine: {'line': b'-- Symlinking: /home/jsmoon/yax_jeju/install/interfaces_pkg/share/interfaces_pkg/cmake/interfaces_pkgConfig-version.cmake\n'}
[11.625897] (-) TimerEvent: {}
[11.631063] (interfaces_pkg) StdoutLine: {'line': b'-- Symlinking: /home/jsmoon/yax_jeju/install/interfaces_pkg/share/interfaces_pkg/package.xml\n'}
[11.639542] (interfaces_pkg) StdoutLine: {'line': b'-- Installing: /home/jsmoon/yax_jeju/install/interfaces_pkg/lib/libinterfaces_pkg__rosidl_generator_c.so\n'}
[11.640411] (interfaces_pkg) StdoutLine: {'line': b'-- Set runtime path of "/home/jsmoon/yax_jeju/install/interfaces_pkg/lib/libinterfaces_pkg__rosidl_generator_c.so" to ""\n'}
[11.640557] (interfaces_pkg) StdoutLine: {'line': b'-- Installing: /home/jsmoon/yax_jeju/install/interfaces_pkg/lib/libinterfaces_pkg__rosidl_typesupport_fastrtps_c.so\n'}
[11.640900] (interfaces_pkg) StdoutLine: {'line': b'-- Set runtime path of "/home/jsmoon/yax_jeju/install/interfaces_pkg/lib/libinterfaces_pkg__rosidl_typesupport_fastrtps_c.so" to ""\n'}
[11.640975] (interfaces_pkg) StdoutLine: {'line': b'-- Installing: /home/jsmoon/yax_jeju/install/interfaces_pkg/lib/libinterfaces_pkg__rosidl_typesupport_introspection_c.so\n'}
[11.641243] (interfaces_pkg) StdoutLine: {'line': b'-- Set runtime path of "/home/jsmoon/yax_jeju/install/interfaces_pkg/lib/libinterfaces_pkg__rosidl_typesupport_introspection_c.so" to ""\n'}
[11.641326] (interfaces_pkg) StdoutLine: {'line': b'-- Installing: /home/jsmoon/yax_jeju/install/interfaces_pkg/lib/libinterfaces_pkg__rosidl_typesupport_c.so\n'}
[11.641537] (interfaces_pkg) StdoutLine: {'line': b'-- Set runtime path of "/home/jsmoon/yax_jeju/install/interfaces_pkg/lib/libinterfaces_pkg__rosidl_typesupport_c.so" to ""\n'}
[11.641627] (interfaces_pkg) StdoutLine: {'line': b'-- Installing: /home/jsmoon/yax_jeju/install/interfaces_pkg/lib/libinterfaces_pkg__rosidl_typesupport_fastrtps_cpp.so\n'}
[11.642111] (interfaces_pkg) StdoutLine: {'line': b'-- Set runtime path of "/home/jsmoon/yax_jeju/install/interfaces_pkg/lib/libinterfaces_pkg__rosidl_typesupport_fastrtps_cpp.so" to ""\n'}
[11.642182] (interfaces_pkg) StdoutLine: {'line': b'-- Installing: /home/jsmoon/yax_jeju/install/interfaces_pkg/lib/libinterfaces_pkg__rosidl_typesupport_introspection_cpp.so\n'}
[11.642689] (interfaces_pkg) StdoutLine: {'line': b'-- Set runtime path of "/home/jsmoon/yax_jeju/install/interfaces_pkg/lib/libinterfaces_pkg__rosidl_typesupport_introspection_cpp.so" to ""\n'}
[11.642816] (interfaces_pkg) StdoutLine: {'line': b'-- Installing: /home/jsmoon/yax_jeju/install/interfaces_pkg/lib/libinterfaces_pkg__rosidl_typesupport_cpp.so\n'}
[11.643033] (interfaces_pkg) StdoutLine: {'line': b'-- Set runtime path of "/home/jsmoon/yax_jeju/install/interfaces_pkg/lib/libinterfaces_pkg__rosidl_typesupport_cpp.so" to ""\n'}
[11.726042] (-) TimerEvent: {}
[11.735101] (interfaces_pkg) StdoutLine: {'line': b"Listing '/home/jsmoon/yax_jeju/install/interfaces_pkg/local/lib/python3.10/dist-packages/interfaces_pkg'...\n"}
[11.735342] (interfaces_pkg) StdoutLine: {'line': b"Compiling '/home/jsmoon/yax_jeju/install/interfaces_pkg/local/lib/python3.10/dist-packages/interfaces_pkg/__init__.py'...\n"}
[11.735444] (interfaces_pkg) StdoutLine: {'line': b"Listing '/home/jsmoon/yax_jeju/install/interfaces_pkg/local/lib/python3.10/dist-packages/interfaces_pkg/msg'...\n"}
[11.735516] (interfaces_pkg) StdoutLine: {'line': b"Compiling '/home/jsmoon/yax_jeju/install/interfaces_pkg/local/lib/python3.10/dist-packages/interfaces_pkg/msg/__init__.py'...\n"}
[11.735585] (interfaces_pkg) StdoutLine: {'line': b"Compiling '/home/jsmoon/yax_jeju/install/interfaces_pkg/local/lib/python3.10/dist-packages/interfaces_pkg/msg/_bounding_box2_d.py'...\n"}
[11.735652] (interfaces_pkg) StdoutLine: {'line': b"Compiling '/home/jsmoon/yax_jeju/install/interfaces_pkg/local/lib/python3.10/dist-packages/interfaces_pkg/msg/_bounding_box3_d.py'...\n"}
[11.735712] (interfaces_pkg) StdoutLine: {'line': b"Compiling '/home/jsmoon/yax_jeju/install/interfaces_pkg/local/lib/python3.10/dist-packages/interfaces_pkg/msg/_detection.py'...\n"}
[11.735773] (interfaces_pkg) StdoutLine: {'line': b"Compiling '/home/jsmoon/yax_jeju/install/interfaces_pkg/local/lib/python3.10/dist-packages/interfaces_pkg/msg/_detection_array.py'...\n"}
[11.735831] (interfaces_pkg) StdoutLine: {'line': b"Compiling '/home/jsmoon/yax_jeju/install/interfaces_pkg/local/lib/python3.10/dist-packages/interfaces_pkg/msg/_key_point2_d.py'...\n"}
[11.735888] (interfaces_pkg) StdoutLine: {'line': b"Compiling '/home/jsmoon/yax_jeju/install/interfaces_pkg/local/lib/python3.10/dist-packages/interfaces_pkg/msg/_key_point2_d_array.py'...\n"}
[11.735943] (interfaces_pkg) StdoutLine: {'line': b"Compiling '/home/jsmoon/yax_jeju/install/interfaces_pkg/local/lib/python3.10/dist-packages/interfaces_pkg/msg/_key_point3_d.py'...\n"}
[11.735998] (interfaces_pkg) StdoutLine: {'line': b"Compiling '/home/jsmoon/yax_jeju/install/interfaces_pkg/local/lib/python3.10/dist-packages/interfaces_pkg/msg/_key_point3_d_array.py'...\n"}
[11.736071] (interfaces_pkg) StdoutLine: {'line': b"Compiling '/home/jsmoon/yax_jeju/install/interfaces_pkg/local/lib/python3.10/dist-packages/interfaces_pkg/msg/_lane_info.py'...\n"}
[11.736128] (interfaces_pkg) StdoutLine: {'line': b"Compiling '/home/jsmoon/yax_jeju/install/interfaces_pkg/local/lib/python3.10/dist-packages/interfaces_pkg/msg/_mask.py'...\n"}
[11.736182] (interfaces_pkg) StdoutLine: {'line': b"Compiling '/home/jsmoon/yax_jeju/install/interfaces_pkg/local/lib/python3.10/dist-packages/interfaces_pkg/msg/_motion_command.py'...\n"}
[11.736243] (interfaces_pkg) StdoutLine: {'line': b"Compiling '/home/jsmoon/yax_jeju/install/interfaces_pkg/local/lib/python3.10/dist-packages/interfaces_pkg/msg/_path_planning_result.py'...\n"}
[11.736299] (interfaces_pkg) StdoutLine: {'line': b"Compiling '/home/jsmoon/yax_jeju/install/interfaces_pkg/local/lib/python3.10/dist-packages/interfaces_pkg/msg/_point2_d.py'...\n"}
[11.736353] (interfaces_pkg) StdoutLine: {'line': b"Compiling '/home/jsmoon/yax_jeju/install/interfaces_pkg/local/lib/python3.10/dist-packages/interfaces_pkg/msg/_pose2_d.py'...\n"}
[11.736409] (interfaces_pkg) StdoutLine: {'line': b"Compiling '/home/jsmoon/yax_jeju/install/interfaces_pkg/local/lib/python3.10/dist-packages/interfaces_pkg/msg/_target_point.py'...\n"}
[11.736464] (interfaces_pkg) StdoutLine: {'line': b"Compiling '/home/jsmoon/yax_jeju/install/interfaces_pkg/local/lib/python3.10/dist-packages/interfaces_pkg/msg/_vector2.py'...\n"}
[11.738910] (interfaces_pkg) StdoutLine: {'line': b'-- Installing: /home/jsmoon/yax_jeju/install/interfaces_pkg/lib/libinterfaces_pkg__rosidl_generator_py.so\n'}
[11.739334] (interfaces_pkg) StdoutLine: {'line': b'-- Set runtime path of "/home/jsmoon/yax_jeju/install/interfaces_pkg/lib/libinterfaces_pkg__rosidl_generator_py.so" to ""\n'}
[11.739406] (interfaces_pkg) StdoutLine: {'line': b'-- Installing: /home/jsmoon/yax_jeju/install/interfaces_pkg/share/interfaces_pkg/cmake/export_interfaces_pkg__rosidl_generator_cExport.cmake\n'}
[11.739477] (interfaces_pkg) StdoutLine: {'line': b'-- Installing: /home/jsmoon/yax_jeju/install/interfaces_pkg/share/interfaces_pkg/cmake/export_interfaces_pkg__rosidl_generator_cExport-noconfig.cmake\n'}
[11.739586] (interfaces_pkg) StdoutLine: {'line': b'-- Installing: /home/jsmoon/yax_jeju/install/interfaces_pkg/share/interfaces_pkg/cmake/export_interfaces_pkg__rosidl_typesupport_fastrtps_cExport.cmake\n'}
[11.739690] (interfaces_pkg) StdoutLine: {'line': b'-- Installing: /home/jsmoon/yax_jeju/install/interfaces_pkg/share/interfaces_pkg/cmake/export_interfaces_pkg__rosidl_typesupport_fastrtps_cExport-noconfig.cmake\n'}
[11.739799] (interfaces_pkg) StdoutLine: {'line': b'-- Installing: /home/jsmoon/yax_jeju/install/interfaces_pkg/share/interfaces_pkg/cmake/interfaces_pkg__rosidl_typesupport_introspection_cExport.cmake\n'}
[11.739906] (interfaces_pkg) StdoutLine: {'line': b'-- Installing: /home/jsmoon/yax_jeju/install/interfaces_pkg/share/interfaces_pkg/cmake/interfaces_pkg__rosidl_typesupport_introspection_cExport-noconfig.cmake\n'}
[11.740027] (interfaces_pkg) StdoutLine: {'line': b'-- Installing: /home/jsmoon/yax_jeju/install/interfaces_pkg/share/interfaces_pkg/cmake/interfaces_pkg__rosidl_typesupport_cExport.cmake\n'}
[11.740115] (interfaces_pkg) StdoutLine: {'line': b'-- Installing: /home/jsmoon/yax_jeju/install/interfaces_pkg/share/interfaces_pkg/cmake/interfaces_pkg__rosidl_typesupport_cExport-noconfig.cmake\n'}
[11.740217] (interfaces_pkg) StdoutLine: {'line': b'-- Installing: /home/jsmoon/yax_jeju/install/interfaces_pkg/share/interfaces_pkg/cmake/export_interfaces_pkg__rosidl_generator_cppExport.cmake\n'}
[11.740321] (interfaces_pkg) StdoutLine: {'line': b'-- Installing: /home/jsmoon/yax_jeju/install/interfaces_pkg/share/interfaces_pkg/cmake/export_interfaces_pkg__rosidl_typesupport_fastrtps_cppExport.cmake\n'}
[11.740424] (interfaces_pkg) StdoutLine: {'line': b'-- Installing: /home/jsmoon/yax_jeju/install/interfaces_pkg/share/interfaces_pkg/cmake/export_interfaces_pkg__rosidl_typesupport_fastrtps_cppExport-noconfig.cmake\n'}
[11.740534] (interfaces_pkg) StdoutLine: {'line': b'-- Installing: /home/jsmoon/yax_jeju/install/interfaces_pkg/share/interfaces_pkg/cmake/interfaces_pkg__rosidl_typesupport_introspection_cppExport.cmake\n'}
[11.740633] (interfaces_pkg) StdoutLine: {'line': b'-- Installing: /home/jsmoon/yax_jeju/install/interfaces_pkg/share/interfaces_pkg/cmake/interfaces_pkg__rosidl_typesupport_introspection_cppExport-noconfig.cmake\n'}
[11.740769] (interfaces_pkg) StdoutLine: {'line': b'-- Installing: /home/jsmoon/yax_jeju/install/interfaces_pkg/share/interfaces_pkg/cmake/interfaces_pkg__rosidl_typesupport_cppExport.cmake\n'}
[11.740870] (interfaces_pkg) StdoutLine: {'line': b'-- Installing: /home/jsmoon/yax_jeju/install/interfaces_pkg/share/interfaces_pkg/cmake/interfaces_pkg__rosidl_typesupport_cppExport-noconfig.cmake\n'}
[11.740972] (interfaces_pkg) StdoutLine: {'line': b'-- Installing: /home/jsmoon/yax_jeju/install/interfaces_pkg/share/interfaces_pkg/cmake/export_interfaces_pkg__rosidl_generator_pyExport.cmake\n'}
[11.741080] (interfaces_pkg) StdoutLine: {'line': b'-- Installing: /home/jsmoon/yax_jeju/install/interfaces_pkg/share/interfaces_pkg/cmake/export_interfaces_pkg__rosidl_generator_pyExport-noconfig.cmake\n'}
[11.743741] (interfaces_pkg) CommandEnded: {'returncode': 0}
[11.756011] (interfaces_pkg) JobEnded: {'identifier': 'interfaces_pkg', 'rc': 0}
[11.826136] (-) TimerEvent: {}
[11.926408] (-) TimerEvent: {}
[12.026690] (-) TimerEvent: {}
[12.127080] (-) TimerEvent: {}
[12.227524] (-) TimerEvent: {}
[12.327935] (-) TimerEvent: {}
[12.428260] (-) TimerEvent: {}
[12.528707] (-) TimerEvent: {}
[12.629119] (-) TimerEvent: {}
[12.729540] (-) TimerEvent: {}
[12.829958] (-) TimerEvent: {}
[12.930364] (-) TimerEvent: {}
[13.030775] (-) TimerEvent: {}
[13.131235] (-) TimerEvent: {}
[13.231743] (-) TimerEvent: {}
[13.332253] (-) TimerEvent: {}
[13.432752] (-) TimerEvent: {}
[13.533207] (-) TimerEvent: {}
[13.633650] (-) TimerEvent: {}
[13.734116] (-) TimerEvent: {}
[13.834560] (-) TimerEvent: {}
[13.935022] (-) TimerEvent: {}
[14.035459] (-) TimerEvent: {}
[14.135769] (-) TimerEvent: {}
[14.236090] (-) TimerEvent: {}
[14.336415] (-) TimerEvent: {}
[14.436683] (-) TimerEvent: {}
[14.537023] (-) TimerEvent: {}
[14.637313] (-) TimerEvent: {}
[14.737617] (-) TimerEvent: {}
[14.837932] (-) TimerEvent: {}
[14.938279] (-) TimerEvent: {}
[15.038626] (-) TimerEvent: {}
[15.138959] (-) TimerEvent: {}
[15.239284] (-) TimerEvent: {}
[15.339624] (-) TimerEvent: {}
[15.439956] (-) TimerEvent: {}
[15.540303] (-) TimerEvent: {}
[15.640603] (-) TimerEvent: {}
[15.740914] (-) TimerEvent: {}
[15.841315] (-) TimerEvent: {}
[15.941594] (-) TimerEvent: {}
[16.041873] (-) TimerEvent: {}
[16.142184] (-) TimerEvent: {}
[16.242453] (-) TimerEvent: {}
[16.342720] (-) TimerEvent: {}
[16.443027] (-) TimerEvent: {}
[16.543362] (-) TimerEvent: {}
[16.643816] (-) TimerEvent: {}
[16.744277] (-) TimerEvent: {}
[16.844694] (-) TimerEvent: {}
[16.945158] (-) TimerEvent: {}
[17.045592] (-) TimerEvent: {}
[17.146098] (-) TimerEvent: {}
[17.246537] (-) TimerEvent: {}
[17.346940] (-) TimerEvent: {}
[17.447332] (-) TimerEvent: {}
[17.547794] (-) TimerEvent: {}
[17.648319] (-) TimerEvent: {}
[17.748836] (-) TimerEvent: {}
[17.849360] (-) TimerEvent: {}
[17.949788] (-) TimerEvent: {}
[18.050215] (-) TimerEvent: {}
[18.150667] (-) TimerEvent: {}
[18.251111] (-) TimerEvent: {}
[18.351510] (-) TimerEvent: {}
[18.452021] (-) TimerEvent: {}
[18.553272] (-) TimerEvent: {}
[18.653596] (-) TimerEvent: {}
[18.753929] (-) TimerEvent: {}
[18.855086] (-) TimerEvent: {}
[18.911055] (ublox_msgs) StdoutLine: {'line': b'[  0%] Built target ublox_msgs__cpp\n'}
[18.925199] (ublox_msgs) StdoutLine: {'line': b'[  0%] \x1b[34m\x1b[1mGenerating C++ type support for eProsima Fast-RTPS\x1b[0m\n'}
[18.925395] (ublox_msgs) StdoutLine: {'line': b'[  0%] \x1b[34m\x1b[1mGenerating C++ type support dispatch for ROS interfaces\x1b[0m\n'}
[18.925452] (ublox_msgs) StdoutLine: {'line': b'[  0%] \x1b[34m\x1b[1mGenerating C++ introspection for ROS interfaces\x1b[0m\n'}
[18.955197] (-) TimerEvent: {}
[18.961916] (ublox_msgs) StdoutLine: {'line': b'[  0%] \x1b[32mBuilding C object CMakeFiles/ublox_msgs__rosidl_generator_c.dir/rosidl_generator_c/ublox_msgs/msg/detail/ack__functions.c.o\x1b[0m\n'}
[18.962841] (ublox_msgs) StdoutLine: {'line': b'[  1%] \x1b[32mBuilding C object CMakeFiles/ublox_msgs__rosidl_generator_c.dir/rosidl_generator_c/ublox_msgs/msg/detail/aid_hui__functions.c.o\x1b[0m\n'}
[18.962978] (ublox_msgs) StdoutLine: {'line': b'[  1%] \x1b[32mBuilding C object CMakeFiles/ublox_msgs__rosidl_generator_c.dir/rosidl_generator_c/ublox_msgs/msg/detail/aid_alm__functions.c.o\x1b[0m\n'}
[18.963047] (ublox_msgs) StdoutLine: {'line': b'[  1%] \x1b[32mBuilding C object CMakeFiles/ublox_msgs__rosidl_generator_c.dir/rosidl_generator_c/ublox_msgs/msg/detail/cfg_dat__functions.c.o\x1b[0m\n'}
[18.963099] (ublox_msgs) StdoutLine: {'line': b'[  1%] \x1b[32mBuilding C object CMakeFiles/ublox_msgs__rosidl_generator_c.dir/rosidl_generator_c/ublox_msgs/msg/detail/cfg_dgnss__functions.c.o\x1b[0m\n'}
[18.963152] (ublox_msgs) StdoutLine: {'line': b'[  1%] \x1b[32mBuilding C object CMakeFiles/ublox_msgs__rosidl_generator_c.dir/rosidl_generator_c/ublox_msgs/msg/detail/cfg_cfg__functions.c.o\x1b[0m\n'}
[18.963195] (ublox_msgs) StdoutLine: {'line': b'[  1%] \x1b[32mBuilding C object CMakeFiles/ublox_msgs__rosidl_generator_c.dir/rosidl_generator_c/ublox_msgs/msg/detail/aid_eph__functions.c.o\x1b[0m\n'}
[18.963251] (ublox_msgs) StdoutLine: {'line': b'[  1%] \x1b[32mBuilding C object CMakeFiles/ublox_msgs__rosidl_generator_c.dir/rosidl_generator_c/ublox_msgs/msg/detail/cfg_ant__functions.c.o\x1b[0m\n'}
[18.963291] (ublox_msgs) StdoutLine: {'line': b'[  1%] \x1b[32mBuilding C object CMakeFiles/ublox_msgs__rosidl_generator_c.dir/rosidl_generator_c/ublox_msgs/msg/detail/cfg_gnss_block__functions.c.o\x1b[0m\n'}
[18.963754] (ublox_msgs) StdoutLine: {'line': b'[  1%] \x1b[32mBuilding C object CMakeFiles/ublox_msgs__rosidl_generator_c.dir/rosidl_generator_c/ublox_msgs/msg/detail/cfg_inf_block__functions.c.o\x1b[0m\n'}
[18.963902] (ublox_msgs) StdoutLine: {'line': b'[  1%] \x1b[32mBuilding C object CMakeFiles/ublox_msgs__rosidl_generator_c.dir/rosidl_generator_c/ublox_msgs/msg/detail/cfg_hnr__functions.c.o\x1b[0m\n'}
[18.964657] (ublox_msgs) StdoutLine: {'line': b'[  2%] \x1b[32mBuilding C object CMakeFiles/ublox_msgs__rosidl_generator_c.dir/rosidl_generator_c/ublox_msgs/msg/detail/cfg_gnss__functions.c.o\x1b[0m\n'}
[18.965610] (ublox_msgs) StdoutLine: {'line': b'[  2%] \x1b[32mBuilding C object CMakeFiles/ublox_msgs__rosidl_generator_c.dir/rosidl_generator_c/ublox_msgs/msg/detail/cfg_inf__functions.c.o\x1b[0m\n'}
[19.054293] (ublox_msgs) StdoutLine: {'line': b'[  3%] \x1b[32mBuilding C object CMakeFiles/ublox_msgs__rosidl_generator_c.dir/rosidl_generator_c/ublox_msgs/msg/detail/cfg_msg__functions.c.o\x1b[0m\n'}
[19.054472] (ublox_msgs) StdoutLine: {'line': b'[  3%] \x1b[32mBuilding C object CMakeFiles/ublox_msgs__rosidl_generator_c.dir/rosidl_generator_c/ublox_msgs/msg/detail/cfg_nav5__functions.c.o\x1b[0m\n'}
[19.054522] (ublox_msgs) StdoutLine: {'line': b'[  3%] \x1b[32mBuilding C object CMakeFiles/ublox_msgs__rosidl_generator_c.dir/rosidl_generator_c/ublox_msgs/msg/detail/cfg_navx5__functions.c.o\x1b[0m\n'}
[19.054564] (ublox_msgs) StdoutLine: {'line': b'[  3%] \x1b[32mBuilding C object CMakeFiles/ublox_msgs__rosidl_generator_c.dir/rosidl_generator_c/ublox_msgs/msg/detail/cfg_rate__functions.c.o\x1b[0m\n'}
[19.054602] (ublox_msgs) StdoutLine: {'line': b'[  3%] \x1b[32mBuilding C object CMakeFiles/ublox_msgs__rosidl_generator_c.dir/rosidl_generator_c/ublox_msgs/msg/detail/cfg_nmea6__functions.c.o\x1b[0m\n'}
[19.054638] (ublox_msgs) StdoutLine: {'line': b'[  3%] \x1b[32mBuilding C object CMakeFiles/ublox_msgs__rosidl_generator_c.dir/rosidl_generator_c/ublox_msgs/msg/detail/cfg_nmea7__functions.c.o\x1b[0m\n'}
[19.054673] (ublox_msgs) StdoutLine: {'line': b'[  3%] \x1b[32mBuilding C object CMakeFiles/ublox_msgs__rosidl_generator_c.dir/rosidl_generator_c/ublox_msgs/msg/detail/cfg_nmea__functions.c.o\x1b[0m\n'}
[19.054708] (ublox_msgs) StdoutLine: {'line': b'[  3%] \x1b[32mBuilding C object CMakeFiles/ublox_msgs__rosidl_generator_c.dir/rosidl_generator_c/ublox_msgs/msg/detail/cfg_prt__functions.c.o\x1b[0m\n'}
[19.055252] (-) TimerEvent: {}
[19.055890] (ublox_msgs) StdoutLine: {'line': b'[  4%] \x1b[32mBuilding C object CMakeFiles/ublox_msgs__rosidl_generator_c.dir/rosidl_generator_c/ublox_msgs/msg/detail/cfg_usb__functions.c.o\x1b[0m\n'}
[19.056009] (ublox_msgs) StdoutLine: {'line': b'[  4%] \x1b[32mBuilding C object CMakeFiles/ublox_msgs__rosidl_generator_c.dir/rosidl_generator_c/ublox_msgs/msg/detail/cfg_sbas__functions.c.o\x1b[0m\n'}
[19.056074] (ublox_msgs) StdoutLine: {'line': b'[  4%] \x1b[32mBuilding C object CMakeFiles/ublox_msgs__rosidl_generator_c.dir/rosidl_generator_c/ublox_msgs/msg/detail/esf_ins__functions.c.o\x1b[0m\n'}
[19.056119] (ublox_msgs) StdoutLine: {'line': b'[  4%] \x1b[32mBuilding C object CMakeFiles/ublox_msgs__rosidl_generator_c.dir/rosidl_generator_c/ublox_msgs/msg/detail/cfg_rst__functions.c.o\x1b[0m\n'}
[19.056609] (ublox_msgs) StdoutLine: {'line': b'[  4%] \x1b[32mBuilding C object CMakeFiles/ublox_msgs__rosidl_generator_c.dir/rosidl_generator_c/ublox_msgs/msg/detail/cfg_tmode3__functions.c.o\x1b[0m\n'}
[19.102656] (ublox_msgs) StdoutLine: {'line': b'[  4%] \x1b[32mBuilding C object CMakeFiles/ublox_msgs__rosidl_generator_c.dir/rosidl_generator_c/ublox_msgs/msg/detail/esf_meas__functions.c.o\x1b[0m\n'}
[19.103459] (ublox_msgs) StdoutLine: {'line': b'[  4%] \x1b[32mBuilding C object CMakeFiles/ublox_msgs__rosidl_generator_c.dir/rosidl_generator_c/ublox_msgs/msg/detail/esf_raw__functions.c.o\x1b[0m\n'}
[19.104506] (ublox_msgs) StdoutLine: {'line': b'[  5%] \x1b[32mBuilding C object CMakeFiles/ublox_msgs__rosidl_generator_c.dir/rosidl_generator_c/ublox_msgs/msg/detail/esf_raw_block__functions.c.o\x1b[0m\n'}
[19.104632] (ublox_msgs) StdoutLine: {'line': b'[  5%] \x1b[32mBuilding C object CMakeFiles/ublox_msgs__rosidl_generator_c.dir/rosidl_generator_c/ublox_msgs/msg/detail/esf_status__functions.c.o\x1b[0m\n'}
[19.105254] (ublox_msgs) StdoutLine: {'line': b'[  5%] \x1b[32mBuilding C object CMakeFiles/ublox_msgs__rosidl_generator_c.dir/rosidl_generator_c/ublox_msgs/msg/detail/esf_status_sens__functions.c.o\x1b[0m\n'}
[19.107475] (ublox_msgs) StdoutLine: {'line': b'[  5%] \x1b[32mBuilding C object CMakeFiles/ublox_msgs__rosidl_generator_c.dir/rosidl_generator_c/ublox_msgs/msg/detail/hnr_pvt__functions.c.o\x1b[0m\n'}
[19.109087] (ublox_msgs) StdoutLine: {'line': b'[  5%] \x1b[32mBuilding C object CMakeFiles/ublox_msgs__rosidl_generator_c.dir/rosidl_generator_c/ublox_msgs/msg/detail/inf__functions.c.o\x1b[0m\n'}
[19.109260] (ublox_msgs) StdoutLine: {'line': b'[  5%] \x1b[32mBuilding C object CMakeFiles/ublox_msgs__rosidl_generator_c.dir/rosidl_generator_c/ublox_msgs/msg/detail/mon_gnss__functions.c.o\x1b[0m\n'}
[19.109320] (ublox_msgs) StdoutLine: {'line': b'[  5%] \x1b[32mBuilding C object CMakeFiles/ublox_msgs__rosidl_generator_c.dir/rosidl_generator_c/ublox_msgs/msg/detail/mga_gal__functions.c.o\x1b[0m\n'}
[19.112446] (ublox_msgs) StdoutLine: {'line': b'[  6%] \x1b[32mBuilding C object CMakeFiles/ublox_msgs__rosidl_generator_c.dir/rosidl_generator_c/ublox_msgs/msg/detail/mon_hw6__functions.c.o\x1b[0m\n'}
[19.112615] (ublox_msgs) StdoutLine: {'line': b'[  6%] \x1b[32mBuilding C object CMakeFiles/ublox_msgs__rosidl_generator_c.dir/rosidl_generator_c/ublox_msgs/msg/detail/mon_hw__functions.c.o\x1b[0m\n'}
[19.113577] (ublox_msgs) StdoutLine: {'line': b'[  6%] \x1b[32mBuilding C object CMakeFiles/ublox_msgs__rosidl_generator_c.dir/rosidl_generator_c/ublox_msgs/msg/detail/mon_ver__functions.c.o\x1b[0m\n'}
[19.113696] (ublox_msgs) StdoutLine: {'line': b'[  6%] \x1b[32mBuilding C object CMakeFiles/ublox_msgs__rosidl_generator_c.dir/rosidl_generator_c/ublox_msgs/msg/detail/mon_ver_extension__functions.c.o\x1b[0m\n'}
[19.153653] (ublox_msgs) StdoutLine: {'line': b'[  6%] \x1b[32mBuilding C object CMakeFiles/ublox_msgs__rosidl_generator_c.dir/rosidl_generator_c/ublox_msgs/msg/detail/nav_clock__functions.c.o\x1b[0m\n'}
[19.153800] (ublox_msgs) StdoutLine: {'line': b'[  6%] \x1b[32mBuilding C object CMakeFiles/ublox_msgs__rosidl_generator_c.dir/rosidl_generator_c/ublox_msgs/msg/detail/nav_att__functions.c.o\x1b[0m\n'}
[19.156083] (-) TimerEvent: {}
[19.156506] (ublox_msgs) StdoutLine: {'line': b'[  6%] \x1b[32mBuilding C object CMakeFiles/ublox_msgs__rosidl_generator_c.dir/rosidl_generator_c/ublox_msgs/msg/detail/nav_dgpssv__functions.c.o\x1b[0m\n'}
[19.156651] (ublox_msgs) StdoutLine: {'line': b'[  7%] \x1b[32mBuilding C object CMakeFiles/ublox_msgs__rosidl_generator_c.dir/rosidl_generator_c/ublox_msgs/msg/detail/nav_dop__functions.c.o\x1b[0m\n'}
[19.156698] (ublox_msgs) StdoutLine: {'line': b'[  7%] \x1b[32mBuilding C object CMakeFiles/ublox_msgs__rosidl_generator_c.dir/rosidl_generator_c/ublox_msgs/msg/detail/nav_dgps__functions.c.o\x1b[0m\n'}
[19.157517] (ublox_msgs) StdoutLine: {'line': b'[  7%] \x1b[32mBuilding C object CMakeFiles/ublox_msgs__rosidl_generator_c.dir/rosidl_generator_c/ublox_msgs/msg/detail/nav_posecef__functions.c.o\x1b[0m\n'}
[19.159883] (ublox_msgs) StdoutLine: {'line': b'[  7%] \x1b[32mBuilding C object CMakeFiles/ublox_msgs__rosidl_generator_c.dir/rosidl_generator_c/ublox_msgs/msg/detail/nav_posllh__functions.c.o\x1b[0m\n'}
[19.162222] (ublox_msgs) StdoutLine: {'line': b'[  7%] \x1b[32mBuilding C object CMakeFiles/ublox_msgs__rosidl_generator_c.dir/rosidl_generator_c/ublox_msgs/msg/detail/nav_pvt7__functions.c.o\x1b[0m\n'}
[19.162398] (ublox_msgs) StdoutLine: {'line': b'[  7%] \x1b[32mBuilding C object CMakeFiles/ublox_msgs__rosidl_generator_c.dir/rosidl_generator_c/ublox_msgs/msg/detail/nav_pvt__functions.c.o\x1b[0m\n'}
[19.163651] (ublox_msgs) StdoutLine: {'line': b'[  8%] \x1b[32mBuilding C object CMakeFiles/ublox_msgs__rosidl_generator_c.dir/rosidl_generator_c/ublox_msgs/msg/detail/nav_relposned9__functions.c.o\x1b[0m\n'}
[19.167785] (ublox_msgs) StdoutLine: {'line': b'[  8%] \x1b[32mBuilding C object CMakeFiles/ublox_msgs__rosidl_generator_c.dir/rosidl_generator_c/ublox_msgs/msg/detail/nav_sat__functions.c.o\x1b[0m\n'}
[19.167953] (ublox_msgs) StdoutLine: {'line': b'[  8%] \x1b[32mBuilding C object CMakeFiles/ublox_msgs__rosidl_generator_c.dir/rosidl_generator_c/ublox_msgs/msg/detail/nav_satsv__functions.c.o\x1b[0m\n'}
[19.184145] (ublox_msgs) StdoutLine: {'line': b'[  8%] \x1b[32mBuilding C object CMakeFiles/ublox_msgs__rosidl_generator_c.dir/rosidl_generator_c/ublox_msgs/msg/detail/nav_relposned__functions.c.o\x1b[0m\n'}
[19.206981] (ublox_msgs) StdoutLine: {'line': b'[  9%] \x1b[32mBuilding C object CMakeFiles/ublox_msgs__rosidl_generator_c.dir/rosidl_generator_c/ublox_msgs/msg/detail/nav_sbas__functions.c.o\x1b[0m\n'}
[19.207183] (ublox_msgs) StdoutLine: {'line': b'[  9%] \x1b[32mBuilding C object CMakeFiles/ublox_msgs__rosidl_generator_c.dir/rosidl_generator_c/ublox_msgs/msg/detail/nav_sol__functions.c.o\x1b[0m\n'}
[19.207274] (ublox_msgs) StdoutLine: {'line': b'[  9%] \x1b[32mBuilding C object CMakeFiles/ublox_msgs__rosidl_generator_c.dir/rosidl_generator_c/ublox_msgs/msg/detail/nav_sbassv__functions.c.o\x1b[0m\n'}
[19.209769] (ublox_msgs) StdoutLine: {'line': b'[  9%] \x1b[32mBuilding C object CMakeFiles/ublox_msgs__rosidl_generator_c.dir/rosidl_generator_c/ublox_msgs/msg/detail/nav_status__functions.c.o\x1b[0m\n'}
[19.209933] (ublox_msgs) StdoutLine: {'line': b'[  9%] \x1b[32mBuilding C object CMakeFiles/ublox_msgs__rosidl_generator_c.dir/rosidl_generator_c/ublox_msgs/msg/detail/nav_svinfo__functions.c.o\x1b[0m\n'}
[19.216141] (ublox_msgs) StdoutLine: {'line': b'[  9%] \x1b[32mBuilding C object CMakeFiles/ublox_msgs__rosidl_generator_c.dir/rosidl_generator_c/ublox_msgs/msg/detail/nav_svin__functions.c.o\x1b[0m\n'}
[19.216350] (ublox_msgs) StdoutLine: {'line': b'[  9%] \x1b[32mBuilding C object CMakeFiles/ublox_msgs__rosidl_generator_c.dir/rosidl_generator_c/ublox_msgs/msg/detail/nav_timeutc__functions.c.o\x1b[0m\n'}
[19.216406] (ublox_msgs) StdoutLine: {'line': b'[  9%] \x1b[32mBuilding C object CMakeFiles/ublox_msgs__rosidl_generator_c.dir/rosidl_generator_c/ublox_msgs/msg/detail/nav_timegps__functions.c.o\x1b[0m\n'}
[19.217217] (ublox_msgs) StdoutLine: {'line': b'[  9%] \x1b[32mBuilding C object CMakeFiles/ublox_msgs__rosidl_generator_c.dir/rosidl_generator_c/ublox_msgs/msg/detail/nav_svinfosv__functions.c.o\x1b[0m\n'}
[19.222403] (ublox_msgs) StdoutLine: {'line': b'[ 10%] \x1b[32mBuilding C object CMakeFiles/ublox_msgs__rosidl_generator_c.dir/rosidl_generator_c/ublox_msgs/msg/detail/nav_velecef__functions.c.o\x1b[0m\n'}
[19.227262] (ublox_msgs) StdoutLine: {'line': b'[ 10%] \x1b[32mBuilding C object CMakeFiles/ublox_msgs__rosidl_generator_c.dir/rosidl_generator_c/ublox_msgs/msg/detail/nav_velned__functions.c.o\x1b[0m\n'}
[19.228384] (ublox_msgs) StdoutLine: {'line': b'[ 10%] \x1b[32mBuilding C object CMakeFiles/ublox_msgs__rosidl_generator_c.dir/rosidl_generator_c/ublox_msgs/msg/detail/rxm_alm__functions.c.o\x1b[0m\n'}
[19.249053] (ublox_msgs) StdoutLine: {'line': b'[ 10%] \x1b[32mBuilding C object CMakeFiles/ublox_msgs__rosidl_generator_c.dir/rosidl_generator_c/ublox_msgs/msg/detail/rxm_eph__functions.c.o\x1b[0m\n'}
[19.256188] (-) TimerEvent: {}
[19.256559] (ublox_msgs) StdoutLine: {'line': b'[ 11%] \x1b[32mBuilding C object CMakeFiles/ublox_msgs__rosidl_generator_c.dir/rosidl_generator_c/ublox_msgs/msg/detail/rxm_rawx_meas__functions.c.o\x1b[0m\n'}
[19.256769] (ublox_msgs) StdoutLine: {'line': b'[ 11%] \x1b[32mBuilding C object CMakeFiles/ublox_msgs__rosidl_generator_c.dir/rosidl_generator_c/ublox_msgs/msg/detail/rxm_raw__functions.c.o\x1b[0m\n'}
[19.256829] (ublox_msgs) StdoutLine: {'line': b'[ 11%] \x1b[32mBuilding C object CMakeFiles/ublox_msgs__rosidl_generator_c.dir/rosidl_generator_c/ublox_msgs/msg/detail/rxm_rawsv__functions.c.o\x1b[0m\n'}
[19.257319] (ublox_msgs) StdoutLine: {'line': b'[ 11%] \x1b[32mBuilding C object CMakeFiles/ublox_msgs__rosidl_generator_c.dir/rosidl_generator_c/ublox_msgs/msg/detail/rxm_rawx__functions.c.o\x1b[0m\n'}
[19.260721] (ublox_msgs) StdoutLine: {'line': b'[ 11%] \x1b[32mBuilding C object CMakeFiles/ublox_msgs__rosidl_generator_c.dir/rosidl_generator_c/ublox_msgs/msg/detail/rxm_sfrb__functions.c.o\x1b[0m\n'}
[19.260882] (ublox_msgs) StdoutLine: {'line': b'[ 11%] \x1b[32mBuilding C object CMakeFiles/ublox_msgs__rosidl_generator_c.dir/rosidl_generator_c/ublox_msgs/msg/detail/rxm_rtcm__functions.c.o\x1b[0m\n'}
[19.265869] (ublox_msgs) StdoutLine: {'line': b'[ 11%] \x1b[32mBuilding C object CMakeFiles/ublox_msgs__rosidl_generator_c.dir/rosidl_generator_c/ublox_msgs/msg/detail/rxm_svsi__functions.c.o\x1b[0m\n'}
[19.266069] (ublox_msgs) StdoutLine: {'line': b'[ 11%] \x1b[32mBuilding C object CMakeFiles/ublox_msgs__rosidl_generator_c.dir/rosidl_generator_c/ublox_msgs/msg/detail/rxm_sfrbx__functions.c.o\x1b[0m\n'}
[19.268827] (ublox_msgs) StdoutLine: {'line': b'[ 12%] \x1b[32mBuilding C object CMakeFiles/ublox_msgs__rosidl_generator_c.dir/rosidl_generator_c/ublox_msgs/msg/detail/rxm_svsisv__functions.c.o\x1b[0m\n'}
[19.273376] (ublox_msgs) StdoutLine: {'line': b'[ 12%] \x1b[32mBuilding C object CMakeFiles/ublox_msgs__rosidl_generator_c.dir/rosidl_generator_c/ublox_msgs/msg/detail/tim_tm2__functions.c.o\x1b[0m\n'}
[19.289296] (ublox_msgs) StdoutLine: {'line': b'[ 12%] \x1b[32mBuilding C object CMakeFiles/ublox_msgs__rosidl_generator_c.dir/rosidl_generator_c/ublox_msgs/msg/detail/upd_sos_ack__functions.c.o\x1b[0m\n'}
[19.298998] (ublox_msgs) StdoutLine: {'line': b'[ 12%] \x1b[32mBuilding C object CMakeFiles/ublox_msgs__rosidl_generator_c.dir/rosidl_generator_c/ublox_msgs/msg/detail/upd_sos__functions.c.o\x1b[0m\n'}
[19.335072] (ublox_msgs) StdoutLine: {'line': b'[ 12%] \x1b[32m\x1b[1mLinking C shared library libublox_msgs__rosidl_generator_c.so\x1b[0m\n'}
[19.356312] (-) TimerEvent: {}
[19.381673] (ublox_msgs) StdoutLine: {'line': b'[ 12%] Built target ublox_msgs__rosidl_generator_c\n'}
[19.392646] (ublox_msgs) StdoutLine: {'line': b'[ 12%] \x1b[34m\x1b[1mGenerating C type support for eProsima Fast-RTPS\x1b[0m\n'}
[19.392791] (ublox_msgs) StdoutLine: {'line': b'[ 12%] \x1b[34m\x1b[1mGenerating C type support dispatch for ROS interfaces\x1b[0m\n'}
[19.392961] (ublox_msgs) StdoutLine: {'line': b'[ 12%] \x1b[34m\x1b[1mGenerating C introspection for ROS interfaces\x1b[0m\n'}
[19.456422] (-) TimerEvent: {}
[19.556689] (-) TimerEvent: {}
[19.656915] (-) TimerEvent: {}
[19.757224] (-) TimerEvent: {}
[19.857531] (-) TimerEvent: {}
[19.957853] (-) TimerEvent: {}
[20.058149] (-) TimerEvent: {}
[20.158396] (-) TimerEvent: {}
[20.258629] (-) TimerEvent: {}
[20.358926] (-) TimerEvent: {}
[20.459253] (-) TimerEvent: {}
[20.559569] (-) TimerEvent: {}
[20.659874] (-) TimerEvent: {}
[20.760171] (-) TimerEvent: {}
[20.860456] (-) TimerEvent: {}
[20.960725] (-) TimerEvent: {}
[21.060986] (-) TimerEvent: {}
[21.161242] (-) TimerEvent: {}
[21.261497] (-) TimerEvent: {}
[21.361740] (-) TimerEvent: {}
[21.462027] (-) TimerEvent: {}
[21.562300] (-) TimerEvent: {}
[21.662566] (-) TimerEvent: {}
[21.762814] (-) TimerEvent: {}
[21.863080] (-) TimerEvent: {}
[21.963359] (-) TimerEvent: {}
[22.063639] (-) TimerEvent: {}
[22.163873] (-) TimerEvent: {}
[22.264151] (-) TimerEvent: {}
[22.364396] (-) TimerEvent: {}
[22.464656] (-) TimerEvent: {}
[22.564916] (-) TimerEvent: {}
[22.665196] (-) TimerEvent: {}
[22.765456] (-) TimerEvent: {}
[22.865706] (-) TimerEvent: {}
[22.965978] (-) TimerEvent: {}
[23.066251] (-) TimerEvent: {}
[23.166477] (-) TimerEvent: {}
[23.266728] (-) TimerEvent: {}
[23.366977] (-) TimerEvent: {}
[23.467231] (-) TimerEvent: {}
[23.567469] (-) TimerEvent: {}
[23.667728] (-) TimerEvent: {}
[23.768013] (-) TimerEvent: {}
[23.868292] (-) TimerEvent: {}
[23.968571] (-) TimerEvent: {}
[24.068845] (-) TimerEvent: {}
[24.169131] (-) TimerEvent: {}
[24.269459] (-) TimerEvent: {}
[24.369776] (-) TimerEvent: {}
[24.470067] (-) TimerEvent: {}
[24.570315] (-) TimerEvent: {}
[24.670576] (-) TimerEvent: {}
[24.770834] (-) TimerEvent: {}
[24.871133] (-) TimerEvent: {}
[24.971441] (-) TimerEvent: {}
[25.071735] (-) TimerEvent: {}
[25.172069] (-) TimerEvent: {}
[25.272365] (-) TimerEvent: {}
[25.372672] (-) TimerEvent: {}
[25.472971] (-) TimerEvent: {}
[25.573290] (-) TimerEvent: {}
[25.673594] (-) TimerEvent: {}
[25.773905] (-) TimerEvent: {}
[25.874150] (-) TimerEvent: {}
[25.974468] (-) TimerEvent: {}
[26.074762] (-) TimerEvent: {}
[26.175058] (-) TimerEvent: {}
[26.275304] (-) TimerEvent: {}
[26.375671] (-) TimerEvent: {}
[26.475958] (-) TimerEvent: {}
[26.576294] (-) TimerEvent: {}
[26.676620] (-) TimerEvent: {}
[26.776926] (-) TimerEvent: {}
[26.877219] (-) TimerEvent: {}
[26.977557] (-) TimerEvent: {}
[27.077826] (-) TimerEvent: {}
[27.178150] (-) TimerEvent: {}
[27.278374] (-) TimerEvent: {}
[27.378613] (-) TimerEvent: {}
[27.479102] (-) TimerEvent: {}
[27.579482] (-) TimerEvent: {}
[27.679753] (-) TimerEvent: {}
[27.780087] (-) TimerEvent: {}
[27.880411] (-) TimerEvent: {}
[27.980738] (-) TimerEvent: {}
[28.080998] (-) TimerEvent: {}
[28.181386] (-) TimerEvent: {}
[28.281824] (-) TimerEvent: {}
[28.382174] (-) TimerEvent: {}
[28.482465] (-) TimerEvent: {}
[28.582776] (-) TimerEvent: {}
[28.683060] (-) TimerEvent: {}
[28.783354] (-) TimerEvent: {}
[28.883600] (-) TimerEvent: {}
[28.983870] (-) TimerEvent: {}
[29.084306] (-) TimerEvent: {}
[29.184623] (-) TimerEvent: {}
[29.284904] (-) TimerEvent: {}
[29.385161] (-) TimerEvent: {}
[29.394042] (ublox_msgs) StdoutLine: {'line': b'[ 12%] \x1b[32mBuilding CXX object CMakeFiles/ublox_msgs__rosidl_typesupport_cpp.dir/rosidl_typesupport_cpp/ublox_msgs/msg/aid_hui__type_support.cpp.o\x1b[0m\n'}
[29.394213] (ublox_msgs) StdoutLine: {'line': b'[ 12%] \x1b[32mBuilding CXX object CMakeFiles/ublox_msgs__rosidl_typesupport_cpp.dir/rosidl_typesupport_cpp/ublox_msgs/msg/cfg_cfg__type_support.cpp.o\x1b[0m\n'}
[29.394268] (ublox_msgs) StdoutLine: {'line': b'[ 12%] \x1b[32mBuilding CXX object CMakeFiles/ublox_msgs__rosidl_typesupport_cpp.dir/rosidl_typesupport_cpp/ublox_msgs/msg/cfg_dat__type_support.cpp.o\x1b[0m\n'}
[29.394314] (ublox_msgs) StdoutLine: {'line': b'[ 12%] \x1b[32mBuilding CXX object CMakeFiles/ublox_msgs__rosidl_typesupport_cpp.dir/rosidl_typesupport_cpp/ublox_msgs/msg/cfg_ant__type_support.cpp.o\x1b[0m\n'}
[29.394354] (ublox_msgs) StdoutLine: {'line': b'[ 12%] \x1b[32mBuilding CXX object CMakeFiles/ublox_msgs__rosidl_typesupport_cpp.dir/rosidl_typesupport_cpp/ublox_msgs/msg/ack__type_support.cpp.o\x1b[0m\n'}
[29.394392] (ublox_msgs) StdoutLine: {'line': b'[ 12%] \x1b[32mBuilding CXX object CMakeFiles/ublox_msgs__rosidl_typesupport_cpp.dir/rosidl_typesupport_cpp/ublox_msgs/msg/cfg_gnss__type_support.cpp.o\x1b[0m\n'}
[29.394429] (ublox_msgs) StdoutLine: {'line': b'[ 12%] \x1b[32mBuilding CXX object CMakeFiles/ublox_msgs__rosidl_typesupport_cpp.dir/rosidl_typesupport_cpp/ublox_msgs/msg/aid_alm__type_support.cpp.o\x1b[0m\n'}
[29.394467] (ublox_msgs) StdoutLine: {'line': b'[ 13%] \x1b[32mBuilding CXX object CMakeFiles/ublox_msgs__rosidl_typesupport_cpp.dir/rosidl_typesupport_cpp/ublox_msgs/msg/cfg_gnss_block__type_support.cpp.o\x1b[0m\n'}
[29.394504] (ublox_msgs) StdoutLine: {'line': b'[ 14%] \x1b[32mBuilding CXX object CMakeFiles/ublox_msgs__rosidl_typesupport_cpp.dir/rosidl_typesupport_cpp/ublox_msgs/msg/aid_eph__type_support.cpp.o\x1b[0m\n'}
[29.394541] (ublox_msgs) StdoutLine: {'line': b'[ 14%] \x1b[32mBuilding CXX object CMakeFiles/ublox_msgs__rosidl_typesupport_cpp.dir/rosidl_typesupport_cpp/ublox_msgs/msg/cfg_dgnss__type_support.cpp.o\x1b[0m\n'}
[29.394859] (ublox_msgs) StdoutLine: {'line': b'[ 14%] \x1b[32mBuilding CXX object CMakeFiles/ublox_msgs__rosidl_typesupport_cpp.dir/rosidl_typesupport_cpp/ublox_msgs/msg/cfg_hnr__type_support.cpp.o\x1b[0m\n'}
[29.487070] (-) TimerEvent: {}
[29.587383] (-) TimerEvent: {}
[29.684444] (ublox_msgs) StdoutLine: {'line': b'[ 14%] \x1b[32mBuilding CXX object CMakeFiles/ublox_msgs__rosidl_typesupport_cpp.dir/rosidl_typesupport_cpp/ublox_msgs/msg/cfg_msg__type_support.cpp.o\x1b[0m\n'}
[29.684625] (ublox_msgs) StdoutLine: {'line': b'[ 14%] \x1b[32mBuilding CXX object CMakeFiles/ublox_msgs__rosidl_typesupport_cpp.dir/rosidl_typesupport_cpp/ublox_msgs/msg/cfg_inf__type_support.cpp.o\x1b[0m\n'}
[29.684672] (ublox_msgs) StdoutLine: {'line': b'[ 14%] \x1b[32mBuilding CXX object CMakeFiles/ublox_msgs__rosidl_typesupport_cpp.dir/rosidl_typesupport_cpp/ublox_msgs/msg/cfg_inf_block__type_support.cpp.o\x1b[0m\n'}
[29.685451] (ublox_msgs) StdoutLine: {'line': b'[ 15%] \x1b[32mBuilding CXX object CMakeFiles/ublox_msgs__rosidl_typesupport_cpp.dir/rosidl_typesupport_cpp/ublox_msgs/msg/cfg_prt__type_support.cpp.o\x1b[0m\n'}
[29.685566] (ublox_msgs) StdoutLine: {'line': b'[ 15%] \x1b[32mBuilding CXX object CMakeFiles/ublox_msgs__rosidl_typesupport_cpp.dir/rosidl_typesupport_cpp/ublox_msgs/msg/cfg_navx5__type_support.cpp.o\x1b[0m\n'}
[29.685616] (ublox_msgs) StdoutLine: {'line': b'[ 15%] \x1b[32mBuilding CXX object CMakeFiles/ublox_msgs__rosidl_typesupport_cpp.dir/rosidl_typesupport_cpp/ublox_msgs/msg/cfg_nmea6__type_support.cpp.o\x1b[0m\n'}
[29.685932] (ublox_msgs) StdoutLine: {'line': b'[ 15%] \x1b[32mBuilding CXX object CMakeFiles/ublox_msgs__rosidl_typesupport_cpp.dir/rosidl_typesupport_cpp/ublox_msgs/msg/cfg_nmea7__type_support.cpp.o\x1b[0m\n'}
[29.686250] (ublox_msgs) StdoutLine: {'line': b'[ 15%] \x1b[32mBuilding CXX object CMakeFiles/ublox_msgs__rosidl_typesupport_cpp.dir/rosidl_typesupport_cpp/ublox_msgs/msg/cfg_nmea__type_support.cpp.o\x1b[0m\n'}
[29.687449] (-) TimerEvent: {}
[29.688424] (ublox_msgs) StdoutLine: {'line': b'[ 15%] \x1b[32mBuilding CXX object CMakeFiles/ublox_msgs__rosidl_typesupport_cpp.dir/rosidl_typesupport_cpp/ublox_msgs/msg/cfg_rate__type_support.cpp.o\x1b[0m\n'}
[29.688553] (ublox_msgs) StdoutLine: {'line': b'[ 15%] \x1b[32mBuilding CXX object CMakeFiles/ublox_msgs__rosidl_typesupport_cpp.dir/rosidl_typesupport_cpp/ublox_msgs/msg/cfg_nav5__type_support.cpp.o\x1b[0m\n'}
[29.689865] (ublox_msgs) StdoutLine: {'line': b'[ 16%] \x1b[32mBuilding CXX object CMakeFiles/ublox_msgs__rosidl_typesupport_cpp.dir/rosidl_typesupport_cpp/ublox_msgs/msg/cfg_rst__type_support.cpp.o\x1b[0m\n'}
[29.789069] (-) TimerEvent: {}
[29.889375] (-) TimerEvent: {}
[29.936498] (ublox_msgs) StdoutLine: {'line': b'[ 16%] \x1b[32mBuilding CXX object CMakeFiles/ublox_msgs__rosidl_typesupport_cpp.dir/rosidl_typesupport_cpp/ublox_msgs/msg/cfg_sbas__type_support.cpp.o\x1b[0m\n'}
[29.943952] (ublox_msgs) StdoutLine: {'line': b'[ 16%] \x1b[32mBuilding CXX object CMakeFiles/ublox_msgs__rosidl_typesupport_cpp.dir/rosidl_typesupport_cpp/ublox_msgs/msg/cfg_tmode3__type_support.cpp.o\x1b[0m\n'}
[29.953134] (ublox_msgs) StdoutLine: {'line': b'[ 16%] \x1b[32mBuilding CXX object CMakeFiles/ublox_msgs__rosidl_typesupport_cpp.dir/rosidl_typesupport_cpp/ublox_msgs/msg/cfg_usb__type_support.cpp.o\x1b[0m\n'}
[29.953323] (ublox_msgs) StdoutLine: {'line': b'[ 16%] \x1b[32mBuilding CXX object CMakeFiles/ublox_msgs__rosidl_typesupport_cpp.dir/rosidl_typesupport_cpp/ublox_msgs/msg/esf_ins__type_support.cpp.o\x1b[0m\n'}
[29.957325] (ublox_msgs) StdoutLine: {'line': b'[ 16%] \x1b[32mBuilding CXX object CMakeFiles/ublox_msgs__rosidl_typesupport_cpp.dir/rosidl_typesupport_cpp/ublox_msgs/msg/esf_meas__type_support.cpp.o\x1b[0m\n'}
[29.957499] (ublox_msgs) StdoutLine: {'line': b'[ 16%] \x1b[32mBuilding CXX object CMakeFiles/ublox_msgs__rosidl_typesupport_cpp.dir/rosidl_typesupport_cpp/ublox_msgs/msg/esf_raw_block__type_support.cpp.o\x1b[0m\n'}
[29.959189] (ublox_msgs) StdoutLine: {'line': b'[ 17%] \x1b[32mBuilding CXX object CMakeFiles/ublox_msgs__rosidl_typesupport_cpp.dir/rosidl_typesupport_cpp/ublox_msgs/msg/esf_raw__type_support.cpp.o\x1b[0m\n'}
[29.973706] (ublox_msgs) StdoutLine: {'line': b'[ 17%] \x1b[32mBuilding CXX object CMakeFiles/ublox_msgs__rosidl_typesupport_cpp.dir/rosidl_typesupport_cpp/ublox_msgs/msg/esf_status_sens__type_support.cpp.o\x1b[0m\n'}
[29.973881] (ublox_msgs) StdoutLine: {'line': b'[ 17%] \x1b[32mBuilding CXX object CMakeFiles/ublox_msgs__rosidl_typesupport_cpp.dir/rosidl_typesupport_cpp/ublox_msgs/msg/esf_status__type_support.cpp.o\x1b[0m\n'}
[29.975484] (ublox_msgs) StdoutLine: {'line': b'[ 17%] \x1b[32mBuilding CXX object CMakeFiles/ublox_msgs__rosidl_typesupport_cpp.dir/rosidl_typesupport_cpp/ublox_msgs/msg/hnr_pvt__type_support.cpp.o\x1b[0m\n'}
[29.985467] (ublox_msgs) StdoutLine: {'line': b'[ 17%] \x1b[32mBuilding CXX object CMakeFiles/ublox_msgs__rosidl_typesupport_cpp.dir/rosidl_typesupport_cpp/ublox_msgs/msg/inf__type_support.cpp.o\x1b[0m\n'}
[29.990088] (-) TimerEvent: {}
[30.090454] (-) TimerEvent: {}
[30.190736] (-) TimerEvent: {}
[30.203072] (ublox_msgs) StdoutLine: {'line': b'[ 17%] \x1b[32mBuilding CXX object CMakeFiles/ublox_msgs__rosidl_typesupport_cpp.dir/rosidl_typesupport_cpp/ublox_msgs/msg/mga_gal__type_support.cpp.o\x1b[0m\n'}
[30.203300] (ublox_msgs) StdoutLine: {'line': b'[ 18%] \x1b[32mBuilding CXX object CMakeFiles/ublox_msgs__rosidl_typesupport_cpp.dir/rosidl_typesupport_cpp/ublox_msgs/msg/mon_gnss__type_support.cpp.o\x1b[0m\n'}
[30.207959] (ublox_msgs) StdoutLine: {'line': b'[ 18%] \x1b[32mBuilding CXX object CMakeFiles/ublox_msgs__rosidl_typesupport_cpp.dir/rosidl_typesupport_cpp/ublox_msgs/msg/mon_hw6__type_support.cpp.o\x1b[0m\n'}
[30.209218] (ublox_msgs) StdoutLine: {'line': b'[ 18%] \x1b[32mBuilding CXX object CMakeFiles/ublox_msgs__rosidl_typesupport_cpp.dir/rosidl_typesupport_cpp/ublox_msgs/msg/mon_ver_extension__type_support.cpp.o\x1b[0m\n'}
[30.209375] (ublox_msgs) StdoutLine: {'line': b'[ 18%] \x1b[32mBuilding CXX object CMakeFiles/ublox_msgs__rosidl_typesupport_cpp.dir/rosidl_typesupport_cpp/ublox_msgs/msg/mon_hw__type_support.cpp.o\x1b[0m\n'}
[30.216662] (ublox_msgs) StdoutLine: {'line': b'[ 18%] \x1b[32mBuilding CXX object CMakeFiles/ublox_msgs__rosidl_typesupport_cpp.dir/rosidl_typesupport_cpp/ublox_msgs/msg/mon_ver__type_support.cpp.o\x1b[0m\n'}
[30.227287] (ublox_msgs) StdoutLine: {'line': b'[ 18%] \x1b[32mBuilding CXX object CMakeFiles/ublox_msgs__rosidl_typesupport_cpp.dir/rosidl_typesupport_cpp/ublox_msgs/msg/nav_att__type_support.cpp.o\x1b[0m\n'}
[30.235122] (ublox_msgs) StdoutLine: {'line': b'[ 18%] \x1b[32mBuilding CXX object CMakeFiles/ublox_msgs__rosidl_typesupport_cpp.dir/rosidl_typesupport_cpp/ublox_msgs/msg/nav_clock__type_support.cpp.o\x1b[0m\n'}
[30.250453] (ublox_msgs) StdoutLine: {'line': b'[ 19%] \x1b[32mBuilding CXX object CMakeFiles/ublox_msgs__rosidl_typesupport_cpp.dir/rosidl_typesupport_cpp/ublox_msgs/msg/nav_dgps__type_support.cpp.o\x1b[0m\n'}
[30.257180] (ublox_msgs) StdoutLine: {'line': b'[ 19%] \x1b[32mBuilding CXX object CMakeFiles/ublox_msgs__rosidl_typesupport_cpp.dir/rosidl_typesupport_cpp/ublox_msgs/msg/nav_dgpssv__type_support.cpp.o\x1b[0m\n'}
[30.262684] (ublox_msgs) StdoutLine: {'line': b'[ 19%] \x1b[32mBuilding CXX object CMakeFiles/ublox_msgs__rosidl_typesupport_cpp.dir/rosidl_typesupport_cpp/ublox_msgs/msg/nav_dop__type_support.cpp.o\x1b[0m\n'}
[30.292063] (-) TimerEvent: {}
[30.392356] (-) TimerEvent: {}
[30.475253] (ublox_msgs) StdoutLine: {'line': b'[ 19%] \x1b[32mBuilding CXX object CMakeFiles/ublox_msgs__rosidl_typesupport_cpp.dir/rosidl_typesupport_cpp/ublox_msgs/msg/nav_posecef__type_support.cpp.o\x1b[0m\n'}
[30.480849] (ublox_msgs) StdoutLine: {'line': b'[ 19%] \x1b[32mBuilding CXX object CMakeFiles/ublox_msgs__rosidl_typesupport_cpp.dir/rosidl_typesupport_cpp/ublox_msgs/msg/nav_posllh__type_support.cpp.o\x1b[0m\n'}
[30.486158] (ublox_msgs) StdoutLine: {'line': b'[ 19%] \x1b[32mBuilding CXX object CMakeFiles/ublox_msgs__rosidl_typesupport_cpp.dir/rosidl_typesupport_cpp/ublox_msgs/msg/nav_pvt7__type_support.cpp.o\x1b[0m\n'}
[30.495096] (-) TimerEvent: {}
[30.500314] (ublox_msgs) StdoutLine: {'line': b'[ 20%] \x1b[32mBuilding CXX object CMakeFiles/ublox_msgs__rosidl_typesupport_cpp.dir/rosidl_typesupport_cpp/ublox_msgs/msg/nav_pvt__type_support.cpp.o\x1b[0m\n'}
[30.509175] (ublox_msgs) StdoutLine: {'line': b'[ 20%] \x1b[32mBuilding CXX object CMakeFiles/ublox_msgs__rosidl_typesupport_cpp.dir/rosidl_typesupport_cpp/ublox_msgs/msg/nav_relposned9__type_support.cpp.o\x1b[0m\n'}
[30.512912] (ublox_msgs) StdoutLine: {'line': b'[ 20%] \x1b[32mBuilding CXX object CMakeFiles/ublox_msgs__rosidl_typesupport_cpp.dir/rosidl_typesupport_cpp/ublox_msgs/msg/nav_relposned__type_support.cpp.o\x1b[0m\n'}
[30.521616] (ublox_msgs) StdoutLine: {'line': b'[ 20%] \x1b[32mBuilding CXX object CMakeFiles/ublox_msgs__rosidl_typesupport_cpp.dir/rosidl_typesupport_cpp/ublox_msgs/msg/nav_sat__type_support.cpp.o\x1b[0m\n'}
[30.533134] (ublox_msgs) StdoutLine: {'line': b'[ 20%] \x1b[32mBuilding CXX object CMakeFiles/ublox_msgs__rosidl_typesupport_cpp.dir/rosidl_typesupport_cpp/ublox_msgs/msg/nav_satsv__type_support.cpp.o\x1b[0m\n'}
[30.539453] (ublox_msgs) StdoutLine: {'line': b'[ 20%] \x1b[32mBuilding CXX object CMakeFiles/ublox_msgs__rosidl_typesupport_cpp.dir/rosidl_typesupport_cpp/ublox_msgs/msg/nav_sbas__type_support.cpp.o\x1b[0m\n'}
[30.556369] (ublox_msgs) StdoutLine: {'line': b'[ 21%] \x1b[32mBuilding CXX object CMakeFiles/ublox_msgs__rosidl_typesupport_cpp.dir/rosidl_typesupport_cpp/ublox_msgs/msg/nav_sbassv__type_support.cpp.o\x1b[0m\n'}
[30.566099] (ublox_msgs) StdoutLine: {'line': b'[ 21%] \x1b[32mBuilding CXX object CMakeFiles/ublox_msgs__rosidl_typesupport_cpp.dir/rosidl_typesupport_cpp/ublox_msgs/msg/nav_sol__type_support.cpp.o\x1b[0m\n'}
[30.596281] (-) TimerEvent: {}
[30.696704] (-) TimerEvent: {}
[30.713145] (ublox_msgs) StdoutLine: {'line': b'[ 22%] \x1b[32mBuilding CXX object CMakeFiles/ublox_msgs__rosidl_typesupport_c.dir/rosidl_typesupport_c/ublox_msgs/msg/ack__type_support.cpp.o\x1b[0m\n'}
[30.735254] (ublox_msgs) StdoutLine: {'line': b'[ 22%] \x1b[32mBuilding CXX object CMakeFiles/ublox_msgs__rosidl_typesupport_c.dir/rosidl_typesupport_c/ublox_msgs/msg/aid_alm__type_support.cpp.o\x1b[0m\n'}
[30.745738] (ublox_msgs) StdoutLine: {'line': b'[ 22%] \x1b[32mBuilding CXX object CMakeFiles/ublox_msgs__rosidl_typesupport_c.dir/rosidl_typesupport_c/ublox_msgs/msg/aid_eph__type_support.cpp.o\x1b[0m\n'}
[30.752767] (ublox_msgs) StdoutLine: {'line': b'[ 22%] \x1b[32mBuilding CXX object CMakeFiles/ublox_msgs__rosidl_typesupport_c.dir/rosidl_typesupport_c/ublox_msgs/msg/aid_hui__type_support.cpp.o\x1b[0m\n'}
[30.764121] (ublox_msgs) StdoutLine: {'line': b'[ 22%] \x1b[32mBuilding CXX object CMakeFiles/ublox_msgs__rosidl_typesupport_cpp.dir/rosidl_typesupport_cpp/ublox_msgs/msg/nav_status__type_support.cpp.o\x1b[0m\n'}
[30.768271] (ublox_msgs) StdoutLine: {'line': b'[ 22%] \x1b[32mBuilding CXX object CMakeFiles/ublox_msgs__rosidl_typesupport_cpp.dir/rosidl_typesupport_cpp/ublox_msgs/msg/nav_svinfosv__type_support.cpp.o\x1b[0m\n'}
[30.768475] (ublox_msgs) StdoutLine: {'line': b'[ 22%] \x1b[32mBuilding CXX object CMakeFiles/ublox_msgs__rosidl_typesupport_cpp.dir/rosidl_typesupport_cpp/ublox_msgs/msg/nav_svinfo__type_support.cpp.o\x1b[0m\n'}
[30.777136] (ublox_msgs) StdoutLine: {'line': b'[ 22%] \x1b[32mBuilding CXX object CMakeFiles/ublox_msgs__rosidl_typesupport_cpp.dir/rosidl_typesupport_cpp/ublox_msgs/msg/nav_svin__type_support.cpp.o\x1b[0m\n'}
[30.782061] (ublox_msgs) StdoutLine: {'line': b'[ 22%] \x1b[32mBuilding CXX object CMakeFiles/ublox_msgs__rosidl_typesupport_c.dir/rosidl_typesupport_c/ublox_msgs/msg/cfg_ant__type_support.cpp.o\x1b[0m\n'}
[30.788190] (ublox_msgs) StdoutLine: {'line': b'[ 22%] \x1b[32mBuilding CXX object CMakeFiles/ublox_msgs__rosidl_typesupport_c.dir/rosidl_typesupport_c/ublox_msgs/msg/cfg_cfg__type_support.cpp.o\x1b[0m\n'}
[30.791641] (ublox_msgs) StdoutLine: {'line': b'[ 23%] \x1b[32mBuilding CXX object CMakeFiles/ublox_msgs__rosidl_typesupport_c.dir/rosidl_typesupport_c/ublox_msgs/msg/cfg_dat__type_support.cpp.o\x1b[0m\n'}
[30.791815] (ublox_msgs) StdoutLine: {'line': b'[ 23%] \x1b[32mBuilding CXX object CMakeFiles/ublox_msgs__rosidl_typesupport_c.dir/rosidl_typesupport_c/ublox_msgs/msg/cfg_dgnss__type_support.cpp.o\x1b[0m\n'}
[30.796808] (-) TimerEvent: {}
[30.812026] (ublox_msgs) StdoutLine: {'line': b'[ 24%] \x1b[32mBuilding CXX object CMakeFiles/ublox_msgs__rosidl_typesupport_cpp.dir/rosidl_typesupport_cpp/ublox_msgs/msg/nav_timegps__type_support.cpp.o\x1b[0m\n'}
[30.812203] (ublox_msgs) StdoutLine: {'line': b'[ 24%] \x1b[32mBuilding CXX object CMakeFiles/ublox_msgs__rosidl_typesupport_c.dir/rosidl_typesupport_c/ublox_msgs/msg/cfg_gnss_block__type_support.cpp.o\x1b[0m\n'}
[30.812259] (ublox_msgs) StdoutLine: {'line': b'[ 24%] \x1b[32mBuilding CXX object CMakeFiles/ublox_msgs__rosidl_typesupport_cpp.dir/rosidl_typesupport_cpp/ublox_msgs/msg/nav_timeutc__type_support.cpp.o\x1b[0m\n'}
[30.817070] (ublox_msgs) StdoutLine: {'line': b'[ 24%] \x1b[32mBuilding CXX object CMakeFiles/ublox_msgs__rosidl_typesupport_c.dir/rosidl_typesupport_c/ublox_msgs/msg/cfg_gnss__type_support.cpp.o\x1b[0m\n'}
[30.827321] (ublox_msgs) StdoutLine: {'line': b'[ 24%] \x1b[32mBuilding CXX object CMakeFiles/ublox_msgs__rosidl_typesupport_c.dir/rosidl_typesupport_c/ublox_msgs/msg/cfg_hnr__type_support.cpp.o\x1b[0m\n'}
[30.833391] (ublox_msgs) StdoutLine: {'line': b'[ 24%] \x1b[32mBuilding CXX object CMakeFiles/ublox_msgs__rosidl_typesupport_cpp.dir/rosidl_typesupport_cpp/ublox_msgs/msg/nav_velecef__type_support.cpp.o\x1b[0m\n'}
[30.836418] (ublox_msgs) StdoutLine: {'line': b'[ 24%] \x1b[32mBuilding CXX object CMakeFiles/ublox_msgs__rosidl_typesupport_c.dir/rosidl_typesupport_c/ublox_msgs/msg/cfg_inf_block__type_support.cpp.o\x1b[0m\n'}
[30.843315] (ublox_msgs) StdoutLine: {'line': b'[ 24%] \x1b[32mBuilding CXX object CMakeFiles/ublox_msgs__rosidl_typesupport_cpp.dir/rosidl_typesupport_cpp/ublox_msgs/msg/nav_velned__type_support.cpp.o\x1b[0m\n'}
[30.852110] (ublox_msgs) StdoutLine: {'line': b'[ 24%] \x1b[32mBuilding CXX object CMakeFiles/ublox_msgs__rosidl_typesupport_cpp.dir/rosidl_typesupport_cpp/ublox_msgs/msg/rxm_alm__type_support.cpp.o\x1b[0m\n'}
[30.852288] (ublox_msgs) StdoutLine: {'line': b'[ 24%] \x1b[32mBuilding CXX object CMakeFiles/ublox_msgs__rosidl_typesupport_cpp.dir/rosidl_typesupport_cpp/ublox_msgs/msg/rxm_eph__type_support.cpp.o\x1b[0m\n'}
[30.865959] (ublox_msgs) StdoutLine: {'line': b'[ 24%] \x1b[32mBuilding CXX object CMakeFiles/ublox_msgs__rosidl_typesupport_c.dir/rosidl_typesupport_c/ublox_msgs/msg/cfg_inf__type_support.cpp.o\x1b[0m\n'}
[30.886097] (ublox_msgs) StdoutLine: {'line': b'[ 24%] \x1b[32mBuilding CXX object CMakeFiles/ublox_msgs__rosidl_typesupport_cpp.dir/rosidl_typesupport_cpp/ublox_msgs/msg/rxm_raw__type_support.cpp.o\x1b[0m\n'}
[30.898100] (-) TimerEvent: {}
[30.902381] (ublox_msgs) StdoutLine: {'line': b'[ 25%] \x1b[32mBuilding CXX object CMakeFiles/ublox_msgs__rosidl_typesupport_c.dir/rosidl_typesupport_c/ublox_msgs/msg/cfg_msg__type_support.cpp.o\x1b[0m\n'}
[30.941358] (ublox_msgs) StdoutLine: {'line': b'[ 25%] \x1b[32mBuilding CXX object CMakeFiles/ublox_msgs__rosidl_typesupport_c.dir/rosidl_typesupport_c/ublox_msgs/msg/cfg_nav5__type_support.cpp.o\x1b[0m\n'}
[30.976668] (ublox_msgs) StdoutLine: {'line': b'[ 25%] \x1b[32mBuilding CXX object CMakeFiles/ublox_msgs__rosidl_typesupport_c.dir/rosidl_typesupport_c/ublox_msgs/msg/cfg_navx5__type_support.cpp.o\x1b[0m\n'}
[30.998206] (-) TimerEvent: {}
[31.010388] (ublox_msgs) StdoutLine: {'line': b'[ 25%] \x1b[32mBuilding CXX object CMakeFiles/ublox_msgs__rosidl_typesupport_c.dir/rosidl_typesupport_c/ublox_msgs/msg/cfg_nmea6__type_support.cpp.o\x1b[0m\n'}
[31.010608] (ublox_msgs) StdoutLine: {'line': b'[ 25%] \x1b[32mBuilding CXX object CMakeFiles/ublox_msgs__rosidl_typesupport_introspection_cpp.dir/rosidl_typesupport_introspection_cpp/ublox_msgs/msg/detail/ack__type_support.cpp.o\x1b[0m\n'}
[31.021665] (ublox_msgs) StdoutLine: {'line': b'[ 25%] \x1b[32mBuilding CXX object CMakeFiles/ublox_msgs__rosidl_typesupport_c.dir/rosidl_typesupport_c/ublox_msgs/msg/cfg_nmea7__type_support.cpp.o\x1b[0m\n'}
[31.021891] (ublox_msgs) StdoutLine: {'line': b'[ 25%] \x1b[32mBuilding CXX object CMakeFiles/ublox_msgs__rosidl_typesupport_introspection_cpp.dir/rosidl_typesupport_introspection_cpp/ublox_msgs/msg/detail/aid_alm__type_support.cpp.o\x1b[0m\n'}
[31.030171] (ublox_msgs) StdoutLine: {'line': b'[ 25%] \x1b[32mBuilding CXX object CMakeFiles/ublox_msgs__rosidl_typesupport_introspection_cpp.dir/rosidl_typesupport_introspection_cpp/ublox_msgs/msg/detail/aid_eph__type_support.cpp.o\x1b[0m\n'}
[31.030753] (ublox_msgs) StdoutLine: {'line': b'[ 25%] \x1b[32mBuilding CXX object CMakeFiles/ublox_msgs__rosidl_typesupport_c.dir/rosidl_typesupport_c/ublox_msgs/msg/cfg_nmea__type_support.cpp.o\x1b[0m\n'}
[31.053276] (ublox_msgs) StdoutLine: {'line': b'[ 26%] \x1b[32mBuilding CXX object CMakeFiles/ublox_msgs__rosidl_typesupport_c.dir/rosidl_typesupport_c/ublox_msgs/msg/cfg_prt__type_support.cpp.o\x1b[0m\n'}
[31.058638] (ublox_msgs) StdoutLine: {'line': b'[ 27%] \x1b[32mBuilding CXX object CMakeFiles/ublox_msgs__rosidl_typesupport_introspection_cpp.dir/rosidl_typesupport_introspection_cpp/ublox_msgs/msg/detail/aid_hui__type_support.cpp.o\x1b[0m\n'}
[31.064052] (ublox_msgs) StdoutLine: {'line': b'[ 27%] \x1b[32mBuilding CXX object CMakeFiles/ublox_msgs__rosidl_typesupport_introspection_cpp.dir/rosidl_typesupport_introspection_cpp/ublox_msgs/msg/detail/cfg_ant__type_support.cpp.o\x1b[0m\n'}
[31.064250] (ublox_msgs) StdoutLine: {'line': b'[ 27%] \x1b[32mBuilding CXX object CMakeFiles/ublox_msgs__rosidl_typesupport_introspection_cpp.dir/rosidl_typesupport_introspection_cpp/ublox_msgs/msg/detail/cfg_cfg__type_support.cpp.o\x1b[0m\n'}
[31.064775] (ublox_msgs) StdoutLine: {'line': b'[ 28%] \x1b[32mBuilding CXX object CMakeFiles/ublox_msgs__rosidl_typesupport_cpp.dir/rosidl_typesupport_cpp/ublox_msgs/msg/rxm_rawsv__type_support.cpp.o\x1b[0m\n'}
[31.088188] (ublox_msgs) StdoutLine: {'line': b'[ 28%] \x1b[32mBuilding CXX object CMakeFiles/ublox_msgs__rosidl_typesupport_c.dir/rosidl_typesupport_c/ublox_msgs/msg/cfg_rate__type_support.cpp.o\x1b[0m\n'}
[31.094124] (ublox_msgs) StdoutLine: {'line': b'[ 28%] \x1b[32mBuilding CXX object CMakeFiles/ublox_msgs__rosidl_typesupport_introspection_cpp.dir/rosidl_typesupport_introspection_cpp/ublox_msgs/msg/detail/cfg_dat__type_support.cpp.o\x1b[0m\n'}
[31.100077] (-) TimerEvent: {}
[31.100409] (ublox_msgs) StdoutLine: {'line': b'[ 28%] \x1b[32mBuilding CXX object CMakeFiles/ublox_msgs__rosidl_typesupport_c.dir/rosidl_typesupport_c/ublox_msgs/msg/cfg_rst__type_support.cpp.o\x1b[0m\n'}
[31.100539] (ublox_msgs) StdoutLine: {'line': b'[ 28%] \x1b[32mBuilding CXX object CMakeFiles/ublox_msgs__rosidl_typesupport_introspection_cpp.dir/rosidl_typesupport_introspection_cpp/ublox_msgs/msg/detail/cfg_dgnss__type_support.cpp.o\x1b[0m\n'}
[31.100619] (ublox_msgs) StdoutLine: {'line': b'[ 28%] \x1b[32mBuilding CXX object CMakeFiles/ublox_msgs__rosidl_typesupport_c.dir/rosidl_typesupport_c/ublox_msgs/msg/cfg_sbas__type_support.cpp.o\x1b[0m\n'}
[31.131079] (ublox_msgs) StdoutLine: {'line': b'[ 28%] \x1b[32mBuilding CXX object CMakeFiles/ublox_msgs__rosidl_typesupport_introspection_cpp.dir/rosidl_typesupport_introspection_cpp/ublox_msgs/msg/detail/cfg_gnss_block__type_support.cpp.o\x1b[0m\n'}
[31.133964] (ublox_msgs) StdoutLine: {'line': b'[ 28%] \x1b[32mBuilding CXX object CMakeFiles/ublox_msgs__rosidl_typesupport_cpp.dir/rosidl_typesupport_cpp/ublox_msgs/msg/rxm_rawx_meas__type_support.cpp.o\x1b[0m\n'}
[31.134140] (ublox_msgs) StdoutLine: {'line': b'[ 28%] \x1b[32mBuilding CXX object CMakeFiles/ublox_msgs__rosidl_typesupport_c.dir/rosidl_typesupport_c/ublox_msgs/msg/cfg_tmode3__type_support.cpp.o\x1b[0m\n'}
[31.151602] (ublox_msgs) StdoutLine: {'line': b'[ 28%] \x1b[32mBuilding CXX object CMakeFiles/ublox_msgs__rosidl_typesupport_cpp.dir/rosidl_typesupport_cpp/ublox_msgs/msg/rxm_rawx__type_support.cpp.o\x1b[0m\n'}
[31.171071] (ublox_msgs) StdoutLine: {'line': b'[ 28%] \x1b[32mBuilding CXX object CMakeFiles/ublox_msgs__rosidl_typesupport_c.dir/rosidl_typesupport_c/ublox_msgs/msg/cfg_usb__type_support.cpp.o\x1b[0m\n'}
[31.200184] (-) TimerEvent: {}
[31.205888] (ublox_msgs) StdoutLine: {'line': b'[ 29%] \x1b[32mBuilding CXX object CMakeFiles/ublox_msgs__rosidl_typesupport_c.dir/rosidl_typesupport_c/ublox_msgs/msg/esf_ins__type_support.cpp.o\x1b[0m\n'}
[31.242832] (ublox_msgs) StdoutLine: {'line': b'[ 29%] \x1b[32mBuilding CXX object CMakeFiles/ublox_msgs__rosidl_typesupport_c.dir/rosidl_typesupport_c/ublox_msgs/msg/esf_meas__type_support.cpp.o\x1b[0m\n'}
[31.283459] (ublox_msgs) StdoutLine: {'line': b'[ 29%] \x1b[32mBuilding CXX object CMakeFiles/ublox_msgs__rosidl_typesupport_c.dir/rosidl_typesupport_c/ublox_msgs/msg/esf_raw_block__type_support.cpp.o\x1b[0m\n'}
[31.303092] (-) TimerEvent: {}
[31.334345] (ublox_msgs) StdoutLine: {'line': b'[ 29%] \x1b[32mBuilding CXX object CMakeFiles/ublox_msgs__rosidl_typesupport_c.dir/rosidl_typesupport_c/ublox_msgs/msg/esf_raw__type_support.cpp.o\x1b[0m\n'}
[31.362114] (ublox_msgs) StdoutLine: {'line': b'[ 29%] \x1b[32mBuilding CXX object CMakeFiles/ublox_msgs__rosidl_typesupport_cpp.dir/rosidl_typesupport_cpp/ublox_msgs/msg/rxm_rtcm__type_support.cpp.o\x1b[0m\n'}
[31.381780] (ublox_msgs) StdoutLine: {'line': b'[ 29%] \x1b[32mBuilding CXX object CMakeFiles/ublox_msgs__rosidl_typesupport_c.dir/rosidl_typesupport_c/ublox_msgs/msg/esf_status__type_support.cpp.o\x1b[0m\n'}
[31.382059] (ublox_msgs) StdoutLine: {'line': b'[ 29%] \x1b[32mBuilding CXX object CMakeFiles/ublox_msgs__rosidl_typesupport_cpp.dir/rosidl_typesupport_cpp/ublox_msgs/msg/rxm_sfrb__type_support.cpp.o\x1b[0m\n'}
[31.405578] (-) TimerEvent: {}
[31.421210] (ublox_msgs) StdoutLine: {'line': b'[ 29%] \x1b[32mBuilding CXX object CMakeFiles/ublox_msgs__rosidl_typesupport_c.dir/rosidl_typesupport_c/ublox_msgs/msg/esf_status_sens__type_support.cpp.o\x1b[0m\n'}
[31.421429] (ublox_msgs) StdoutLine: {'line': b'[ 29%] \x1b[32mBuilding CXX object CMakeFiles/ublox_msgs__rosidl_typesupport_cpp.dir/rosidl_typesupport_cpp/ublox_msgs/msg/rxm_sfrbx__type_support.cpp.o\x1b[0m\n'}
[31.434178] (ublox_msgs) StdoutLine: {'line': b'[ 30%] \x1b[32mBuilding CXX object CMakeFiles/ublox_msgs__rosidl_typesupport_introspection_cpp.dir/rosidl_typesupport_introspection_cpp/ublox_msgs/msg/detail/cfg_gnss__type_support.cpp.o\x1b[0m\n'}
[31.439040] (ublox_msgs) StdoutLine: {'line': b'[ 30%] \x1b[32mBuilding CXX object CMakeFiles/ublox_msgs__rosidl_typesupport_introspection_cpp.dir/rosidl_typesupport_introspection_cpp/ublox_msgs/msg/detail/cfg_hnr__type_support.cpp.o\x1b[0m\n'}
[31.446084] (ublox_msgs) StdoutLine: {'line': b'[ 30%] \x1b[32mBuilding CXX object CMakeFiles/ublox_msgs__rosidl_typesupport_cpp.dir/rosidl_typesupport_cpp/ublox_msgs/msg/rxm_svsi__type_support.cpp.o\x1b[0m\n'}
[31.455595] (ublox_msgs) StdoutLine: {'line': b'[ 30%] \x1b[32mBuilding CXX object CMakeFiles/ublox_msgs__rosidl_typesupport_c.dir/rosidl_typesupport_c/ublox_msgs/msg/hnr_pvt__type_support.cpp.o\x1b[0m\n'}
[31.474681] (ublox_msgs) StdoutLine: {'line': b'[ 30%] \x1b[32mBuilding CXX object CMakeFiles/ublox_msgs__rosidl_typesupport_introspection_cpp.dir/rosidl_typesupport_introspection_cpp/ublox_msgs/msg/detail/cfg_inf__type_support.cpp.o\x1b[0m\n'}
[31.475085] (ublox_msgs) StdoutLine: {'line': b'[ 30%] \x1b[32mBuilding CXX object CMakeFiles/ublox_msgs__rosidl_typesupport_introspection_cpp.dir/rosidl_typesupport_introspection_cpp/ublox_msgs/msg/detail/cfg_inf_block__type_support.cpp.o\x1b[0m\n'}
[31.480266] (ublox_msgs) StdoutLine: {'line': b'[ 31%] \x1b[32mBuilding CXX object CMakeFiles/ublox_msgs__rosidl_typesupport_c.dir/rosidl_typesupport_c/ublox_msgs/msg/inf__type_support.cpp.o\x1b[0m\n'}
[31.487079] (ublox_msgs) StdoutLine: {'line': b'[ 31%] \x1b[32mBuilding CXX object CMakeFiles/ublox_msgs__rosidl_typesupport_c.dir/rosidl_typesupport_c/ublox_msgs/msg/mga_gal__type_support.cpp.o\x1b[0m\n'}
[31.489831] (ublox_msgs) StdoutLine: {'line': b'[ 32%] \x1b[32mBuilding CXX object CMakeFiles/ublox_msgs__rosidl_typesupport_cpp.dir/rosidl_typesupport_cpp/ublox_msgs/msg/rxm_svsisv__type_support.cpp.o\x1b[0m\n'}
[31.501196] (ublox_msgs) StdoutLine: {'line': b'[ 32%] \x1b[32mBuilding CXX object CMakeFiles/ublox_msgs__rosidl_typesupport_introspection_cpp.dir/rosidl_typesupport_introspection_cpp/ublox_msgs/msg/detail/cfg_msg__type_support.cpp.o\x1b[0m\n'}
[31.505659] (-) TimerEvent: {}
[31.513974] (ublox_msgs) StdoutLine: {'line': b'[ 32%] \x1b[32mBuilding CXX object CMakeFiles/ublox_msgs__rosidl_typesupport_c.dir/rosidl_typesupport_c/ublox_msgs/msg/mon_gnss__type_support.cpp.o\x1b[0m\n'}
[31.527478] (ublox_msgs) StdoutLine: {'line': b'[ 32%] \x1b[32mBuilding CXX object CMakeFiles/ublox_msgs__rosidl_typesupport_c.dir/rosidl_typesupport_c/ublox_msgs/msg/mon_hw6__type_support.cpp.o\x1b[0m\n'}
[31.537717] (ublox_msgs) StdoutLine: {'line': b'[ 32%] \x1b[32mBuilding CXX object CMakeFiles/ublox_msgs__rosidl_typesupport_c.dir/rosidl_typesupport_c/ublox_msgs/msg/mon_hw__type_support.cpp.o\x1b[0m\n'}
[31.556892] (ublox_msgs) StdoutLine: {'line': b'[ 32%] \x1b[32mBuilding CXX object CMakeFiles/ublox_msgs__rosidl_typesupport_c.dir/rosidl_typesupport_c/ublox_msgs/msg/mon_ver_extension__type_support.cpp.o\x1b[0m\n'}
[31.593250] (ublox_msgs) StdoutLine: {'line': b'[ 32%] \x1b[32mBuilding CXX object CMakeFiles/ublox_msgs__rosidl_typesupport_introspection_cpp.dir/rosidl_typesupport_introspection_cpp/ublox_msgs/msg/detail/cfg_nav5__type_support.cpp.o\x1b[0m\n'}
[31.593452] (ublox_msgs) StdoutLine: {'line': b'[ 32%] \x1b[32mBuilding CXX object CMakeFiles/ublox_msgs__rosidl_typesupport_c.dir/rosidl_typesupport_c/ublox_msgs/msg/nav_att__type_support.cpp.o\x1b[0m\n'}
[31.596305] (ublox_msgs) StdoutLine: {'line': b'[ 33%] \x1b[32mBuilding CXX object CMakeFiles/ublox_msgs__rosidl_typesupport_c.dir/rosidl_typesupport_c/ublox_msgs/msg/mon_ver__type_support.cpp.o\x1b[0m\n'}
[31.605900] (-) TimerEvent: {}
[31.629228] (ublox_msgs) StdoutLine: {'line': b'[ 33%] \x1b[32mBuilding CXX object CMakeFiles/ublox_msgs__rosidl_typesupport_c.dir/rosidl_typesupport_c/ublox_msgs/msg/nav_clock__type_support.cpp.o\x1b[0m\n'}
[31.641558] (ublox_msgs) StdoutLine: {'line': b'[ 34%] \x1b[32mBuilding CXX object CMakeFiles/ublox_msgs__rosidl_typesupport_introspection_cpp.dir/rosidl_typesupport_introspection_cpp/ublox_msgs/msg/detail/cfg_navx5__type_support.cpp.o\x1b[0m\n'}
[31.656592] (ublox_msgs) StdoutLine: {'line': b'[ 34%] \x1b[32mBuilding CXX object CMakeFiles/ublox_msgs__rosidl_typesupport_introspection_cpp.dir/rosidl_typesupport_introspection_cpp/ublox_msgs/msg/detail/cfg_nmea6__type_support.cpp.o\x1b[0m\n'}
[31.669538] (ublox_msgs) StdoutLine: {'line': b'[ 34%] \x1b[32mBuilding CXX object CMakeFiles/ublox_msgs__rosidl_typesupport_c.dir/rosidl_typesupport_c/ublox_msgs/msg/nav_dgps__type_support.cpp.o\x1b[0m\n'}
[31.689418] (ublox_msgs) StdoutLine: {'line': b'[ 34%] \x1b[32mBuilding CXX object CMakeFiles/ublox_msgs__rosidl_typesupport_c.dir/rosidl_typesupport_c/ublox_msgs/msg/nav_dgpssv__type_support.cpp.o\x1b[0m\n'}
[31.706026] (-) TimerEvent: {}
[31.713207] (ublox_msgs) StdoutLine: {'line': b'[ 34%] \x1b[32mBuilding CXX object CMakeFiles/ublox_msgs__rosidl_typesupport_introspection_cpp.dir/rosidl_typesupport_introspection_cpp/ublox_msgs/msg/detail/cfg_nmea7__type_support.cpp.o\x1b[0m\n'}
[31.720759] (ublox_msgs) StdoutLine: {'line': b'[ 34%] \x1b[32mBuilding CXX object CMakeFiles/ublox_msgs__rosidl_typesupport_cpp.dir/rosidl_typesupport_cpp/ublox_msgs/msg/tim_tm2__type_support.cpp.o\x1b[0m\n'}
[31.727881] (ublox_msgs) StdoutLine: {'line': b'[ 34%] \x1b[32mBuilding CXX object CMakeFiles/ublox_msgs__rosidl_typesupport_c.dir/rosidl_typesupport_c/ublox_msgs/msg/nav_dop__type_support.cpp.o\x1b[0m\n'}
[31.742085] (ublox_msgs) StdoutLine: {'line': b'[ 34%] \x1b[32mBuilding CXX object CMakeFiles/ublox_msgs__rosidl_typesupport_cpp.dir/rosidl_typesupport_cpp/ublox_msgs/msg/upd_sos_ack__type_support.cpp.o\x1b[0m\n'}
[31.763042] (ublox_msgs) StdoutLine: {'line': b'[ 34%] \x1b[32mBuilding CXX object CMakeFiles/ublox_msgs__rosidl_typesupport_introspection_cpp.dir/rosidl_typesupport_introspection_cpp/ublox_msgs/msg/detail/cfg_nmea__type_support.cpp.o\x1b[0m\n'}
[31.776197] (ublox_msgs) StdoutLine: {'line': b'[ 34%] \x1b[32mBuilding CXX object CMakeFiles/ublox_msgs__rosidl_typesupport_c.dir/rosidl_typesupport_c/ublox_msgs/msg/nav_posecef__type_support.cpp.o\x1b[0m\n'}
[31.806105] (-) TimerEvent: {}
[31.814588] (ublox_msgs) StdoutLine: {'line': b'[ 35%] \x1b[32mBuilding CXX object CMakeFiles/ublox_msgs__rosidl_typesupport_c.dir/rosidl_typesupport_c/ublox_msgs/msg/nav_posllh__type_support.cpp.o\x1b[0m\n'}
[31.823150] (ublox_msgs) StdoutLine: {'line': b'[ 35%] \x1b[32mBuilding CXX object CMakeFiles/ublox_msgs__rosidl_typesupport_cpp.dir/rosidl_typesupport_cpp/ublox_msgs/msg/upd_sos__type_support.cpp.o\x1b[0m\n'}
[31.858112] (ublox_msgs) StdoutLine: {'line': b'[ 35%] \x1b[32mBuilding CXX object CMakeFiles/ublox_msgs__rosidl_typesupport_c.dir/rosidl_typesupport_c/ublox_msgs/msg/nav_pvt7__type_support.cpp.o\x1b[0m\n'}
[31.858332] (ublox_msgs) StdoutLine: {'line': b'[ 35%] \x1b[32mBuilding CXX object CMakeFiles/ublox_msgs__rosidl_typesupport_c.dir/rosidl_typesupport_c/ublox_msgs/msg/nav_pvt__type_support.cpp.o\x1b[0m\n'}
[31.882381] (ublox_msgs) StdoutLine: {'line': b'[ 35%] \x1b[32mBuilding CXX object CMakeFiles/ublox_msgs__rosidl_typesupport_introspection_cpp.dir/rosidl_typesupport_introspection_cpp/ublox_msgs/msg/detail/cfg_prt__type_support.cpp.o\x1b[0m\n'}
[31.888568] (ublox_msgs) StdoutLine: {'line': b'[ 35%] \x1b[32mBuilding CXX object CMakeFiles/ublox_msgs__rosidl_typesupport_c.dir/rosidl_typesupport_c/ublox_msgs/msg/nav_relposned9__type_support.cpp.o\x1b[0m\n'}
[31.900221] (ublox_msgs) StdoutLine: {'line': b'[ 35%] \x1b[32mBuilding CXX object CMakeFiles/ublox_msgs__rosidl_typesupport_introspection_cpp.dir/rosidl_typesupport_introspection_cpp/ublox_msgs/msg/detail/cfg_rate__type_support.cpp.o\x1b[0m\n'}
[31.906574] (ublox_msgs) StdoutLine: {'line': b'[ 35%] \x1b[32mBuilding CXX object CMakeFiles/ublox_msgs__rosidl_typesupport_c.dir/rosidl_typesupport_c/ublox_msgs/msg/nav_relposned__type_support.cpp.o\x1b[0m\n'}
[31.906784] (-) TimerEvent: {}
[31.916061] (ublox_msgs) StdoutLine: {'line': b'[ 35%] \x1b[32mBuilding CXX object CMakeFiles/ublox_msgs__rosidl_typesupport_introspection_cpp.dir/rosidl_typesupport_introspection_cpp/ublox_msgs/msg/detail/cfg_rst__type_support.cpp.o\x1b[0m\n'}
[31.930087] (ublox_msgs) StdoutLine: {'line': b'[ 36%] \x1b[32mBuilding CXX object CMakeFiles/ublox_msgs__rosidl_typesupport_introspection_cpp.dir/rosidl_typesupport_introspection_cpp/ublox_msgs/msg/detail/cfg_sbas__type_support.cpp.o\x1b[0m\n'}
[31.946852] (ublox_msgs) StdoutLine: {'line': b'[ 36%] \x1b[32mBuilding CXX object CMakeFiles/ublox_msgs__rosidl_typesupport_c.dir/rosidl_typesupport_c/ublox_msgs/msg/nav_sat__type_support.cpp.o\x1b[0m\n'}
[31.959977] (ublox_msgs) StdoutLine: {'line': b'[ 36%] \x1b[32mBuilding CXX object CMakeFiles/ublox_msgs__rosidl_typesupport_fastrtps_cpp.dir/rosidl_typesupport_fastrtps_cpp/ublox_msgs/msg/detail/dds_fastrtps/ack__type_support.cpp.o\x1b[0m\n'}
[31.991078] (ublox_msgs) StdoutLine: {'line': b'[ 37%] \x1b[32mBuilding CXX object CMakeFiles/ublox_msgs__rosidl_typesupport_c.dir/rosidl_typesupport_c/ublox_msgs/msg/nav_satsv__type_support.cpp.o\x1b[0m\n'}
[31.999093] (ublox_msgs) StdoutLine: {'line': b'[ 37%] \x1b[32mBuilding CXX object CMakeFiles/ublox_msgs__rosidl_typesupport_c.dir/rosidl_typesupport_c/ublox_msgs/msg/nav_sbas__type_support.cpp.o\x1b[0m\n'}
[32.006917] (-) TimerEvent: {}
[32.025158] (ublox_msgs) StdoutLine: {'line': b'[ 37%] \x1b[32mBuilding CXX object CMakeFiles/ublox_msgs__rosidl_typesupport_fastrtps_cpp.dir/rosidl_typesupport_fastrtps_cpp/ublox_msgs/msg/detail/dds_fastrtps/aid_alm__type_support.cpp.o\x1b[0m\n'}
[32.028062] (ublox_msgs) StdoutLine: {'line': b'[ 37%] \x1b[32mBuilding CXX object CMakeFiles/ublox_msgs__rosidl_typesupport_c.dir/rosidl_typesupport_c/ublox_msgs/msg/nav_sbassv__type_support.cpp.o\x1b[0m\n'}
[32.037136] (ublox_msgs) StdoutLine: {'line': b'[ 38%] \x1b[32mBuilding CXX object CMakeFiles/ublox_msgs__rosidl_typesupport_fastrtps_cpp.dir/rosidl_typesupport_fastrtps_cpp/ublox_msgs/msg/detail/dds_fastrtps/aid_eph__type_support.cpp.o\x1b[0m\n'}
[32.049144] (ublox_msgs) StdoutLine: {'line': b'[ 38%] \x1b[32mBuilding CXX object CMakeFiles/ublox_msgs__rosidl_typesupport_fastrtps_cpp.dir/rosidl_typesupport_fastrtps_cpp/ublox_msgs/msg/detail/dds_fastrtps/aid_hui__type_support.cpp.o\x1b[0m\n'}
[32.051480] (ublox_msgs) StdoutLine: {'line': b'[ 38%] \x1b[32mBuilding CXX object CMakeFiles/ublox_msgs__rosidl_typesupport_fastrtps_cpp.dir/rosidl_typesupport_fastrtps_cpp/ublox_msgs/msg/detail/dds_fastrtps/cfg_ant__type_support.cpp.o\x1b[0m\n'}
[32.061121] (ublox_msgs) StdoutLine: {'line': b'[ 38%] \x1b[32mBuilding CXX object CMakeFiles/ublox_msgs__rosidl_typesupport_c.dir/rosidl_typesupport_c/ublox_msgs/msg/nav_status__type_support.cpp.o\x1b[0m\n'}
[32.061338] (ublox_msgs) StdoutLine: {'line': b'[ 38%] \x1b[32mBuilding CXX object CMakeFiles/ublox_msgs__rosidl_typesupport_c.dir/rosidl_typesupport_c/ublox_msgs/msg/nav_sol__type_support.cpp.o\x1b[0m\n'}
[32.095836] (ublox_msgs) StdoutLine: {'line': b'[ 38%] \x1b[32mBuilding CXX object CMakeFiles/ublox_msgs__rosidl_typesupport_fastrtps_cpp.dir/rosidl_typesupport_fastrtps_cpp/ublox_msgs/msg/detail/dds_fastrtps/cfg_cfg__type_support.cpp.o\x1b[0m\n'}
[32.096089] (ublox_msgs) StdoutLine: {'line': b'[ 38%] \x1b[32mBuilding CXX object CMakeFiles/ublox_msgs__rosidl_typesupport_c.dir/rosidl_typesupport_c/ublox_msgs/msg/nav_svinfo__type_support.cpp.o\x1b[0m\n'}
[32.101999] (ublox_msgs) StdoutLine: {'line': b'[ 38%] \x1b[32m\x1b[1mLinking CXX shared library libublox_msgs__rosidl_typesupport_cpp.so\x1b[0m\n'}
[32.107034] (-) TimerEvent: {}
[32.119974] (ublox_msgs) StdoutLine: {'line': b'[ 38%] \x1b[32mBuilding CXX object CMakeFiles/ublox_msgs__rosidl_typesupport_introspection_cpp.dir/rosidl_typesupport_introspection_cpp/ublox_msgs/msg/detail/cfg_tmode3__type_support.cpp.o\x1b[0m\n'}
[32.129507] (ublox_msgs) StdoutLine: {'line': b'[ 39%] \x1b[32mBuilding CXX object CMakeFiles/ublox_msgs__rosidl_typesupport_c.dir/rosidl_typesupport_c/ublox_msgs/msg/nav_svinfosv__type_support.cpp.o\x1b[0m\n'}
[32.160171] (ublox_msgs) StdoutLine: {'line': b'[ 39%] \x1b[32mBuilding CXX object CMakeFiles/ublox_msgs__rosidl_typesupport_fastrtps_cpp.dir/rosidl_typesupport_fastrtps_cpp/ublox_msgs/msg/detail/dds_fastrtps/cfg_dat__type_support.cpp.o\x1b[0m\n'}
[32.172201] (ublox_msgs) StdoutLine: {'line': b'[ 39%] Built target ublox_msgs__rosidl_typesupport_cpp\n'}
[32.174816] (ublox_msgs) StdoutLine: {'line': b'[ 39%] \x1b[32mBuilding CXX object CMakeFiles/ublox_msgs__rosidl_typesupport_c.dir/rosidl_typesupport_c/ublox_msgs/msg/nav_svin__type_support.cpp.o\x1b[0m\n'}
[32.184677] (ublox_msgs) StdoutLine: {'line': b'[ 39%] \x1b[32mBuilding CXX object CMakeFiles/ublox_msgs__rosidl_typesupport_introspection_cpp.dir/rosidl_typesupport_introspection_cpp/ublox_msgs/msg/detail/cfg_usb__type_support.cpp.o\x1b[0m\n'}
[32.207143] (-) TimerEvent: {}
[32.221498] (ublox_msgs) StdoutLine: {'line': b'[ 39%] \x1b[32mBuilding CXX object CMakeFiles/ublox_msgs__rosidl_typesupport_c.dir/rosidl_typesupport_c/ublox_msgs/msg/nav_timegps__type_support.cpp.o\x1b[0m\n'}
[32.259151] (ublox_msgs) StdoutLine: {'line': b'[ 39%] \x1b[32mBuilding CXX object CMakeFiles/ublox_msgs__rosidl_typesupport_c.dir/rosidl_typesupport_c/ublox_msgs/msg/nav_timeutc__type_support.cpp.o\x1b[0m\n'}
[32.285472] (ublox_msgs) StdoutLine: {'line': b'[ 39%] \x1b[32mBuilding CXX object CMakeFiles/ublox_msgs__rosidl_typesupport_fastrtps_cpp.dir/rosidl_typesupport_fastrtps_cpp/ublox_msgs/msg/detail/dds_fastrtps/cfg_dgnss__type_support.cpp.o\x1b[0m\n'}
[32.291024] (ublox_msgs) StdoutLine: {'line': b'[ 39%] \x1b[32mBuilding CXX object CMakeFiles/ublox_msgs__rosidl_typesupport_c.dir/rosidl_typesupport_c/ublox_msgs/msg/nav_velecef__type_support.cpp.o\x1b[0m\n'}
[32.294931] (ublox_msgs) StdoutLine: {'line': b'[ 39%] \x1b[32mBuilding CXX object CMakeFiles/ublox_msgs_lib.dir/src/ublox_msgs.cpp.o\x1b[0m\n'}
[32.295193] (ublox_msgs) StdoutLine: {'line': b'[ 39%] \x1b[32mBuilding CXX object CMakeFiles/ublox_msgs__rosidl_typesupport_fastrtps_cpp.dir/rosidl_typesupport_fastrtps_cpp/ublox_msgs/msg/detail/dds_fastrtps/cfg_gnss_block__type_support.cpp.o\x1b[0m\n'}
[32.307254] (-) TimerEvent: {}
[32.325918] (ublox_msgs) StdoutLine: {'line': b'[ 39%] \x1b[32mBuilding CXX object CMakeFiles/ublox_msgs__rosidl_typesupport_introspection_cpp.dir/rosidl_typesupport_introspection_cpp/ublox_msgs/msg/detail/esf_ins__type_support.cpp.o\x1b[0m\n'}
[32.328486] (ublox_msgs) StdoutLine: {'line': b'[ 39%] \x1b[32mBuilding CXX object CMakeFiles/ublox_msgs__rosidl_typesupport_c.dir/rosidl_typesupport_c/ublox_msgs/msg/nav_velned__type_support.cpp.o\x1b[0m\n'}
[32.348150] (ublox_msgs) StdoutLine: {'line': b'[ 39%] \x1b[32mBuilding CXX object CMakeFiles/ublox_msgs__rosidl_typesupport_introspection_cpp.dir/rosidl_typesupport_introspection_cpp/ublox_msgs/msg/detail/esf_meas__type_support.cpp.o\x1b[0m\n'}
[32.372314] (ublox_msgs) StdoutLine: {'line': b'[ 39%] \x1b[32mBuilding CXX object CMakeFiles/ublox_msgs__rosidl_typesupport_c.dir/rosidl_typesupport_c/ublox_msgs/msg/rxm_alm__type_support.cpp.o\x1b[0m\n'}
[32.407099] (ublox_msgs) StdoutLine: {'line': b'[ 40%] \x1b[32mBuilding CXX object CMakeFiles/ublox_msgs__rosidl_typesupport_c.dir/rosidl_typesupport_c/ublox_msgs/msg/rxm_eph__type_support.cpp.o\x1b[0m\n'}
[32.407300] (-) TimerEvent: {}
[32.425229] (ublox_msgs) StdoutLine: {'line': b'[ 41%] \x1b[32mBuilding CXX object CMakeFiles/ublox_msgs__rosidl_typesupport_fastrtps_cpp.dir/rosidl_typesupport_fastrtps_cpp/ublox_msgs/msg/detail/dds_fastrtps/cfg_gnss__type_support.cpp.o\x1b[0m\n'}
[32.436263] (ublox_msgs) StdoutLine: {'line': b'[ 41%] \x1b[32mBuilding CXX object CMakeFiles/ublox_msgs__rosidl_typesupport_introspection_cpp.dir/rosidl_typesupport_introspection_cpp/ublox_msgs/msg/detail/esf_raw_block__type_support.cpp.o\x1b[0m\n'}
[32.442065] (ublox_msgs) StdoutLine: {'line': b'[ 41%] \x1b[32mBuilding CXX object CMakeFiles/ublox_msgs__rosidl_typesupport_c.dir/rosidl_typesupport_c/ublox_msgs/msg/rxm_raw__type_support.cpp.o\x1b[0m\n'}
[32.447221] (ublox_msgs) StdoutLine: {'line': b'[ 42%] \x1b[32mBuilding CXX object CMakeFiles/ublox_msgs__rosidl_typesupport_introspection_cpp.dir/rosidl_typesupport_introspection_cpp/ublox_msgs/msg/detail/esf_raw__type_support.cpp.o\x1b[0m\n'}
[32.474090] (ublox_msgs) StdoutLine: {'line': b'[ 42%] \x1b[32mBuilding CXX object CMakeFiles/ublox_msgs__rosidl_typesupport_c.dir/rosidl_typesupport_c/ublox_msgs/msg/rxm_rawsv__type_support.cpp.o\x1b[0m\n'}
[32.474287] (ublox_msgs) StdoutLine: {'line': b'[ 42%] \x1b[32mBuilding CXX object CMakeFiles/ublox_msgs__rosidl_typesupport_introspection_cpp.dir/rosidl_typesupport_introspection_cpp/ublox_msgs/msg/detail/esf_status__type_support.cpp.o\x1b[0m\n'}
[32.493520] (ublox_msgs) StdoutLine: {'line': b'[ 42%] \x1b[32mBuilding CXX object CMakeFiles/ublox_msgs__rosidl_typesupport_introspection_cpp.dir/rosidl_typesupport_introspection_cpp/ublox_msgs/msg/detail/esf_status_sens__type_support.cpp.o\x1b[0m\n'}
[32.501752] (ublox_msgs) StdoutLine: {'line': b'[ 42%] \x1b[32mBuilding CXX object CMakeFiles/ublox_msgs__rosidl_typesupport_fastrtps_cpp.dir/rosidl_typesupport_fastrtps_cpp/ublox_msgs/msg/detail/dds_fastrtps/cfg_hnr__type_support.cpp.o\x1b[0m\n'}
[32.507432] (-) TimerEvent: {}
[32.509277] (ublox_msgs) StdoutLine: {'line': b'[ 42%] \x1b[32mBuilding CXX object CMakeFiles/ublox_msgs__rosidl_typesupport_c.dir/rosidl_typesupport_c/ublox_msgs/msg/rxm_rawx_meas__type_support.cpp.o\x1b[0m\n'}
[32.541081] (ublox_msgs) StdoutLine: {'line': b'[ 42%] \x1b[32mBuilding CXX object CMakeFiles/ublox_msgs__rosidl_typesupport_c.dir/rosidl_typesupport_c/ublox_msgs/msg/rxm_rawx__type_support.cpp.o\x1b[0m\n'}
[32.567261] (ublox_msgs) StdoutLine: {'line': b'[ 42%] \x1b[32mBuilding CXX object CMakeFiles/ublox_msgs__rosidl_typesupport_c.dir/rosidl_typesupport_c/ublox_msgs/msg/rxm_rtcm__type_support.cpp.o\x1b[0m\n'}
[32.572070] (ublox_msgs) StdoutLine: {'line': b'[ 43%] \x1b[32mBuilding CXX object CMakeFiles/ublox_msgs__rosidl_typesupport_c.dir/rosidl_typesupport_c/ublox_msgs/msg/rxm_sfrb__type_support.cpp.o\x1b[0m\n'}
[32.588322] (ublox_msgs) StdoutLine: {'line': b'[ 43%] \x1b[32mBuilding CXX object CMakeFiles/ublox_msgs__rosidl_typesupport_c.dir/rosidl_typesupport_c/ublox_msgs/msg/rxm_sfrbx__type_support.cpp.o\x1b[0m\n'}
[32.607558] (-) TimerEvent: {}
[32.608112] (ublox_msgs) StdoutLine: {'line': b'[ 43%] \x1b[32mBuilding CXX object CMakeFiles/ublox_msgs__rosidl_typesupport_introspection_cpp.dir/rosidl_typesupport_introspection_cpp/ublox_msgs/msg/detail/hnr_pvt__type_support.cpp.o\x1b[0m\n'}
[32.612514] (ublox_msgs) StdoutLine: {'line': b'[ 43%] \x1b[32mBuilding CXX object CMakeFiles/ublox_msgs__rosidl_typesupport_introspection_cpp.dir/rosidl_typesupport_introspection_cpp/ublox_msgs/msg/detail/inf__type_support.cpp.o\x1b[0m\n'}
[32.623543] (ublox_msgs) StdoutLine: {'line': b'[ 43%] \x1b[32mBuilding CXX object CMakeFiles/ublox_msgs__rosidl_typesupport_c.dir/rosidl_typesupport_c/ublox_msgs/msg/rxm_svsi__type_support.cpp.o\x1b[0m\n'}
[32.688471] (ublox_msgs) StdoutLine: {'line': b'[ 43%] \x1b[32mBuilding CXX object CMakeFiles/ublox_msgs__rosidl_typesupport_c.dir/rosidl_typesupport_c/ublox_msgs/msg/rxm_svsisv__type_support.cpp.o\x1b[0m\n'}
[32.692475] (ublox_msgs) StdoutLine: {'line': b'[ 43%] \x1b[32mBuilding CXX object CMakeFiles/ublox_msgs__rosidl_typesupport_introspection_cpp.dir/rosidl_typesupport_introspection_cpp/ublox_msgs/msg/detail/mga_gal__type_support.cpp.o\x1b[0m\n'}
[32.697888] (ublox_msgs) StdoutLine: {'line': b'[ 43%] \x1b[32mBuilding CXX object CMakeFiles/ublox_msgs__rosidl_typesupport_fastrtps_cpp.dir/rosidl_typesupport_fastrtps_cpp/ublox_msgs/msg/detail/dds_fastrtps/cfg_inf_block__type_support.cpp.o\x1b[0m\n'}
[32.707678] (-) TimerEvent: {}
[32.710634] (ublox_msgs) StdoutLine: {'line': b'[ 43%] \x1b[32mBuilding CXX object CMakeFiles/ublox_msgs__rosidl_typesupport_c.dir/rosidl_typesupport_c/ublox_msgs/msg/tim_tm2__type_support.cpp.o\x1b[0m\n'}
[32.748862] (ublox_msgs) StdoutLine: {'line': b'[ 43%] \x1b[32mBuilding CXX object CMakeFiles/ublox_msgs__rosidl_typesupport_fastrtps_cpp.dir/rosidl_typesupport_fastrtps_cpp/ublox_msgs/msg/detail/dds_fastrtps/cfg_inf__type_support.cpp.o\x1b[0m\n'}
[32.753163] (ublox_msgs) StdoutLine: {'line': b'[ 43%] \x1b[32mBuilding CXX object CMakeFiles/ublox_msgs__rosidl_typesupport_c.dir/rosidl_typesupport_c/ublox_msgs/msg/upd_sos_ack__type_support.cpp.o\x1b[0m\n'}
[32.770205] (ublox_msgs) StdoutLine: {'line': b'[ 43%] \x1b[32mBuilding CXX object CMakeFiles/ublox_msgs__rosidl_typesupport_fastrtps_cpp.dir/rosidl_typesupport_fastrtps_cpp/ublox_msgs/msg/detail/dds_fastrtps/cfg_msg__type_support.cpp.o\x1b[0m\n'}
[32.807792] (-) TimerEvent: {}
[32.820341] (ublox_msgs) StdoutLine: {'line': b'[ 43%] \x1b[32mBuilding CXX object CMakeFiles/ublox_msgs__rosidl_typesupport_c.dir/rosidl_typesupport_c/ublox_msgs/msg/upd_sos__type_support.cpp.o\x1b[0m\n'}
[32.854159] (ublox_msgs) StdoutLine: {'line': b'[ 43%] \x1b[32mBuilding CXX object CMakeFiles/ublox_msgs__rosidl_typesupport_introspection_cpp.dir/rosidl_typesupport_introspection_cpp/ublox_msgs/msg/detail/mon_gnss__type_support.cpp.o\x1b[0m\n'}
[32.875016] (ublox_msgs) StdoutLine: {'line': b'[ 44%] \x1b[32m\x1b[1mLinking CXX shared library libublox_msgs__rosidl_typesupport_c.so\x1b[0m\n'}
[32.875773] (ublox_msgs) StdoutLine: {'line': b'[ 45%] \x1b[32mBuilding CXX object CMakeFiles/ublox_msgs__rosidl_typesupport_introspection_cpp.dir/rosidl_typesupport_introspection_cpp/ublox_msgs/msg/detail/mon_hw6__type_support.cpp.o\x1b[0m\n'}
[32.894969] (ublox_msgs) StdoutLine: {'line': b'[ 45%] \x1b[32mBuilding CXX object CMakeFiles/ublox_msgs__rosidl_typesupport_fastrtps_cpp.dir/rosidl_typesupport_fastrtps_cpp/ublox_msgs/msg/detail/dds_fastrtps/cfg_nav5__type_support.cpp.o\x1b[0m\n'}
[32.907144] (ublox_msgs) StdoutLine: {'line': b'[ 45%] \x1b[32mBuilding CXX object CMakeFiles/ublox_msgs__rosidl_typesupport_introspection_cpp.dir/rosidl_typesupport_introspection_cpp/ublox_msgs/msg/detail/mon_hw__type_support.cpp.o\x1b[0m\n'}
[32.908063] (-) TimerEvent: {}
[32.913963] (ublox_msgs) StdoutLine: {'line': b'[ 46%] \x1b[32mBuilding CXX object CMakeFiles/ublox_msgs__rosidl_typesupport_fastrtps_cpp.dir/rosidl_typesupport_fastrtps_cpp/ublox_msgs/msg/detail/dds_fastrtps/cfg_navx5__type_support.cpp.o\x1b[0m\n'}
[32.914199] (ublox_msgs) StdoutLine: {'line': b'[ 46%] \x1b[32mBuilding CXX object CMakeFiles/ublox_msgs__rosidl_typesupport_fastrtps_cpp.dir/rosidl_typesupport_fastrtps_cpp/ublox_msgs/msg/detail/dds_fastrtps/cfg_nmea6__type_support.cpp.o\x1b[0m\n'}
[32.939526] (ublox_msgs) StdoutLine: {'line': b'[ 47%] \x1b[32mBuilding C object CMakeFiles/ublox_msgs__rosidl_typesupport_introspection_c.dir/rosidl_typesupport_introspection_c/ublox_msgs/msg/detail/ack__type_support.c.o\x1b[0m\n'}
[32.953058] (ublox_msgs) StdoutLine: {'line': b'[ 47%] Built target ublox_msgs__rosidl_typesupport_c\n'}
[32.964771] (ublox_msgs) StdoutLine: {'line': b'[ 47%] \x1b[32mBuilding CXX object CMakeFiles/ublox_msgs__rosidl_typesupport_introspection_cpp.dir/rosidl_typesupport_introspection_cpp/ublox_msgs/msg/detail/mon_ver_extension__type_support.cpp.o\x1b[0m\n'}
[32.979609] (ublox_msgs) StdoutLine: {'line': b'[ 47%] \x1b[32mBuilding C object CMakeFiles/ublox_msgs__rosidl_typesupport_introspection_c.dir/rosidl_typesupport_introspection_c/ublox_msgs/msg/detail/aid_alm__type_support.c.o\x1b[0m\n'}
[33.008196] (-) TimerEvent: {}
[33.008610] (ublox_msgs) StdoutLine: {'line': b'[ 47%] \x1b[32mBuilding CXX object CMakeFiles/ublox_msgs__rosidl_typesupport_fastrtps_cpp.dir/rosidl_typesupport_fastrtps_cpp/ublox_msgs/msg/detail/dds_fastrtps/cfg_nmea7__type_support.cpp.o\x1b[0m\n'}
[33.009744] (ublox_msgs) StdoutLine: {'line': b'[ 47%] \x1b[32mBuilding C object CMakeFiles/ublox_msgs__rosidl_typesupport_introspection_c.dir/rosidl_typesupport_introspection_c/ublox_msgs/msg/detail/aid_eph__type_support.c.o\x1b[0m\n'}
[33.023556] (ublox_msgs) StdoutLine: {'line': b'[ 47%] \x1b[32mBuilding CXX object CMakeFiles/ublox_msgs__rosidl_typesupport_fastrtps_cpp.dir/rosidl_typesupport_fastrtps_cpp/ublox_msgs/msg/detail/dds_fastrtps/cfg_nmea__type_support.cpp.o\x1b[0m\n'}
[33.027066] (ublox_msgs) StdoutLine: {'line': b'[ 48%] \x1b[32mBuilding CXX object CMakeFiles/ublox_msgs__rosidl_typesupport_fastrtps_c.dir/rosidl_typesupport_fastrtps_c/ublox_msgs/msg/detail/ack__type_support_c.cpp.o\x1b[0m\n'}
[33.057374] (ublox_msgs) StdoutLine: {'line': b'[ 48%] \x1b[32mBuilding C object CMakeFiles/ublox_msgs__rosidl_typesupport_introspection_c.dir/rosidl_typesupport_introspection_c/ublox_msgs/msg/detail/aid_hui__type_support.c.o\x1b[0m\n'}
[33.084336] (ublox_msgs) StdoutLine: {'line': b'[ 48%] \x1b[32mBuilding C object CMakeFiles/ublox_msgs__rosidl_typesupport_introspection_c.dir/rosidl_typesupport_introspection_c/ublox_msgs/msg/detail/cfg_ant__type_support.c.o\x1b[0m\n'}
[33.088428] (ublox_msgs) StdoutLine: {'line': b'[ 48%] \x1b[32mBuilding CXX object CMakeFiles/ublox_msgs__rosidl_typesupport_introspection_cpp.dir/rosidl_typesupport_introspection_cpp/ublox_msgs/msg/detail/mon_ver__type_support.cpp.o\x1b[0m\n'}
[33.103153] (ublox_msgs) StdoutLine: {'line': b'[ 48%] \x1b[32mBuilding CXX object CMakeFiles/ublox_msgs__rosidl_typesupport_fastrtps_c.dir/rosidl_typesupport_fastrtps_c/ublox_msgs/msg/detail/aid_alm__type_support_c.cpp.o\x1b[0m\n'}
[33.108312] (-) TimerEvent: {}
[33.124154] (ublox_msgs) StdoutLine: {'line': b'[ 48%] \x1b[32mBuilding C object CMakeFiles/ublox_msgs__rosidl_typesupport_introspection_c.dir/rosidl_typesupport_introspection_c/ublox_msgs/msg/detail/cfg_cfg__type_support.c.o\x1b[0m\n'}
[33.152184] (ublox_msgs) StdoutLine: {'line': b'[ 48%] \x1b[32mBuilding CXX object CMakeFiles/ublox_msgs__rosidl_typesupport_fastrtps_c.dir/rosidl_typesupport_fastrtps_c/ublox_msgs/msg/detail/aid_eph__type_support_c.cpp.o\x1b[0m\n'}
[33.167901] (ublox_msgs) StdoutLine: {'line': b'[ 48%] \x1b[32mBuilding C object CMakeFiles/ublox_msgs__rosidl_typesupport_introspection_c.dir/rosidl_typesupport_introspection_c/ublox_msgs/msg/detail/cfg_dat__type_support.c.o\x1b[0m\n'}
[33.208429] (-) TimerEvent: {}
[33.212792] (ublox_msgs) StdoutLine: {'line': b'[ 49%] \x1b[32mBuilding C object CMakeFiles/ublox_msgs__rosidl_typesupport_introspection_c.dir/rosidl_typesupport_introspection_c/ublox_msgs/msg/detail/cfg_dgnss__type_support.c.o\x1b[0m\n'}
[33.217172] (ublox_msgs) StdoutLine: {'line': b'[ 49%] \x1b[32mBuilding C object CMakeFiles/ublox_msgs__rosidl_typesupport_introspection_c.dir/rosidl_typesupport_introspection_c/ublox_msgs/msg/detail/cfg_gnss_block__type_support.c.o\x1b[0m\n'}
[33.234546] (ublox_msgs) StdoutLine: {'line': b'[ 49%] \x1b[32mBuilding C object CMakeFiles/ublox_msgs__rosidl_typesupport_introspection_c.dir/rosidl_typesupport_introspection_c/ublox_msgs/msg/detail/cfg_gnss__type_support.c.o\x1b[0m\n'}
[33.260859] (ublox_msgs) StdoutLine: {'line': b'[ 49%] \x1b[32mBuilding CXX object CMakeFiles/ublox_msgs__rosidl_typesupport_fastrtps_c.dir/rosidl_typesupport_fastrtps_c/ublox_msgs/msg/detail/aid_hui__type_support_c.cpp.o\x1b[0m\n'}
[33.261183] (ublox_msgs) StdoutLine: {'line': b'[ 49%] \x1b[32mBuilding CXX object CMakeFiles/ublox_msgs__rosidl_typesupport_fastrtps_cpp.dir/rosidl_typesupport_fastrtps_cpp/ublox_msgs/msg/detail/dds_fastrtps/cfg_prt__type_support.cpp.o\x1b[0m\n'}
[33.271120] (ublox_msgs) StdoutLine: {'line': b'[ 49%] \x1b[32mBuilding CXX object CMakeFiles/ublox_msgs__rosidl_typesupport_fastrtps_c.dir/rosidl_typesupport_fastrtps_c/ublox_msgs/msg/detail/cfg_ant__type_support_c.cpp.o\x1b[0m\n'}
[33.276434] (ublox_msgs) StdoutLine: {'line': b'[ 49%] \x1b[32mBuilding C object CMakeFiles/ublox_msgs__rosidl_typesupport_introspection_c.dir/rosidl_typesupport_introspection_c/ublox_msgs/msg/detail/cfg_hnr__type_support.c.o\x1b[0m\n'}
[33.287849] (ublox_msgs) StdoutLine: {'line': b'[ 49%] \x1b[32mBuilding C object CMakeFiles/ublox_msgs__rosidl_typesupport_introspection_c.dir/rosidl_typesupport_introspection_c/ublox_msgs/msg/detail/cfg_inf_block__type_support.c.o\x1b[0m\n'}
[33.308552] (-) TimerEvent: {}
[33.308815] (ublox_msgs) StdoutLine: {'line': b'[ 49%] \x1b[32mBuilding C object CMakeFiles/ublox_msgs__rosidl_typesupport_introspection_c.dir/rosidl_typesupport_introspection_c/ublox_msgs/msg/detail/cfg_inf__type_support.c.o\x1b[0m\n'}
[33.316877] (ublox_msgs) StdoutLine: {'line': b'[ 50%] \x1b[32mBuilding C object CMakeFiles/ublox_msgs__rosidl_typesupport_introspection_c.dir/rosidl_typesupport_introspection_c/ublox_msgs/msg/detail/cfg_msg__type_support.c.o\x1b[0m\n'}
[33.318299] (ublox_msgs) StdoutLine: {'line': b'[ 50%] \x1b[32mBuilding CXX object CMakeFiles/ublox_msgs__rosidl_typesupport_fastrtps_cpp.dir/rosidl_typesupport_fastrtps_cpp/ublox_msgs/msg/detail/dds_fastrtps/cfg_rate__type_support.cpp.o\x1b[0m\n'}
[33.320126] (ublox_msgs) StdoutLine: {'line': b'[ 50%] \x1b[32mBuilding CXX object CMakeFiles/ublox_msgs__rosidl_typesupport_introspection_cpp.dir/rosidl_typesupport_introspection_cpp/ublox_msgs/msg/detail/nav_att__type_support.cpp.o\x1b[0m\n'}
[33.333245] (ublox_msgs) StdoutLine: {'line': b'[ 50%] \x1b[32mBuilding CXX object CMakeFiles/ublox_msgs__rosidl_typesupport_fastrtps_c.dir/rosidl_typesupport_fastrtps_c/ublox_msgs/msg/detail/cfg_cfg__type_support_c.cpp.o\x1b[0m\n'}
[33.341390] (ublox_msgs) StdoutLine: {'line': b'[ 51%] \x1b[32mBuilding CXX object CMakeFiles/ublox_msgs__rosidl_typesupport_fastrtps_c.dir/rosidl_typesupport_fastrtps_c/ublox_msgs/msg/detail/cfg_dat__type_support_c.cpp.o\x1b[0m\n'}
[33.352960] (ublox_msgs) StdoutLine: {'line': b'[ 51%] \x1b[32mBuilding CXX object CMakeFiles/ublox_msgs__rosidl_typesupport_fastrtps_cpp.dir/rosidl_typesupport_fastrtps_cpp/ublox_msgs/msg/detail/dds_fastrtps/cfg_rst__type_support.cpp.o\x1b[0m\n'}
[33.353980] (ublox_msgs) StdoutLine: {'line': b'[ 52%] \x1b[32mBuilding CXX object CMakeFiles/ublox_msgs__rosidl_typesupport_fastrtps_cpp.dir/rosidl_typesupport_fastrtps_cpp/ublox_msgs/msg/detail/dds_fastrtps/cfg_sbas__type_support.cpp.o\x1b[0m\n'}
[33.361451] (ublox_msgs) StdoutLine: {'line': b'[ 52%] \x1b[32mBuilding C object CMakeFiles/ublox_msgs__rosidl_typesupport_introspection_c.dir/rosidl_typesupport_introspection_c/ublox_msgs/msg/detail/cfg_nav5__type_support.c.o\x1b[0m\n'}
[33.392969] (ublox_msgs) StdoutLine: {'line': b'[ 52%] \x1b[32mBuilding C object CMakeFiles/ublox_msgs__rosidl_typesupport_introspection_c.dir/rosidl_typesupport_introspection_c/ublox_msgs/msg/detail/cfg_navx5__type_support.c.o\x1b[0m\n'}
[33.410087] (-) TimerEvent: {}
[33.415026] (ublox_msgs) StdoutLine: {'line': b'[ 52%] \x1b[32mBuilding C object CMakeFiles/ublox_msgs__rosidl_typesupport_introspection_c.dir/rosidl_typesupport_introspection_c/ublox_msgs/msg/detail/cfg_nmea6__type_support.c.o\x1b[0m\n'}
[33.443196] (ublox_msgs) StdoutLine: {'line': b'[ 52%] \x1b[32mBuilding C object CMakeFiles/ublox_msgs__rosidl_typesupport_introspection_c.dir/rosidl_typesupport_introspection_c/ublox_msgs/msg/detail/cfg_nmea__type_support.c.o\x1b[0m\n'}
[33.452064] (ublox_msgs) StdoutLine: {'line': b'[ 52%] \x1b[32mBuilding C object CMakeFiles/ublox_msgs__rosidl_typesupport_introspection_c.dir/rosidl_typesupport_introspection_c/ublox_msgs/msg/detail/cfg_nmea7__type_support.c.o\x1b[0m\n'}
[33.472415] (ublox_msgs) StdoutLine: {'line': b'[ 52%] \x1b[32mBuilding CXX object CMakeFiles/ublox_msgs__rosidl_typesupport_fastrtps_cpp.dir/rosidl_typesupport_fastrtps_cpp/ublox_msgs/msg/detail/dds_fastrtps/cfg_tmode3__type_support.cpp.o\x1b[0m\n'}
[33.472974] (ublox_msgs) StdoutLine: {'line': b'[ 52%] \x1b[32mBuilding CXX object CMakeFiles/ublox_msgs__rosidl_typesupport_fastrtps_c.dir/rosidl_typesupport_fastrtps_c/ublox_msgs/msg/detail/cfg_dgnss__type_support_c.cpp.o\x1b[0m\n'}
[33.500253] (ublox_msgs) StdoutLine: {'line': b'[ 52%] \x1b[32mBuilding CXX object CMakeFiles/ublox_msgs__rosidl_typesupport_introspection_cpp.dir/rosidl_typesupport_introspection_cpp/ublox_msgs/msg/detail/nav_clock__type_support.cpp.o\x1b[0m\n'}
[33.506072] (ublox_msgs) StdoutLine: {'line': b'[ 52%] \x1b[32mBuilding CXX object CMakeFiles/ublox_msgs__rosidl_typesupport_fastrtps_cpp.dir/rosidl_typesupport_fastrtps_cpp/ublox_msgs/msg/detail/dds_fastrtps/cfg_usb__type_support.cpp.o\x1b[0m\n'}
[33.510204] (-) TimerEvent: {}
[33.513131] (ublox_msgs) StdoutLine: {'line': b'[ 53%] \x1b[32mBuilding C object CMakeFiles/ublox_msgs__rosidl_typesupport_introspection_c.dir/rosidl_typesupport_introspection_c/ublox_msgs/msg/detail/cfg_prt__type_support.c.o\x1b[0m\n'}
[33.513322] (ublox_msgs) StdoutLine: {'line': b'[ 53%] \x1b[32mBuilding CXX object CMakeFiles/ublox_msgs__rosidl_typesupport_fastrtps_c.dir/rosidl_typesupport_fastrtps_c/ublox_msgs/msg/detail/cfg_gnss_block__type_support_c.cpp.o\x1b[0m\n'}
[33.576593] (ublox_msgs) StdoutLine: {'line': b'[ 53%] \x1b[32mBuilding C object CMakeFiles/ublox_msgs__rosidl_typesupport_introspection_c.dir/rosidl_typesupport_introspection_c/ublox_msgs/msg/detail/cfg_rate__type_support.c.o\x1b[0m\n'}
[33.610324] (-) TimerEvent: {}
[33.615028] (ublox_msgs) StdoutLine: {'line': b'[ 54%] \x1b[32mBuilding CXX object CMakeFiles/ublox_msgs__rosidl_typesupport_introspection_cpp.dir/rosidl_typesupport_introspection_cpp/ublox_msgs/msg/detail/nav_dgps__type_support.cpp.o\x1b[0m\n'}
[33.624762] (ublox_msgs) StdoutLine: {'line': b'[ 54%] \x1b[32mBuilding C object CMakeFiles/ublox_msgs__rosidl_typesupport_introspection_c.dir/rosidl_typesupport_introspection_c/ublox_msgs/msg/detail/cfg_rst__type_support.c.o\x1b[0m\n'}
[33.632143] (ublox_msgs) StdoutLine: {'line': b'[ 54%] \x1b[32mBuilding C object CMakeFiles/ublox_msgs__rosidl_typesupport_introspection_c.dir/rosidl_typesupport_introspection_c/ublox_msgs/msg/detail/cfg_sbas__type_support.c.o\x1b[0m\n'}
[33.657651] (ublox_msgs) StdoutLine: {'line': b'[ 54%] \x1b[32mBuilding CXX object CMakeFiles/ublox_msgs__rosidl_typesupport_fastrtps_cpp.dir/rosidl_typesupport_fastrtps_cpp/ublox_msgs/msg/detail/dds_fastrtps/esf_ins__type_support.cpp.o\x1b[0m\n'}
[33.672598] (ublox_msgs) StdoutLine: {'line': b'[ 54%] \x1b[32mBuilding C object CMakeFiles/ublox_msgs__rosidl_typesupport_introspection_c.dir/rosidl_typesupport_introspection_c/ublox_msgs/msg/detail/cfg_tmode3__type_support.c.o\x1b[0m\n'}
[33.680374] (ublox_msgs) StdoutLine: {'line': b'[ 54%] \x1b[32mBuilding C object CMakeFiles/ublox_msgs__rosidl_typesupport_introspection_c.dir/rosidl_typesupport_introspection_c/ublox_msgs/msg/detail/cfg_usb__type_support.c.o\x1b[0m\n'}
[33.696601] (ublox_msgs) StdoutLine: {'line': b'[ 54%] \x1b[32mBuilding CXX object CMakeFiles/ublox_msgs__rosidl_typesupport_introspection_cpp.dir/rosidl_typesupport_introspection_cpp/ublox_msgs/msg/detail/nav_dgpssv__type_support.cpp.o\x1b[0m\n'}
[33.707069] (ublox_msgs) StdoutLine: {'line': b'[ 54%] \x1b[32mBuilding CXX object CMakeFiles/ublox_msgs__rosidl_typesupport_fastrtps_c.dir/rosidl_typesupport_fastrtps_c/ublox_msgs/msg/detail/cfg_gnss__type_support_c.cpp.o\x1b[0m\n'}
[33.711044] (-) TimerEvent: {}
[33.716579] (ublox_msgs) StdoutLine: {'line': b'[ 54%] \x1b[32mBuilding C object CMakeFiles/ublox_msgs__rosidl_typesupport_introspection_c.dir/rosidl_typesupport_introspection_c/ublox_msgs/msg/detail/esf_ins__type_support.c.o\x1b[0m\n'}
[33.727137] (ublox_msgs) StdoutLine: {'line': b'[ 54%] \x1b[32mBuilding CXX object CMakeFiles/ublox_msgs__rosidl_typesupport_introspection_cpp.dir/rosidl_typesupport_introspection_cpp/ublox_msgs/msg/detail/nav_dop__type_support.cpp.o\x1b[0m\n'}
[33.735828] (ublox_msgs) StdoutLine: {'line': b'[ 54%] \x1b[32mBuilding CXX object CMakeFiles/ublox_msgs__rosidl_typesupport_introspection_cpp.dir/rosidl_typesupport_introspection_cpp/ublox_msgs/msg/detail/nav_posecef__type_support.cpp.o\x1b[0m\n'}
[33.739580] (ublox_msgs) StdoutLine: {'line': b'[ 55%] \x1b[32mBuilding C object CMakeFiles/ublox_msgs__rosidl_typesupport_introspection_c.dir/rosidl_typesupport_introspection_c/ublox_msgs/msg/detail/esf_meas__type_support.c.o\x1b[0m\n'}
[33.760177] (ublox_msgs) StdoutLine: {'line': b'[ 55%] \x1b[32mBuilding C object CMakeFiles/ublox_msgs__rosidl_typesupport_introspection_c.dir/rosidl_typesupport_introspection_c/ublox_msgs/msg/detail/esf_raw_block__type_support.c.o\x1b[0m\n'}
[33.767098] (ublox_msgs) StdoutLine: {'line': b'[ 55%] \x1b[32mBuilding CXX object CMakeFiles/ublox_msgs__rosidl_typesupport_fastrtps_cpp.dir/rosidl_typesupport_fastrtps_cpp/ublox_msgs/msg/detail/dds_fastrtps/esf_meas__type_support.cpp.o\x1b[0m\n'}
[33.790069] (ublox_msgs) StdoutLine: {'line': b'[ 55%] \x1b[32mBuilding C object CMakeFiles/ublox_msgs__rosidl_typesupport_introspection_c.dir/rosidl_typesupport_introspection_c/ublox_msgs/msg/detail/esf_raw__type_support.c.o\x1b[0m\n'}
[33.800110] (ublox_msgs) StdoutLine: {'line': b'[ 55%] \x1b[32mBuilding CXX object CMakeFiles/ublox_msgs__rosidl_typesupport_fastrtps_c.dir/rosidl_typesupport_fastrtps_c/ublox_msgs/msg/detail/cfg_hnr__type_support_c.cpp.o\x1b[0m\n'}
[33.807818] (ublox_msgs) StdoutLine: {'line': b'[ 55%] \x1b[32mBuilding CXX object CMakeFiles/ublox_msgs__rosidl_typesupport_fastrtps_c.dir/rosidl_typesupport_fastrtps_c/ublox_msgs/msg/detail/cfg_inf_block__type_support_c.cpp.o\x1b[0m\n'}
[33.811143] (-) TimerEvent: {}
[33.815595] (ublox_msgs) StdoutLine: {'line': b'[ 55%] \x1b[32mBuilding CXX object CMakeFiles/ublox_msgs__rosidl_typesupport_fastrtps_cpp.dir/rosidl_typesupport_fastrtps_cpp/ublox_msgs/msg/detail/dds_fastrtps/esf_raw_block__type_support.cpp.o\x1b[0m\n'}
[33.844231] (ublox_msgs) StdoutLine: {'line': b'[ 55%] \x1b[32mBuilding C object CMakeFiles/ublox_msgs__rosidl_typesupport_introspection_c.dir/rosidl_typesupport_introspection_c/ublox_msgs/msg/detail/esf_status__type_support.c.o\x1b[0m\n'}
[33.866784] (ublox_msgs) StdoutLine: {'line': b'[ 55%] \x1b[32mBuilding CXX object CMakeFiles/ublox_msgs__rosidl_typesupport_introspection_cpp.dir/rosidl_typesupport_introspection_cpp/ublox_msgs/msg/detail/nav_posllh__type_support.cpp.o\x1b[0m\n'}
[33.893075] (ublox_msgs) StdoutLine: {'line': b'[ 55%] \x1b[32mBuilding C object CMakeFiles/ublox_msgs__rosidl_typesupport_introspection_c.dir/rosidl_typesupport_introspection_c/ublox_msgs/msg/detail/esf_status_sens__type_support.c.o\x1b[0m\n'}
[33.900151] (ublox_msgs) StdoutLine: {'line': b'[ 55%] \x1b[32mBuilding CXX object CMakeFiles/ublox_msgs__rosidl_typesupport_fastrtps_c.dir/rosidl_typesupport_fastrtps_c/ublox_msgs/msg/detail/cfg_inf__type_support_c.cpp.o\x1b[0m\n'}
[33.911264] (-) TimerEvent: {}
[33.920077] (ublox_msgs) StdoutLine: {'line': b'[ 55%] \x1b[32mBuilding CXX object CMakeFiles/ublox_msgs__rosidl_typesupport_introspection_cpp.dir/rosidl_typesupport_introspection_cpp/ublox_msgs/msg/detail/nav_pvt7__type_support.cpp.o\x1b[0m\n'}
[33.931513] (ublox_msgs) StdoutLine: {'line': b'[ 55%] \x1b[32mBuilding C object CMakeFiles/ublox_msgs__rosidl_typesupport_introspection_c.dir/rosidl_typesupport_introspection_c/ublox_msgs/msg/detail/hnr_pvt__type_support.c.o\x1b[0m\n'}
[33.937145] (ublox_msgs) StdoutLine: {'line': b'[ 56%] \x1b[32mBuilding CXX object CMakeFiles/ublox_msgs__rosidl_typesupport_fastrtps_cpp.dir/rosidl_typesupport_fastrtps_cpp/ublox_msgs/msg/detail/dds_fastrtps/esf_raw__type_support.cpp.o\x1b[0m\n'}
[33.975068] (ublox_msgs) StdoutLine: {'line': b'[ 57%] \x1b[32mBuilding C object CMakeFiles/ublox_msgs__rosidl_typesupport_introspection_c.dir/rosidl_typesupport_introspection_c/ublox_msgs/msg/detail/inf__type_support.c.o\x1b[0m\n'}
[34.011387] (-) TimerEvent: {}
[34.017194] (ublox_msgs) StdoutLine: {'line': b'[ 57%] \x1b[32mBuilding C object CMakeFiles/ublox_msgs__rosidl_typesupport_introspection_c.dir/rosidl_typesupport_introspection_c/ublox_msgs/msg/detail/mga_gal__type_support.c.o\x1b[0m\n'}
[34.054667] (ublox_msgs) StdoutLine: {'line': b'[ 58%] \x1b[32mBuilding CXX object CMakeFiles/ublox_msgs__rosidl_typesupport_fastrtps_c.dir/rosidl_typesupport_fastrtps_c/ublox_msgs/msg/detail/cfg_msg__type_support_c.cpp.o\x1b[0m\n'}
[34.055148] (ublox_msgs) StdoutLine: {'line': b'[ 59%] \x1b[32mBuilding CXX object CMakeFiles/ublox_msgs__rosidl_typesupport_introspection_cpp.dir/rosidl_typesupport_introspection_cpp/ublox_msgs/msg/detail/nav_pvt__type_support.cpp.o\x1b[0m\n'}
[34.065081] (ublox_msgs) StdoutLine: {'line': b'[ 59%] \x1b[32mBuilding C object CMakeFiles/ublox_msgs__rosidl_typesupport_introspection_c.dir/rosidl_typesupport_introspection_c/ublox_msgs/msg/detail/mon_gnss__type_support.c.o\x1b[0m\n'}
[34.071685] (ublox_msgs) StdoutLine: {'line': b'[ 59%] \x1b[32mBuilding CXX object CMakeFiles/ublox_msgs__rosidl_typesupport_fastrtps_c.dir/rosidl_typesupport_fastrtps_c/ublox_msgs/msg/detail/cfg_nav5__type_support_c.cpp.o\x1b[0m\n'}
[34.083517] (ublox_msgs) StdoutLine: {'line': b'[ 59%] \x1b[32mBuilding C object CMakeFiles/ublox_msgs__rosidl_typesupport_introspection_c.dir/rosidl_typesupport_introspection_c/ublox_msgs/msg/detail/mon_hw6__type_support.c.o\x1b[0m\n'}
[34.103823] (ublox_msgs) StdoutLine: {'line': b'[ 59%] \x1b[32mBuilding CXX object CMakeFiles/ublox_msgs__rosidl_typesupport_fastrtps_c.dir/rosidl_typesupport_fastrtps_c/ublox_msgs/msg/detail/cfg_navx5__type_support_c.cpp.o\x1b[0m\n'}
[34.106854] (ublox_msgs) StdoutLine: {'line': b'[ 59%] \x1b[32mBuilding C object CMakeFiles/ublox_msgs__rosidl_typesupport_introspection_c.dir/rosidl_typesupport_introspection_c/ublox_msgs/msg/detail/mon_hw__type_support.c.o\x1b[0m\n'}
[34.112305] (-) TimerEvent: {}
[34.119426] (ublox_msgs) StdoutLine: {'line': b'[ 59%] \x1b[32mBuilding CXX object CMakeFiles/ublox_msgs__rosidl_typesupport_fastrtps_cpp.dir/rosidl_typesupport_fastrtps_cpp/ublox_msgs/msg/detail/dds_fastrtps/esf_status__type_support.cpp.o\x1b[0m\n'}
[34.125692] (ublox_msgs) StdoutLine: {'line': b'[ 59%] \x1b[32mBuilding CXX object CMakeFiles/ublox_msgs__rosidl_typesupport_fastrtps_cpp.dir/rosidl_typesupport_fastrtps_cpp/ublox_msgs/msg/detail/dds_fastrtps/esf_status_sens__type_support.cpp.o\x1b[0m\n'}
[34.126379] (ublox_msgs) StdoutLine: {'line': b'[ 59%] \x1b[32mBuilding C object CMakeFiles/ublox_msgs__rosidl_typesupport_introspection_c.dir/rosidl_typesupport_introspection_c/ublox_msgs/msg/detail/mon_ver_extension__type_support.c.o\x1b[0m\n'}
[34.134165] (ublox_msgs) StdoutLine: {'line': b'[ 59%] \x1b[32mBuilding C object CMakeFiles/ublox_msgs__rosidl_typesupport_introspection_c.dir/rosidl_typesupport_introspection_c/ublox_msgs/msg/detail/mon_ver__type_support.c.o\x1b[0m\n'}
[34.154020] (ublox_msgs) StdoutLine: {'line': b'[ 60%] \x1b[32mBuilding C object CMakeFiles/ublox_msgs__rosidl_typesupport_introspection_c.dir/rosidl_typesupport_introspection_c/ublox_msgs/msg/detail/nav_att__type_support.c.o\x1b[0m\n'}
[34.172147] (ublox_msgs) StdoutLine: {'line': b'[ 60%] \x1b[32mBuilding CXX object CMakeFiles/ublox_msgs__rosidl_typesupport_introspection_cpp.dir/rosidl_typesupport_introspection_cpp/ublox_msgs/msg/detail/nav_relposned9__type_support.cpp.o\x1b[0m\n'}
[34.183791] (ublox_msgs) StdoutLine: {'line': b'[ 60%] \x1b[32mBuilding CXX object CMakeFiles/ublox_msgs__rosidl_typesupport_fastrtps_cpp.dir/rosidl_typesupport_fastrtps_cpp/ublox_msgs/msg/detail/dds_fastrtps/hnr_pvt__type_support.cpp.o\x1b[0m\n'}
[34.195977] (ublox_msgs) StdoutLine: {'line': b'[ 60%] \x1b[32mBuilding CXX object CMakeFiles/ublox_msgs__rosidl_typesupport_fastrtps_c.dir/rosidl_typesupport_fastrtps_c/ublox_msgs/msg/detail/cfg_nmea6__type_support_c.cpp.o\x1b[0m\n'}
[34.210824] (ublox_msgs) StdoutLine: {'line': b'[ 60%] \x1b[32mBuilding C object CMakeFiles/ublox_msgs__rosidl_typesupport_introspection_c.dir/rosidl_typesupport_introspection_c/ublox_msgs/msg/detail/nav_clock__type_support.c.o\x1b[0m\n'}
[34.211048] (ublox_msgs) StdoutLine: {'line': b'[ 60%] \x1b[32mBuilding CXX object CMakeFiles/ublox_msgs__rosidl_typesupport_fastrtps_cpp.dir/rosidl_typesupport_fastrtps_cpp/ublox_msgs/msg/detail/dds_fastrtps/inf__type_support.cpp.o\x1b[0m\n'}
[34.212375] (-) TimerEvent: {}
[34.232140] (ublox_msgs) StdoutLine: {'line': b'[ 60%] \x1b[32mBuilding C object CMakeFiles/ublox_msgs__rosidl_typesupport_introspection_c.dir/rosidl_typesupport_introspection_c/ublox_msgs/msg/detail/nav_dgps__type_support.c.o\x1b[0m\n'}
[34.232820] (ublox_msgs) StdoutLine: {'line': b'[ 60%] \x1b[32mBuilding C object CMakeFiles/ublox_msgs__rosidl_typesupport_introspection_c.dir/rosidl_typesupport_introspection_c/ublox_msgs/msg/detail/nav_dgpssv__type_support.c.o\x1b[0m\n'}
[34.252080] (ublox_msgs) StdoutLine: {'line': b'[ 60%] \x1b[32mBuilding C object CMakeFiles/ublox_msgs__rosidl_typesupport_introspection_c.dir/rosidl_typesupport_introspection_c/ublox_msgs/msg/detail/nav_dop__type_support.c.o\x1b[0m\n'}
[34.272234] (ublox_msgs) StdoutLine: {'line': b'[ 60%] \x1b[32mBuilding C object CMakeFiles/ublox_msgs__rosidl_typesupport_introspection_c.dir/rosidl_typesupport_introspection_c/ublox_msgs/msg/detail/nav_posecef__type_support.c.o\x1b[0m\n'}
[34.276241] (ublox_msgs) StdoutLine: {'line': b'[ 60%] \x1b[32mBuilding CXX object CMakeFiles/ublox_msgs__rosidl_typesupport_fastrtps_c.dir/rosidl_typesupport_fastrtps_c/ublox_msgs/msg/detail/cfg_nmea7__type_support_c.cpp.o\x1b[0m\n'}
[34.276442] (ublox_msgs) StdoutLine: {'line': b'[ 60%] \x1b[32mBuilding CXX object CMakeFiles/ublox_msgs__rosidl_typesupport_fastrtps_cpp.dir/rosidl_typesupport_fastrtps_cpp/ublox_msgs/msg/detail/dds_fastrtps/mga_gal__type_support.cpp.o\x1b[0m\n'}
[34.291243] (ublox_msgs) StdoutLine: {'line': b'[ 61%] \x1b[32mBuilding C object CMakeFiles/ublox_msgs__rosidl_typesupport_introspection_c.dir/rosidl_typesupport_introspection_c/ublox_msgs/msg/detail/nav_posllh__type_support.c.o\x1b[0m\n'}
[34.308809] (ublox_msgs) StdoutLine: {'line': b'[ 61%] \x1b[32mBuilding CXX object CMakeFiles/ublox_msgs__rosidl_typesupport_fastrtps_c.dir/rosidl_typesupport_fastrtps_c/ublox_msgs/msg/detail/cfg_nmea__type_support_c.cpp.o\x1b[0m\n'}
[34.315084] (-) TimerEvent: {}
[34.336066] (ublox_msgs) StdoutLine: {'line': b'[ 61%] \x1b[32mBuilding C object CMakeFiles/ublox_msgs__rosidl_typesupport_introspection_c.dir/rosidl_typesupport_introspection_c/ublox_msgs/msg/detail/nav_pvt7__type_support.c.o\x1b[0m\n'}
[34.369537] (ublox_msgs) StdoutLine: {'line': b'[ 62%] \x1b[32mBuilding CXX object CMakeFiles/ublox_msgs__rosidl_typesupport_fastrtps_c.dir/rosidl_typesupport_fastrtps_c/ublox_msgs/msg/detail/cfg_prt__type_support_c.cpp.o\x1b[0m\n'}
[34.378554] (ublox_msgs) StdoutLine: {'line': b'[ 62%] \x1b[32mBuilding C object CMakeFiles/ublox_msgs__rosidl_typesupport_introspection_c.dir/rosidl_typesupport_introspection_c/ublox_msgs/msg/detail/nav_pvt__type_support.c.o\x1b[0m\n'}
[34.387597] (ublox_msgs) StdoutLine: {'line': b'[ 63%] \x1b[32mBuilding CXX object CMakeFiles/ublox_msgs__rosidl_typesupport_fastrtps_cpp.dir/rosidl_typesupport_fastrtps_cpp/ublox_msgs/msg/detail/dds_fastrtps/mon_gnss__type_support.cpp.o\x1b[0m\n'}
[34.404152] (ublox_msgs) StdoutLine: {'line': b'[ 63%] \x1b[32mBuilding C object CMakeFiles/ublox_msgs__rosidl_typesupport_introspection_c.dir/rosidl_typesupport_introspection_c/ublox_msgs/msg/detail/nav_relposned9__type_support.c.o\x1b[0m\n'}
[34.415204] (-) TimerEvent: {}
[34.419440] (ublox_msgs) StdoutLine: {'line': b'[ 63%] \x1b[32mBuilding CXX object CMakeFiles/ublox_msgs__rosidl_typesupport_introspection_cpp.dir/rosidl_typesupport_introspection_cpp/ublox_msgs/msg/detail/nav_relposned__type_support.cpp.o\x1b[0m\n'}
[34.433144] (ublox_msgs) StdoutLine: {'line': b'[ 63%] \x1b[32mBuilding CXX object CMakeFiles/ublox_msgs__rosidl_typesupport_fastrtps_cpp.dir/rosidl_typesupport_fastrtps_cpp/ublox_msgs/msg/detail/dds_fastrtps/mon_hw6__type_support.cpp.o\x1b[0m\n'}
[34.449822] (ublox_msgs) StdoutLine: {'line': b'[ 63%] \x1b[32mBuilding C object CMakeFiles/ublox_msgs__rosidl_typesupport_introspection_c.dir/rosidl_typesupport_introspection_c/ublox_msgs/msg/detail/nav_relposned__type_support.c.o\x1b[0m\n'}
[34.454080] (ublox_msgs) StdoutLine: {'line': b'[ 63%] \x1b[32mBuilding CXX object CMakeFiles/ublox_msgs__rosidl_typesupport_fastrtps_c.dir/rosidl_typesupport_fastrtps_c/ublox_msgs/msg/detail/cfg_rate__type_support_c.cpp.o\x1b[0m\n'}
[34.491092] (ublox_msgs) StdoutLine: {'line': b'[ 63%] \x1b[32mBuilding C object CMakeFiles/ublox_msgs__rosidl_typesupport_introspection_c.dir/rosidl_typesupport_introspection_c/ublox_msgs/msg/detail/nav_sat__type_support.c.o\x1b[0m\n'}
[34.513587] (ublox_msgs) StdoutLine: {'line': b'[ 63%] \x1b[32mBuilding C object CMakeFiles/ublox_msgs__rosidl_typesupport_introspection_c.dir/rosidl_typesupport_introspection_c/ublox_msgs/msg/detail/nav_satsv__type_support.c.o\x1b[0m\n'}
[34.515294] (-) TimerEvent: {}
[34.529130] (ublox_msgs) StdoutLine: {'line': b'[ 63%] \x1b[32mBuilding CXX object CMakeFiles/ublox_msgs__rosidl_typesupport_introspection_cpp.dir/rosidl_typesupport_introspection_cpp/ublox_msgs/msg/detail/nav_sat__type_support.cpp.o\x1b[0m\n'}
[34.537588] (ublox_msgs) StdoutLine: {'line': b'[ 63%] \x1b[32mBuilding CXX object CMakeFiles/ublox_msgs__rosidl_typesupport_fastrtps_cpp.dir/rosidl_typesupport_fastrtps_cpp/ublox_msgs/msg/detail/dds_fastrtps/mon_hw__type_support.cpp.o\x1b[0m\n'}
[34.548548] (ublox_msgs) StdoutLine: {'line': b'[ 63%] \x1b[32mBuilding CXX object CMakeFiles/ublox_msgs__rosidl_typesupport_fastrtps_c.dir/rosidl_typesupport_fastrtps_c/ublox_msgs/msg/detail/cfg_rst__type_support_c.cpp.o\x1b[0m\n'}
[34.553310] (ublox_msgs) StdoutLine: {'line': b'[ 64%] \x1b[32mBuilding C object CMakeFiles/ublox_msgs__rosidl_typesupport_introspection_c.dir/rosidl_typesupport_introspection_c/ublox_msgs/msg/detail/nav_sbas__type_support.c.o\x1b[0m\n'}
[34.560067] (ublox_msgs) StdoutLine: {'line': b'[ 65%] \x1b[32m\x1b[1mLinking CXX shared library libublox_msgs_lib.so\x1b[0m\n'}
[34.566533] (ublox_msgs) StdoutLine: {'line': b'[ 65%] \x1b[32mBuilding C object CMakeFiles/ublox_msgs__rosidl_typesupport_introspection_c.dir/rosidl_typesupport_introspection_c/ublox_msgs/msg/detail/nav_sbassv__type_support.c.o\x1b[0m\n'}
[34.583663] (ublox_msgs) StdoutLine: {'line': b'[ 65%] \x1b[32mBuilding CXX object CMakeFiles/ublox_msgs__rosidl_typesupport_fastrtps_c.dir/rosidl_typesupport_fastrtps_c/ublox_msgs/msg/detail/cfg_sbas__type_support_c.cpp.o\x1b[0m\n'}
[34.596661] (ublox_msgs) StdoutLine: {'line': b'[ 65%] \x1b[32mBuilding CXX object CMakeFiles/ublox_msgs__rosidl_typesupport_introspection_cpp.dir/rosidl_typesupport_introspection_cpp/ublox_msgs/msg/detail/nav_satsv__type_support.cpp.o\x1b[0m\n'}
[34.606074] (ublox_msgs) StdoutLine: {'line': b'[ 65%] \x1b[32mBuilding CXX object CMakeFiles/ublox_msgs__rosidl_typesupport_fastrtps_cpp.dir/rosidl_typesupport_fastrtps_cpp/ublox_msgs/msg/detail/dds_fastrtps/mon_ver_extension__type_support.cpp.o\x1b[0m\n'}
[34.606314] (ublox_msgs) StdoutLine: {'line': b'[ 65%] \x1b[32mBuilding C object CMakeFiles/ublox_msgs__rosidl_typesupport_introspection_c.dir/rosidl_typesupport_introspection_c/ublox_msgs/msg/detail/nav_sol__type_support.c.o\x1b[0m\n'}
[34.616082] (-) TimerEvent: {}
[34.643471] (ublox_msgs) StdoutLine: {'line': b'[ 65%] \x1b[32mBuilding CXX object CMakeFiles/ublox_msgs__rosidl_typesupport_introspection_cpp.dir/rosidl_typesupport_introspection_cpp/ublox_msgs/msg/detail/nav_sbas__type_support.cpp.o\x1b[0m\n'}
[34.644465] (ublox_msgs) StdoutLine: {'line': b'[ 65%] \x1b[32mBuilding C object CMakeFiles/ublox_msgs__rosidl_typesupport_introspection_c.dir/rosidl_typesupport_introspection_c/ublox_msgs/msg/detail/nav_status__type_support.c.o\x1b[0m\n'}
[34.651467] (ublox_msgs) StdoutLine: {'line': b'[ 65%] \x1b[32mBuilding C object CMakeFiles/ublox_msgs__rosidl_typesupport_introspection_c.dir/rosidl_typesupport_introspection_c/ublox_msgs/msg/detail/nav_svinfo__type_support.c.o\x1b[0m\n'}
[34.681171] (ublox_msgs) StdoutLine: {'line': b'[ 65%] \x1b[32mBuilding C object CMakeFiles/ublox_msgs__rosidl_typesupport_introspection_c.dir/rosidl_typesupport_introspection_c/ublox_msgs/msg/detail/nav_svinfosv__type_support.c.o\x1b[0m\n'}
[34.690963] (ublox_msgs) StdoutLine: {'line': b'[ 65%] \x1b[32mBuilding CXX object CMakeFiles/ublox_msgs__rosidl_typesupport_fastrtps_cpp.dir/rosidl_typesupport_fastrtps_cpp/ublox_msgs/msg/detail/dds_fastrtps/mon_ver__type_support.cpp.o\x1b[0m\n'}
[34.695522] (ublox_msgs) StdoutLine: {'line': b'[ 65%] \x1b[32mBuilding CXX object CMakeFiles/ublox_msgs__rosidl_typesupport_fastrtps_cpp.dir/rosidl_typesupport_fastrtps_cpp/ublox_msgs/msg/detail/dds_fastrtps/nav_att__type_support.cpp.o\x1b[0m\n'}
[34.699145] (ublox_msgs) StdoutLine: {'line': b'[ 65%] \x1b[32mBuilding CXX object CMakeFiles/ublox_msgs__rosidl_typesupport_fastrtps_c.dir/rosidl_typesupport_fastrtps_c/ublox_msgs/msg/detail/cfg_tmode3__type_support_c.cpp.o\x1b[0m\n'}
[34.703786] (ublox_msgs) StdoutLine: {'line': b'[ 65%] Built target ublox_msgs_lib\n'}
[34.716224] (ublox_msgs) StdoutLine: {'line': b'[ 65%] \x1b[32mBuilding CXX object CMakeFiles/ublox_msgs__rosidl_typesupport_fastrtps_cpp.dir/rosidl_typesupport_fastrtps_cpp/ublox_msgs/msg/detail/dds_fastrtps/nav_clock__type_support.cpp.o\x1b[0m\n'}
[34.716419] (-) TimerEvent: {}
[34.725543] (ublox_msgs) StdoutLine: {'line': b'[ 66%] \x1b[32mBuilding C object CMakeFiles/ublox_msgs__rosidl_typesupport_introspection_c.dir/rosidl_typesupport_introspection_c/ublox_msgs/msg/detail/nav_svin__type_support.c.o\x1b[0m\n'}
[34.764609] (ublox_msgs) StdoutLine: {'line': b'[ 66%] \x1b[32mBuilding C object CMakeFiles/ublox_msgs__rosidl_typesupport_introspection_c.dir/rosidl_typesupport_introspection_c/ublox_msgs/msg/detail/nav_timegps__type_support.c.o\x1b[0m\n'}
[34.770218] (ublox_msgs) StdoutLine: {'line': b'[ 66%] \x1b[32mBuilding CXX object CMakeFiles/ublox_msgs__rosidl_typesupport_introspection_cpp.dir/rosidl_typesupport_introspection_cpp/ublox_msgs/msg/detail/nav_sbassv__type_support.cpp.o\x1b[0m\n'}
[34.785227] (ublox_msgs) StdoutLine: {'line': b'[ 67%] \x1b[32mBuilding CXX object CMakeFiles/ublox_msgs__rosidl_typesupport_fastrtps_cpp.dir/rosidl_typesupport_fastrtps_cpp/ublox_msgs/msg/detail/dds_fastrtps/nav_dgps__type_support.cpp.o\x1b[0m\n'}
[34.787658] (ublox_msgs) StdoutLine: {'line': b'[ 67%] \x1b[32mBuilding C object CMakeFiles/ublox_msgs__rosidl_typesupport_introspection_c.dir/rosidl_typesupport_introspection_c/ublox_msgs/msg/detail/nav_timeutc__type_support.c.o\x1b[0m\n'}
[34.815532] (ublox_msgs) StdoutLine: {'line': b'[ 67%] \x1b[32mBuilding C object CMakeFiles/ublox_msgs__rosidl_typesupport_introspection_c.dir/rosidl_typesupport_introspection_c/ublox_msgs/msg/detail/nav_velecef__type_support.c.o\x1b[0m\n'}
[34.818564] (-) TimerEvent: {}
[34.834861] (ublox_msgs) StdoutLine: {'line': b'[ 67%] \x1b[32mBuilding CXX object CMakeFiles/ublox_msgs__rosidl_typesupport_fastrtps_cpp.dir/rosidl_typesupport_fastrtps_cpp/ublox_msgs/msg/detail/dds_fastrtps/nav_dgpssv__type_support.cpp.o\x1b[0m\n'}
[34.840073] (ublox_msgs) StdoutLine: {'line': b'[ 67%] \x1b[32mBuilding C object CMakeFiles/ublox_msgs__rosidl_typesupport_introspection_c.dir/rosidl_typesupport_introspection_c/ublox_msgs/msg/detail/nav_velned__type_support.c.o\x1b[0m\n'}
[34.869077] (ublox_msgs) StdoutLine: {'line': b'[ 67%] \x1b[32mBuilding CXX object CMakeFiles/ublox_msgs__rosidl_typesupport_fastrtps_c.dir/rosidl_typesupport_fastrtps_c/ublox_msgs/msg/detail/cfg_usb__type_support_c.cpp.o\x1b[0m\n'}
[34.879376] (ublox_msgs) StdoutLine: {'line': b'[ 68%] \x1b[32mBuilding CXX object CMakeFiles/ublox_msgs__rosidl_typesupport_introspection_cpp.dir/rosidl_typesupport_introspection_cpp/ublox_msgs/msg/detail/nav_sol__type_support.cpp.o\x1b[0m\n'}
[34.888626] (ublox_msgs) StdoutLine: {'line': b'[ 68%] \x1b[32mBuilding C object CMakeFiles/ublox_msgs__rosidl_typesupport_introspection_c.dir/rosidl_typesupport_introspection_c/ublox_msgs/msg/detail/rxm_alm__type_support.c.o\x1b[0m\n'}
[34.916401] (ublox_msgs) StdoutLine: {'line': b'[ 68%] \x1b[32mBuilding CXX object CMakeFiles/ublox_msgs__rosidl_typesupport_fastrtps_cpp.dir/rosidl_typesupport_fastrtps_cpp/ublox_msgs/msg/detail/dds_fastrtps/nav_dop__type_support.cpp.o\x1b[0m\n'}
[34.919111] (-) TimerEvent: {}
[34.931388] (ublox_msgs) StdoutLine: {'line': b'[ 69%] \x1b[32mBuilding C object CMakeFiles/ublox_msgs__rosidl_typesupport_introspection_c.dir/rosidl_typesupport_introspection_c/ublox_msgs/msg/detail/rxm_eph__type_support.c.o\x1b[0m\n'}
[34.931660] (ublox_msgs) StdoutLine: {'line': b'[ 69%] \x1b[32mBuilding CXX object CMakeFiles/ublox_msgs__rosidl_typesupport_fastrtps_c.dir/rosidl_typesupport_fastrtps_c/ublox_msgs/msg/detail/esf_ins__type_support_c.cpp.o\x1b[0m\n'}
[34.938178] (ublox_msgs) StdoutLine: {'line': b'[ 69%] \x1b[32mBuilding CXX object CMakeFiles/ublox_msgs__rosidl_typesupport_introspection_cpp.dir/rosidl_typesupport_introspection_cpp/ublox_msgs/msg/detail/nav_status__type_support.cpp.o\x1b[0m\n'}
[34.978489] (ublox_msgs) StdoutLine: {'line': b'[ 70%] \x1b[32mBuilding C object CMakeFiles/ublox_msgs__rosidl_typesupport_introspection_c.dir/rosidl_typesupport_introspection_c/ublox_msgs/msg/detail/rxm_raw__type_support.c.o\x1b[0m\n'}
[34.978680] (ublox_msgs) StdoutLine: {'line': b'[ 70%] \x1b[32mBuilding CXX object CMakeFiles/ublox_msgs__rosidl_typesupport_fastrtps_c.dir/rosidl_typesupport_fastrtps_c/ublox_msgs/msg/detail/esf_meas__type_support_c.cpp.o\x1b[0m\n'}
[35.014359] (ublox_msgs) StdoutLine: {'line': b'[ 70%] \x1b[32mBuilding CXX object CMakeFiles/ublox_msgs__rosidl_typesupport_introspection_cpp.dir/rosidl_typesupport_introspection_cpp/ublox_msgs/msg/detail/nav_svinfo__type_support.cpp.o\x1b[0m\n'}
[35.018927] (ublox_msgs) StdoutLine: {'line': b'[ 70%] \x1b[32mBuilding C object CMakeFiles/ublox_msgs__rosidl_typesupport_introspection_c.dir/rosidl_typesupport_introspection_c/ublox_msgs/msg/detail/rxm_rawsv__type_support.c.o\x1b[0m\n'}
[35.019142] (-) TimerEvent: {}
[35.039050] (ublox_msgs) StdoutLine: {'line': b'[ 70%] \x1b[32mBuilding CXX object CMakeFiles/ublox_msgs__rosidl_typesupport_fastrtps_cpp.dir/rosidl_typesupport_fastrtps_cpp/ublox_msgs/msg/detail/dds_fastrtps/nav_posecef__type_support.cpp.o\x1b[0m\n'}
[35.055582] (ublox_msgs) StdoutLine: {'line': b'[ 70%] \x1b[32mBuilding CXX object CMakeFiles/ublox_msgs__rosidl_typesupport_fastrtps_c.dir/rosidl_typesupport_fastrtps_c/ublox_msgs/msg/detail/esf_raw_block__type_support_c.cpp.o\x1b[0m\n'}
[35.057456] (ublox_msgs) StdoutLine: {'line': b'[ 70%] \x1b[32mBuilding C object CMakeFiles/ublox_msgs__rosidl_typesupport_introspection_c.dir/rosidl_typesupport_introspection_c/ublox_msgs/msg/detail/rxm_rawx_meas__type_support.c.o\x1b[0m\n'}
[35.099796] (ublox_msgs) StdoutLine: {'line': b'[ 70%] \x1b[32mBuilding C object CMakeFiles/ublox_msgs__rosidl_typesupport_introspection_c.dir/rosidl_typesupport_introspection_c/ublox_msgs/msg/detail/rxm_rawx__type_support.c.o\x1b[0m\n'}
[35.108888] (ublox_msgs) StdoutLine: {'line': b'[ 70%] \x1b[32mBuilding CXX object CMakeFiles/ublox_msgs__rosidl_typesupport_introspection_cpp.dir/rosidl_typesupport_introspection_cpp/ublox_msgs/msg/detail/nav_svinfosv__type_support.cpp.o\x1b[0m\n'}
[35.119277] (-) TimerEvent: {}
[35.135711] (ublox_msgs) StdoutLine: {'line': b'[ 70%] \x1b[32mBuilding C object CMakeFiles/ublox_msgs__rosidl_typesupport_introspection_c.dir/rosidl_typesupport_introspection_c/ublox_msgs/msg/detail/rxm_rtcm__type_support.c.o\x1b[0m\n'}
[35.150783] (ublox_msgs) StdoutLine: {'line': b'[ 70%] \x1b[32mBuilding CXX object CMakeFiles/ublox_msgs__rosidl_typesupport_fastrtps_cpp.dir/rosidl_typesupport_fastrtps_cpp/ublox_msgs/msg/detail/dds_fastrtps/nav_posllh__type_support.cpp.o\x1b[0m\n'}
[35.153854] (ublox_msgs) StdoutLine: {'line': b'[ 70%] \x1b[32mBuilding CXX object CMakeFiles/ublox_msgs__rosidl_typesupport_fastrtps_c.dir/rosidl_typesupport_fastrtps_c/ublox_msgs/msg/detail/esf_raw__type_support_c.cpp.o\x1b[0m\n'}
[35.181070] (ublox_msgs) StdoutLine: {'line': b'[ 70%] \x1b[32mBuilding C object CMakeFiles/ublox_msgs__rosidl_typesupport_introspection_c.dir/rosidl_typesupport_introspection_c/ublox_msgs/msg/detail/rxm_sfrb__type_support.c.o\x1b[0m\n'}
[35.185109] (ublox_msgs) StdoutLine: {'line': b'[ 70%] \x1b[32mBuilding CXX object CMakeFiles/ublox_msgs__rosidl_typesupport_fastrtps_c.dir/rosidl_typesupport_fastrtps_c/ublox_msgs/msg/detail/esf_status__type_support_c.cpp.o\x1b[0m\n'}
[35.205246] (ublox_msgs) StdoutLine: {'line': b'[ 70%] \x1b[32mBuilding CXX object CMakeFiles/ublox_msgs__rosidl_typesupport_fastrtps_cpp.dir/rosidl_typesupport_fastrtps_cpp/ublox_msgs/msg/detail/dds_fastrtps/nav_pvt7__type_support.cpp.o\x1b[0m\n'}
[35.219392] (-) TimerEvent: {}
[35.224087] (ublox_msgs) StdoutLine: {'line': b'[ 71%] \x1b[32mBuilding CXX object CMakeFiles/ublox_msgs__rosidl_typesupport_fastrtps_cpp.dir/rosidl_typesupport_fastrtps_cpp/ublox_msgs/msg/detail/dds_fastrtps/nav_pvt__type_support.cpp.o\x1b[0m\n'}
[35.230929] (ublox_msgs) StdoutLine: {'line': b'[ 72%] \x1b[32mBuilding C object CMakeFiles/ublox_msgs__rosidl_typesupport_introspection_c.dir/rosidl_typesupport_introspection_c/ublox_msgs/msg/detail/rxm_sfrbx__type_support.c.o\x1b[0m\n'}
[35.268810] (ublox_msgs) StdoutLine: {'line': b'[ 72%] \x1b[32mBuilding CXX object CMakeFiles/ublox_msgs__rosidl_typesupport_introspection_cpp.dir/rosidl_typesupport_introspection_cpp/ublox_msgs/msg/detail/nav_svin__type_support.cpp.o\x1b[0m\n'}
[35.273522] (ublox_msgs) StdoutLine: {'line': b'[ 72%] \x1b[32mBuilding CXX object CMakeFiles/ublox_msgs__rosidl_typesupport_introspection_cpp.dir/rosidl_typesupport_introspection_cpp/ublox_msgs/msg/detail/nav_timegps__type_support.cpp.o\x1b[0m\n'}
[35.279079] (ublox_msgs) StdoutLine: {'line': b'[ 72%] \x1b[32mBuilding C object CMakeFiles/ublox_msgs__rosidl_typesupport_introspection_c.dir/rosidl_typesupport_introspection_c/ublox_msgs/msg/detail/rxm_svsi__type_support.c.o\x1b[0m\n'}
[35.283296] (ublox_msgs) StdoutLine: {'line': b'[ 72%] \x1b[32mBuilding CXX object CMakeFiles/ublox_msgs__rosidl_typesupport_fastrtps_c.dir/rosidl_typesupport_fastrtps_c/ublox_msgs/msg/detail/esf_status_sens__type_support_c.cpp.o\x1b[0m\n'}
[35.303904] (ublox_msgs) StdoutLine: {'line': b'[ 73%] \x1b[32mBuilding CXX object CMakeFiles/ublox_msgs__rosidl_typesupport_introspection_cpp.dir/rosidl_typesupport_introspection_cpp/ublox_msgs/msg/detail/nav_timeutc__type_support.cpp.o\x1b[0m\n'}
[35.319514] (-) TimerEvent: {}
[35.323593] (ublox_msgs) StdoutLine: {'line': b'[ 73%] \x1b[32mBuilding C object CMakeFiles/ublox_msgs__rosidl_typesupport_introspection_c.dir/rosidl_typesupport_introspection_c/ublox_msgs/msg/detail/rxm_svsisv__type_support.c.o\x1b[0m\n'}
[35.337070] (ublox_msgs) StdoutLine: {'line': b'[ 73%] \x1b[32mBuilding C object CMakeFiles/ublox_msgs__rosidl_typesupport_introspection_c.dir/rosidl_typesupport_introspection_c/ublox_msgs/msg/detail/tim_tm2__type_support.c.o\x1b[0m\n'}
[35.345459] (ublox_msgs) StdoutLine: {'line': b'[ 73%] \x1b[32mBuilding CXX object CMakeFiles/ublox_msgs__rosidl_typesupport_fastrtps_c.dir/rosidl_typesupport_fastrtps_c/ublox_msgs/msg/detail/hnr_pvt__type_support_c.cpp.o\x1b[0m\n'}
[35.368152] (ublox_msgs) StdoutLine: {'line': b'[ 73%] \x1b[32mBuilding C object CMakeFiles/ublox_msgs__rosidl_typesupport_introspection_c.dir/rosidl_typesupport_introspection_c/ublox_msgs/msg/detail/upd_sos_ack__type_support.c.o\x1b[0m\n'}
[35.381282] (ublox_msgs) StdoutLine: {'line': b'[ 73%] \x1b[32mBuilding C object CMakeFiles/ublox_msgs__rosidl_typesupport_introspection_c.dir/rosidl_typesupport_introspection_c/ublox_msgs/msg/detail/upd_sos__type_support.c.o\x1b[0m\n'}
[35.385319] (ublox_msgs) StdoutLine: {'line': b'[ 74%] \x1b[32mBuilding CXX object CMakeFiles/ublox_msgs__rosidl_typesupport_fastrtps_c.dir/rosidl_typesupport_fastrtps_c/ublox_msgs/msg/detail/inf__type_support_c.cpp.o\x1b[0m\n'}
[35.411909] (ublox_msgs) StdoutLine: {'line': b'[ 74%] \x1b[32mBuilding CXX object CMakeFiles/ublox_msgs__rosidl_typesupport_introspection_cpp.dir/rosidl_typesupport_introspection_cpp/ublox_msgs/msg/detail/nav_velecef__type_support.cpp.o\x1b[0m\n'}
[35.419145] (ublox_msgs) StdoutLine: {'line': b'[ 74%] \x1b[32mBuilding CXX object CMakeFiles/ublox_msgs__rosidl_typesupport_fastrtps_cpp.dir/rosidl_typesupport_fastrtps_cpp/ublox_msgs/msg/detail/dds_fastrtps/nav_relposned9__type_support.cpp.o\x1b[0m\n'}
[35.419591] (-) TimerEvent: {}
[35.422262] (ublox_msgs) StdoutLine: {'line': b'[ 75%] \x1b[32mBuilding CXX object CMakeFiles/ublox_msgs__rosidl_typesupport_introspection_cpp.dir/rosidl_typesupport_introspection_cpp/ublox_msgs/msg/detail/nav_velned__type_support.cpp.o\x1b[0m\n'}
[35.422443] (ublox_msgs) StdoutLine: {'line': b'[ 75%] \x1b[32m\x1b[1mLinking C shared library libublox_msgs__rosidl_typesupport_introspection_c.so\x1b[0m\n'}
[35.490175] (ublox_msgs) StdoutLine: {'line': b'[ 75%] \x1b[32mBuilding CXX object CMakeFiles/ublox_msgs__rosidl_typesupport_fastrtps_c.dir/rosidl_typesupport_fastrtps_c/ublox_msgs/msg/detail/mga_gal__type_support_c.cpp.o\x1b[0m\n'}
[35.490390] (ublox_msgs) StdoutLine: {'line': b'[ 75%] Built target ublox_msgs__rosidl_typesupport_introspection_c\n'}
[35.502372] (ublox_msgs) StdoutLine: {'line': b'[ 75%] \x1b[32mBuilding CXX object CMakeFiles/ublox_msgs__rosidl_typesupport_introspection_cpp.dir/rosidl_typesupport_introspection_cpp/ublox_msgs/msg/detail/rxm_alm__type_support.cpp.o\x1b[0m\n'}
[35.502588] (ublox_msgs) StdoutLine: {'line': b'[ 75%] \x1b[32mBuilding CXX object CMakeFiles/ublox_msgs__rosidl_typesupport_introspection_cpp.dir/rosidl_typesupport_introspection_cpp/ublox_msgs/msg/detail/rxm_eph__type_support.cpp.o\x1b[0m\n'}
[35.521082] (-) TimerEvent: {}
[35.535974] (ublox_msgs) StdoutLine: {'line': b'[ 75%] \x1b[32mBuilding CXX object CMakeFiles/ublox_msgs__rosidl_typesupport_introspection_cpp.dir/rosidl_typesupport_introspection_cpp/ublox_msgs/msg/detail/rxm_raw__type_support.cpp.o\x1b[0m\n'}
[35.536830] (ublox_msgs) StdoutLine: {'line': b'[ 75%] \x1b[32mBuilding CXX object CMakeFiles/ublox_msgs__rosidl_typesupport_introspection_cpp.dir/rosidl_typesupport_introspection_cpp/ublox_msgs/msg/detail/rxm_rawsv__type_support.cpp.o\x1b[0m\n'}
[35.608728] (ublox_msgs) StdoutLine: {'line': b'[ 76%] \x1b[32mBuilding CXX object CMakeFiles/ublox_msgs__rosidl_typesupport_introspection_cpp.dir/rosidl_typesupport_introspection_cpp/ublox_msgs/msg/detail/rxm_rawx_meas__type_support.cpp.o\x1b[0m\n'}
[35.617141] (ublox_msgs) StdoutLine: {'line': b'[ 76%] \x1b[32mBuilding CXX object CMakeFiles/ublox_msgs__rosidl_typesupport_fastrtps_cpp.dir/rosidl_typesupport_fastrtps_cpp/ublox_msgs/msg/detail/dds_fastrtps/nav_relposned__type_support.cpp.o\x1b[0m\n'}
[35.621192] (-) TimerEvent: {}
[35.645655] (ublox_msgs) StdoutLine: {'line': b'[ 76%] \x1b[32mBuilding CXX object CMakeFiles/ublox_msgs__rosidl_typesupport_fastrtps_cpp.dir/rosidl_typesupport_fastrtps_cpp/ublox_msgs/msg/detail/dds_fastrtps/nav_sat__type_support.cpp.o\x1b[0m\n'}
[35.666673] (ublox_msgs) StdoutLine: {'line': b'[ 76%] \x1b[32mBuilding CXX object CMakeFiles/ublox_msgs__rosidl_typesupport_fastrtps_cpp.dir/rosidl_typesupport_fastrtps_cpp/ublox_msgs/msg/detail/dds_fastrtps/nav_satsv__type_support.cpp.o\x1b[0m\n'}
[35.673086] (ublox_msgs) StdoutLine: {'line': b'[ 76%] \x1b[32mBuilding CXX object CMakeFiles/ublox_msgs__rosidl_typesupport_fastrtps_cpp.dir/rosidl_typesupport_fastrtps_cpp/ublox_msgs/msg/detail/dds_fastrtps/nav_sbas__type_support.cpp.o\x1b[0m\n'}
[35.716067] (ublox_msgs) StdoutLine: {'line': b'[ 76%] \x1b[32mBuilding CXX object CMakeFiles/ublox_msgs__rosidl_typesupport_fastrtps_cpp.dir/rosidl_typesupport_fastrtps_cpp/ublox_msgs/msg/detail/dds_fastrtps/nav_sbassv__type_support.cpp.o\x1b[0m\n'}
[35.716269] (ublox_msgs) StdoutLine: {'line': b'[ 76%] \x1b[32mBuilding CXX object CMakeFiles/ublox_msgs__rosidl_typesupport_introspection_cpp.dir/rosidl_typesupport_introspection_cpp/ublox_msgs/msg/detail/rxm_rawx__type_support.cpp.o\x1b[0m\n'}
[35.721309] (-) TimerEvent: {}
[35.727106] (ublox_msgs) StdoutLine: {'line': b'[ 76%] \x1b[32mBuilding CXX object CMakeFiles/ublox_msgs__rosidl_typesupport_fastrtps_c.dir/rosidl_typesupport_fastrtps_c/ublox_msgs/msg/detail/mon_gnss__type_support_c.cpp.o\x1b[0m\n'}
[35.781678] (ublox_msgs) StdoutLine: {'line': b'[ 76%] \x1b[32mBuilding CXX object CMakeFiles/ublox_msgs__rosidl_typesupport_fastrtps_c.dir/rosidl_typesupport_fastrtps_c/ublox_msgs/msg/detail/mon_hw6__type_support_c.cpp.o\x1b[0m\n'}
[35.792630] (ublox_msgs) StdoutLine: {'line': b'[ 77%] \x1b[32mBuilding CXX object CMakeFiles/ublox_msgs__rosidl_typesupport_fastrtps_cpp.dir/rosidl_typesupport_fastrtps_cpp/ublox_msgs/msg/detail/dds_fastrtps/nav_sol__type_support.cpp.o\x1b[0m\n'}
[35.814201] (ublox_msgs) StdoutLine: {'line': b'[ 77%] \x1b[32mBuilding CXX object CMakeFiles/ublox_msgs__rosidl_typesupport_fastrtps_cpp.dir/rosidl_typesupport_fastrtps_cpp/ublox_msgs/msg/detail/dds_fastrtps/nav_status__type_support.cpp.o\x1b[0m\n'}
[35.821428] (-) TimerEvent: {}
[35.877670] (ublox_msgs) StdoutLine: {'line': b'[ 77%] \x1b[32mBuilding CXX object CMakeFiles/ublox_msgs__rosidl_typesupport_fastrtps_c.dir/rosidl_typesupport_fastrtps_c/ublox_msgs/msg/detail/mon_hw__type_support_c.cpp.o\x1b[0m\n'}
[35.902244] (ublox_msgs) StdoutLine: {'line': b'[ 77%] \x1b[32mBuilding CXX object CMakeFiles/ublox_msgs__rosidl_typesupport_fastrtps_c.dir/rosidl_typesupport_fastrtps_c/ublox_msgs/msg/detail/mon_ver_extension__type_support_c.cpp.o\x1b[0m\n'}
[35.905812] (ublox_msgs) StdoutLine: {'line': b'[ 78%] \x1b[32mBuilding CXX object CMakeFiles/ublox_msgs__rosidl_typesupport_fastrtps_c.dir/rosidl_typesupport_fastrtps_c/ublox_msgs/msg/detail/mon_ver__type_support_c.cpp.o\x1b[0m\n'}
[35.921553] (-) TimerEvent: {}
[35.926552] (ublox_msgs) StdoutLine: {'line': b'[ 78%] \x1b[32mBuilding CXX object CMakeFiles/ublox_msgs__rosidl_typesupport_fastrtps_cpp.dir/rosidl_typesupport_fastrtps_cpp/ublox_msgs/msg/detail/dds_fastrtps/nav_svinfo__type_support.cpp.o\x1b[0m\n'}
[35.948049] (ublox_msgs) StdoutLine: {'line': b'[ 78%] \x1b[32mBuilding CXX object CMakeFiles/ublox_msgs__rosidl_typesupport_fastrtps_c.dir/rosidl_typesupport_fastrtps_c/ublox_msgs/msg/detail/nav_att__type_support_c.cpp.o\x1b[0m\n'}
[35.996115] (ublox_msgs) StdoutLine: {'line': b'[ 78%] \x1b[32mBuilding CXX object CMakeFiles/ublox_msgs__rosidl_typesupport_fastrtps_cpp.dir/rosidl_typesupport_fastrtps_cpp/ublox_msgs/msg/detail/dds_fastrtps/nav_svinfosv__type_support.cpp.o\x1b[0m\n'}
[36.011080] (ublox_msgs) StdoutLine: {'line': b'[ 78%] \x1b[32mBuilding CXX object CMakeFiles/ublox_msgs__rosidl_typesupport_introspection_cpp.dir/rosidl_typesupport_introspection_cpp/ublox_msgs/msg/detail/rxm_rtcm__type_support.cpp.o\x1b[0m\n'}
[36.021676] (-) TimerEvent: {}
[36.048270] (ublox_msgs) StdoutLine: {'line': b'[ 78%] \x1b[32mBuilding CXX object CMakeFiles/ublox_msgs__rosidl_typesupport_fastrtps_c.dir/rosidl_typesupport_fastrtps_c/ublox_msgs/msg/detail/nav_clock__type_support_c.cpp.o\x1b[0m\n'}
[36.056102] (ublox_msgs) StdoutLine: {'line': b'[ 78%] \x1b[32mBuilding CXX object CMakeFiles/ublox_msgs__rosidl_typesupport_fastrtps_cpp.dir/rosidl_typesupport_fastrtps_cpp/ublox_msgs/msg/detail/dds_fastrtps/nav_svin__type_support.cpp.o\x1b[0m\n'}
[36.087273] (ublox_msgs) StdoutLine: {'line': b'[ 78%] \x1b[32mBuilding CXX object CMakeFiles/ublox_msgs__rosidl_typesupport_introspection_cpp.dir/rosidl_typesupport_introspection_cpp/ublox_msgs/msg/detail/rxm_sfrb__type_support.cpp.o\x1b[0m\n'}
[36.113140] (ublox_msgs) StdoutLine: {'line': b'[ 78%] \x1b[32mBuilding CXX object CMakeFiles/ublox_msgs__rosidl_typesupport_fastrtps_c.dir/rosidl_typesupport_fastrtps_c/ublox_msgs/msg/detail/nav_dgps__type_support_c.cpp.o\x1b[0m\n'}
[36.120237] (ublox_msgs) StdoutLine: {'line': b'[ 78%] \x1b[32mBuilding CXX object CMakeFiles/ublox_msgs__rosidl_typesupport_introspection_cpp.dir/rosidl_typesupport_introspection_cpp/ublox_msgs/msg/detail/rxm_sfrbx__type_support.cpp.o\x1b[0m\n'}
[36.122330] (-) TimerEvent: {}
[36.130806] (ublox_msgs) StdoutLine: {'line': b'[ 78%] \x1b[32mBuilding CXX object CMakeFiles/ublox_msgs__rosidl_typesupport_fastrtps_c.dir/rosidl_typesupport_fastrtps_c/ublox_msgs/msg/detail/nav_dgpssv__type_support_c.cpp.o\x1b[0m\n'}
[36.183161] (ublox_msgs) StdoutLine: {'line': b'[ 78%] \x1b[32mBuilding CXX object CMakeFiles/ublox_msgs__rosidl_typesupport_fastrtps_c.dir/rosidl_typesupport_fastrtps_c/ublox_msgs/msg/detail/nav_dop__type_support_c.cpp.o\x1b[0m\n'}
[36.190181] (ublox_msgs) StdoutLine: {'line': b'[ 78%] \x1b[32mBuilding CXX object CMakeFiles/ublox_msgs__rosidl_typesupport_introspection_cpp.dir/rosidl_typesupport_introspection_cpp/ublox_msgs/msg/detail/rxm_svsi__type_support.cpp.o\x1b[0m\n'}
[36.200084] (ublox_msgs) StdoutLine: {'line': b'[ 78%] \x1b[32mBuilding CXX object CMakeFiles/ublox_msgs__rosidl_typesupport_fastrtps_c.dir/rosidl_typesupport_fastrtps_c/ublox_msgs/msg/detail/nav_posecef__type_support_c.cpp.o\x1b[0m\n'}
[36.216141] (ublox_msgs) StdoutLine: {'line': b'[ 79%] \x1b[32mBuilding CXX object CMakeFiles/ublox_msgs__rosidl_typesupport_introspection_cpp.dir/rosidl_typesupport_introspection_cpp/ublox_msgs/msg/detail/rxm_svsisv__type_support.cpp.o\x1b[0m\n'}
[36.222450] (-) TimerEvent: {}
[36.225095] (ublox_msgs) StdoutLine: {'line': b'[ 79%] \x1b[32mBuilding CXX object CMakeFiles/ublox_msgs__rosidl_typesupport_fastrtps_cpp.dir/rosidl_typesupport_fastrtps_cpp/ublox_msgs/msg/detail/dds_fastrtps/nav_timegps__type_support.cpp.o\x1b[0m\n'}
[36.261670] (ublox_msgs) StdoutLine: {'line': b'[ 79%] \x1b[32mBuilding CXX object CMakeFiles/ublox_msgs__rosidl_typesupport_introspection_cpp.dir/rosidl_typesupport_introspection_cpp/ublox_msgs/msg/detail/tim_tm2__type_support.cpp.o\x1b[0m\n'}
[36.290143] (ublox_msgs) StdoutLine: {'line': b'[ 80%] \x1b[32mBuilding CXX object CMakeFiles/ublox_msgs__rosidl_typesupport_fastrtps_cpp.dir/rosidl_typesupport_fastrtps_cpp/ublox_msgs/msg/detail/dds_fastrtps/nav_timeutc__type_support.cpp.o\x1b[0m\n'}
[36.322567] (-) TimerEvent: {}
[36.363078] (ublox_msgs) StdoutLine: {'line': b'[ 80%] \x1b[32mBuilding CXX object CMakeFiles/ublox_msgs__rosidl_typesupport_introspection_cpp.dir/rosidl_typesupport_introspection_cpp/ublox_msgs/msg/detail/upd_sos_ack__type_support.cpp.o\x1b[0m\n'}
[36.374529] (ublox_msgs) StdoutLine: {'line': b'[ 81%] \x1b[32mBuilding CXX object CMakeFiles/ublox_msgs__rosidl_typesupport_fastrtps_c.dir/rosidl_typesupport_fastrtps_c/ublox_msgs/msg/detail/nav_posllh__type_support_c.cpp.o\x1b[0m\n'}
[36.388573] (ublox_msgs) StdoutLine: {'line': b'[ 81%] \x1b[32mBuilding CXX object CMakeFiles/ublox_msgs__rosidl_typesupport_fastrtps_c.dir/rosidl_typesupport_fastrtps_c/ublox_msgs/msg/detail/nav_pvt7__type_support_c.cpp.o\x1b[0m\n'}
[36.420382] (ublox_msgs) StdoutLine: {'line': b'[ 81%] \x1b[32mBuilding CXX object CMakeFiles/ublox_msgs__rosidl_typesupport_fastrtps_cpp.dir/rosidl_typesupport_fastrtps_cpp/ublox_msgs/msg/detail/dds_fastrtps/nav_velecef__type_support.cpp.o\x1b[0m\n'}
[36.424087] (-) TimerEvent: {}
[36.446915] (ublox_msgs) StdoutLine: {'line': b'[ 81%] \x1b[32mBuilding CXX object CMakeFiles/ublox_msgs__rosidl_typesupport_fastrtps_cpp.dir/rosidl_typesupport_fastrtps_cpp/ublox_msgs/msg/detail/dds_fastrtps/nav_velned__type_support.cpp.o\x1b[0m\n'}
[36.459164] (ublox_msgs) StdoutLine: {'line': b'[ 81%] \x1b[32mBuilding CXX object CMakeFiles/ublox_msgs__rosidl_typesupport_introspection_cpp.dir/rosidl_typesupport_introspection_cpp/ublox_msgs/msg/detail/upd_sos__type_support.cpp.o\x1b[0m\n'}
[36.473007] (ublox_msgs) StdoutLine: {'line': b'[ 81%] \x1b[32mBuilding CXX object CMakeFiles/ublox_msgs__rosidl_typesupport_fastrtps_c.dir/rosidl_typesupport_fastrtps_c/ublox_msgs/msg/detail/nav_pvt__type_support_c.cpp.o\x1b[0m\n'}
[36.475716] (ublox_msgs) StdoutLine: {'line': b'[ 81%] \x1b[32mBuilding CXX object CMakeFiles/ublox_msgs__rosidl_typesupport_fastrtps_cpp.dir/rosidl_typesupport_fastrtps_cpp/ublox_msgs/msg/detail/dds_fastrtps/rxm_alm__type_support.cpp.o\x1b[0m\n'}
[36.526095] (-) TimerEvent: {}
[36.573140] (ublox_msgs) StdoutLine: {'line': b'[ 81%] \x1b[32mBuilding CXX object CMakeFiles/ublox_msgs__rosidl_typesupport_fastrtps_cpp.dir/rosidl_typesupport_fastrtps_cpp/ublox_msgs/msg/detail/dds_fastrtps/rxm_eph__type_support.cpp.o\x1b[0m\n'}
[36.577852] (ublox_msgs) StdoutLine: {'line': b'[ 81%] \x1b[32mBuilding CXX object CMakeFiles/ublox_msgs__rosidl_typesupport_fastrtps_cpp.dir/rosidl_typesupport_fastrtps_cpp/ublox_msgs/msg/detail/dds_fastrtps/rxm_raw__type_support.cpp.o\x1b[0m\n'}
[36.594671] (ublox_msgs) StdoutLine: {'line': b'[ 81%] \x1b[32mBuilding CXX object CMakeFiles/ublox_msgs__rosidl_typesupport_fastrtps_c.dir/rosidl_typesupport_fastrtps_c/ublox_msgs/msg/detail/nav_relposned9__type_support_c.cpp.o\x1b[0m\n'}
[36.595896] (ublox_msgs) StdoutLine: {'line': b'[ 82%] \x1b[32mBuilding CXX object CMakeFiles/ublox_msgs__rosidl_typesupport_fastrtps_cpp.dir/rosidl_typesupport_fastrtps_cpp/ublox_msgs/msg/detail/dds_fastrtps/rxm_rawsv__type_support.cpp.o\x1b[0m\n'}
[36.605621] (ublox_msgs) StdoutLine: {'line': b'[ 82%] \x1b[32mBuilding CXX object CMakeFiles/ublox_msgs__rosidl_typesupport_fastrtps_c.dir/rosidl_typesupport_fastrtps_c/ublox_msgs/msg/detail/nav_relposned__type_support_c.cpp.o\x1b[0m\n'}
[36.626212] (-) TimerEvent: {}
[36.645821] (ublox_msgs) StdoutLine: {'line': b'[ 82%] \x1b[32mBuilding CXX object CMakeFiles/ublox_msgs__rosidl_typesupport_fastrtps_c.dir/rosidl_typesupport_fastrtps_c/ublox_msgs/msg/detail/nav_sat__type_support_c.cpp.o\x1b[0m\n'}
[36.646111] (ublox_msgs) StdoutLine: {'line': b'[ 82%] \x1b[32mBuilding CXX object CMakeFiles/ublox_msgs__rosidl_typesupport_fastrtps_cpp.dir/rosidl_typesupport_fastrtps_cpp/ublox_msgs/msg/detail/dds_fastrtps/rxm_rawx_meas__type_support.cpp.o\x1b[0m\n'}
[36.688912] (ublox_msgs) StdoutLine: {'line': b'[ 82%] \x1b[32mBuilding CXX object CMakeFiles/ublox_msgs__rosidl_typesupport_fastrtps_cpp.dir/rosidl_typesupport_fastrtps_cpp/ublox_msgs/msg/detail/dds_fastrtps/rxm_rawx__type_support.cpp.o\x1b[0m\n'}
[36.700340] (ublox_msgs) StdoutLine: {'line': b'[ 82%] \x1b[32mBuilding CXX object CMakeFiles/ublox_msgs__rosidl_typesupport_fastrtps_cpp.dir/rosidl_typesupport_fastrtps_cpp/ublox_msgs/msg/detail/dds_fastrtps/rxm_rtcm__type_support.cpp.o\x1b[0m\n'}
[36.726371] (-) TimerEvent: {}
[36.730242] (ublox_msgs) StdoutLine: {'line': b'[ 82%] \x1b[32mBuilding CXX object CMakeFiles/ublox_msgs__rosidl_typesupport_fastrtps_cpp.dir/rosidl_typesupport_fastrtps_cpp/ublox_msgs/msg/detail/dds_fastrtps/rxm_sfrb__type_support.cpp.o\x1b[0m\n'}
[36.764151] (ublox_msgs) StdoutLine: {'line': b'[ 83%] \x1b[32mBuilding CXX object CMakeFiles/ublox_msgs__rosidl_typesupport_fastrtps_c.dir/rosidl_typesupport_fastrtps_c/ublox_msgs/msg/detail/nav_satsv__type_support_c.cpp.o\x1b[0m\n'}
[36.826453] (-) TimerEvent: {}
[36.841034] (ublox_msgs) StdoutLine: {'line': b'[ 83%] \x1b[32mBuilding CXX object CMakeFiles/ublox_msgs__rosidl_typesupport_fastrtps_c.dir/rosidl_typesupport_fastrtps_c/ublox_msgs/msg/detail/nav_sbas__type_support_c.cpp.o\x1b[0m\n'}
[36.844414] (ublox_msgs) StdoutLine: {'line': b'[ 83%] \x1b[32mBuilding CXX object CMakeFiles/ublox_msgs__rosidl_typesupport_fastrtps_c.dir/rosidl_typesupport_fastrtps_c/ublox_msgs/msg/detail/nav_sbassv__type_support_c.cpp.o\x1b[0m\n'}
[36.884108] (ublox_msgs) StdoutLine: {'line': b'[ 83%] \x1b[32m\x1b[1mLinking CXX shared library libublox_msgs__rosidl_typesupport_introspection_cpp.so\x1b[0m\n'}
[36.926573] (-) TimerEvent: {}
[36.927880] (ublox_msgs) StdoutLine: {'line': b'[ 83%] \x1b[32mBuilding CXX object CMakeFiles/ublox_msgs__rosidl_typesupport_fastrtps_cpp.dir/rosidl_typesupport_fastrtps_cpp/ublox_msgs/msg/detail/dds_fastrtps/rxm_sfrbx__type_support.cpp.o\x1b[0m\n'}
[36.935058] (ublox_msgs) StdoutLine: {'line': b'[ 83%] \x1b[32mBuilding CXX object CMakeFiles/ublox_msgs__rosidl_typesupport_fastrtps_c.dir/rosidl_typesupport_fastrtps_c/ublox_msgs/msg/detail/nav_sol__type_support_c.cpp.o\x1b[0m\n'}
[36.955318] (ublox_msgs) StdoutLine: {'line': b'[ 83%] \x1b[32mBuilding CXX object CMakeFiles/ublox_msgs__rosidl_typesupport_fastrtps_cpp.dir/rosidl_typesupport_fastrtps_cpp/ublox_msgs/msg/detail/dds_fastrtps/rxm_svsi__type_support.cpp.o\x1b[0m\n'}
[36.980700] (ublox_msgs) StdoutLine: {'line': b'[ 83%] \x1b[32mBuilding CXX object CMakeFiles/ublox_msgs__rosidl_typesupport_fastrtps_c.dir/rosidl_typesupport_fastrtps_c/ublox_msgs/msg/detail/nav_status__type_support_c.cpp.o\x1b[0m\n'}
[37.001960] (ublox_msgs) StdoutLine: {'line': b'[ 83%] \x1b[32mBuilding CXX object CMakeFiles/ublox_msgs__rosidl_typesupport_fastrtps_c.dir/rosidl_typesupport_fastrtps_c/ublox_msgs/msg/detail/nav_svinfo__type_support_c.cpp.o\x1b[0m\n'}
[37.026713] (-) TimerEvent: {}
[37.030126] (ublox_msgs) StdoutLine: {'line': b'[ 83%] \x1b[32mBuilding CXX object CMakeFiles/ublox_msgs__rosidl_typesupport_fastrtps_c.dir/rosidl_typesupport_fastrtps_c/ublox_msgs/msg/detail/nav_svinfosv__type_support_c.cpp.o\x1b[0m\n'}
[37.048374] (ublox_msgs) StdoutLine: {'line': b'[ 84%] \x1b[32mBuilding CXX object CMakeFiles/ublox_msgs__rosidl_typesupport_fastrtps_cpp.dir/rosidl_typesupport_fastrtps_cpp/ublox_msgs/msg/detail/dds_fastrtps/rxm_svsisv__type_support.cpp.o\x1b[0m\n'}
[37.079941] (ublox_msgs) StdoutLine: {'line': b'[ 85%] \x1b[32mBuilding CXX object CMakeFiles/ublox_msgs__rosidl_typesupport_fastrtps_c.dir/rosidl_typesupport_fastrtps_c/ublox_msgs/msg/detail/nav_svin__type_support_c.cpp.o\x1b[0m\n'}
[37.086141] (ublox_msgs) StdoutLine: {'line': b'[ 85%] Built target ublox_msgs__rosidl_typesupport_introspection_cpp\n'}
[37.098251] (ublox_msgs) StdoutLine: {'line': b'[ 85%] \x1b[32mBuilding CXX object CMakeFiles/ublox_msgs__rosidl_typesupport_fastrtps_c.dir/rosidl_typesupport_fastrtps_c/ublox_msgs/msg/detail/nav_timeutc__type_support_c.cpp.o\x1b[0m\n'}
[37.098439] (ublox_msgs) StdoutLine: {'line': b'[ 85%] \x1b[32mBuilding CXX object CMakeFiles/ublox_msgs__rosidl_typesupport_fastrtps_c.dir/rosidl_typesupport_fastrtps_c/ublox_msgs/msg/detail/nav_timegps__type_support_c.cpp.o\x1b[0m\n'}
[37.117923] (ublox_msgs) StdoutLine: {'line': b'[ 85%] \x1b[32mBuilding CXX object CMakeFiles/ublox_msgs__rosidl_typesupport_fastrtps_c.dir/rosidl_typesupport_fastrtps_c/ublox_msgs/msg/detail/nav_velecef__type_support_c.cpp.o\x1b[0m\n'}
[37.126830] (-) TimerEvent: {}
[37.128246] (ublox_msgs) StdoutLine: {'line': b'[ 85%] \x1b[32mBuilding CXX object CMakeFiles/ublox_msgs__rosidl_typesupport_fastrtps_cpp.dir/rosidl_typesupport_fastrtps_cpp/ublox_msgs/msg/detail/dds_fastrtps/tim_tm2__type_support.cpp.o\x1b[0m\n'}
[37.175867] (ublox_msgs) StdoutLine: {'line': b'[ 85%] \x1b[32mBuilding CXX object CMakeFiles/ublox_msgs__rosidl_typesupport_fastrtps_cpp.dir/rosidl_typesupport_fastrtps_cpp/ublox_msgs/msg/detail/dds_fastrtps/upd_sos_ack__type_support.cpp.o\x1b[0m\n'}
[37.185936] (ublox_msgs) StdoutLine: {'line': b'[ 85%] \x1b[32mBuilding CXX object CMakeFiles/ublox_msgs__rosidl_typesupport_fastrtps_cpp.dir/rosidl_typesupport_fastrtps_cpp/ublox_msgs/msg/detail/dds_fastrtps/upd_sos__type_support.cpp.o\x1b[0m\n'}
[37.186158] (ublox_msgs) StdoutLine: {'line': b'[ 85%] \x1b[32mBuilding CXX object CMakeFiles/ublox_msgs__rosidl_typesupport_fastrtps_c.dir/rosidl_typesupport_fastrtps_c/ublox_msgs/msg/detail/nav_velned__type_support_c.cpp.o\x1b[0m\n'}
[37.226953] (-) TimerEvent: {}
[37.238514] (ublox_msgs) StdoutLine: {'line': b'[ 85%] \x1b[32mBuilding CXX object CMakeFiles/ublox_msgs__rosidl_typesupport_fastrtps_c.dir/rosidl_typesupport_fastrtps_c/ublox_msgs/msg/detail/rxm_alm__type_support_c.cpp.o\x1b[0m\n'}
[37.286073] (ublox_msgs) StdoutLine: {'line': b'[ 86%] \x1b[32mBuilding CXX object CMakeFiles/ublox_msgs__rosidl_typesupport_fastrtps_c.dir/rosidl_typesupport_fastrtps_c/ublox_msgs/msg/detail/rxm_eph__type_support_c.cpp.o\x1b[0m\n'}
[37.327080] (-) TimerEvent: {}
[37.337138] (ublox_msgs) StdoutLine: {'line': b'[ 86%] \x1b[32mBuilding CXX object CMakeFiles/ublox_msgs__rosidl_typesupport_fastrtps_c.dir/rosidl_typesupport_fastrtps_c/ublox_msgs/msg/detail/rxm_raw__type_support_c.cpp.o\x1b[0m\n'}
[37.342641] (ublox_msgs) StdoutLine: {'line': b'[ 86%] \x1b[32mBuilding CXX object CMakeFiles/ublox_msgs__rosidl_typesupport_fastrtps_c.dir/rosidl_typesupport_fastrtps_c/ublox_msgs/msg/detail/rxm_rawsv__type_support_c.cpp.o\x1b[0m\n'}
[37.362704] (ublox_msgs) StdoutLine: {'line': b'[ 86%] \x1b[32mBuilding CXX object CMakeFiles/ublox_msgs__rosidl_typesupport_fastrtps_c.dir/rosidl_typesupport_fastrtps_c/ublox_msgs/msg/detail/rxm_rawx_meas__type_support_c.cpp.o\x1b[0m\n'}
[37.369919] (ublox_msgs) StdoutLine: {'line': b'[ 86%] \x1b[32mBuilding CXX object CMakeFiles/ublox_msgs__rosidl_typesupport_fastrtps_c.dir/rosidl_typesupport_fastrtps_c/ublox_msgs/msg/detail/rxm_rawx__type_support_c.cpp.o\x1b[0m\n'}
[37.379360] (ublox_msgs) StdoutLine: {'line': b'[ 86%] \x1b[32mBuilding CXX object CMakeFiles/ublox_msgs__rosidl_typesupport_fastrtps_c.dir/rosidl_typesupport_fastrtps_c/ublox_msgs/msg/detail/rxm_rtcm__type_support_c.cpp.o\x1b[0m\n'}
[37.427195] (-) TimerEvent: {}
[37.431517] (ublox_msgs) StdoutLine: {'line': b'[ 86%] \x1b[32mBuilding CXX object CMakeFiles/ublox_msgs__rosidl_typesupport_fastrtps_c.dir/rosidl_typesupport_fastrtps_c/ublox_msgs/msg/detail/rxm_sfrb__type_support_c.cpp.o\x1b[0m\n'}
[37.434074] (ublox_msgs) StdoutLine: {'line': b'[ 87%] \x1b[32mBuilding CXX object CMakeFiles/ublox_msgs__rosidl_typesupport_fastrtps_c.dir/rosidl_typesupport_fastrtps_c/ublox_msgs/msg/detail/rxm_sfrbx__type_support_c.cpp.o\x1b[0m\n'}
[37.453720] (ublox_msgs) StdoutLine: {'line': b'[ 87%] \x1b[32mBuilding CXX object CMakeFiles/ublox_msgs__rosidl_typesupport_fastrtps_c.dir/rosidl_typesupport_fastrtps_c/ublox_msgs/msg/detail/rxm_svsi__type_support_c.cpp.o\x1b[0m\n'}
[37.453929] (ublox_msgs) StdoutLine: {'line': b'[ 87%] \x1b[32mBuilding CXX object CMakeFiles/ublox_msgs__rosidl_typesupport_fastrtps_c.dir/rosidl_typesupport_fastrtps_c/ublox_msgs/msg/detail/rxm_svsisv__type_support_c.cpp.o\x1b[0m\n'}
[37.484434] (ublox_msgs) StdoutLine: {'line': b'[ 87%] \x1b[32mBuilding CXX object CMakeFiles/ublox_msgs__rosidl_typesupport_fastrtps_c.dir/rosidl_typesupport_fastrtps_c/ublox_msgs/msg/detail/tim_tm2__type_support_c.cpp.o\x1b[0m\n'}
[37.517079] (ublox_msgs) StdoutLine: {'line': b'[ 87%] \x1b[32mBuilding CXX object CMakeFiles/ublox_msgs__rosidl_typesupport_fastrtps_c.dir/rosidl_typesupport_fastrtps_c/ublox_msgs/msg/detail/upd_sos_ack__type_support_c.cpp.o\x1b[0m\n'}
[37.527316] (-) TimerEvent: {}
[37.536594] (ublox_msgs) StdoutLine: {'line': b'[ 87%] \x1b[32mBuilding CXX object CMakeFiles/ublox_msgs__rosidl_typesupport_fastrtps_c.dir/rosidl_typesupport_fastrtps_c/ublox_msgs/msg/detail/upd_sos__type_support_c.cpp.o\x1b[0m\n'}
[37.586964] (ublox_msgs) StdoutLine: {'line': b'[ 87%] \x1b[32m\x1b[1mLinking CXX shared library libublox_msgs__rosidl_typesupport_fastrtps_cpp.so\x1b[0m\n'}
[37.627440] (-) TimerEvent: {}
[37.727804] (-) TimerEvent: {}
[37.740804] (ublox_msgs) StdoutLine: {'line': b'[ 87%] Built target ublox_msgs__rosidl_typesupport_fastrtps_cpp\n'}
[37.808119] (ublox_msgs) StdoutLine: {'line': b'[ 88%] \x1b[32m\x1b[1mLinking CXX shared library libublox_msgs__rosidl_typesupport_fastrtps_c.so\x1b[0m\n'}
[37.827895] (-) TimerEvent: {}
[37.887197] (ublox_msgs) StdoutLine: {'line': b'[ 88%] Built target ublox_msgs__rosidl_typesupport_fastrtps_c\n'}
[37.908601] (ublox_msgs) StdoutLine: {'line': b'[ 88%] Built target ublox_msgs\n'}
[37.928028] (-) TimerEvent: {}
[37.932791] (ublox_msgs) StdoutLine: {'line': b'[ 88%] \x1b[34m\x1b[1mGenerating Python code for ROS interfaces\x1b[0m\n'}
[38.028125] (-) TimerEvent: {}
[38.128402] (-) TimerEvent: {}
[38.228678] (-) TimerEvent: {}
[38.329020] (-) TimerEvent: {}
[38.429348] (-) TimerEvent: {}
[38.529640] (-) TimerEvent: {}
[38.629936] (-) TimerEvent: {}
[38.730294] (-) TimerEvent: {}
[38.830525] (-) TimerEvent: {}
[38.930797] (-) TimerEvent: {}
[39.031112] (-) TimerEvent: {}
[39.131430] (-) TimerEvent: {}
[39.231655] (-) TimerEvent: {}
[39.331901] (-) TimerEvent: {}
[39.432186] (-) TimerEvent: {}
[39.532510] (-) TimerEvent: {}
[39.632790] (-) TimerEvent: {}
[39.733105] (-) TimerEvent: {}
[39.833419] (-) TimerEvent: {}
[39.933720] (-) TimerEvent: {}
[40.034096] (-) TimerEvent: {}
[40.134341] (-) TimerEvent: {}
[40.234602] (-) TimerEvent: {}
[40.334873] (-) TimerEvent: {}
[40.435206] (-) TimerEvent: {}
[40.535450] (-) TimerEvent: {}
[40.635717] (-) TimerEvent: {}
[40.735982] (-) TimerEvent: {}
[40.836226] (-) TimerEvent: {}
[40.936517] (-) TimerEvent: {}
[41.036836] (-) TimerEvent: {}
[41.137156] (-) TimerEvent: {}
[41.237435] (-) TimerEvent: {}
[41.337740] (-) TimerEvent: {}
[41.438073] (-) TimerEvent: {}
[41.538356] (-) TimerEvent: {}
[41.638655] (-) TimerEvent: {}
[41.738984] (-) TimerEvent: {}
[41.839356] (-) TimerEvent: {}
[41.939600] (-) TimerEvent: {}
[42.039884] (-) TimerEvent: {}
[42.140199] (-) TimerEvent: {}
[42.240445] (-) TimerEvent: {}
[42.340705] (-) TimerEvent: {}
[42.440934] (-) TimerEvent: {}
[42.541261] (-) TimerEvent: {}
[42.641575] (-) TimerEvent: {}
[42.741862] (-) TimerEvent: {}
[42.842183] (-) TimerEvent: {}
[42.942516] (-) TimerEvent: {}
[43.042813] (-) TimerEvent: {}
[43.143082] (-) TimerEvent: {}
[43.243374] (-) TimerEvent: {}
[43.343687] (-) TimerEvent: {}
[43.443946] (-) TimerEvent: {}
[43.544299] (-) TimerEvent: {}
[43.644534] (-) TimerEvent: {}
[43.744834] (-) TimerEvent: {}
[43.845122] (-) TimerEvent: {}
[43.945430] (-) TimerEvent: {}
[44.045690] (-) TimerEvent: {}
[44.145948] (-) TimerEvent: {}
[44.246182] (-) TimerEvent: {}
[44.346467] (-) TimerEvent: {}
[44.446796] (-) TimerEvent: {}
[44.547095] (-) TimerEvent: {}
[44.647431] (-) TimerEvent: {}
[44.747691] (-) TimerEvent: {}
[44.848070] (-) TimerEvent: {}
[44.948380] (-) TimerEvent: {}
[45.048668] (-) TimerEvent: {}
[45.148992] (-) TimerEvent: {}
[45.249329] (-) TimerEvent: {}
[45.349609] (-) TimerEvent: {}
[45.449942] (-) TimerEvent: {}
[45.550256] (-) TimerEvent: {}
[45.650513] (-) TimerEvent: {}
[45.750796] (-) TimerEvent: {}
[45.851108] (-) TimerEvent: {}
[45.951416] (-) TimerEvent: {}
[46.051731] (-) TimerEvent: {}
[46.152037] (-) TimerEvent: {}
[46.252288] (-) TimerEvent: {}
[46.352520] (-) TimerEvent: {}
[46.452782] (-) TimerEvent: {}
[46.553074] (-) TimerEvent: {}
[46.653388] (-) TimerEvent: {}
[46.753642] (-) TimerEvent: {}
[46.853957] (-) TimerEvent: {}
[46.954292] (-) TimerEvent: {}
[47.054581] (-) TimerEvent: {}
[47.154872] (-) TimerEvent: {}
[47.255151] (-) TimerEvent: {}
[47.355441] (-) TimerEvent: {}
[47.455757] (-) TimerEvent: {}
[47.556029] (-) TimerEvent: {}
[47.656391] (-) TimerEvent: {}
[47.756818] (-) TimerEvent: {}
[47.857473] (-) TimerEvent: {}
[47.957772] (-) TimerEvent: {}
[48.058192] (-) TimerEvent: {}
[48.158598] (-) TimerEvent: {}
[48.259074] (-) TimerEvent: {}
[48.359490] (-) TimerEvent: {}
[48.459793] (-) TimerEvent: {}
[48.560066] (-) TimerEvent: {}
[48.660327] (-) TimerEvent: {}
[48.760592] (-) TimerEvent: {}
[48.860887] (-) TimerEvent: {}
[48.961224] (-) TimerEvent: {}
[49.061496] (-) TimerEvent: {}
[49.161790] (-) TimerEvent: {}
[49.262084] (-) TimerEvent: {}
[49.362349] (-) TimerEvent: {}
[49.462621] (-) TimerEvent: {}
[49.562882] (-) TimerEvent: {}
[49.663264] (-) TimerEvent: {}
[49.763537] (-) TimerEvent: {}
[49.863826] (-) TimerEvent: {}
[49.964150] (-) TimerEvent: {}
[50.064442] (-) TimerEvent: {}
[50.164725] (-) TimerEvent: {}
[50.264981] (-) TimerEvent: {}
[50.365287] (-) TimerEvent: {}
[50.465582] (-) TimerEvent: {}
[50.565894] (-) TimerEvent: {}
[50.666171] (-) TimerEvent: {}
[50.766463] (-) TimerEvent: {}
[50.866769] (-) TimerEvent: {}
[50.967120] (-) TimerEvent: {}
[51.067424] (-) TimerEvent: {}
[51.167747] (-) TimerEvent: {}
[51.268043] (-) TimerEvent: {}
[51.368393] (-) TimerEvent: {}
[51.468751] (-) TimerEvent: {}
[51.569073] (-) TimerEvent: {}
[51.669350] (-) TimerEvent: {}
[51.769671] (-) TimerEvent: {}
[51.869981] (-) TimerEvent: {}
[51.970283] (-) TimerEvent: {}
[52.070589] (-) TimerEvent: {}
[52.170881] (-) TimerEvent: {}
[52.271284] (-) TimerEvent: {}
[52.371715] (-) TimerEvent: {}
[52.472187] (-) TimerEvent: {}
[52.572504] (-) TimerEvent: {}
[52.672815] (-) TimerEvent: {}
[52.773159] (-) TimerEvent: {}
[52.873453] (-) TimerEvent: {}
[52.973757] (-) TimerEvent: {}
[53.074063] (-) TimerEvent: {}
[53.174406] (-) TimerEvent: {}
[53.274703] (-) TimerEvent: {}
[53.374989] (-) TimerEvent: {}
[53.475406] (-) TimerEvent: {}
[53.575740] (-) TimerEvent: {}
[53.676017] (-) TimerEvent: {}
[53.776331] (-) TimerEvent: {}
[53.876623] (-) TimerEvent: {}
[53.976854] (-) TimerEvent: {}
[54.077172] (-) TimerEvent: {}
[54.177474] (-) TimerEvent: {}
[54.277811] (-) TimerEvent: {}
[54.378078] (-) TimerEvent: {}
[54.478365] (-) TimerEvent: {}
[54.578607] (-) TimerEvent: {}
[54.678836] (-) TimerEvent: {}
[54.779066] (-) TimerEvent: {}
[54.879315] (-) TimerEvent: {}
[54.979570] (-) TimerEvent: {}
[55.079857] (-) TimerEvent: {}
[55.180130] (-) TimerEvent: {}
[55.280408] (-) TimerEvent: {}
[55.380635] (-) TimerEvent: {}
[55.480943] (-) TimerEvent: {}
[55.581291] (-) TimerEvent: {}
[55.681603] (-) TimerEvent: {}
[55.781979] (-) TimerEvent: {}
[55.882343] (-) TimerEvent: {}
[55.982649] (-) TimerEvent: {}
[56.082945] (-) TimerEvent: {}
[56.183271] (-) TimerEvent: {}
[56.283602] (-) TimerEvent: {}
[56.383910] (-) TimerEvent: {}
[56.484248] (-) TimerEvent: {}
[56.584548] (-) TimerEvent: {}
[56.684777] (-) TimerEvent: {}
[56.785066] (-) TimerEvent: {}
[56.885378] (-) TimerEvent: {}
[56.985682] (-) TimerEvent: {}
[57.085950] (-) TimerEvent: {}
[57.186333] (-) TimerEvent: {}
[57.286636] (-) TimerEvent: {}
[57.386923] (-) TimerEvent: {}
[57.487222] (-) TimerEvent: {}
[57.587522] (-) TimerEvent: {}
[57.687799] (-) TimerEvent: {}
[57.788071] (-) TimerEvent: {}
[57.888305] (-) TimerEvent: {}
[57.988547] (-) TimerEvent: {}
[58.088842] (-) TimerEvent: {}
[58.189239] (-) TimerEvent: {}
[58.289638] (-) TimerEvent: {}
[58.389993] (-) TimerEvent: {}
[58.490424] (-) TimerEvent: {}
[58.590884] (-) TimerEvent: {}
[58.692171] (-) TimerEvent: {}
[58.771482] (ublox_msgs) StdoutLine: {'line': b'[ 88%] Built target ublox_msgs__py\n'}
[58.795095] (-) TimerEvent: {}
[58.797842] (ublox_msgs) StdoutLine: {'line': b'[ 88%] \x1b[32mBuilding C object CMakeFiles/ublox_msgs__rosidl_generator_py.dir/rosidl_generator_py/ublox_msgs/msg/_aid_alm_s.c.o\x1b[0m\n'}
[58.798059] (ublox_msgs) StdoutLine: {'line': b'[ 88%] \x1b[32mBuilding C object CMakeFiles/ublox_msgs__rosidl_generator_py.dir/rosidl_generator_py/ublox_msgs/msg/_cfg_ant_s.c.o\x1b[0m\n'}
[58.798116] (ublox_msgs) StdoutLine: {'line': b'[ 88%] \x1b[32mBuilding C object CMakeFiles/ublox_msgs__rosidl_generator_py.dir/rosidl_generator_py/ublox_msgs/msg/_cfg_cfg_s.c.o\x1b[0m\n'}
[58.798160] (ublox_msgs) StdoutLine: {'line': b'[ 89%] \x1b[32mBuilding C object CMakeFiles/ublox_msgs__rosidl_generator_py.dir/rosidl_generator_py/ublox_msgs/msg/_aid_eph_s.c.o\x1b[0m\n'}
[58.798199] (ublox_msgs) StdoutLine: {'line': b'[ 89%] \x1b[32mBuilding C object CMakeFiles/ublox_msgs__rosidl_generator_py.dir/rosidl_generator_py/ublox_msgs/msg/_cfg_dat_s.c.o\x1b[0m\n'}
[58.798238] (ublox_msgs) StdoutLine: {'line': b'[ 89%] \x1b[32mBuilding C object CMakeFiles/ublox_msgs__rosidl_generator_py.dir/rosidl_generator_py/ublox_msgs/msg/_cfg_dgnss_s.c.o\x1b[0m\n'}
[58.798277] (ublox_msgs) StdoutLine: {'line': b'[ 89%] \x1b[32mBuilding C object CMakeFiles/ublox_msgs__rosidl_generator_py.dir/rosidl_generator_py/ublox_msgs/msg/_aid_hui_s.c.o\x1b[0m\n'}
[58.798317] (ublox_msgs) StdoutLine: {'line': b'[ 89%] \x1b[32mBuilding C object CMakeFiles/ublox_msgs__rosidl_generator_py.dir/rosidl_generator_py/ublox_msgs/msg/_cfg_gnss_s.c.o\x1b[0m\n'}
[58.798355] (ublox_msgs) StdoutLine: {'line': b'[ 90%] \x1b[32mBuilding C object CMakeFiles/ublox_msgs__rosidl_generator_py.dir/rosidl_generator_py/ublox_msgs/msg/_cfg_gnss_block_s.c.o\x1b[0m\n'}
[58.798394] (ublox_msgs) StdoutLine: {'line': b'[ 90%] \x1b[32mBuilding C object CMakeFiles/ublox_msgs__rosidl_generator_py.dir/rosidl_generator_py/ublox_msgs/msg/_ack_s.c.o\x1b[0m\n'}
[58.798432] (ublox_msgs) StdoutLine: {'line': b'[ 90%] \x1b[32mBuilding C object CMakeFiles/ublox_msgs__rosidl_generator_py.dir/rosidl_generator_py/ublox_msgs/msg/_cfg_inf_s.c.o\x1b[0m\n'}
[58.798470] (ublox_msgs) StdoutLine: {'line': b'[ 90%] \x1b[32mBuilding C object CMakeFiles/ublox_msgs__rosidl_generator_py.dir/rosidl_generator_py/ublox_msgs/msg/_cfg_inf_block_s.c.o\x1b[0m\n'}
[58.798508] (ublox_msgs) StdoutLine: {'line': b'[ 90%] \x1b[32mBuilding C object CMakeFiles/ublox_msgs__rosidl_generator_py.dir/rosidl_generator_py/ublox_msgs/msg/_cfg_hnr_s.c.o\x1b[0m\n'}
[58.799657] (ublox_msgs) StdoutLine: {'line': b'[ 90%] \x1b[32mBuilding C object CMakeFiles/ublox_msgs__rosidl_generator_py.dir/rosidl_generator_py/ublox_msgs/msg/_cfg_msg_s.c.o\x1b[0m\n'}
[58.800562] (ublox_msgs) StdoutLine: {'line': b'[ 90%] \x1b[32mBuilding C object CMakeFiles/ublox_msgs__rosidl_generator_py.dir/rosidl_generator_py/ublox_msgs/msg/_cfg_nav5_s.c.o\x1b[0m\n'}
[58.800691] (ublox_msgs) StdoutLine: {'line': b'[ 91%] \x1b[32mBuilding C object CMakeFiles/ublox_msgs__rosidl_generator_py.dir/rosidl_generator_py/ublox_msgs/msg/_cfg_navx5_s.c.o\x1b[0m\n'}
[58.890149] (ublox_msgs) StdoutLine: {'line': b'[ 91%] \x1b[32mBuilding C object CMakeFiles/ublox_msgs__rosidl_generator_py.dir/rosidl_generator_py/ublox_msgs/msg/_cfg_nmea6_s.c.o\x1b[0m\n'}
[58.895210] (-) TimerEvent: {}
[58.905709] (ublox_msgs) StdoutLine: {'line': b'[ 91%] \x1b[32mBuilding C object CMakeFiles/ublox_msgs__rosidl_generator_py.dir/rosidl_generator_py/ublox_msgs/msg/_cfg_nmea7_s.c.o\x1b[0m\n'}
[58.905900] (ublox_msgs) StdoutLine: {'line': b'[ 91%] \x1b[32mBuilding C object CMakeFiles/ublox_msgs__rosidl_generator_py.dir/rosidl_generator_py/ublox_msgs/msg/_cfg_nmea_s.c.o\x1b[0m\n'}
[58.911096] (ublox_msgs) StdoutLine: {'line': b'[ 92%] \x1b[32mBuilding C object CMakeFiles/ublox_msgs__rosidl_generator_py.dir/rosidl_generator_py/ublox_msgs/msg/_cfg_sbas_s.c.o\x1b[0m\n'}
[58.911373] (ublox_msgs) StdoutLine: {'line': b'[ 92%] \x1b[32mBuilding C object CMakeFiles/ublox_msgs__rosidl_generator_py.dir/rosidl_generator_py/ublox_msgs/msg/_cfg_rst_s.c.o\x1b[0m\n'}
[58.911440] (ublox_msgs) StdoutLine: {'line': b'[ 92%] \x1b[32mBuilding C object CMakeFiles/ublox_msgs__rosidl_generator_py.dir/rosidl_generator_py/ublox_msgs/msg/_cfg_prt_s.c.o\x1b[0m\n'}
[58.911487] (ublox_msgs) StdoutLine: {'line': b'[ 92%] \x1b[32mBuilding C object CMakeFiles/ublox_msgs__rosidl_generator_py.dir/rosidl_generator_py/ublox_msgs/msg/_cfg_usb_s.c.o\x1b[0m\n'}
[58.911527] (ublox_msgs) StdoutLine: {'line': b'[ 92%] \x1b[32mBuilding C object CMakeFiles/ublox_msgs__rosidl_generator_py.dir/rosidl_generator_py/ublox_msgs/msg/_cfg_tmode3_s.c.o\x1b[0m\n'}
[58.912168] (ublox_msgs) StdoutLine: {'line': b'[ 92%] \x1b[32mBuilding C object CMakeFiles/ublox_msgs__rosidl_generator_py.dir/rosidl_generator_py/ublox_msgs/msg/_cfg_rate_s.c.o\x1b[0m\n'}
[58.918743] (ublox_msgs) StdoutLine: {'line': b'[ 92%] \x1b[32mBuilding C object CMakeFiles/ublox_msgs__rosidl_generator_py.dir/rosidl_generator_py/ublox_msgs/msg/_esf_ins_s.c.o\x1b[0m\n'}
[58.918935] (ublox_msgs) StdoutLine: {'line': b'[ 92%] \x1b[32mBuilding C object CMakeFiles/ublox_msgs__rosidl_generator_py.dir/rosidl_generator_py/ublox_msgs/msg/_esf_meas_s.c.o\x1b[0m\n'}
[58.919930] (ublox_msgs) StdoutLine: {'line': b'[ 93%] \x1b[32mBuilding C object CMakeFiles/ublox_msgs__rosidl_generator_py.dir/rosidl_generator_py/ublox_msgs/msg/_esf_raw_block_s.c.o\x1b[0m\n'}
[58.924688] (ublox_msgs) StdoutLine: {'line': b'[ 93%] \x1b[32mBuilding C object CMakeFiles/ublox_msgs__rosidl_generator_py.dir/rosidl_generator_py/ublox_msgs/msg/_esf_raw_s.c.o\x1b[0m\n'}
[58.932955] (ublox_msgs) StdoutLine: {'line': b'[ 93%] \x1b[32mBuilding C object CMakeFiles/ublox_msgs__rosidl_generator_py.dir/rosidl_generator_py/ublox_msgs/msg/_esf_status_sens_s.c.o\x1b[0m\n'}
[58.933234] (ublox_msgs) StdoutLine: {'line': b'[ 93%] \x1b[32mBuilding C object CMakeFiles/ublox_msgs__rosidl_generator_py.dir/rosidl_generator_py/ublox_msgs/msg/_esf_status_s.c.o\x1b[0m\n'}
[58.942438] (ublox_msgs) StdoutLine: {'line': b'[ 93%] \x1b[32mBuilding C object CMakeFiles/ublox_msgs__rosidl_generator_py.dir/rosidl_generator_py/ublox_msgs/msg/_hnr_pvt_s.c.o\x1b[0m\n'}
[58.995336] (-) TimerEvent: {}
[58.997132] (ublox_msgs) StdoutLine: {'line': b'[ 93%] \x1b[32mBuilding C object CMakeFiles/ublox_msgs__rosidl_generator_py.dir/rosidl_generator_py/ublox_msgs/msg/_inf_s.c.o\x1b[0m\n'}
[59.015075] (ublox_msgs) StdoutLine: {'line': b'[ 93%] \x1b[32mBuilding C object CMakeFiles/ublox_msgs__rosidl_generator_py.dir/rosidl_generator_py/ublox_msgs/msg/_mga_gal_s.c.o\x1b[0m\n'}
[59.017883] (ublox_msgs) StdoutLine: {'line': b'[ 94%] \x1b[32mBuilding C object CMakeFiles/ublox_msgs__rosidl_generator_py.dir/rosidl_generator_py/ublox_msgs/msg/_mon_gnss_s.c.o\x1b[0m\n'}
[59.021523] (ublox_msgs) StdoutLine: {'line': b'[ 94%] \x1b[32mBuilding C object CMakeFiles/ublox_msgs__rosidl_generator_py.dir/rosidl_generator_py/ublox_msgs/msg/_mon_hw6_s.c.o\x1b[0m\n'}
[59.021712] (ublox_msgs) StdoutLine: {'line': b'[ 94%] \x1b[32mBuilding C object CMakeFiles/ublox_msgs__rosidl_generator_py.dir/rosidl_generator_py/ublox_msgs/msg/_mon_hw_s.c.o\x1b[0m\n'}
[59.021763] (ublox_msgs) StdoutLine: {'line': b'[ 94%] \x1b[32mBuilding C object CMakeFiles/ublox_msgs__rosidl_generator_py.dir/rosidl_generator_py/ublox_msgs/msg/_mon_ver_extension_s.c.o\x1b[0m\n'}
[59.027981] (ublox_msgs) StdoutLine: {'line': b'[ 94%] \x1b[32mBuilding C object CMakeFiles/ublox_msgs__rosidl_generator_py.dir/rosidl_generator_py/ublox_msgs/msg/_mon_ver_s.c.o\x1b[0m\n'}
[59.030080] (ublox_msgs) StdoutLine: {'line': b'[ 94%] \x1b[32mBuilding C object CMakeFiles/ublox_msgs__rosidl_generator_py.dir/rosidl_generator_py/ublox_msgs/msg/_nav_att_s.c.o\x1b[0m\n'}
[59.030264] (ublox_msgs) StdoutLine: {'line': b'[ 94%] \x1b[32mBuilding C object CMakeFiles/ublox_msgs__rosidl_generator_py.dir/rosidl_generator_py/ublox_msgs/msg/_nav_dgps_s.c.o\x1b[0m\n'}
[59.030318] (ublox_msgs) StdoutLine: {'line': b'[ 95%] \x1b[32mBuilding C object CMakeFiles/ublox_msgs__rosidl_generator_py.dir/rosidl_generator_py/ublox_msgs/msg/_nav_clock_s.c.o\x1b[0m\n'}
[59.032540] (ublox_msgs) StdoutLine: {'line': b'[ 95%] \x1b[32mBuilding C object CMakeFiles/ublox_msgs__rosidl_generator_py.dir/rosidl_generator_py/ublox_msgs/msg/_nav_dgpssv_s.c.o\x1b[0m\n'}
[59.038078] (ublox_msgs) StdoutLine: {'line': b'[ 95%] \x1b[32mBuilding C object CMakeFiles/ublox_msgs__rosidl_generator_py.dir/rosidl_generator_py/ublox_msgs/msg/_nav_dop_s.c.o\x1b[0m\n'}
[59.038309] (ublox_msgs) StdoutLine: {'line': b'[ 95%] \x1b[32mBuilding C object CMakeFiles/ublox_msgs__rosidl_generator_py.dir/rosidl_generator_py/ublox_msgs/msg/_nav_posecef_s.c.o\x1b[0m\n'}
[59.041209] (ublox_msgs) StdoutLine: {'line': b'[ 95%] \x1b[32mBuilding C object CMakeFiles/ublox_msgs__rosidl_generator_py.dir/rosidl_generator_py/ublox_msgs/msg/_nav_posllh_s.c.o\x1b[0m\n'}
[59.055667] (ublox_msgs) StdoutLine: {'line': b'[ 95%] \x1b[32mBuilding C object CMakeFiles/ublox_msgs__rosidl_generator_py.dir/rosidl_generator_py/ublox_msgs/msg/_nav_pvt7_s.c.o\x1b[0m\n'}
[59.075823] (ublox_msgs) StdoutLine: {'line': b'[ 96%] \x1b[32mBuilding C object CMakeFiles/ublox_msgs__rosidl_generator_py.dir/rosidl_generator_py/ublox_msgs/msg/_nav_pvt_s.c.o\x1b[0m\n'}
[59.095454] (-) TimerEvent: {}
[59.118096] (ublox_msgs) StdoutLine: {'line': b'[ 96%] \x1b[32mBuilding C object CMakeFiles/ublox_msgs__rosidl_generator_py.dir/rosidl_generator_py/ublox_msgs/msg/_nav_relposned9_s.c.o\x1b[0m\n'}
[59.134258] (ublox_msgs) StdoutLine: {'line': b'[ 96%] \x1b[32mBuilding C object CMakeFiles/ublox_msgs__rosidl_generator_py.dir/rosidl_generator_py/ublox_msgs/msg/_nav_relposned_s.c.o\x1b[0m\n'}
[59.134451] (ublox_msgs) StdoutLine: {'line': b'[ 96%] \x1b[32mBuilding C object CMakeFiles/ublox_msgs__rosidl_generator_py.dir/rosidl_generator_py/ublox_msgs/msg/_nav_sat_s.c.o\x1b[0m\n'}
[59.137548] (ublox_msgs) StdoutLine: {'line': b'[ 96%] \x1b[32mBuilding C object CMakeFiles/ublox_msgs__rosidl_generator_py.dir/rosidl_generator_py/ublox_msgs/msg/_nav_satsv_s.c.o\x1b[0m\n'}
[59.144091] (ublox_msgs) StdoutLine: {'line': b'[ 96%] \x1b[32mBuilding C object CMakeFiles/ublox_msgs__rosidl_generator_py.dir/rosidl_generator_py/ublox_msgs/msg/_nav_sbas_s.c.o\x1b[0m\n'}
[59.144295] (ublox_msgs) StdoutLine: {'line': b'[ 97%] \x1b[32mBuilding C object CMakeFiles/ublox_msgs__rosidl_generator_py.dir/rosidl_generator_py/ublox_msgs/msg/_nav_sbassv_s.c.o\x1b[0m\n'}
[59.145238] (ublox_msgs) StdoutLine: {'line': b'[ 97%] \x1b[32mBuilding C object CMakeFiles/ublox_msgs__rosidl_generator_py.dir/rosidl_generator_py/ublox_msgs/msg/_nav_svinfo_s.c.o\x1b[0m\n'}
[59.145364] (ublox_msgs) StdoutLine: {'line': b'[ 97%] \x1b[32mBuilding C object CMakeFiles/ublox_msgs__rosidl_generator_py.dir/rosidl_generator_py/ublox_msgs/msg/_nav_status_s.c.o\x1b[0m\n'}
[59.145410] (ublox_msgs) StdoutLine: {'line': b'[ 97%] \x1b[32mBuilding C object CMakeFiles/ublox_msgs__rosidl_generator_py.dir/rosidl_generator_py/ublox_msgs/msg/_nav_sol_s.c.o\x1b[0m\n'}
[59.147181] (ublox_msgs) StdoutLine: {'line': b'[ 97%] \x1b[32mBuilding C object CMakeFiles/ublox_msgs__rosidl_generator_py.dir/rosidl_generator_py/ublox_msgs/msg/_nav_svinfosv_s.c.o\x1b[0m\n'}
[59.147347] (ublox_msgs) StdoutLine: {'line': b'[ 97%] \x1b[32mBuilding C object CMakeFiles/ublox_msgs__rosidl_generator_py.dir/rosidl_generator_py/ublox_msgs/msg/_nav_svin_s.c.o\x1b[0m\n'}
[59.147443] (ublox_msgs) StdoutLine: {'line': b'[ 97%] \x1b[32mBuilding C object CMakeFiles/ublox_msgs__rosidl_generator_py.dir/rosidl_generator_py/ublox_msgs/msg/_nav_timegps_s.c.o\x1b[0m\n'}
[59.151239] (ublox_msgs) StdoutLine: {'line': b'[ 98%] \x1b[32mBuilding C object CMakeFiles/ublox_msgs__rosidl_generator_py.dir/rosidl_generator_py/ublox_msgs/msg/_nav_timeutc_s.c.o\x1b[0m\n'}
[59.158358] (ublox_msgs) StdoutLine: {'line': b'[ 98%] \x1b[32mBuilding C object CMakeFiles/ublox_msgs__rosidl_generator_py.dir/rosidl_generator_py/ublox_msgs/msg/_nav_velecef_s.c.o\x1b[0m\n'}
[59.195572] (-) TimerEvent: {}
[59.195846] (ublox_msgs) StdoutLine: {'line': b'[ 98%] \x1b[32mBuilding C object CMakeFiles/ublox_msgs__rosidl_generator_py.dir/rosidl_generator_py/ublox_msgs/msg/_nav_velned_s.c.o\x1b[0m\n'}
[59.224187] (ublox_msgs) StdoutLine: {'line': b'[ 98%] \x1b[32mBuilding C object CMakeFiles/ublox_msgs__rosidl_generator_py.dir/rosidl_generator_py/ublox_msgs/msg/_rxm_alm_s.c.o\x1b[0m\n'}
[59.248538] (ublox_msgs) StdoutLine: {'line': b'[ 99%] \x1b[32mBuilding C object CMakeFiles/ublox_msgs__rosidl_generator_py.dir/rosidl_generator_py/ublox_msgs/msg/_rxm_eph_s.c.o\x1b[0m\n'}
[59.248729] (ublox_msgs) StdoutLine: {'line': b'[ 99%] \x1b[32mBuilding C object CMakeFiles/ublox_msgs__rosidl_generator_py.dir/rosidl_generator_py/ublox_msgs/msg/_rxm_rawsv_s.c.o\x1b[0m\n'}
[59.249595] (ublox_msgs) StdoutLine: {'line': b'[ 99%] \x1b[32mBuilding C object CMakeFiles/ublox_msgs__rosidl_generator_py.dir/rosidl_generator_py/ublox_msgs/msg/_rxm_raw_s.c.o\x1b[0m\n'}
[59.256582] (ublox_msgs) StdoutLine: {'line': b'[ 99%] \x1b[32mBuilding C object CMakeFiles/ublox_msgs__rosidl_generator_py.dir/rosidl_generator_py/ublox_msgs/msg/_rxm_rawx_meas_s.c.o\x1b[0m\n'}
[59.256771] (ublox_msgs) StdoutLine: {'line': b'[ 99%] \x1b[32mBuilding C object CMakeFiles/ublox_msgs__rosidl_generator_py.dir/rosidl_generator_py/ublox_msgs/msg/_rxm_rawx_s.c.o\x1b[0m\n'}
[59.258810] (ublox_msgs) StdoutLine: {'line': b'[ 99%] \x1b[32mBuilding C object CMakeFiles/ublox_msgs__rosidl_generator_py.dir/rosidl_generator_py/ublox_msgs/msg/_rxm_rtcm_s.c.o\x1b[0m\n'}
[59.265878] (ublox_msgs) StdoutLine: {'line': b'[ 99%] \x1b[32mBuilding C object CMakeFiles/ublox_msgs__rosidl_generator_py.dir/rosidl_generator_py/ublox_msgs/msg/_rxm_sfrb_s.c.o\x1b[0m\n'}
[59.268310] (ublox_msgs) StdoutLine: {'line': b'[ 99%] \x1b[32mBuilding C object CMakeFiles/ublox_msgs__rosidl_generator_py.dir/rosidl_generator_py/ublox_msgs/msg/_rxm_sfrbx_s.c.o\x1b[0m\n'}
[59.270635] (ublox_msgs) StdoutLine: {'line': b'[100%] \x1b[32mBuilding C object CMakeFiles/ublox_msgs__rosidl_generator_py.dir/rosidl_generator_py/ublox_msgs/msg/_rxm_svsisv_s.c.o\x1b[0m\n'}
[59.270842] (ublox_msgs) StdoutLine: {'line': b'[100%] \x1b[32mBuilding C object CMakeFiles/ublox_msgs__rosidl_generator_py.dir/rosidl_generator_py/ublox_msgs/msg/_rxm_svsi_s.c.o\x1b[0m\n'}
[59.270900] (ublox_msgs) StdoutLine: {'line': b'[100%] \x1b[32mBuilding C object CMakeFiles/ublox_msgs__rosidl_generator_py.dir/rosidl_generator_py/ublox_msgs/msg/_upd_sos_ack_s.c.o\x1b[0m\n'}
[59.272774] (ublox_msgs) StdoutLine: {'line': b'[100%] \x1b[32mBuilding C object CMakeFiles/ublox_msgs__rosidl_generator_py.dir/rosidl_generator_py/ublox_msgs/msg/_tim_tm2_s.c.o\x1b[0m\n'}
[59.295684] (-) TimerEvent: {}
[59.297439] (ublox_msgs) StdoutLine: {'line': b'[100%] \x1b[32mBuilding C object CMakeFiles/ublox_msgs__rosidl_generator_py.dir/rosidl_generator_py/ublox_msgs/msg/_upd_sos_s.c.o\x1b[0m\n'}
[59.395802] (-) TimerEvent: {}
[59.396146] (ublox_msgs) StdoutLine: {'line': b'[100%] \x1b[32m\x1b[1mLinking C shared library rosidl_generator_py/ublox_msgs/libublox_msgs__rosidl_generator_py.so\x1b[0m\n'}
[59.448877] (ublox_msgs) StdoutLine: {'line': b'[100%] Built target ublox_msgs__rosidl_generator_py\n'}
[59.467217] (ublox_msgs) StdoutLine: {'line': b'[100%] \x1b[32mBuilding C object CMakeFiles/ublox_msgs__rosidl_typesupport_introspection_c__pyext.dir/rosidl_generator_py/ublox_msgs/_ublox_msgs_s.ep.rosidl_typesupport_introspection_c.c.o\x1b[0m\n'}
[59.467455] (ublox_msgs) StdoutLine: {'line': b'[100%] \x1b[32mBuilding C object CMakeFiles/ublox_msgs__rosidl_typesupport_c__pyext.dir/rosidl_generator_py/ublox_msgs/_ublox_msgs_s.ep.rosidl_typesupport_c.c.o\x1b[0m\n'}
[59.467542] (ublox_msgs) StdoutLine: {'line': b'[100%] \x1b[32mBuilding C object CMakeFiles/ublox_msgs__rosidl_typesupport_fastrtps_c__pyext.dir/rosidl_generator_py/ublox_msgs/_ublox_msgs_s.ep.rosidl_typesupport_fastrtps_c.c.o\x1b[0m\n'}
[59.495918] (-) TimerEvent: {}
[59.596230] (-) TimerEvent: {}
[59.658822] (ublox_msgs) StdoutLine: {'line': b'[100%] \x1b[32m\x1b[1mLinking C shared library rosidl_generator_py/ublox_msgs/ublox_msgs_s__rosidl_typesupport_c.cpython-310-x86_64-linux-gnu.so\x1b[0m\n'}
[59.659125] (ublox_msgs) StdoutLine: {'line': b'[100%] \x1b[32m\x1b[1mLinking C shared library rosidl_generator_py/ublox_msgs/ublox_msgs_s__rosidl_typesupport_fastrtps_c.cpython-310-x86_64-linux-gnu.so\x1b[0m\n'}
[59.659252] (ublox_msgs) StdoutLine: {'line': b'[100%] \x1b[32m\x1b[1mLinking C shared library rosidl_generator_py/ublox_msgs/ublox_msgs_s__rosidl_typesupport_introspection_c.cpython-310-x86_64-linux-gnu.so\x1b[0m\n'}
[59.696341] (-) TimerEvent: {}
[59.696901] (ublox_msgs) StdoutLine: {'line': b'[100%] Built target ublox_msgs__rosidl_typesupport_c__pyext\n'}
[59.698106] (ublox_msgs) StdoutLine: {'line': b'[100%] Built target ublox_msgs__rosidl_typesupport_introspection_c__pyext\n'}
[59.698253] (ublox_msgs) StdoutLine: {'line': b'[100%] Built target ublox_msgs__rosidl_typesupport_fastrtps_c__pyext\n'}
[59.709440] (ublox_msgs) CommandEnded: {'returncode': 0}
[59.710281] (ublox_msgs) JobProgress: {'identifier': 'ublox_msgs', 'progress': 'install'}
[59.710973] (ublox_msgs) Command: {'cmd': ['/usr/bin/cmake', '--install', '/home/jsmoon/yax_jeju/build/ublox_msgs'], 'cwd': '/home/jsmoon/yax_jeju/build/ublox_msgs', 'env': OrderedDict([('PYENV_VIRTUALENV_INIT', '1'), ('GJS_DEBUG_TOPICS', 'JS ERROR;JS LOG'), ('LESSOPEN', '| /usr/bin/lesspipe %s'), ('USER', 'jsmoon'), ('LC_TIME', 'ko_KR.UTF-8'), ('XDG_SESSION_TYPE', 'x11'), ('SHLVL', '1'), ('LD_LIBRARY_PATH', '/opt/ros/humble/opt/rviz_ogre_vendor/lib:/opt/ros/humble/lib/x86_64-linux-gnu:/opt/ros/humble/lib:/home/jsmoon/Desktop/JSMOON/MLCS/project1/Personalized-Adaptive-Cruise/external/acados/lib:'), ('ACADOS_SOURCE_DIR', '/home/jsmoon/Desktop/JSMOON/MLCS/project1/Personalized-Adaptive-Cruise/external/acados'), ('HOME', '/home/jsmoon'), ('OLDPWD', '/home/jsmoon'), ('DESKTOP_SESSION', 'ubuntu-xorg'), ('PYENV_SHELL', 'bash'), ('GIO_LAUNCHED_DESKTOP_FILE', '/usr/share/applications/terminator.desktop'), ('ROS_PYTHON_VERSION', '3'), ('GNOME_SHELL_SESSION_MODE', 'ubuntu'), ('GTK_MODULES', 'gail:atk-bridge'), ('LC_MONETARY', 'ko_KR.UTF-8'), ('MANAGERPID', '1869'), ('SYSTEMD_EXEC_PID', '2431'), ('DBUS_SESSION_BUS_ADDRESS', 'unix:path=/run/user/1000/bus'), ('COLORTERM', 'truecolor'), ('TERMINATOR_DBUS_NAME', 'net.tenshu.Terminator23558193cd9818af7fe4d2c2f5bd9d00f'), ('GIO_LAUNCHED_DESKTOP_FILE_PID', '8379'), ('COLCON_PREFIX_PATH', '/home/jsmoon/ydlidar_ws/install'), ('ROS_DISTRO', 'humble'), ('GTK_IM_MODULE', 'ibus'), ('LOGNAME', 'jsmoon'), ('JOURNAL_STREAM', '8:9861'), ('_', '/usr/bin/colcon'), ('ROS_VERSION', '2'), ('XDG_SESSION_CLASS', 'user'), ('USERNAME', 'jsmoon'), ('TERM', 'xterm-256color'), ('GNOME_DESKTOP_SESSION_ID', 'this-is-deprecated'), ('ROS_LOCALHOST_ONLY', '0'), ('WINDOWPATH', '2'), ('PATH', '/opt/ros/humble/bin:/home/jsmoon/.pyenv/plugins/pyenv-virtualenv/shims:/home/jsmoon/.pyenv/shims:/home/jsmoon/.pyenv/bin:/home/jsmoon/.local/bin:/usr/local/sbin:/usr/local/bin:/usr/sbin:/usr/bin:/sbin:/bin:/usr/games:/usr/local/games:/snap/bin:/snap/bin'), ('SESSION_MANAGER', 'local/jsmoon-ASUS-TUF-Gaming-A14-FA401UM-FA401UM:@/tmp/.ICE-unix/2384,unix/jsmoon-ASUS-TUF-Gaming-A14-FA401UM-FA401UM:/tmp/.ICE-unix/2384'), ('INVOCATION_ID', '59e81587102e428d9dc34d9cf59fdca5'), ('XDG_MENU_PREFIX', 'gnome-'), ('LC_ADDRESS', 'ko_KR.UTF-8'), ('XDG_RUNTIME_DIR', '/run/user/1000'), ('DISPLAY', ':1'), ('TERMINATOR_DBUS_PATH', '/net/tenshu/Terminator2'), ('LANG', 'en_US.UTF-8'), ('XDG_CURRENT_DESKTOP', 'ubuntu:GNOME'), ('IBUS_DISABLE_SNOOPER', '1'), ('LC_TELEPHONE', 'ko_KR.UTF-8'), ('XMODIFIERS', '@im=ibus'), ('XDG_SESSION_DESKTOP', 'ubuntu-xorg'), ('XAUTHORITY', '/run/user/1000/gdm/Xauthority'), ('LS_COLORS', 'rs=0:di=01;34:ln=01;36:mh=00:pi=40;33:so=01;35:do=01;35:bd=40;33;01:cd=40;33;01:or=40;31;01:mi=00:su=37;41:sg=30;43:ca=30;41:tw=30;42:ow=34;42:st=37;44:ex=01;32:*.tar=01;31:*.tgz=01;31:*.arc=01;31:*.arj=01;31:*.taz=01;31:*.lha=01;31:*.lz4=01;31:*.lzh=01;31:*.lzma=01;31:*.tlz=01;31:*.txz=01;31:*.tzo=01;31:*.t7z=01;31:*.zip=01;31:*.z=01;31:*.dz=01;31:*.gz=01;31:*.lrz=01;31:*.lz=01;31:*.lzo=01;31:*.xz=01;31:*.zst=01;31:*.tzst=01;31:*.bz2=01;31:*.bz=01;31:*.tbz=01;31:*.tbz2=01;31:*.tz=01;31:*.deb=01;31:*.rpm=01;31:*.jar=01;31:*.war=01;31:*.ear=01;31:*.sar=01;31:*.rar=01;31:*.alz=01;31:*.ace=01;31:*.zoo=01;31:*.cpio=01;31:*.7z=01;31:*.rz=01;31:*.cab=01;31:*.wim=01;31:*.swm=01;31:*.dwm=01;31:*.esd=01;31:*.jpg=01;35:*.jpeg=01;35:*.mjpg=01;35:*.mjpeg=01;35:*.gif=01;35:*.bmp=01;35:*.pbm=01;35:*.pgm=01;35:*.ppm=01;35:*.tga=01;35:*.xbm=01;35:*.xpm=01;35:*.tif=01;35:*.tiff=01;35:*.png=01;35:*.svg=01;35:*.svgz=01;35:*.mng=01;35:*.pcx=01;35:*.mov=01;35:*.mpg=01;35:*.mpeg=01;35:*.m2v=01;35:*.mkv=01;35:*.webm=01;35:*.webp=01;35:*.ogm=01;35:*.mp4=01;35:*.m4v=01;35:*.mp4v=01;35:*.vob=01;35:*.qt=01;35:*.nuv=01;35:*.wmv=01;35:*.asf=01;35:*.rm=01;35:*.rmvb=01;35:*.flc=01;35:*.avi=01;35:*.fli=01;35:*.flv=01;35:*.gl=01;35:*.dl=01;35:*.xcf=01;35:*.xwd=01;35:*.yuv=01;35:*.cgm=01;35:*.emf=01;35:*.ogv=01;35:*.ogx=01;35:*.aac=00;36:*.au=00;36:*.flac=00;36:*.m4a=00;36:*.mid=00;36:*.midi=00;36:*.mka=00;36:*.mp3=00;36:*.mpc=00;36:*.ogg=00;36:*.ra=00;36:*.wav=00;36:*.oga=00;36:*.opus=00;36:*.spx=00;36:*.xspf=00;36:'), ('SSH_AGENT_LAUNCHER', 'gnome-keyring'), ('SSH_AUTH_SOCK', '/run/user/1000/keyring/ssh'), ('AMENT_PREFIX_PATH', '/home/jsmoon/yax_jeju/install/ublox_serialization:/home/jsmoon/ydlidar_ws/install/ydlidar_ros2_driver:/opt/ros/humble'), ('SHELL', '/bin/bash'), ('LC_NAME', 'ko_KR.UTF-8'), ('TERMINATOR_UUID', 'urn:uuid:df2315a3-6fbc-4574-8f2c-035191f51785'), ('QT_ACCESSIBILITY', '1'), ('GDMSESSION', 'ubuntu-xorg'), ('LESSCLOSE', '/usr/bin/lesspipe %s %s'), ('LC_MEASUREMENT', 'ko_KR.UTF-8'), ('GPG_AGENT_INFO', '/run/user/1000/gnupg/S.gpg-agent:0:1'), ('GJS_DEBUG_OUTPUT', 'stderr'), ('LC_IDENTIFICATION', 'ko_KR.UTF-8'), ('QT_IM_MODULE', 'ibus'), ('PWD', '/home/jsmoon/yax_jeju/build/ublox_msgs'), ('LC_ALL', 'en_US.UTF-8'), ('XDG_CONFIG_DIRS', '/etc/xdg/xdg-ubuntu-xorg:/etc/xdg'), ('PYENV_ROOT', '/home/jsmoon/.pyenv'), ('XDG_DATA_DIRS', '/usr/share/ubuntu-xorg:/usr/share/gnome:/usr/local/share/:/usr/share/:/var/lib/snapd/desktop'), ('PYTHONPATH', '/opt/ros/humble/lib/python3.10/site-packages:/opt/ros/humble/local/lib/python3.10/dist-packages'), ('LC_NUMERIC', 'ko_KR.UTF-8'), ('LC_PAPER', 'ko_KR.UTF-8'), ('COLCON', '1'), ('VTE_VERSION', '6800'), ('CMAKE_PREFIX_PATH', '/home/jsmoon/yax_jeju/install/ublox_serialization:/home/jsmoon/ydlidar_ws/install/ydlidar_ros2_driver:/opt/ros/humble')]), 'shell': False}
[59.717333] (ublox_msgs) StdoutLine: {'line': b'-- Install configuration: ""\n'}
[59.718111] (ublox_msgs) StdoutLine: {'line': b'-- Execute custom install script\n'}
[59.718347] (ublox_msgs) StdoutLine: {'line': b'-- Symlinking: /home/jsmoon/yax_jeju/install/ublox_msgs/share/ament_index/resource_index/rosidl_interfaces/ublox_msgs\n'}
[59.730424] (ublox_msgs) StdoutLine: {'line': b'-- Symlinking: /home/jsmoon/yax_jeju/install/ublox_msgs/include/ublox_msgs/ublox_msgs/msg/ack.h\n'}
[59.738593] (ublox_msgs) StdoutLine: {'line': b'-- Symlinking: /home/jsmoon/yax_jeju/install/ublox_msgs/include/ublox_msgs/ublox_msgs/msg/aid_alm.h\n'}
[59.746413] (ublox_msgs) StdoutLine: {'line': b'-- Symlinking: /home/jsmoon/yax_jeju/install/ublox_msgs/include/ublox_msgs/ublox_msgs/msg/aid_eph.h\n'}
[59.754729] (ublox_msgs) StdoutLine: {'line': b'-- Symlinking: /home/jsmoon/yax_jeju/install/ublox_msgs/include/ublox_msgs/ublox_msgs/msg/aid_hui.h\n'}
[59.762122] (ublox_msgs) StdoutLine: {'line': b'-- Symlinking: /home/jsmoon/yax_jeju/install/ublox_msgs/include/ublox_msgs/ublox_msgs/msg/cfg_ant.h\n'}
[59.768577] (ublox_msgs) StdoutLine: {'line': b'-- Symlinking: /home/jsmoon/yax_jeju/install/ublox_msgs/include/ublox_msgs/ublox_msgs/msg/cfg_cfg.h\n'}
[59.775495] (ublox_msgs) StdoutLine: {'line': b'-- Symlinking: /home/jsmoon/yax_jeju/install/ublox_msgs/include/ublox_msgs/ublox_msgs/msg/cfg_dat.h\n'}
[59.783753] (ublox_msgs) StdoutLine: {'line': b'-- Symlinking: /home/jsmoon/yax_jeju/install/ublox_msgs/include/ublox_msgs/ublox_msgs/msg/cfg_dgnss.h\n'}
[59.790294] (ublox_msgs) StdoutLine: {'line': b'-- Symlinking: /home/jsmoon/yax_jeju/install/ublox_msgs/include/ublox_msgs/ublox_msgs/msg/cfg_gnss.h\n'}
[59.796433] (-) TimerEvent: {}
[59.796833] (ublox_msgs) StdoutLine: {'line': b'-- Symlinking: /home/jsmoon/yax_jeju/install/ublox_msgs/include/ublox_msgs/ublox_msgs/msg/cfg_gnss_block.h\n'}
[59.804742] (ublox_msgs) StdoutLine: {'line': b'-- Symlinking: /home/jsmoon/yax_jeju/install/ublox_msgs/include/ublox_msgs/ublox_msgs/msg/cfg_hnr.h\n'}
[59.811016] (ublox_msgs) StdoutLine: {'line': b'-- Symlinking: /home/jsmoon/yax_jeju/install/ublox_msgs/include/ublox_msgs/ublox_msgs/msg/cfg_inf.h\n'}
[59.819042] (ublox_msgs) StdoutLine: {'line': b'-- Symlinking: /home/jsmoon/yax_jeju/install/ublox_msgs/include/ublox_msgs/ublox_msgs/msg/cfg_inf_block.h\n'}
[59.828583] (ublox_msgs) StdoutLine: {'line': b'-- Symlinking: /home/jsmoon/yax_jeju/install/ublox_msgs/include/ublox_msgs/ublox_msgs/msg/cfg_msg.h\n'}
[59.835789] (ublox_msgs) StdoutLine: {'line': b'-- Symlinking: /home/jsmoon/yax_jeju/install/ublox_msgs/include/ublox_msgs/ublox_msgs/msg/cfg_nav5.h\n'}
[59.843564] (ublox_msgs) StdoutLine: {'line': b'-- Symlinking: /home/jsmoon/yax_jeju/install/ublox_msgs/include/ublox_msgs/ublox_msgs/msg/cfg_navx5.h\n'}
[59.851389] (ublox_msgs) StdoutLine: {'line': b'-- Symlinking: /home/jsmoon/yax_jeju/install/ublox_msgs/include/ublox_msgs/ublox_msgs/msg/cfg_nmea.h\n'}
[59.858320] (ublox_msgs) StdoutLine: {'line': b'-- Symlinking: /home/jsmoon/yax_jeju/install/ublox_msgs/include/ublox_msgs/ublox_msgs/msg/cfg_nmea6.h\n'}
[59.865522] (ublox_msgs) StdoutLine: {'line': b'-- Symlinking: /home/jsmoon/yax_jeju/install/ublox_msgs/include/ublox_msgs/ublox_msgs/msg/cfg_nmea7.h\n'}
[59.872652] (ublox_msgs) StdoutLine: {'line': b'-- Symlinking: /home/jsmoon/yax_jeju/install/ublox_msgs/include/ublox_msgs/ublox_msgs/msg/cfg_prt.h\n'}
[59.879629] (ublox_msgs) StdoutLine: {'line': b'-- Symlinking: /home/jsmoon/yax_jeju/install/ublox_msgs/include/ublox_msgs/ublox_msgs/msg/cfg_rate.h\n'}
[59.887406] (ublox_msgs) StdoutLine: {'line': b'-- Symlinking: /home/jsmoon/yax_jeju/install/ublox_msgs/include/ublox_msgs/ublox_msgs/msg/cfg_rst.h\n'}
[59.895541] (ublox_msgs) StdoutLine: {'line': b'-- Symlinking: /home/jsmoon/yax_jeju/install/ublox_msgs/include/ublox_msgs/ublox_msgs/msg/cfg_sbas.h\n'}
[59.896536] (-) TimerEvent: {}
[59.902016] (ublox_msgs) StdoutLine: {'line': b'-- Symlinking: /home/jsmoon/yax_jeju/install/ublox_msgs/include/ublox_msgs/ublox_msgs/msg/cfg_tmode3.h\n'}
[59.909432] (ublox_msgs) StdoutLine: {'line': b'-- Symlinking: /home/jsmoon/yax_jeju/install/ublox_msgs/include/ublox_msgs/ublox_msgs/msg/cfg_usb.h\n'}
[59.916765] (ublox_msgs) StdoutLine: {'line': b'-- Symlinking: /home/jsmoon/yax_jeju/install/ublox_msgs/include/ublox_msgs/ublox_msgs/msg/detail/ack__functions.h\n'}
[59.925144] (ublox_msgs) StdoutLine: {'line': b'-- Symlinking: /home/jsmoon/yax_jeju/install/ublox_msgs/include/ublox_msgs/ublox_msgs/msg/detail/ack__struct.h\n'}
[59.932785] (ublox_msgs) StdoutLine: {'line': b'-- Symlinking: /home/jsmoon/yax_jeju/install/ublox_msgs/include/ublox_msgs/ublox_msgs/msg/detail/ack__type_support.h\n'}
[59.940268] (ublox_msgs) StdoutLine: {'line': b'-- Symlinking: /home/jsmoon/yax_jeju/install/ublox_msgs/include/ublox_msgs/ublox_msgs/msg/detail/aid_alm__functions.h\n'}
[59.948073] (ublox_msgs) StdoutLine: {'line': b'-- Symlinking: /home/jsmoon/yax_jeju/install/ublox_msgs/include/ublox_msgs/ublox_msgs/msg/detail/aid_alm__struct.h\n'}
[59.954902] (ublox_msgs) StdoutLine: {'line': b'-- Symlinking: /home/jsmoon/yax_jeju/install/ublox_msgs/include/ublox_msgs/ublox_msgs/msg/detail/aid_alm__type_support.h\n'}
[59.963089] (ublox_msgs) StdoutLine: {'line': b'-- Symlinking: /home/jsmoon/yax_jeju/install/ublox_msgs/include/ublox_msgs/ublox_msgs/msg/detail/aid_eph__functions.h\n'}
[59.971647] (ublox_msgs) StdoutLine: {'line': b'-- Symlinking: /home/jsmoon/yax_jeju/install/ublox_msgs/include/ublox_msgs/ublox_msgs/msg/detail/aid_eph__struct.h\n'}
[59.979577] (ublox_msgs) StdoutLine: {'line': b'-- Symlinking: /home/jsmoon/yax_jeju/install/ublox_msgs/include/ublox_msgs/ublox_msgs/msg/detail/aid_eph__type_support.h\n'}
[59.987138] (ublox_msgs) StdoutLine: {'line': b'-- Symlinking: /home/jsmoon/yax_jeju/install/ublox_msgs/include/ublox_msgs/ublox_msgs/msg/detail/aid_hui__functions.h\n'}
[59.996061] (ublox_msgs) StdoutLine: {'line': b'-- Symlinking: /home/jsmoon/yax_jeju/install/ublox_msgs/include/ublox_msgs/ublox_msgs/msg/detail/aid_hui__struct.h\n'}
[59.996640] (-) TimerEvent: {}
[60.003230] (ublox_msgs) StdoutLine: {'line': b'-- Symlinking: /home/jsmoon/yax_jeju/install/ublox_msgs/include/ublox_msgs/ublox_msgs/msg/detail/aid_hui__type_support.h\n'}
[60.011153] (ublox_msgs) StdoutLine: {'line': b'-- Symlinking: /home/jsmoon/yax_jeju/install/ublox_msgs/include/ublox_msgs/ublox_msgs/msg/detail/cfg_ant__functions.h\n'}
[60.018530] (ublox_msgs) StdoutLine: {'line': b'-- Symlinking: /home/jsmoon/yax_jeju/install/ublox_msgs/include/ublox_msgs/ublox_msgs/msg/detail/cfg_ant__struct.h\n'}
[60.028969] (ublox_msgs) StdoutLine: {'line': b'-- Symlinking: /home/jsmoon/yax_jeju/install/ublox_msgs/include/ublox_msgs/ublox_msgs/msg/detail/cfg_ant__type_support.h\n'}
[60.036735] (ublox_msgs) StdoutLine: {'line': b'-- Symlinking: /home/jsmoon/yax_jeju/install/ublox_msgs/include/ublox_msgs/ublox_msgs/msg/detail/cfg_cfg__functions.h\n'}
[60.044651] (ublox_msgs) StdoutLine: {'line': b'-- Symlinking: /home/jsmoon/yax_jeju/install/ublox_msgs/include/ublox_msgs/ublox_msgs/msg/detail/cfg_cfg__struct.h\n'}
[60.053030] (ublox_msgs) StdoutLine: {'line': b'-- Symlinking: /home/jsmoon/yax_jeju/install/ublox_msgs/include/ublox_msgs/ublox_msgs/msg/detail/cfg_cfg__type_support.h\n'}
[60.061462] (ublox_msgs) StdoutLine: {'line': b'-- Symlinking: /home/jsmoon/yax_jeju/install/ublox_msgs/include/ublox_msgs/ublox_msgs/msg/detail/cfg_dat__functions.h\n'}
[60.068823] (ublox_msgs) StdoutLine: {'line': b'-- Symlinking: /home/jsmoon/yax_jeju/install/ublox_msgs/include/ublox_msgs/ublox_msgs/msg/detail/cfg_dat__struct.h\n'}
[60.076932] (ublox_msgs) StdoutLine: {'line': b'-- Symlinking: /home/jsmoon/yax_jeju/install/ublox_msgs/include/ublox_msgs/ublox_msgs/msg/detail/cfg_dat__type_support.h\n'}
[60.083883] (ublox_msgs) StdoutLine: {'line': b'-- Symlinking: /home/jsmoon/yax_jeju/install/ublox_msgs/include/ublox_msgs/ublox_msgs/msg/detail/cfg_dgnss__functions.h\n'}
[60.090050] (ublox_msgs) StdoutLine: {'line': b'-- Symlinking: /home/jsmoon/yax_jeju/install/ublox_msgs/include/ublox_msgs/ublox_msgs/msg/detail/cfg_dgnss__struct.h\n'}
[60.096468] (ublox_msgs) StdoutLine: {'line': b'-- Symlinking: /home/jsmoon/yax_jeju/install/ublox_msgs/include/ublox_msgs/ublox_msgs/msg/detail/cfg_dgnss__type_support.h\n'}
[60.096744] (-) TimerEvent: {}
[60.103086] (ublox_msgs) StdoutLine: {'line': b'-- Symlinking: /home/jsmoon/yax_jeju/install/ublox_msgs/include/ublox_msgs/ublox_msgs/msg/detail/cfg_gnss__functions.h\n'}
[60.110786] (ublox_msgs) StdoutLine: {'line': b'-- Symlinking: /home/jsmoon/yax_jeju/install/ublox_msgs/include/ublox_msgs/ublox_msgs/msg/detail/cfg_gnss__struct.h\n'}
[60.118471] (ublox_msgs) StdoutLine: {'line': b'-- Symlinking: /home/jsmoon/yax_jeju/install/ublox_msgs/include/ublox_msgs/ublox_msgs/msg/detail/cfg_gnss__type_support.h\n'}
[60.127496] (ublox_msgs) StdoutLine: {'line': b'-- Symlinking: /home/jsmoon/yax_jeju/install/ublox_msgs/include/ublox_msgs/ublox_msgs/msg/detail/cfg_gnss_block__functions.h\n'}
[60.134384] (ublox_msgs) StdoutLine: {'line': b'-- Symlinking: /home/jsmoon/yax_jeju/install/ublox_msgs/include/ublox_msgs/ublox_msgs/msg/detail/cfg_gnss_block__struct.h\n'}
[60.141912] (ublox_msgs) StdoutLine: {'line': b'-- Symlinking: /home/jsmoon/yax_jeju/install/ublox_msgs/include/ublox_msgs/ublox_msgs/msg/detail/cfg_gnss_block__type_support.h\n'}
[60.148917] (ublox_msgs) StdoutLine: {'line': b'-- Symlinking: /home/jsmoon/yax_jeju/install/ublox_msgs/include/ublox_msgs/ublox_msgs/msg/detail/cfg_hnr__functions.h\n'}
[60.157208] (ublox_msgs) StdoutLine: {'line': b'-- Symlinking: /home/jsmoon/yax_jeju/install/ublox_msgs/include/ublox_msgs/ublox_msgs/msg/detail/cfg_hnr__struct.h\n'}
[60.164231] (ublox_msgs) StdoutLine: {'line': b'-- Symlinking: /home/jsmoon/yax_jeju/install/ublox_msgs/include/ublox_msgs/ublox_msgs/msg/detail/cfg_hnr__type_support.h\n'}
[60.171266] (ublox_msgs) StdoutLine: {'line': b'-- Symlinking: /home/jsmoon/yax_jeju/install/ublox_msgs/include/ublox_msgs/ublox_msgs/msg/detail/cfg_inf__functions.h\n'}
[60.179504] (ublox_msgs) StdoutLine: {'line': b'-- Symlinking: /home/jsmoon/yax_jeju/install/ublox_msgs/include/ublox_msgs/ublox_msgs/msg/detail/cfg_inf__struct.h\n'}
[60.187703] (ublox_msgs) StdoutLine: {'line': b'-- Symlinking: /home/jsmoon/yax_jeju/install/ublox_msgs/include/ublox_msgs/ublox_msgs/msg/detail/cfg_inf__type_support.h\n'}
[60.195840] (ublox_msgs) StdoutLine: {'line': b'-- Symlinking: /home/jsmoon/yax_jeju/install/ublox_msgs/include/ublox_msgs/ublox_msgs/msg/detail/cfg_inf_block__functions.h\n'}
[60.196833] (-) TimerEvent: {}
[60.203321] (ublox_msgs) StdoutLine: {'line': b'-- Symlinking: /home/jsmoon/yax_jeju/install/ublox_msgs/include/ublox_msgs/ublox_msgs/msg/detail/cfg_inf_block__struct.h\n'}
[60.211391] (ublox_msgs) StdoutLine: {'line': b'-- Symlinking: /home/jsmoon/yax_jeju/install/ublox_msgs/include/ublox_msgs/ublox_msgs/msg/detail/cfg_inf_block__type_support.h\n'}
[60.219221] (ublox_msgs) StdoutLine: {'line': b'-- Symlinking: /home/jsmoon/yax_jeju/install/ublox_msgs/include/ublox_msgs/ublox_msgs/msg/detail/cfg_msg__functions.h\n'}
[60.228073] (ublox_msgs) StdoutLine: {'line': b'-- Symlinking: /home/jsmoon/yax_jeju/install/ublox_msgs/include/ublox_msgs/ublox_msgs/msg/detail/cfg_msg__struct.h\n'}
[60.237210] (ublox_msgs) StdoutLine: {'line': b'-- Symlinking: /home/jsmoon/yax_jeju/install/ublox_msgs/include/ublox_msgs/ublox_msgs/msg/detail/cfg_msg__type_support.h\n'}
[60.244516] (ublox_msgs) StdoutLine: {'line': b'-- Symlinking: /home/jsmoon/yax_jeju/install/ublox_msgs/include/ublox_msgs/ublox_msgs/msg/detail/cfg_nav5__functions.h\n'}
[60.252738] (ublox_msgs) StdoutLine: {'line': b'-- Symlinking: /home/jsmoon/yax_jeju/install/ublox_msgs/include/ublox_msgs/ublox_msgs/msg/detail/cfg_nav5__struct.h\n'}
[60.260139] (ublox_msgs) StdoutLine: {'line': b'-- Symlinking: /home/jsmoon/yax_jeju/install/ublox_msgs/include/ublox_msgs/ublox_msgs/msg/detail/cfg_nav5__type_support.h\n'}
[60.269718] (ublox_msgs) StdoutLine: {'line': b'-- Symlinking: /home/jsmoon/yax_jeju/install/ublox_msgs/include/ublox_msgs/ublox_msgs/msg/detail/cfg_navx5__functions.h\n'}
[60.276829] (ublox_msgs) StdoutLine: {'line': b'-- Symlinking: /home/jsmoon/yax_jeju/install/ublox_msgs/include/ublox_msgs/ublox_msgs/msg/detail/cfg_navx5__struct.h\n'}
[60.283897] (ublox_msgs) StdoutLine: {'line': b'-- Symlinking: /home/jsmoon/yax_jeju/install/ublox_msgs/include/ublox_msgs/ublox_msgs/msg/detail/cfg_navx5__type_support.h\n'}
[60.291232] (ublox_msgs) StdoutLine: {'line': b'-- Symlinking: /home/jsmoon/yax_jeju/install/ublox_msgs/include/ublox_msgs/ublox_msgs/msg/detail/cfg_nmea6__functions.h\n'}
[60.296944] (-) TimerEvent: {}
[60.299050] (ublox_msgs) StdoutLine: {'line': b'-- Symlinking: /home/jsmoon/yax_jeju/install/ublox_msgs/include/ublox_msgs/ublox_msgs/msg/detail/cfg_nmea6__struct.h\n'}
[60.307169] (ublox_msgs) StdoutLine: {'line': b'-- Symlinking: /home/jsmoon/yax_jeju/install/ublox_msgs/include/ublox_msgs/ublox_msgs/msg/detail/cfg_nmea6__type_support.h\n'}
[60.315414] (ublox_msgs) StdoutLine: {'line': b'-- Symlinking: /home/jsmoon/yax_jeju/install/ublox_msgs/include/ublox_msgs/ublox_msgs/msg/detail/cfg_nmea7__functions.h\n'}
[60.323075] (ublox_msgs) StdoutLine: {'line': b'-- Symlinking: /home/jsmoon/yax_jeju/install/ublox_msgs/include/ublox_msgs/ublox_msgs/msg/detail/cfg_nmea7__struct.h\n'}
[60.333090] (ublox_msgs) StdoutLine: {'line': b'-- Symlinking: /home/jsmoon/yax_jeju/install/ublox_msgs/include/ublox_msgs/ublox_msgs/msg/detail/cfg_nmea7__type_support.h\n'}
[60.339998] (ublox_msgs) StdoutLine: {'line': b'-- Symlinking: /home/jsmoon/yax_jeju/install/ublox_msgs/include/ublox_msgs/ublox_msgs/msg/detail/cfg_nmea__functions.h\n'}
[60.346824] (ublox_msgs) StdoutLine: {'line': b'-- Symlinking: /home/jsmoon/yax_jeju/install/ublox_msgs/include/ublox_msgs/ublox_msgs/msg/detail/cfg_nmea__struct.h\n'}
[60.355457] (ublox_msgs) StdoutLine: {'line': b'-- Symlinking: /home/jsmoon/yax_jeju/install/ublox_msgs/include/ublox_msgs/ublox_msgs/msg/detail/cfg_nmea__type_support.h\n'}
[60.363083] (ublox_msgs) StdoutLine: {'line': b'-- Symlinking: /home/jsmoon/yax_jeju/install/ublox_msgs/include/ublox_msgs/ublox_msgs/msg/detail/cfg_prt__functions.h\n'}
[60.371056] (ublox_msgs) StdoutLine: {'line': b'-- Symlinking: /home/jsmoon/yax_jeju/install/ublox_msgs/include/ublox_msgs/ublox_msgs/msg/detail/cfg_prt__struct.h\n'}
[60.379102] (ublox_msgs) StdoutLine: {'line': b'-- Symlinking: /home/jsmoon/yax_jeju/install/ublox_msgs/include/ublox_msgs/ublox_msgs/msg/detail/cfg_prt__type_support.h\n'}
[60.386656] (ublox_msgs) StdoutLine: {'line': b'-- Symlinking: /home/jsmoon/yax_jeju/install/ublox_msgs/include/ublox_msgs/ublox_msgs/msg/detail/cfg_rate__functions.h\n'}
[60.393043] (ublox_msgs) StdoutLine: {'line': b'-- Symlinking: /home/jsmoon/yax_jeju/install/ublox_msgs/include/ublox_msgs/ublox_msgs/msg/detail/cfg_rate__struct.h\n'}
[60.397049] (-) TimerEvent: {}
[60.401156] (ublox_msgs) StdoutLine: {'line': b'-- Symlinking: /home/jsmoon/yax_jeju/install/ublox_msgs/include/ublox_msgs/ublox_msgs/msg/detail/cfg_rate__type_support.h\n'}
[60.408581] (ublox_msgs) StdoutLine: {'line': b'-- Symlinking: /home/jsmoon/yax_jeju/install/ublox_msgs/include/ublox_msgs/ublox_msgs/msg/detail/cfg_rst__functions.h\n'}
[60.415960] (ublox_msgs) StdoutLine: {'line': b'-- Symlinking: /home/jsmoon/yax_jeju/install/ublox_msgs/include/ublox_msgs/ublox_msgs/msg/detail/cfg_rst__struct.h\n'}
[60.423811] (ublox_msgs) StdoutLine: {'line': b'-- Symlinking: /home/jsmoon/yax_jeju/install/ublox_msgs/include/ublox_msgs/ublox_msgs/msg/detail/cfg_rst__type_support.h\n'}
[60.432597] (ublox_msgs) StdoutLine: {'line': b'-- Symlinking: /home/jsmoon/yax_jeju/install/ublox_msgs/include/ublox_msgs/ublox_msgs/msg/detail/cfg_sbas__functions.h\n'}
[60.439959] (ublox_msgs) StdoutLine: {'line': b'-- Symlinking: /home/jsmoon/yax_jeju/install/ublox_msgs/include/ublox_msgs/ublox_msgs/msg/detail/cfg_sbas__struct.h\n'}
[60.447168] (ublox_msgs) StdoutLine: {'line': b'-- Symlinking: /home/jsmoon/yax_jeju/install/ublox_msgs/include/ublox_msgs/ublox_msgs/msg/detail/cfg_sbas__type_support.h\n'}
[60.454414] (ublox_msgs) StdoutLine: {'line': b'-- Symlinking: /home/jsmoon/yax_jeju/install/ublox_msgs/include/ublox_msgs/ublox_msgs/msg/detail/cfg_tmode3__functions.h\n'}
[60.462238] (ublox_msgs) StdoutLine: {'line': b'-- Symlinking: /home/jsmoon/yax_jeju/install/ublox_msgs/include/ublox_msgs/ublox_msgs/msg/detail/cfg_tmode3__struct.h\n'}
[60.469798] (ublox_msgs) StdoutLine: {'line': b'-- Symlinking: /home/jsmoon/yax_jeju/install/ublox_msgs/include/ublox_msgs/ublox_msgs/msg/detail/cfg_tmode3__type_support.h\n'}
[60.479942] (ublox_msgs) StdoutLine: {'line': b'-- Symlinking: /home/jsmoon/yax_jeju/install/ublox_msgs/include/ublox_msgs/ublox_msgs/msg/detail/cfg_usb__functions.h\n'}
[60.488641] (ublox_msgs) StdoutLine: {'line': b'-- Symlinking: /home/jsmoon/yax_jeju/install/ublox_msgs/include/ublox_msgs/ublox_msgs/msg/detail/cfg_usb__struct.h\n'}
[60.497150] (-) TimerEvent: {}
[60.498993] (ublox_msgs) StdoutLine: {'line': b'-- Symlinking: /home/jsmoon/yax_jeju/install/ublox_msgs/include/ublox_msgs/ublox_msgs/msg/detail/cfg_usb__type_support.h\n'}
[60.507523] (ublox_msgs) StdoutLine: {'line': b'-- Symlinking: /home/jsmoon/yax_jeju/install/ublox_msgs/include/ublox_msgs/ublox_msgs/msg/detail/esf_ins__functions.h\n'}
[60.515622] (ublox_msgs) StdoutLine: {'line': b'-- Symlinking: /home/jsmoon/yax_jeju/install/ublox_msgs/include/ublox_msgs/ublox_msgs/msg/detail/esf_ins__struct.h\n'}
[60.524602] (ublox_msgs) StdoutLine: {'line': b'-- Symlinking: /home/jsmoon/yax_jeju/install/ublox_msgs/include/ublox_msgs/ublox_msgs/msg/detail/esf_ins__type_support.h\n'}
[60.534214] (ublox_msgs) StdoutLine: {'line': b'-- Symlinking: /home/jsmoon/yax_jeju/install/ublox_msgs/include/ublox_msgs/ublox_msgs/msg/detail/esf_meas__functions.h\n'}
[60.543818] (ublox_msgs) StdoutLine: {'line': b'-- Symlinking: /home/jsmoon/yax_jeju/install/ublox_msgs/include/ublox_msgs/ublox_msgs/msg/detail/esf_meas__struct.h\n'}
[60.552733] (ublox_msgs) StdoutLine: {'line': b'-- Symlinking: /home/jsmoon/yax_jeju/install/ublox_msgs/include/ublox_msgs/ublox_msgs/msg/detail/esf_meas__type_support.h\n'}
[60.560649] (ublox_msgs) StdoutLine: {'line': b'-- Symlinking: /home/jsmoon/yax_jeju/install/ublox_msgs/include/ublox_msgs/ublox_msgs/msg/detail/esf_raw__functions.h\n'}
[60.568669] (ublox_msgs) StdoutLine: {'line': b'-- Symlinking: /home/jsmoon/yax_jeju/install/ublox_msgs/include/ublox_msgs/ublox_msgs/msg/detail/esf_raw__struct.h\n'}
[60.577428] (ublox_msgs) StdoutLine: {'line': b'-- Symlinking: /home/jsmoon/yax_jeju/install/ublox_msgs/include/ublox_msgs/ublox_msgs/msg/detail/esf_raw__type_support.h\n'}
[60.585516] (ublox_msgs) StdoutLine: {'line': b'-- Symlinking: /home/jsmoon/yax_jeju/install/ublox_msgs/include/ublox_msgs/ublox_msgs/msg/detail/esf_raw_block__functions.h\n'}
[60.593982] (ublox_msgs) StdoutLine: {'line': b'-- Symlinking: /home/jsmoon/yax_jeju/install/ublox_msgs/include/ublox_msgs/ublox_msgs/msg/detail/esf_raw_block__struct.h\n'}
[60.597276] (-) TimerEvent: {}
[60.603596] (ublox_msgs) StdoutLine: {'line': b'-- Symlinking: /home/jsmoon/yax_jeju/install/ublox_msgs/include/ublox_msgs/ublox_msgs/msg/detail/esf_raw_block__type_support.h\n'}
[60.611492] (ublox_msgs) StdoutLine: {'line': b'-- Symlinking: /home/jsmoon/yax_jeju/install/ublox_msgs/include/ublox_msgs/ublox_msgs/msg/detail/esf_status__functions.h\n'}
[60.619901] (ublox_msgs) StdoutLine: {'line': b'-- Symlinking: /home/jsmoon/yax_jeju/install/ublox_msgs/include/ublox_msgs/ublox_msgs/msg/detail/esf_status__struct.h\n'}
[60.629446] (ublox_msgs) StdoutLine: {'line': b'-- Symlinking: /home/jsmoon/yax_jeju/install/ublox_msgs/include/ublox_msgs/ublox_msgs/msg/detail/esf_status__type_support.h\n'}
[60.638582] (ublox_msgs) StdoutLine: {'line': b'-- Symlinking: /home/jsmoon/yax_jeju/install/ublox_msgs/include/ublox_msgs/ublox_msgs/msg/detail/esf_status_sens__functions.h\n'}
[60.646776] (ublox_msgs) StdoutLine: {'line': b'-- Symlinking: /home/jsmoon/yax_jeju/install/ublox_msgs/include/ublox_msgs/ublox_msgs/msg/detail/esf_status_sens__struct.h\n'}
[60.657058] (ublox_msgs) StdoutLine: {'line': b'-- Symlinking: /home/jsmoon/yax_jeju/install/ublox_msgs/include/ublox_msgs/ublox_msgs/msg/detail/esf_status_sens__type_support.h\n'}
[60.665805] (ublox_msgs) StdoutLine: {'line': b'-- Symlinking: /home/jsmoon/yax_jeju/install/ublox_msgs/include/ublox_msgs/ublox_msgs/msg/detail/hnr_pvt__functions.h\n'}
[60.674375] (ublox_msgs) StdoutLine: {'line': b'-- Symlinking: /home/jsmoon/yax_jeju/install/ublox_msgs/include/ublox_msgs/ublox_msgs/msg/detail/hnr_pvt__struct.h\n'}
[60.683847] (ublox_msgs) StdoutLine: {'line': b'-- Symlinking: /home/jsmoon/yax_jeju/install/ublox_msgs/include/ublox_msgs/ublox_msgs/msg/detail/hnr_pvt__type_support.h\n'}
[60.692112] (ublox_msgs) StdoutLine: {'line': b'-- Symlinking: /home/jsmoon/yax_jeju/install/ublox_msgs/include/ublox_msgs/ublox_msgs/msg/detail/inf__functions.h\n'}
[60.697414] (-) TimerEvent: {}
[60.699955] (ublox_msgs) StdoutLine: {'line': b'-- Symlinking: /home/jsmoon/yax_jeju/install/ublox_msgs/include/ublox_msgs/ublox_msgs/msg/detail/inf__struct.h\n'}
[60.708038] (ublox_msgs) StdoutLine: {'line': b'-- Symlinking: /home/jsmoon/yax_jeju/install/ublox_msgs/include/ublox_msgs/ublox_msgs/msg/detail/inf__type_support.h\n'}
[60.716900] (ublox_msgs) StdoutLine: {'line': b'-- Symlinking: /home/jsmoon/yax_jeju/install/ublox_msgs/include/ublox_msgs/ublox_msgs/msg/detail/mga_gal__functions.h\n'}
[60.725725] (ublox_msgs) StdoutLine: {'line': b'-- Symlinking: /home/jsmoon/yax_jeju/install/ublox_msgs/include/ublox_msgs/ublox_msgs/msg/detail/mga_gal__struct.h\n'}
[60.733417] (ublox_msgs) StdoutLine: {'line': b'-- Symlinking: /home/jsmoon/yax_jeju/install/ublox_msgs/include/ublox_msgs/ublox_msgs/msg/detail/mga_gal__type_support.h\n'}
[60.740914] (ublox_msgs) StdoutLine: {'line': b'-- Symlinking: /home/jsmoon/yax_jeju/install/ublox_msgs/include/ublox_msgs/ublox_msgs/msg/detail/mon_gnss__functions.h\n'}
[60.749530] (ublox_msgs) StdoutLine: {'line': b'-- Symlinking: /home/jsmoon/yax_jeju/install/ublox_msgs/include/ublox_msgs/ublox_msgs/msg/detail/mon_gnss__struct.h\n'}
[60.757280] (ublox_msgs) StdoutLine: {'line': b'-- Symlinking: /home/jsmoon/yax_jeju/install/ublox_msgs/include/ublox_msgs/ublox_msgs/msg/detail/mon_gnss__type_support.h\n'}
[60.766396] (ublox_msgs) StdoutLine: {'line': b'-- Symlinking: /home/jsmoon/yax_jeju/install/ublox_msgs/include/ublox_msgs/ublox_msgs/msg/detail/mon_hw6__functions.h\n'}
[60.774821] (ublox_msgs) StdoutLine: {'line': b'-- Symlinking: /home/jsmoon/yax_jeju/install/ublox_msgs/include/ublox_msgs/ublox_msgs/msg/detail/mon_hw6__struct.h\n'}
[60.782948] (ublox_msgs) StdoutLine: {'line': b'-- Symlinking: /home/jsmoon/yax_jeju/install/ublox_msgs/include/ublox_msgs/ublox_msgs/msg/detail/mon_hw6__type_support.h\n'}
[60.792200] (ublox_msgs) StdoutLine: {'line': b'-- Symlinking: /home/jsmoon/yax_jeju/install/ublox_msgs/include/ublox_msgs/ublox_msgs/msg/detail/mon_hw__functions.h\n'}
[60.797539] (-) TimerEvent: {}
[60.801907] (ublox_msgs) StdoutLine: {'line': b'-- Symlinking: /home/jsmoon/yax_jeju/install/ublox_msgs/include/ublox_msgs/ublox_msgs/msg/detail/mon_hw__struct.h\n'}
[60.810855] (ublox_msgs) StdoutLine: {'line': b'-- Symlinking: /home/jsmoon/yax_jeju/install/ublox_msgs/include/ublox_msgs/ublox_msgs/msg/detail/mon_hw__type_support.h\n'}
[60.819275] (ublox_msgs) StdoutLine: {'line': b'-- Symlinking: /home/jsmoon/yax_jeju/install/ublox_msgs/include/ublox_msgs/ublox_msgs/msg/detail/mon_ver__functions.h\n'}
[60.828145] (ublox_msgs) StdoutLine: {'line': b'-- Symlinking: /home/jsmoon/yax_jeju/install/ublox_msgs/include/ublox_msgs/ublox_msgs/msg/detail/mon_ver__struct.h\n'}
[60.837825] (ublox_msgs) StdoutLine: {'line': b'-- Symlinking: /home/jsmoon/yax_jeju/install/ublox_msgs/include/ublox_msgs/ublox_msgs/msg/detail/mon_ver__type_support.h\n'}
[60.847292] (ublox_msgs) StdoutLine: {'line': b'-- Symlinking: /home/jsmoon/yax_jeju/install/ublox_msgs/include/ublox_msgs/ublox_msgs/msg/detail/mon_ver_extension__functions.h\n'}
[60.855646] (ublox_msgs) StdoutLine: {'line': b'-- Symlinking: /home/jsmoon/yax_jeju/install/ublox_msgs/include/ublox_msgs/ublox_msgs/msg/detail/mon_ver_extension__struct.h\n'}
[60.864355] (ublox_msgs) StdoutLine: {'line': b'-- Symlinking: /home/jsmoon/yax_jeju/install/ublox_msgs/include/ublox_msgs/ublox_msgs/msg/detail/mon_ver_extension__type_support.h\n'}
[60.872607] (ublox_msgs) StdoutLine: {'line': b'-- Symlinking: /home/jsmoon/yax_jeju/install/ublox_msgs/include/ublox_msgs/ublox_msgs/msg/detail/nav_att__functions.h\n'}
[60.881628] (ublox_msgs) StdoutLine: {'line': b'-- Symlinking: /home/jsmoon/yax_jeju/install/ublox_msgs/include/ublox_msgs/ublox_msgs/msg/detail/nav_att__struct.h\n'}
[60.889637] (ublox_msgs) StdoutLine: {'line': b'-- Symlinking: /home/jsmoon/yax_jeju/install/ublox_msgs/include/ublox_msgs/ublox_msgs/msg/detail/nav_att__type_support.h\n'}
[60.897643] (-) TimerEvent: {}
[60.898342] (ublox_msgs) StdoutLine: {'line': b'-- Symlinking: /home/jsmoon/yax_jeju/install/ublox_msgs/include/ublox_msgs/ublox_msgs/msg/detail/nav_clock__functions.h\n'}
[60.906053] (ublox_msgs) StdoutLine: {'line': b'-- Symlinking: /home/jsmoon/yax_jeju/install/ublox_msgs/include/ublox_msgs/ublox_msgs/msg/detail/nav_clock__struct.h\n'}
[60.914789] (ublox_msgs) StdoutLine: {'line': b'-- Symlinking: /home/jsmoon/yax_jeju/install/ublox_msgs/include/ublox_msgs/ublox_msgs/msg/detail/nav_clock__type_support.h\n'}
[60.922935] (ublox_msgs) StdoutLine: {'line': b'-- Symlinking: /home/jsmoon/yax_jeju/install/ublox_msgs/include/ublox_msgs/ublox_msgs/msg/detail/nav_dgps__functions.h\n'}
[60.930935] (ublox_msgs) StdoutLine: {'line': b'-- Symlinking: /home/jsmoon/yax_jeju/install/ublox_msgs/include/ublox_msgs/ublox_msgs/msg/detail/nav_dgps__struct.h\n'}
[60.939047] (ublox_msgs) StdoutLine: {'line': b'-- Symlinking: /home/jsmoon/yax_jeju/install/ublox_msgs/include/ublox_msgs/ublox_msgs/msg/detail/nav_dgps__type_support.h\n'}
[60.947579] (ublox_msgs) StdoutLine: {'line': b'-- Symlinking: /home/jsmoon/yax_jeju/install/ublox_msgs/include/ublox_msgs/ublox_msgs/msg/detail/nav_dgpssv__functions.h\n'}
[60.955743] (ublox_msgs) StdoutLine: {'line': b'-- Symlinking: /home/jsmoon/yax_jeju/install/ublox_msgs/include/ublox_msgs/ublox_msgs/msg/detail/nav_dgpssv__struct.h\n'}
[60.964078] (ublox_msgs) StdoutLine: {'line': b'-- Symlinking: /home/jsmoon/yax_jeju/install/ublox_msgs/include/ublox_msgs/ublox_msgs/msg/detail/nav_dgpssv__type_support.h\n'}
[60.972159] (ublox_msgs) StdoutLine: {'line': b'-- Symlinking: /home/jsmoon/yax_jeju/install/ublox_msgs/include/ublox_msgs/ublox_msgs/msg/detail/nav_dop__functions.h\n'}
[60.980385] (ublox_msgs) StdoutLine: {'line': b'-- Symlinking: /home/jsmoon/yax_jeju/install/ublox_msgs/include/ublox_msgs/ublox_msgs/msg/detail/nav_dop__struct.h\n'}
[60.988324] (ublox_msgs) StdoutLine: {'line': b'-- Symlinking: /home/jsmoon/yax_jeju/install/ublox_msgs/include/ublox_msgs/ublox_msgs/msg/detail/nav_dop__type_support.h\n'}
[60.995197] (ublox_msgs) StdoutLine: {'line': b'-- Symlinking: /home/jsmoon/yax_jeju/install/ublox_msgs/include/ublox_msgs/ublox_msgs/msg/detail/nav_posecef__functions.h\n'}
[60.997745] (-) TimerEvent: {}
[61.002403] (ublox_msgs) StdoutLine: {'line': b'-- Symlinking: /home/jsmoon/yax_jeju/install/ublox_msgs/include/ublox_msgs/ublox_msgs/msg/detail/nav_posecef__struct.h\n'}
[61.009810] (ublox_msgs) StdoutLine: {'line': b'-- Symlinking: /home/jsmoon/yax_jeju/install/ublox_msgs/include/ublox_msgs/ublox_msgs/msg/detail/nav_posecef__type_support.h\n'}
[61.017534] (ublox_msgs) StdoutLine: {'line': b'-- Symlinking: /home/jsmoon/yax_jeju/install/ublox_msgs/include/ublox_msgs/ublox_msgs/msg/detail/nav_posllh__functions.h\n'}
[61.024937] (ublox_msgs) StdoutLine: {'line': b'-- Symlinking: /home/jsmoon/yax_jeju/install/ublox_msgs/include/ublox_msgs/ublox_msgs/msg/detail/nav_posllh__struct.h\n'}
[61.034095] (ublox_msgs) StdoutLine: {'line': b'-- Symlinking: /home/jsmoon/yax_jeju/install/ublox_msgs/include/ublox_msgs/ublox_msgs/msg/detail/nav_posllh__type_support.h\n'}
[61.043348] (ublox_msgs) StdoutLine: {'line': b'-- Symlinking: /home/jsmoon/yax_jeju/install/ublox_msgs/include/ublox_msgs/ublox_msgs/msg/detail/nav_pvt7__functions.h\n'}
[61.051698] (ublox_msgs) StdoutLine: {'line': b'-- Symlinking: /home/jsmoon/yax_jeju/install/ublox_msgs/include/ublox_msgs/ublox_msgs/msg/detail/nav_pvt7__struct.h\n'}
[61.059446] (ublox_msgs) StdoutLine: {'line': b'-- Symlinking: /home/jsmoon/yax_jeju/install/ublox_msgs/include/ublox_msgs/ublox_msgs/msg/detail/nav_pvt7__type_support.h\n'}
[61.067097] (ublox_msgs) StdoutLine: {'line': b'-- Symlinking: /home/jsmoon/yax_jeju/install/ublox_msgs/include/ublox_msgs/ublox_msgs/msg/detail/nav_pvt__functions.h\n'}
[61.074887] (ublox_msgs) StdoutLine: {'line': b'-- Symlinking: /home/jsmoon/yax_jeju/install/ublox_msgs/include/ublox_msgs/ublox_msgs/msg/detail/nav_pvt__struct.h\n'}
[61.081987] (ublox_msgs) StdoutLine: {'line': b'-- Symlinking: /home/jsmoon/yax_jeju/install/ublox_msgs/include/ublox_msgs/ublox_msgs/msg/detail/nav_pvt__type_support.h\n'}
[61.089171] (ublox_msgs) StdoutLine: {'line': b'-- Symlinking: /home/jsmoon/yax_jeju/install/ublox_msgs/include/ublox_msgs/ublox_msgs/msg/detail/nav_relposned9__functions.h\n'}
[61.097058] (ublox_msgs) StdoutLine: {'line': b'-- Symlinking: /home/jsmoon/yax_jeju/install/ublox_msgs/include/ublox_msgs/ublox_msgs/msg/detail/nav_relposned9__struct.h\n'}
[61.097824] (-) TimerEvent: {}
[61.104450] (ublox_msgs) StdoutLine: {'line': b'-- Symlinking: /home/jsmoon/yax_jeju/install/ublox_msgs/include/ublox_msgs/ublox_msgs/msg/detail/nav_relposned9__type_support.h\n'}
[61.112316] (ublox_msgs) StdoutLine: {'line': b'-- Symlinking: /home/jsmoon/yax_jeju/install/ublox_msgs/include/ublox_msgs/ublox_msgs/msg/detail/nav_relposned__functions.h\n'}
[61.119107] (ublox_msgs) StdoutLine: {'line': b'-- Symlinking: /home/jsmoon/yax_jeju/install/ublox_msgs/include/ublox_msgs/ublox_msgs/msg/detail/nav_relposned__struct.h\n'}
[61.129229] (ublox_msgs) StdoutLine: {'line': b'-- Symlinking: /home/jsmoon/yax_jeju/install/ublox_msgs/include/ublox_msgs/ublox_msgs/msg/detail/nav_relposned__type_support.h\n'}
[61.136992] (ublox_msgs) StdoutLine: {'line': b'-- Symlinking: /home/jsmoon/yax_jeju/install/ublox_msgs/include/ublox_msgs/ublox_msgs/msg/detail/nav_sat__functions.h\n'}
[61.143770] (ublox_msgs) StdoutLine: {'line': b'-- Symlinking: /home/jsmoon/yax_jeju/install/ublox_msgs/include/ublox_msgs/ublox_msgs/msg/detail/nav_sat__struct.h\n'}
[61.151994] (ublox_msgs) StdoutLine: {'line': b'-- Symlinking: /home/jsmoon/yax_jeju/install/ublox_msgs/include/ublox_msgs/ublox_msgs/msg/detail/nav_sat__type_support.h\n'}
[61.160778] (ublox_msgs) StdoutLine: {'line': b'-- Symlinking: /home/jsmoon/yax_jeju/install/ublox_msgs/include/ublox_msgs/ublox_msgs/msg/detail/nav_satsv__functions.h\n'}
[61.167983] (ublox_msgs) StdoutLine: {'line': b'-- Symlinking: /home/jsmoon/yax_jeju/install/ublox_msgs/include/ublox_msgs/ublox_msgs/msg/detail/nav_satsv__struct.h\n'}
[61.175528] (ublox_msgs) StdoutLine: {'line': b'-- Symlinking: /home/jsmoon/yax_jeju/install/ublox_msgs/include/ublox_msgs/ublox_msgs/msg/detail/nav_satsv__type_support.h\n'}
[61.182517] (ublox_msgs) StdoutLine: {'line': b'-- Symlinking: /home/jsmoon/yax_jeju/install/ublox_msgs/include/ublox_msgs/ublox_msgs/msg/detail/nav_sbas__functions.h\n'}
[61.191819] (ublox_msgs) StdoutLine: {'line': b'-- Symlinking: /home/jsmoon/yax_jeju/install/ublox_msgs/include/ublox_msgs/ublox_msgs/msg/detail/nav_sbas__struct.h\n'}
[61.197938] (-) TimerEvent: {}
[61.199107] (ublox_msgs) StdoutLine: {'line': b'-- Symlinking: /home/jsmoon/yax_jeju/install/ublox_msgs/include/ublox_msgs/ublox_msgs/msg/detail/nav_sbas__type_support.h\n'}
[61.206940] (ublox_msgs) StdoutLine: {'line': b'-- Symlinking: /home/jsmoon/yax_jeju/install/ublox_msgs/include/ublox_msgs/ublox_msgs/msg/detail/nav_sbassv__functions.h\n'}
[61.216675] (ublox_msgs) StdoutLine: {'line': b'-- Symlinking: /home/jsmoon/yax_jeju/install/ublox_msgs/include/ublox_msgs/ublox_msgs/msg/detail/nav_sbassv__struct.h\n'}
[61.224970] (ublox_msgs) StdoutLine: {'line': b'-- Symlinking: /home/jsmoon/yax_jeju/install/ublox_msgs/include/ublox_msgs/ublox_msgs/msg/detail/nav_sbassv__type_support.h\n'}
[61.232792] (ublox_msgs) StdoutLine: {'line': b'-- Symlinking: /home/jsmoon/yax_jeju/install/ublox_msgs/include/ublox_msgs/ublox_msgs/msg/detail/nav_sol__functions.h\n'}
[61.241308] (ublox_msgs) StdoutLine: {'line': b'-- Symlinking: /home/jsmoon/yax_jeju/install/ublox_msgs/include/ublox_msgs/ublox_msgs/msg/detail/nav_sol__struct.h\n'}
[61.249056] (ublox_msgs) StdoutLine: {'line': b'-- Symlinking: /home/jsmoon/yax_jeju/install/ublox_msgs/include/ublox_msgs/ublox_msgs/msg/detail/nav_sol__type_support.h\n'}
[61.257273] (ublox_msgs) StdoutLine: {'line': b'-- Symlinking: /home/jsmoon/yax_jeju/install/ublox_msgs/include/ublox_msgs/ublox_msgs/msg/detail/nav_status__functions.h\n'}
[61.265435] (ublox_msgs) StdoutLine: {'line': b'-- Symlinking: /home/jsmoon/yax_jeju/install/ublox_msgs/include/ublox_msgs/ublox_msgs/msg/detail/nav_status__struct.h\n'}
[61.272532] (ublox_msgs) StdoutLine: {'line': b'-- Symlinking: /home/jsmoon/yax_jeju/install/ublox_msgs/include/ublox_msgs/ublox_msgs/msg/detail/nav_status__type_support.h\n'}
[61.281219] (ublox_msgs) StdoutLine: {'line': b'-- Symlinking: /home/jsmoon/yax_jeju/install/ublox_msgs/include/ublox_msgs/ublox_msgs/msg/detail/nav_svin__functions.h\n'}
[61.288771] (ublox_msgs) StdoutLine: {'line': b'-- Symlinking: /home/jsmoon/yax_jeju/install/ublox_msgs/include/ublox_msgs/ublox_msgs/msg/detail/nav_svin__struct.h\n'}
[61.297367] (ublox_msgs) StdoutLine: {'line': b'-- Symlinking: /home/jsmoon/yax_jeju/install/ublox_msgs/include/ublox_msgs/ublox_msgs/msg/detail/nav_svin__type_support.h\n'}
[61.298019] (-) TimerEvent: {}
[61.304569] (ublox_msgs) StdoutLine: {'line': b'-- Symlinking: /home/jsmoon/yax_jeju/install/ublox_msgs/include/ublox_msgs/ublox_msgs/msg/detail/nav_svinfo__functions.h\n'}
[61.313219] (ublox_msgs) StdoutLine: {'line': b'-- Symlinking: /home/jsmoon/yax_jeju/install/ublox_msgs/include/ublox_msgs/ublox_msgs/msg/detail/nav_svinfo__struct.h\n'}
[61.320158] (ublox_msgs) StdoutLine: {'line': b'-- Symlinking: /home/jsmoon/yax_jeju/install/ublox_msgs/include/ublox_msgs/ublox_msgs/msg/detail/nav_svinfo__type_support.h\n'}
[61.329473] (ublox_msgs) StdoutLine: {'line': b'-- Symlinking: /home/jsmoon/yax_jeju/install/ublox_msgs/include/ublox_msgs/ublox_msgs/msg/detail/nav_svinfosv__functions.h\n'}
[61.337748] (ublox_msgs) StdoutLine: {'line': b'-- Symlinking: /home/jsmoon/yax_jeju/install/ublox_msgs/include/ublox_msgs/ublox_msgs/msg/detail/nav_svinfosv__struct.h\n'}
[61.346809] (ublox_msgs) StdoutLine: {'line': b'-- Symlinking: /home/jsmoon/yax_jeju/install/ublox_msgs/include/ublox_msgs/ublox_msgs/msg/detail/nav_svinfosv__type_support.h\n'}
[61.355096] (ublox_msgs) StdoutLine: {'line': b'-- Symlinking: /home/jsmoon/yax_jeju/install/ublox_msgs/include/ublox_msgs/ublox_msgs/msg/detail/nav_timegps__functions.h\n'}
[61.363121] (ublox_msgs) StdoutLine: {'line': b'-- Symlinking: /home/jsmoon/yax_jeju/install/ublox_msgs/include/ublox_msgs/ublox_msgs/msg/detail/nav_timegps__struct.h\n'}
[61.371986] (ublox_msgs) StdoutLine: {'line': b'-- Symlinking: /home/jsmoon/yax_jeju/install/ublox_msgs/include/ublox_msgs/ublox_msgs/msg/detail/nav_timegps__type_support.h\n'}
[61.379644] (ublox_msgs) StdoutLine: {'line': b'-- Symlinking: /home/jsmoon/yax_jeju/install/ublox_msgs/include/ublox_msgs/ublox_msgs/msg/detail/nav_timeutc__functions.h\n'}
[61.387990] (ublox_msgs) StdoutLine: {'line': b'-- Symlinking: /home/jsmoon/yax_jeju/install/ublox_msgs/include/ublox_msgs/ublox_msgs/msg/detail/nav_timeutc__struct.h\n'}
[61.395916] (ublox_msgs) StdoutLine: {'line': b'-- Symlinking: /home/jsmoon/yax_jeju/install/ublox_msgs/include/ublox_msgs/ublox_msgs/msg/detail/nav_timeutc__type_support.h\n'}
[61.398117] (-) TimerEvent: {}
[61.403321] (ublox_msgs) StdoutLine: {'line': b'-- Symlinking: /home/jsmoon/yax_jeju/install/ublox_msgs/include/ublox_msgs/ublox_msgs/msg/detail/nav_velecef__functions.h\n'}
[61.411988] (ublox_msgs) StdoutLine: {'line': b'-- Symlinking: /home/jsmoon/yax_jeju/install/ublox_msgs/include/ublox_msgs/ublox_msgs/msg/detail/nav_velecef__struct.h\n'}
[61.422300] (ublox_msgs) StdoutLine: {'line': b'-- Symlinking: /home/jsmoon/yax_jeju/install/ublox_msgs/include/ublox_msgs/ublox_msgs/msg/detail/nav_velecef__type_support.h\n'}
[61.431075] (ublox_msgs) StdoutLine: {'line': b'-- Symlinking: /home/jsmoon/yax_jeju/install/ublox_msgs/include/ublox_msgs/ublox_msgs/msg/detail/nav_velned__functions.h\n'}
[61.437640] (ublox_msgs) StdoutLine: {'line': b'-- Symlinking: /home/jsmoon/yax_jeju/install/ublox_msgs/include/ublox_msgs/ublox_msgs/msg/detail/nav_velned__struct.h\n'}
[61.444235] (ublox_msgs) StdoutLine: {'line': b'-- Symlinking: /home/jsmoon/yax_jeju/install/ublox_msgs/include/ublox_msgs/ublox_msgs/msg/detail/nav_velned__type_support.h\n'}
[61.451259] (ublox_msgs) StdoutLine: {'line': b'-- Symlinking: /home/jsmoon/yax_jeju/install/ublox_msgs/include/ublox_msgs/ublox_msgs/msg/detail/rxm_alm__functions.h\n'}
[61.459764] (ublox_msgs) StdoutLine: {'line': b'-- Symlinking: /home/jsmoon/yax_jeju/install/ublox_msgs/include/ublox_msgs/ublox_msgs/msg/detail/rxm_alm__struct.h\n'}
[61.468592] (ublox_msgs) StdoutLine: {'line': b'-- Symlinking: /home/jsmoon/yax_jeju/install/ublox_msgs/include/ublox_msgs/ublox_msgs/msg/detail/rxm_alm__type_support.h\n'}
[61.476530] (ublox_msgs) StdoutLine: {'line': b'-- Symlinking: /home/jsmoon/yax_jeju/install/ublox_msgs/include/ublox_msgs/ublox_msgs/msg/detail/rxm_eph__functions.h\n'}
[61.483562] (ublox_msgs) StdoutLine: {'line': b'-- Symlinking: /home/jsmoon/yax_jeju/install/ublox_msgs/include/ublox_msgs/ublox_msgs/msg/detail/rxm_eph__struct.h\n'}
[61.491534] (ublox_msgs) StdoutLine: {'line': b'-- Symlinking: /home/jsmoon/yax_jeju/install/ublox_msgs/include/ublox_msgs/ublox_msgs/msg/detail/rxm_eph__type_support.h\n'}
[61.498218] (-) TimerEvent: {}
[61.499667] (ublox_msgs) StdoutLine: {'line': b'-- Symlinking: /home/jsmoon/yax_jeju/install/ublox_msgs/include/ublox_msgs/ublox_msgs/msg/detail/rxm_raw__functions.h\n'}
[61.507970] (ublox_msgs) StdoutLine: {'line': b'-- Symlinking: /home/jsmoon/yax_jeju/install/ublox_msgs/include/ublox_msgs/ublox_msgs/msg/detail/rxm_raw__struct.h\n'}
[61.514979] (ublox_msgs) StdoutLine: {'line': b'-- Symlinking: /home/jsmoon/yax_jeju/install/ublox_msgs/include/ublox_msgs/ublox_msgs/msg/detail/rxm_raw__type_support.h\n'}
[61.522419] (ublox_msgs) StdoutLine: {'line': b'-- Symlinking: /home/jsmoon/yax_jeju/install/ublox_msgs/include/ublox_msgs/ublox_msgs/msg/detail/rxm_rawsv__functions.h\n'}
[61.533026] (ublox_msgs) StdoutLine: {'line': b'-- Symlinking: /home/jsmoon/yax_jeju/install/ublox_msgs/include/ublox_msgs/ublox_msgs/msg/detail/rxm_rawsv__struct.h\n'}
[61.541843] (ublox_msgs) StdoutLine: {'line': b'-- Symlinking: /home/jsmoon/yax_jeju/install/ublox_msgs/include/ublox_msgs/ublox_msgs/msg/detail/rxm_rawsv__type_support.h\n'}
[61.551096] (ublox_msgs) StdoutLine: {'line': b'-- Symlinking: /home/jsmoon/yax_jeju/install/ublox_msgs/include/ublox_msgs/ublox_msgs/msg/detail/rxm_rawx__functions.h\n'}
[61.558141] (ublox_msgs) StdoutLine: {'line': b'-- Symlinking: /home/jsmoon/yax_jeju/install/ublox_msgs/include/ublox_msgs/ublox_msgs/msg/detail/rxm_rawx__struct.h\n'}
[61.567055] (ublox_msgs) StdoutLine: {'line': b'-- Symlinking: /home/jsmoon/yax_jeju/install/ublox_msgs/include/ublox_msgs/ublox_msgs/msg/detail/rxm_rawx__type_support.h\n'}
[61.574948] (ublox_msgs) StdoutLine: {'line': b'-- Symlinking: /home/jsmoon/yax_jeju/install/ublox_msgs/include/ublox_msgs/ublox_msgs/msg/detail/rxm_rawx_meas__functions.h\n'}
[61.582021] (ublox_msgs) StdoutLine: {'line': b'-- Symlinking: /home/jsmoon/yax_jeju/install/ublox_msgs/include/ublox_msgs/ublox_msgs/msg/detail/rxm_rawx_meas__struct.h\n'}
[61.589277] (ublox_msgs) StdoutLine: {'line': b'-- Symlinking: /home/jsmoon/yax_jeju/install/ublox_msgs/include/ublox_msgs/ublox_msgs/msg/detail/rxm_rawx_meas__type_support.h\n'}
[61.597424] (ublox_msgs) StdoutLine: {'line': b'-- Symlinking: /home/jsmoon/yax_jeju/install/ublox_msgs/include/ublox_msgs/ublox_msgs/msg/detail/rxm_rtcm__functions.h\n'}
[61.598319] (-) TimerEvent: {}
[61.604659] (ublox_msgs) StdoutLine: {'line': b'-- Symlinking: /home/jsmoon/yax_jeju/install/ublox_msgs/include/ublox_msgs/ublox_msgs/msg/detail/rxm_rtcm__struct.h\n'}
[61.613448] (ublox_msgs) StdoutLine: {'line': b'-- Symlinking: /home/jsmoon/yax_jeju/install/ublox_msgs/include/ublox_msgs/ublox_msgs/msg/detail/rxm_rtcm__type_support.h\n'}
[61.621794] (ublox_msgs) StdoutLine: {'line': b'-- Symlinking: /home/jsmoon/yax_jeju/install/ublox_msgs/include/ublox_msgs/ublox_msgs/msg/detail/rxm_sfrb__functions.h\n'}
[61.631341] (ublox_msgs) StdoutLine: {'line': b'-- Symlinking: /home/jsmoon/yax_jeju/install/ublox_msgs/include/ublox_msgs/ublox_msgs/msg/detail/rxm_sfrb__struct.h\n'}
[61.639315] (ublox_msgs) StdoutLine: {'line': b'-- Symlinking: /home/jsmoon/yax_jeju/install/ublox_msgs/include/ublox_msgs/ublox_msgs/msg/detail/rxm_sfrb__type_support.h\n'}
[61.646689] (ublox_msgs) StdoutLine: {'line': b'-- Symlinking: /home/jsmoon/yax_jeju/install/ublox_msgs/include/ublox_msgs/ublox_msgs/msg/detail/rxm_sfrbx__functions.h\n'}
[61.654461] (ublox_msgs) StdoutLine: {'line': b'-- Symlinking: /home/jsmoon/yax_jeju/install/ublox_msgs/include/ublox_msgs/ublox_msgs/msg/detail/rxm_sfrbx__struct.h\n'}
[61.661237] (ublox_msgs) StdoutLine: {'line': b'-- Symlinking: /home/jsmoon/yax_jeju/install/ublox_msgs/include/ublox_msgs/ublox_msgs/msg/detail/rxm_sfrbx__type_support.h\n'}
[61.668253] (ublox_msgs) StdoutLine: {'line': b'-- Symlinking: /home/jsmoon/yax_jeju/install/ublox_msgs/include/ublox_msgs/ublox_msgs/msg/detail/rxm_svsi__functions.h\n'}
[61.676104] (ublox_msgs) StdoutLine: {'line': b'-- Symlinking: /home/jsmoon/yax_jeju/install/ublox_msgs/include/ublox_msgs/ublox_msgs/msg/detail/rxm_svsi__struct.h\n'}
[61.684620] (ublox_msgs) StdoutLine: {'line': b'-- Symlinking: /home/jsmoon/yax_jeju/install/ublox_msgs/include/ublox_msgs/ublox_msgs/msg/detail/rxm_svsi__type_support.h\n'}
[61.692401] (ublox_msgs) StdoutLine: {'line': b'-- Symlinking: /home/jsmoon/yax_jeju/install/ublox_msgs/include/ublox_msgs/ublox_msgs/msg/detail/rxm_svsisv__functions.h\n'}
[61.698421] (-) TimerEvent: {}
[61.700020] (ublox_msgs) StdoutLine: {'line': b'-- Symlinking: /home/jsmoon/yax_jeju/install/ublox_msgs/include/ublox_msgs/ublox_msgs/msg/detail/rxm_svsisv__struct.h\n'}
[61.707526] (ublox_msgs) StdoutLine: {'line': b'-- Symlinking: /home/jsmoon/yax_jeju/install/ublox_msgs/include/ublox_msgs/ublox_msgs/msg/detail/rxm_svsisv__type_support.h\n'}
[61.715436] (ublox_msgs) StdoutLine: {'line': b'-- Symlinking: /home/jsmoon/yax_jeju/install/ublox_msgs/include/ublox_msgs/ublox_msgs/msg/detail/tim_tm2__functions.h\n'}
[61.723463] (ublox_msgs) StdoutLine: {'line': b'-- Symlinking: /home/jsmoon/yax_jeju/install/ublox_msgs/include/ublox_msgs/ublox_msgs/msg/detail/tim_tm2__struct.h\n'}
[61.732900] (ublox_msgs) StdoutLine: {'line': b'-- Symlinking: /home/jsmoon/yax_jeju/install/ublox_msgs/include/ublox_msgs/ublox_msgs/msg/detail/tim_tm2__type_support.h\n'}
[61.740741] (ublox_msgs) StdoutLine: {'line': b'-- Symlinking: /home/jsmoon/yax_jeju/install/ublox_msgs/include/ublox_msgs/ublox_msgs/msg/detail/upd_sos__functions.h\n'}
[61.749078] (ublox_msgs) StdoutLine: {'line': b'-- Symlinking: /home/jsmoon/yax_jeju/install/ublox_msgs/include/ublox_msgs/ublox_msgs/msg/detail/upd_sos__struct.h\n'}
[61.757787] (ublox_msgs) StdoutLine: {'line': b'-- Symlinking: /home/jsmoon/yax_jeju/install/ublox_msgs/include/ublox_msgs/ublox_msgs/msg/detail/upd_sos__type_support.h\n'}
[61.764435] (ublox_msgs) StdoutLine: {'line': b'-- Symlinking: /home/jsmoon/yax_jeju/install/ublox_msgs/include/ublox_msgs/ublox_msgs/msg/detail/upd_sos_ack__functions.h\n'}
[61.772270] (ublox_msgs) StdoutLine: {'line': b'-- Symlinking: /home/jsmoon/yax_jeju/install/ublox_msgs/include/ublox_msgs/ublox_msgs/msg/detail/upd_sos_ack__struct.h\n'}
[61.779584] (ublox_msgs) StdoutLine: {'line': b'-- Symlinking: /home/jsmoon/yax_jeju/install/ublox_msgs/include/ublox_msgs/ublox_msgs/msg/detail/upd_sos_ack__type_support.h\n'}
[61.789555] (ublox_msgs) StdoutLine: {'line': b'-- Symlinking: /home/jsmoon/yax_jeju/install/ublox_msgs/include/ublox_msgs/ublox_msgs/msg/esf_ins.h\n'}
[61.796755] (ublox_msgs) StdoutLine: {'line': b'-- Symlinking: /home/jsmoon/yax_jeju/install/ublox_msgs/include/ublox_msgs/ublox_msgs/msg/esf_meas.h\n'}
[61.798523] (-) TimerEvent: {}
[61.805217] (ublox_msgs) StdoutLine: {'line': b'-- Symlinking: /home/jsmoon/yax_jeju/install/ublox_msgs/include/ublox_msgs/ublox_msgs/msg/esf_raw.h\n'}
[61.812657] (ublox_msgs) StdoutLine: {'line': b'-- Symlinking: /home/jsmoon/yax_jeju/install/ublox_msgs/include/ublox_msgs/ublox_msgs/msg/esf_raw_block.h\n'}
[61.821089] (ublox_msgs) StdoutLine: {'line': b'-- Symlinking: /home/jsmoon/yax_jeju/install/ublox_msgs/include/ublox_msgs/ublox_msgs/msg/esf_status.h\n'}
[61.830815] (ublox_msgs) StdoutLine: {'line': b'-- Symlinking: /home/jsmoon/yax_jeju/install/ublox_msgs/include/ublox_msgs/ublox_msgs/msg/esf_status_sens.h\n'}
[61.839189] (ublox_msgs) StdoutLine: {'line': b'-- Symlinking: /home/jsmoon/yax_jeju/install/ublox_msgs/include/ublox_msgs/ublox_msgs/msg/hnr_pvt.h\n'}
[61.847636] (ublox_msgs) StdoutLine: {'line': b'-- Symlinking: /home/jsmoon/yax_jeju/install/ublox_msgs/include/ublox_msgs/ublox_msgs/msg/inf.h\n'}
[61.855887] (ublox_msgs) StdoutLine: {'line': b'-- Symlinking: /home/jsmoon/yax_jeju/install/ublox_msgs/include/ublox_msgs/ublox_msgs/msg/mga_gal.h\n'}
[61.863498] (ublox_msgs) StdoutLine: {'line': b'-- Symlinking: /home/jsmoon/yax_jeju/install/ublox_msgs/include/ublox_msgs/ublox_msgs/msg/mon_gnss.h\n'}
[61.872090] (ublox_msgs) StdoutLine: {'line': b'-- Symlinking: /home/jsmoon/yax_jeju/install/ublox_msgs/include/ublox_msgs/ublox_msgs/msg/mon_hw.h\n'}
[61.880805] (ublox_msgs) StdoutLine: {'line': b'-- Symlinking: /home/jsmoon/yax_jeju/install/ublox_msgs/include/ublox_msgs/ublox_msgs/msg/mon_hw6.h\n'}
[61.887906] (ublox_msgs) StdoutLine: {'line': b'-- Symlinking: /home/jsmoon/yax_jeju/install/ublox_msgs/include/ublox_msgs/ublox_msgs/msg/mon_ver.h\n'}
[61.895648] (ublox_msgs) StdoutLine: {'line': b'-- Symlinking: /home/jsmoon/yax_jeju/install/ublox_msgs/include/ublox_msgs/ublox_msgs/msg/mon_ver_extension.h\n'}
[61.898634] (-) TimerEvent: {}
[61.902313] (ublox_msgs) StdoutLine: {'line': b'-- Symlinking: /home/jsmoon/yax_jeju/install/ublox_msgs/include/ublox_msgs/ublox_msgs/msg/nav_att.h\n'}
[61.911400] (ublox_msgs) StdoutLine: {'line': b'-- Symlinking: /home/jsmoon/yax_jeju/install/ublox_msgs/include/ublox_msgs/ublox_msgs/msg/nav_clock.h\n'}
[61.918793] (ublox_msgs) StdoutLine: {'line': b'-- Symlinking: /home/jsmoon/yax_jeju/install/ublox_msgs/include/ublox_msgs/ublox_msgs/msg/nav_dgps.h\n'}
[61.925199] (ublox_msgs) StdoutLine: {'line': b'-- Symlinking: /home/jsmoon/yax_jeju/install/ublox_msgs/include/ublox_msgs/ublox_msgs/msg/nav_dgpssv.h\n'}
[61.934233] (ublox_msgs) StdoutLine: {'line': b'-- Symlinking: /home/jsmoon/yax_jeju/install/ublox_msgs/include/ublox_msgs/ublox_msgs/msg/nav_dop.h\n'}
[61.940993] (ublox_msgs) StdoutLine: {'line': b'-- Symlinking: /home/jsmoon/yax_jeju/install/ublox_msgs/include/ublox_msgs/ublox_msgs/msg/nav_posecef.h\n'}
[61.947989] (ublox_msgs) StdoutLine: {'line': b'-- Symlinking: /home/jsmoon/yax_jeju/install/ublox_msgs/include/ublox_msgs/ublox_msgs/msg/nav_posllh.h\n'}
[61.955552] (ublox_msgs) StdoutLine: {'line': b'-- Symlinking: /home/jsmoon/yax_jeju/install/ublox_msgs/include/ublox_msgs/ublox_msgs/msg/nav_pvt.h\n'}
[61.963667] (ublox_msgs) StdoutLine: {'line': b'-- Symlinking: /home/jsmoon/yax_jeju/install/ublox_msgs/include/ublox_msgs/ublox_msgs/msg/nav_pvt7.h\n'}
[61.971154] (ublox_msgs) StdoutLine: {'line': b'-- Symlinking: /home/jsmoon/yax_jeju/install/ublox_msgs/include/ublox_msgs/ublox_msgs/msg/nav_relposned.h\n'}
[61.979501] (ublox_msgs) StdoutLine: {'line': b'-- Symlinking: /home/jsmoon/yax_jeju/install/ublox_msgs/include/ublox_msgs/ublox_msgs/msg/nav_relposned9.h\n'}
[61.987967] (ublox_msgs) StdoutLine: {'line': b'-- Symlinking: /home/jsmoon/yax_jeju/install/ublox_msgs/include/ublox_msgs/ublox_msgs/msg/nav_sat.h\n'}
[61.996100] (ublox_msgs) StdoutLine: {'line': b'-- Symlinking: /home/jsmoon/yax_jeju/install/ublox_msgs/include/ublox_msgs/ublox_msgs/msg/nav_satsv.h\n'}
[61.998732] (-) TimerEvent: {}
[62.004155] (ublox_msgs) StdoutLine: {'line': b'-- Symlinking: /home/jsmoon/yax_jeju/install/ublox_msgs/include/ublox_msgs/ublox_msgs/msg/nav_sbas.h\n'}
[62.011273] (ublox_msgs) StdoutLine: {'line': b'-- Symlinking: /home/jsmoon/yax_jeju/install/ublox_msgs/include/ublox_msgs/ublox_msgs/msg/nav_sbassv.h\n'}
[62.019263] (ublox_msgs) StdoutLine: {'line': b'-- Symlinking: /home/jsmoon/yax_jeju/install/ublox_msgs/include/ublox_msgs/ublox_msgs/msg/nav_sol.h\n'}
[62.029593] (ublox_msgs) StdoutLine: {'line': b'-- Symlinking: /home/jsmoon/yax_jeju/install/ublox_msgs/include/ublox_msgs/ublox_msgs/msg/nav_status.h\n'}
[62.036166] (ublox_msgs) StdoutLine: {'line': b'-- Symlinking: /home/jsmoon/yax_jeju/install/ublox_msgs/include/ublox_msgs/ublox_msgs/msg/nav_svin.h\n'}
[62.043521] (ublox_msgs) StdoutLine: {'line': b'-- Symlinking: /home/jsmoon/yax_jeju/install/ublox_msgs/include/ublox_msgs/ublox_msgs/msg/nav_svinfo.h\n'}
[62.051906] (ublox_msgs) StdoutLine: {'line': b'-- Symlinking: /home/jsmoon/yax_jeju/install/ublox_msgs/include/ublox_msgs/ublox_msgs/msg/nav_svinfosv.h\n'}
[62.059208] (ublox_msgs) StdoutLine: {'line': b'-- Symlinking: /home/jsmoon/yax_jeju/install/ublox_msgs/include/ublox_msgs/ublox_msgs/msg/nav_timegps.h\n'}
[62.068038] (ublox_msgs) StdoutLine: {'line': b'-- Symlinking: /home/jsmoon/yax_jeju/install/ublox_msgs/include/ublox_msgs/ublox_msgs/msg/nav_timeutc.h\n'}
[62.077936] (ublox_msgs) StdoutLine: {'line': b'-- Symlinking: /home/jsmoon/yax_jeju/install/ublox_msgs/include/ublox_msgs/ublox_msgs/msg/nav_velecef.h\n'}
[62.085306] (ublox_msgs) StdoutLine: {'line': b'-- Symlinking: /home/jsmoon/yax_jeju/install/ublox_msgs/include/ublox_msgs/ublox_msgs/msg/nav_velned.h\n'}
[62.093730] (ublox_msgs) StdoutLine: {'line': b'-- Symlinking: /home/jsmoon/yax_jeju/install/ublox_msgs/include/ublox_msgs/ublox_msgs/msg/rosidl_generator_c__visibility_control.h\n'}
[62.098839] (-) TimerEvent: {}
[62.101027] (ublox_msgs) StdoutLine: {'line': b'-- Symlinking: /home/jsmoon/yax_jeju/install/ublox_msgs/include/ublox_msgs/ublox_msgs/msg/rxm_alm.h\n'}
[62.108547] (ublox_msgs) StdoutLine: {'line': b'-- Symlinking: /home/jsmoon/yax_jeju/install/ublox_msgs/include/ublox_msgs/ublox_msgs/msg/rxm_eph.h\n'}
[62.115966] (ublox_msgs) StdoutLine: {'line': b'-- Symlinking: /home/jsmoon/yax_jeju/install/ublox_msgs/include/ublox_msgs/ublox_msgs/msg/rxm_raw.h\n'}
[62.123035] (ublox_msgs) StdoutLine: {'line': b'-- Symlinking: /home/jsmoon/yax_jeju/install/ublox_msgs/include/ublox_msgs/ublox_msgs/msg/rxm_rawsv.h\n'}
[62.132382] (ublox_msgs) StdoutLine: {'line': b'-- Symlinking: /home/jsmoon/yax_jeju/install/ublox_msgs/include/ublox_msgs/ublox_msgs/msg/rxm_rawx.h\n'}
[62.139077] (ublox_msgs) StdoutLine: {'line': b'-- Symlinking: /home/jsmoon/yax_jeju/install/ublox_msgs/include/ublox_msgs/ublox_msgs/msg/rxm_rawx_meas.h\n'}
[62.146728] (ublox_msgs) StdoutLine: {'line': b'-- Symlinking: /home/jsmoon/yax_jeju/install/ublox_msgs/include/ublox_msgs/ublox_msgs/msg/rxm_rtcm.h\n'}
[62.154063] (ublox_msgs) StdoutLine: {'line': b'-- Symlinking: /home/jsmoon/yax_jeju/install/ublox_msgs/include/ublox_msgs/ublox_msgs/msg/rxm_sfrb.h\n'}
[62.163697] (ublox_msgs) StdoutLine: {'line': b'-- Symlinking: /home/jsmoon/yax_jeju/install/ublox_msgs/include/ublox_msgs/ublox_msgs/msg/rxm_sfrbx.h\n'}
[62.171291] (ublox_msgs) StdoutLine: {'line': b'-- Symlinking: /home/jsmoon/yax_jeju/install/ublox_msgs/include/ublox_msgs/ublox_msgs/msg/rxm_svsi.h\n'}
[62.179648] (ublox_msgs) StdoutLine: {'line': b'-- Symlinking: /home/jsmoon/yax_jeju/install/ublox_msgs/include/ublox_msgs/ublox_msgs/msg/rxm_svsisv.h\n'}
[62.187543] (ublox_msgs) StdoutLine: {'line': b'-- Symlinking: /home/jsmoon/yax_jeju/install/ublox_msgs/include/ublox_msgs/ublox_msgs/msg/tim_tm2.h\n'}
[62.195160] (ublox_msgs) StdoutLine: {'line': b'-- Symlinking: /home/jsmoon/yax_jeju/install/ublox_msgs/include/ublox_msgs/ublox_msgs/msg/upd_sos.h\n'}
[62.198942] (-) TimerEvent: {}
[62.202257] (ublox_msgs) StdoutLine: {'line': b'-- Symlinking: /home/jsmoon/yax_jeju/install/ublox_msgs/include/ublox_msgs/ublox_msgs/msg/upd_sos_ack.h\n'}
[62.209624] (ublox_msgs) StdoutLine: {'line': b'-- Symlinking: /home/jsmoon/yax_jeju/install/ublox_msgs/share/ublox_msgs/environment/library_path.sh\n'}
[62.217934] (ublox_msgs) StdoutLine: {'line': b'-- Symlinking: /home/jsmoon/yax_jeju/install/ublox_msgs/share/ublox_msgs/environment/library_path.dsv\n'}
[62.229898] (ublox_msgs) StdoutLine: {'line': b'-- Symlinking: /home/jsmoon/yax_jeju/install/ublox_msgs/include/ublox_msgs/ublox_msgs/msg/detail/ack__rosidl_typesupport_fastrtps_c.h\n'}
[62.237287] (ublox_msgs) StdoutLine: {'line': b'-- Symlinking: /home/jsmoon/yax_jeju/install/ublox_msgs/include/ublox_msgs/ublox_msgs/msg/detail/aid_alm__rosidl_typesupport_fastrtps_c.h\n'}
[62.244540] (ublox_msgs) StdoutLine: {'line': b'-- Symlinking: /home/jsmoon/yax_jeju/install/ublox_msgs/include/ublox_msgs/ublox_msgs/msg/detail/aid_eph__rosidl_typesupport_fastrtps_c.h\n'}
[62.251457] (ublox_msgs) StdoutLine: {'line': b'-- Symlinking: /home/jsmoon/yax_jeju/install/ublox_msgs/include/ublox_msgs/ublox_msgs/msg/detail/aid_hui__rosidl_typesupport_fastrtps_c.h\n'}
[62.259934] (ublox_msgs) StdoutLine: {'line': b'-- Symlinking: /home/jsmoon/yax_jeju/install/ublox_msgs/include/ublox_msgs/ublox_msgs/msg/detail/cfg_ant__rosidl_typesupport_fastrtps_c.h\n'}
[62.267455] (ublox_msgs) StdoutLine: {'line': b'-- Symlinking: /home/jsmoon/yax_jeju/install/ublox_msgs/include/ublox_msgs/ublox_msgs/msg/detail/cfg_cfg__rosidl_typesupport_fastrtps_c.h\n'}
[62.275697] (ublox_msgs) StdoutLine: {'line': b'-- Symlinking: /home/jsmoon/yax_jeju/install/ublox_msgs/include/ublox_msgs/ublox_msgs/msg/detail/cfg_dat__rosidl_typesupport_fastrtps_c.h\n'}
[62.283426] (ublox_msgs) StdoutLine: {'line': b'-- Symlinking: /home/jsmoon/yax_jeju/install/ublox_msgs/include/ublox_msgs/ublox_msgs/msg/detail/cfg_dgnss__rosidl_typesupport_fastrtps_c.h\n'}
[62.292431] (ublox_msgs) StdoutLine: {'line': b'-- Symlinking: /home/jsmoon/yax_jeju/install/ublox_msgs/include/ublox_msgs/ublox_msgs/msg/detail/cfg_gnss__rosidl_typesupport_fastrtps_c.h\n'}
[62.299047] (-) TimerEvent: {}
[62.300202] (ublox_msgs) StdoutLine: {'line': b'-- Symlinking: /home/jsmoon/yax_jeju/install/ublox_msgs/include/ublox_msgs/ublox_msgs/msg/detail/cfg_gnss_block__rosidl_typesupport_fastrtps_c.h\n'}
[62.308355] (ublox_msgs) StdoutLine: {'line': b'-- Symlinking: /home/jsmoon/yax_jeju/install/ublox_msgs/include/ublox_msgs/ublox_msgs/msg/detail/cfg_hnr__rosidl_typesupport_fastrtps_c.h\n'}
[62.315891] (ublox_msgs) StdoutLine: {'line': b'-- Symlinking: /home/jsmoon/yax_jeju/install/ublox_msgs/include/ublox_msgs/ublox_msgs/msg/detail/cfg_inf__rosidl_typesupport_fastrtps_c.h\n'}
[62.324386] (ublox_msgs) StdoutLine: {'line': b'-- Symlinking: /home/jsmoon/yax_jeju/install/ublox_msgs/include/ublox_msgs/ublox_msgs/msg/detail/cfg_inf_block__rosidl_typesupport_fastrtps_c.h\n'}
[62.333390] (ublox_msgs) StdoutLine: {'line': b'-- Symlinking: /home/jsmoon/yax_jeju/install/ublox_msgs/include/ublox_msgs/ublox_msgs/msg/detail/cfg_msg__rosidl_typesupport_fastrtps_c.h\n'}
[62.340999] (ublox_msgs) StdoutLine: {'line': b'-- Symlinking: /home/jsmoon/yax_jeju/install/ublox_msgs/include/ublox_msgs/ublox_msgs/msg/detail/cfg_nav5__rosidl_typesupport_fastrtps_c.h\n'}
[62.347915] (ublox_msgs) StdoutLine: {'line': b'-- Symlinking: /home/jsmoon/yax_jeju/install/ublox_msgs/include/ublox_msgs/ublox_msgs/msg/detail/cfg_navx5__rosidl_typesupport_fastrtps_c.h\n'}
[62.355996] (ublox_msgs) StdoutLine: {'line': b'-- Symlinking: /home/jsmoon/yax_jeju/install/ublox_msgs/include/ublox_msgs/ublox_msgs/msg/detail/cfg_nmea6__rosidl_typesupport_fastrtps_c.h\n'}
[62.363910] (ublox_msgs) StdoutLine: {'line': b'-- Symlinking: /home/jsmoon/yax_jeju/install/ublox_msgs/include/ublox_msgs/ublox_msgs/msg/detail/cfg_nmea7__rosidl_typesupport_fastrtps_c.h\n'}
[62.372495] (ublox_msgs) StdoutLine: {'line': b'-- Symlinking: /home/jsmoon/yax_jeju/install/ublox_msgs/include/ublox_msgs/ublox_msgs/msg/detail/cfg_nmea__rosidl_typesupport_fastrtps_c.h\n'}
[62.380361] (ublox_msgs) StdoutLine: {'line': b'-- Symlinking: /home/jsmoon/yax_jeju/install/ublox_msgs/include/ublox_msgs/ublox_msgs/msg/detail/cfg_prt__rosidl_typesupport_fastrtps_c.h\n'}
[62.388313] (ublox_msgs) StdoutLine: {'line': b'-- Symlinking: /home/jsmoon/yax_jeju/install/ublox_msgs/include/ublox_msgs/ublox_msgs/msg/detail/cfg_rate__rosidl_typesupport_fastrtps_c.h\n'}
[62.395614] (ublox_msgs) StdoutLine: {'line': b'-- Symlinking: /home/jsmoon/yax_jeju/install/ublox_msgs/include/ublox_msgs/ublox_msgs/msg/detail/cfg_rst__rosidl_typesupport_fastrtps_c.h\n'}
[62.399153] (-) TimerEvent: {}
[62.404064] (ublox_msgs) StdoutLine: {'line': b'-- Symlinking: /home/jsmoon/yax_jeju/install/ublox_msgs/include/ublox_msgs/ublox_msgs/msg/detail/cfg_sbas__rosidl_typesupport_fastrtps_c.h\n'}
[62.412468] (ublox_msgs) StdoutLine: {'line': b'-- Symlinking: /home/jsmoon/yax_jeju/install/ublox_msgs/include/ublox_msgs/ublox_msgs/msg/detail/cfg_tmode3__rosidl_typesupport_fastrtps_c.h\n'}
[62.421363] (ublox_msgs) StdoutLine: {'line': b'-- Symlinking: /home/jsmoon/yax_jeju/install/ublox_msgs/include/ublox_msgs/ublox_msgs/msg/detail/cfg_usb__rosidl_typesupport_fastrtps_c.h\n'}
[62.430427] (ublox_msgs) StdoutLine: {'line': b'-- Symlinking: /home/jsmoon/yax_jeju/install/ublox_msgs/include/ublox_msgs/ublox_msgs/msg/detail/esf_ins__rosidl_typesupport_fastrtps_c.h\n'}
[62.437964] (ublox_msgs) StdoutLine: {'line': b'-- Symlinking: /home/jsmoon/yax_jeju/install/ublox_msgs/include/ublox_msgs/ublox_msgs/msg/detail/esf_meas__rosidl_typesupport_fastrtps_c.h\n'}
[62.444870] (ublox_msgs) StdoutLine: {'line': b'-- Symlinking: /home/jsmoon/yax_jeju/install/ublox_msgs/include/ublox_msgs/ublox_msgs/msg/detail/esf_raw__rosidl_typesupport_fastrtps_c.h\n'}
[62.454260] (ublox_msgs) StdoutLine: {'line': b'-- Symlinking: /home/jsmoon/yax_jeju/install/ublox_msgs/include/ublox_msgs/ublox_msgs/msg/detail/esf_raw_block__rosidl_typesupport_fastrtps_c.h\n'}
[62.461372] (ublox_msgs) StdoutLine: {'line': b'-- Symlinking: /home/jsmoon/yax_jeju/install/ublox_msgs/include/ublox_msgs/ublox_msgs/msg/detail/esf_status__rosidl_typesupport_fastrtps_c.h\n'}
[62.469845] (ublox_msgs) StdoutLine: {'line': b'-- Symlinking: /home/jsmoon/yax_jeju/install/ublox_msgs/include/ublox_msgs/ublox_msgs/msg/detail/esf_status_sens__rosidl_typesupport_fastrtps_c.h\n'}
[62.477136] (ublox_msgs) StdoutLine: {'line': b'-- Symlinking: /home/jsmoon/yax_jeju/install/ublox_msgs/include/ublox_msgs/ublox_msgs/msg/detail/hnr_pvt__rosidl_typesupport_fastrtps_c.h\n'}
[62.485664] (ublox_msgs) StdoutLine: {'line': b'-- Symlinking: /home/jsmoon/yax_jeju/install/ublox_msgs/include/ublox_msgs/ublox_msgs/msg/detail/inf__rosidl_typesupport_fastrtps_c.h\n'}
[62.493155] (ublox_msgs) StdoutLine: {'line': b'-- Symlinking: /home/jsmoon/yax_jeju/install/ublox_msgs/include/ublox_msgs/ublox_msgs/msg/detail/mga_gal__rosidl_typesupport_fastrtps_c.h\n'}
[62.499255] (-) TimerEvent: {}
[62.501513] (ublox_msgs) StdoutLine: {'line': b'-- Symlinking: /home/jsmoon/yax_jeju/install/ublox_msgs/include/ublox_msgs/ublox_msgs/msg/detail/mon_gnss__rosidl_typesupport_fastrtps_c.h\n'}
[62.507955] (ublox_msgs) StdoutLine: {'line': b'-- Symlinking: /home/jsmoon/yax_jeju/install/ublox_msgs/include/ublox_msgs/ublox_msgs/msg/detail/mon_hw6__rosidl_typesupport_fastrtps_c.h\n'}
[62.515971] (ublox_msgs) StdoutLine: {'line': b'-- Symlinking: /home/jsmoon/yax_jeju/install/ublox_msgs/include/ublox_msgs/ublox_msgs/msg/detail/mon_hw__rosidl_typesupport_fastrtps_c.h\n'}
[62.524931] (ublox_msgs) StdoutLine: {'line': b'-- Symlinking: /home/jsmoon/yax_jeju/install/ublox_msgs/include/ublox_msgs/ublox_msgs/msg/detail/mon_ver__rosidl_typesupport_fastrtps_c.h\n'}
[62.534206] (ublox_msgs) StdoutLine: {'line': b'-- Symlinking: /home/jsmoon/yax_jeju/install/ublox_msgs/include/ublox_msgs/ublox_msgs/msg/detail/mon_ver_extension__rosidl_typesupport_fastrtps_c.h\n'}
[62.541647] (ublox_msgs) StdoutLine: {'line': b'-- Symlinking: /home/jsmoon/yax_jeju/install/ublox_msgs/include/ublox_msgs/ublox_msgs/msg/detail/nav_att__rosidl_typesupport_fastrtps_c.h\n'}
[62.550514] (ublox_msgs) StdoutLine: {'line': b'-- Symlinking: /home/jsmoon/yax_jeju/install/ublox_msgs/include/ublox_msgs/ublox_msgs/msg/detail/nav_clock__rosidl_typesupport_fastrtps_c.h\n'}
[62.558866] (ublox_msgs) StdoutLine: {'line': b'-- Symlinking: /home/jsmoon/yax_jeju/install/ublox_msgs/include/ublox_msgs/ublox_msgs/msg/detail/nav_dgps__rosidl_typesupport_fastrtps_c.h\n'}
[62.567737] (ublox_msgs) StdoutLine: {'line': b'-- Symlinking: /home/jsmoon/yax_jeju/install/ublox_msgs/include/ublox_msgs/ublox_msgs/msg/detail/nav_dgpssv__rosidl_typesupport_fastrtps_c.h\n'}
[62.574471] (ublox_msgs) StdoutLine: {'line': b'-- Symlinking: /home/jsmoon/yax_jeju/install/ublox_msgs/include/ublox_msgs/ublox_msgs/msg/detail/nav_dop__rosidl_typesupport_fastrtps_c.h\n'}
[62.582467] (ublox_msgs) StdoutLine: {'line': b'-- Symlinking: /home/jsmoon/yax_jeju/install/ublox_msgs/include/ublox_msgs/ublox_msgs/msg/detail/nav_posecef__rosidl_typesupport_fastrtps_c.h\n'}
[62.590185] (ublox_msgs) StdoutLine: {'line': b'-- Symlinking: /home/jsmoon/yax_jeju/install/ublox_msgs/include/ublox_msgs/ublox_msgs/msg/detail/nav_posllh__rosidl_typesupport_fastrtps_c.h\n'}
[62.598283] (ublox_msgs) StdoutLine: {'line': b'-- Symlinking: /home/jsmoon/yax_jeju/install/ublox_msgs/include/ublox_msgs/ublox_msgs/msg/detail/nav_pvt7__rosidl_typesupport_fastrtps_c.h\n'}
[62.599332] (-) TimerEvent: {}
[62.606422] (ublox_msgs) StdoutLine: {'line': b'-- Symlinking: /home/jsmoon/yax_jeju/install/ublox_msgs/include/ublox_msgs/ublox_msgs/msg/detail/nav_pvt__rosidl_typesupport_fastrtps_c.h\n'}
[62.614140] (ublox_msgs) StdoutLine: {'line': b'-- Symlinking: /home/jsmoon/yax_jeju/install/ublox_msgs/include/ublox_msgs/ublox_msgs/msg/detail/nav_relposned9__rosidl_typesupport_fastrtps_c.h\n'}
[62.620895] (ublox_msgs) StdoutLine: {'line': b'-- Symlinking: /home/jsmoon/yax_jeju/install/ublox_msgs/include/ublox_msgs/ublox_msgs/msg/detail/nav_relposned__rosidl_typesupport_fastrtps_c.h\n'}
[62.630182] (ublox_msgs) StdoutLine: {'line': b'-- Symlinking: /home/jsmoon/yax_jeju/install/ublox_msgs/include/ublox_msgs/ublox_msgs/msg/detail/nav_sat__rosidl_typesupport_fastrtps_c.h\n'}
[62.637692] (ublox_msgs) StdoutLine: {'line': b'-- Symlinking: /home/jsmoon/yax_jeju/install/ublox_msgs/include/ublox_msgs/ublox_msgs/msg/detail/nav_satsv__rosidl_typesupport_fastrtps_c.h\n'}
[62.644186] (ublox_msgs) StdoutLine: {'line': b'-- Symlinking: /home/jsmoon/yax_jeju/install/ublox_msgs/include/ublox_msgs/ublox_msgs/msg/detail/nav_sbas__rosidl_typesupport_fastrtps_c.h\n'}
[62.652224] (ublox_msgs) StdoutLine: {'line': b'-- Symlinking: /home/jsmoon/yax_jeju/install/ublox_msgs/include/ublox_msgs/ublox_msgs/msg/detail/nav_sbassv__rosidl_typesupport_fastrtps_c.h\n'}
[62.659314] (ublox_msgs) StdoutLine: {'line': b'-- Symlinking: /home/jsmoon/yax_jeju/install/ublox_msgs/include/ublox_msgs/ublox_msgs/msg/detail/nav_sol__rosidl_typesupport_fastrtps_c.h\n'}
[62.666290] (ublox_msgs) StdoutLine: {'line': b'-- Symlinking: /home/jsmoon/yax_jeju/install/ublox_msgs/include/ublox_msgs/ublox_msgs/msg/detail/nav_status__rosidl_typesupport_fastrtps_c.h\n'}
[62.673030] (ublox_msgs) StdoutLine: {'line': b'-- Symlinking: /home/jsmoon/yax_jeju/install/ublox_msgs/include/ublox_msgs/ublox_msgs/msg/detail/nav_svin__rosidl_typesupport_fastrtps_c.h\n'}
[62.681304] (ublox_msgs) StdoutLine: {'line': b'-- Symlinking: /home/jsmoon/yax_jeju/install/ublox_msgs/include/ublox_msgs/ublox_msgs/msg/detail/nav_svinfo__rosidl_typesupport_fastrtps_c.h\n'}
[62.689525] (ublox_msgs) StdoutLine: {'line': b'-- Symlinking: /home/jsmoon/yax_jeju/install/ublox_msgs/include/ublox_msgs/ublox_msgs/msg/detail/nav_svinfosv__rosidl_typesupport_fastrtps_c.h\n'}
[62.698113] (ublox_msgs) StdoutLine: {'line': b'-- Symlinking: /home/jsmoon/yax_jeju/install/ublox_msgs/include/ublox_msgs/ublox_msgs/msg/detail/nav_timegps__rosidl_typesupport_fastrtps_c.h\n'}
[62.699442] (-) TimerEvent: {}
[62.705646] (ublox_msgs) StdoutLine: {'line': b'-- Symlinking: /home/jsmoon/yax_jeju/install/ublox_msgs/include/ublox_msgs/ublox_msgs/msg/detail/nav_timeutc__rosidl_typesupport_fastrtps_c.h\n'}
[62.714348] (ublox_msgs) StdoutLine: {'line': b'-- Symlinking: /home/jsmoon/yax_jeju/install/ublox_msgs/include/ublox_msgs/ublox_msgs/msg/detail/nav_velecef__rosidl_typesupport_fastrtps_c.h\n'}
[62.721331] (ublox_msgs) StdoutLine: {'line': b'-- Symlinking: /home/jsmoon/yax_jeju/install/ublox_msgs/include/ublox_msgs/ublox_msgs/msg/detail/nav_velned__rosidl_typesupport_fastrtps_c.h\n'}
[62.732371] (ublox_msgs) StdoutLine: {'line': b'-- Symlinking: /home/jsmoon/yax_jeju/install/ublox_msgs/include/ublox_msgs/ublox_msgs/msg/detail/rxm_alm__rosidl_typesupport_fastrtps_c.h\n'}
[62.738970] (ublox_msgs) StdoutLine: {'line': b'-- Symlinking: /home/jsmoon/yax_jeju/install/ublox_msgs/include/ublox_msgs/ublox_msgs/msg/detail/rxm_eph__rosidl_typesupport_fastrtps_c.h\n'}
[62.747697] (ublox_msgs) StdoutLine: {'line': b'-- Symlinking: /home/jsmoon/yax_jeju/install/ublox_msgs/include/ublox_msgs/ublox_msgs/msg/detail/rxm_raw__rosidl_typesupport_fastrtps_c.h\n'}
[62.755846] (ublox_msgs) StdoutLine: {'line': b'-- Symlinking: /home/jsmoon/yax_jeju/install/ublox_msgs/include/ublox_msgs/ublox_msgs/msg/detail/rxm_rawsv__rosidl_typesupport_fastrtps_c.h\n'}
[62.764215] (ublox_msgs) StdoutLine: {'line': b'-- Symlinking: /home/jsmoon/yax_jeju/install/ublox_msgs/include/ublox_msgs/ublox_msgs/msg/detail/rxm_rawx__rosidl_typesupport_fastrtps_c.h\n'}
[62.771069] (ublox_msgs) StdoutLine: {'line': b'-- Symlinking: /home/jsmoon/yax_jeju/install/ublox_msgs/include/ublox_msgs/ublox_msgs/msg/detail/rxm_rawx_meas__rosidl_typesupport_fastrtps_c.h\n'}
[62.779777] (ublox_msgs) StdoutLine: {'line': b'-- Symlinking: /home/jsmoon/yax_jeju/install/ublox_msgs/include/ublox_msgs/ublox_msgs/msg/detail/rxm_rtcm__rosidl_typesupport_fastrtps_c.h\n'}
[62.786511] (ublox_msgs) StdoutLine: {'line': b'-- Symlinking: /home/jsmoon/yax_jeju/install/ublox_msgs/include/ublox_msgs/ublox_msgs/msg/detail/rxm_sfrb__rosidl_typesupport_fastrtps_c.h\n'}
[62.794574] (ublox_msgs) StdoutLine: {'line': b'-- Symlinking: /home/jsmoon/yax_jeju/install/ublox_msgs/include/ublox_msgs/ublox_msgs/msg/detail/rxm_sfrbx__rosidl_typesupport_fastrtps_c.h\n'}
[62.799544] (-) TimerEvent: {}
[62.802558] (ublox_msgs) StdoutLine: {'line': b'-- Symlinking: /home/jsmoon/yax_jeju/install/ublox_msgs/include/ublox_msgs/ublox_msgs/msg/detail/rxm_svsi__rosidl_typesupport_fastrtps_c.h\n'}
[62.811518] (ublox_msgs) StdoutLine: {'line': b'-- Symlinking: /home/jsmoon/yax_jeju/install/ublox_msgs/include/ublox_msgs/ublox_msgs/msg/detail/rxm_svsisv__rosidl_typesupport_fastrtps_c.h\n'}
[62.819318] (ublox_msgs) StdoutLine: {'line': b'-- Symlinking: /home/jsmoon/yax_jeju/install/ublox_msgs/include/ublox_msgs/ublox_msgs/msg/detail/tim_tm2__rosidl_typesupport_fastrtps_c.h\n'}
[62.829634] (ublox_msgs) StdoutLine: {'line': b'-- Symlinking: /home/jsmoon/yax_jeju/install/ublox_msgs/include/ublox_msgs/ublox_msgs/msg/detail/upd_sos__rosidl_typesupport_fastrtps_c.h\n'}
[62.836239] (ublox_msgs) StdoutLine: {'line': b'-- Symlinking: /home/jsmoon/yax_jeju/install/ublox_msgs/include/ublox_msgs/ublox_msgs/msg/detail/upd_sos_ack__rosidl_typesupport_fastrtps_c.h\n'}
[62.843908] (ublox_msgs) StdoutLine: {'line': b'-- Symlinking: /home/jsmoon/yax_jeju/install/ublox_msgs/include/ublox_msgs/ublox_msgs/msg/rosidl_typesupport_fastrtps_c__visibility_control.h\n'}
[62.853332] (ublox_msgs) StdoutLine: {'line': b'-- Symlinking: /home/jsmoon/yax_jeju/install/ublox_msgs/include/ublox_msgs/ublox_msgs/msg/detail/ack__rosidl_typesupport_introspection_c.h\n'}
[62.860661] (ublox_msgs) StdoutLine: {'line': b'-- Symlinking: /home/jsmoon/yax_jeju/install/ublox_msgs/include/ublox_msgs/ublox_msgs/msg/detail/aid_alm__rosidl_typesupport_introspection_c.h\n'}
[62.868089] (ublox_msgs) StdoutLine: {'line': b'-- Symlinking: /home/jsmoon/yax_jeju/install/ublox_msgs/include/ublox_msgs/ublox_msgs/msg/detail/aid_eph__rosidl_typesupport_introspection_c.h\n'}
[62.875847] (ublox_msgs) StdoutLine: {'line': b'-- Symlinking: /home/jsmoon/yax_jeju/install/ublox_msgs/include/ublox_msgs/ublox_msgs/msg/detail/aid_hui__rosidl_typesupport_introspection_c.h\n'}
[62.883276] (ublox_msgs) StdoutLine: {'line': b'-- Symlinking: /home/jsmoon/yax_jeju/install/ublox_msgs/include/ublox_msgs/ublox_msgs/msg/detail/cfg_ant__rosidl_typesupport_introspection_c.h\n'}
[62.891055] (ublox_msgs) StdoutLine: {'line': b'-- Symlinking: /home/jsmoon/yax_jeju/install/ublox_msgs/include/ublox_msgs/ublox_msgs/msg/detail/cfg_cfg__rosidl_typesupport_introspection_c.h\n'}
[62.899203] (ublox_msgs) StdoutLine: {'line': b'-- Symlinking: /home/jsmoon/yax_jeju/install/ublox_msgs/include/ublox_msgs/ublox_msgs/msg/detail/cfg_dat__rosidl_typesupport_introspection_c.h\n'}
[62.899647] (-) TimerEvent: {}
[62.906435] (ublox_msgs) StdoutLine: {'line': b'-- Symlinking: /home/jsmoon/yax_jeju/install/ublox_msgs/include/ublox_msgs/ublox_msgs/msg/detail/cfg_dgnss__rosidl_typesupport_introspection_c.h\n'}
[62.916220] (ublox_msgs) StdoutLine: {'line': b'-- Symlinking: /home/jsmoon/yax_jeju/install/ublox_msgs/include/ublox_msgs/ublox_msgs/msg/detail/cfg_gnss__rosidl_typesupport_introspection_c.h\n'}
[62.924348] (ublox_msgs) StdoutLine: {'line': b'-- Symlinking: /home/jsmoon/yax_jeju/install/ublox_msgs/include/ublox_msgs/ublox_msgs/msg/detail/cfg_gnss_block__rosidl_typesupport_introspection_c.h\n'}
[62.934698] (ublox_msgs) StdoutLine: {'line': b'-- Symlinking: /home/jsmoon/yax_jeju/install/ublox_msgs/include/ublox_msgs/ublox_msgs/msg/detail/cfg_hnr__rosidl_typesupport_introspection_c.h\n'}
[62.942966] (ublox_msgs) StdoutLine: {'line': b'-- Symlinking: /home/jsmoon/yax_jeju/install/ublox_msgs/include/ublox_msgs/ublox_msgs/msg/detail/cfg_inf__rosidl_typesupport_introspection_c.h\n'}
[62.950669] (ublox_msgs) StdoutLine: {'line': b'-- Symlinking: /home/jsmoon/yax_jeju/install/ublox_msgs/include/ublox_msgs/ublox_msgs/msg/detail/cfg_inf_block__rosidl_typesupport_introspection_c.h\n'}
[62.958434] (ublox_msgs) StdoutLine: {'line': b'-- Symlinking: /home/jsmoon/yax_jeju/install/ublox_msgs/include/ublox_msgs/ublox_msgs/msg/detail/cfg_msg__rosidl_typesupport_introspection_c.h\n'}
[62.965159] (ublox_msgs) StdoutLine: {'line': b'-- Symlinking: /home/jsmoon/yax_jeju/install/ublox_msgs/include/ublox_msgs/ublox_msgs/msg/detail/cfg_nav5__rosidl_typesupport_introspection_c.h\n'}
[62.973463] (ublox_msgs) StdoutLine: {'line': b'-- Symlinking: /home/jsmoon/yax_jeju/install/ublox_msgs/include/ublox_msgs/ublox_msgs/msg/detail/cfg_navx5__rosidl_typesupport_introspection_c.h\n'}
[62.981346] (ublox_msgs) StdoutLine: {'line': b'-- Symlinking: /home/jsmoon/yax_jeju/install/ublox_msgs/include/ublox_msgs/ublox_msgs/msg/detail/cfg_nmea6__rosidl_typesupport_introspection_c.h\n'}
[62.989408] (ublox_msgs) StdoutLine: {'line': b'-- Symlinking: /home/jsmoon/yax_jeju/install/ublox_msgs/include/ublox_msgs/ublox_msgs/msg/detail/cfg_nmea7__rosidl_typesupport_introspection_c.h\n'}
[62.998024] (ublox_msgs) StdoutLine: {'line': b'-- Symlinking: /home/jsmoon/yax_jeju/install/ublox_msgs/include/ublox_msgs/ublox_msgs/msg/detail/cfg_nmea__rosidl_typesupport_introspection_c.h\n'}
[62.999723] (-) TimerEvent: {}
[63.005503] (ublox_msgs) StdoutLine: {'line': b'-- Symlinking: /home/jsmoon/yax_jeju/install/ublox_msgs/include/ublox_msgs/ublox_msgs/msg/detail/cfg_prt__rosidl_typesupport_introspection_c.h\n'}
[63.013368] (ublox_msgs) StdoutLine: {'line': b'-- Symlinking: /home/jsmoon/yax_jeju/install/ublox_msgs/include/ublox_msgs/ublox_msgs/msg/detail/cfg_rate__rosidl_typesupport_introspection_c.h\n'}
[63.021806] (ublox_msgs) StdoutLine: {'line': b'-- Symlinking: /home/jsmoon/yax_jeju/install/ublox_msgs/include/ublox_msgs/ublox_msgs/msg/detail/cfg_rst__rosidl_typesupport_introspection_c.h\n'}
[63.030999] (ublox_msgs) StdoutLine: {'line': b'-- Symlinking: /home/jsmoon/yax_jeju/install/ublox_msgs/include/ublox_msgs/ublox_msgs/msg/detail/cfg_sbas__rosidl_typesupport_introspection_c.h\n'}
[63.039328] (ublox_msgs) StdoutLine: {'line': b'-- Symlinking: /home/jsmoon/yax_jeju/install/ublox_msgs/include/ublox_msgs/ublox_msgs/msg/detail/cfg_tmode3__rosidl_typesupport_introspection_c.h\n'}
[63.046679] (ublox_msgs) StdoutLine: {'line': b'-- Symlinking: /home/jsmoon/yax_jeju/install/ublox_msgs/include/ublox_msgs/ublox_msgs/msg/detail/cfg_usb__rosidl_typesupport_introspection_c.h\n'}
[63.053799] (ublox_msgs) StdoutLine: {'line': b'-- Symlinking: /home/jsmoon/yax_jeju/install/ublox_msgs/include/ublox_msgs/ublox_msgs/msg/detail/esf_ins__rosidl_typesupport_introspection_c.h\n'}
[63.060368] (ublox_msgs) StdoutLine: {'line': b'-- Symlinking: /home/jsmoon/yax_jeju/install/ublox_msgs/include/ublox_msgs/ublox_msgs/msg/detail/esf_meas__rosidl_typesupport_introspection_c.h\n'}
[63.069111] (ublox_msgs) StdoutLine: {'line': b'-- Symlinking: /home/jsmoon/yax_jeju/install/ublox_msgs/include/ublox_msgs/ublox_msgs/msg/detail/esf_raw__rosidl_typesupport_introspection_c.h\n'}
[63.077012] (ublox_msgs) StdoutLine: {'line': b'-- Symlinking: /home/jsmoon/yax_jeju/install/ublox_msgs/include/ublox_msgs/ublox_msgs/msg/detail/esf_raw_block__rosidl_typesupport_introspection_c.h\n'}
[63.085318] (ublox_msgs) StdoutLine: {'line': b'-- Symlinking: /home/jsmoon/yax_jeju/install/ublox_msgs/include/ublox_msgs/ublox_msgs/msg/detail/esf_status__rosidl_typesupport_introspection_c.h\n'}
[63.092945] (ublox_msgs) StdoutLine: {'line': b'-- Symlinking: /home/jsmoon/yax_jeju/install/ublox_msgs/include/ublox_msgs/ublox_msgs/msg/detail/esf_status_sens__rosidl_typesupport_introspection_c.h\n'}
[63.099834] (-) TimerEvent: {}
[63.100896] (ublox_msgs) StdoutLine: {'line': b'-- Symlinking: /home/jsmoon/yax_jeju/install/ublox_msgs/include/ublox_msgs/ublox_msgs/msg/detail/hnr_pvt__rosidl_typesupport_introspection_c.h\n'}
[63.109178] (ublox_msgs) StdoutLine: {'line': b'-- Symlinking: /home/jsmoon/yax_jeju/install/ublox_msgs/include/ublox_msgs/ublox_msgs/msg/detail/inf__rosidl_typesupport_introspection_c.h\n'}
[63.117257] (ublox_msgs) StdoutLine: {'line': b'-- Symlinking: /home/jsmoon/yax_jeju/install/ublox_msgs/include/ublox_msgs/ublox_msgs/msg/detail/mga_gal__rosidl_typesupport_introspection_c.h\n'}
[63.124997] (ublox_msgs) StdoutLine: {'line': b'-- Symlinking: /home/jsmoon/yax_jeju/install/ublox_msgs/include/ublox_msgs/ublox_msgs/msg/detail/mon_gnss__rosidl_typesupport_introspection_c.h\n'}
[63.134304] (ublox_msgs) StdoutLine: {'line': b'-- Symlinking: /home/jsmoon/yax_jeju/install/ublox_msgs/include/ublox_msgs/ublox_msgs/msg/detail/mon_hw6__rosidl_typesupport_introspection_c.h\n'}
[63.142909] (ublox_msgs) StdoutLine: {'line': b'-- Symlinking: /home/jsmoon/yax_jeju/install/ublox_msgs/include/ublox_msgs/ublox_msgs/msg/detail/mon_hw__rosidl_typesupport_introspection_c.h\n'}
[63.150662] (ublox_msgs) StdoutLine: {'line': b'-- Symlinking: /home/jsmoon/yax_jeju/install/ublox_msgs/include/ublox_msgs/ublox_msgs/msg/detail/mon_ver__rosidl_typesupport_introspection_c.h\n'}
[63.159695] (ublox_msgs) StdoutLine: {'line': b'-- Symlinking: /home/jsmoon/yax_jeju/install/ublox_msgs/include/ublox_msgs/ublox_msgs/msg/detail/mon_ver_extension__rosidl_typesupport_introspection_c.h\n'}
[63.167476] (ublox_msgs) StdoutLine: {'line': b'-- Symlinking: /home/jsmoon/yax_jeju/install/ublox_msgs/include/ublox_msgs/ublox_msgs/msg/detail/nav_att__rosidl_typesupport_introspection_c.h\n'}
[63.175801] (ublox_msgs) StdoutLine: {'line': b'-- Symlinking: /home/jsmoon/yax_jeju/install/ublox_msgs/include/ublox_msgs/ublox_msgs/msg/detail/nav_clock__rosidl_typesupport_introspection_c.h\n'}
[63.183085] (ublox_msgs) StdoutLine: {'line': b'-- Symlinking: /home/jsmoon/yax_jeju/install/ublox_msgs/include/ublox_msgs/ublox_msgs/msg/detail/nav_dgps__rosidl_typesupport_introspection_c.h\n'}
[63.189750] (ublox_msgs) StdoutLine: {'line': b'-- Symlinking: /home/jsmoon/yax_jeju/install/ublox_msgs/include/ublox_msgs/ublox_msgs/msg/detail/nav_dgpssv__rosidl_typesupport_introspection_c.h\n'}
[63.198090] (ublox_msgs) StdoutLine: {'line': b'-- Symlinking: /home/jsmoon/yax_jeju/install/ublox_msgs/include/ublox_msgs/ublox_msgs/msg/detail/nav_dop__rosidl_typesupport_introspection_c.h\n'}
[63.199913] (-) TimerEvent: {}
[63.205803] (ublox_msgs) StdoutLine: {'line': b'-- Symlinking: /home/jsmoon/yax_jeju/install/ublox_msgs/include/ublox_msgs/ublox_msgs/msg/detail/nav_posecef__rosidl_typesupport_introspection_c.h\n'}
[63.212845] (ublox_msgs) StdoutLine: {'line': b'-- Symlinking: /home/jsmoon/yax_jeju/install/ublox_msgs/include/ublox_msgs/ublox_msgs/msg/detail/nav_posllh__rosidl_typesupport_introspection_c.h\n'}
[63.219325] (ublox_msgs) StdoutLine: {'line': b'-- Symlinking: /home/jsmoon/yax_jeju/install/ublox_msgs/include/ublox_msgs/ublox_msgs/msg/detail/nav_pvt7__rosidl_typesupport_introspection_c.h\n'}
[63.227046] (ublox_msgs) StdoutLine: {'line': b'-- Symlinking: /home/jsmoon/yax_jeju/install/ublox_msgs/include/ublox_msgs/ublox_msgs/msg/detail/nav_pvt__rosidl_typesupport_introspection_c.h\n'}
[63.235925] (ublox_msgs) StdoutLine: {'line': b'-- Symlinking: /home/jsmoon/yax_jeju/install/ublox_msgs/include/ublox_msgs/ublox_msgs/msg/detail/nav_relposned9__rosidl_typesupport_introspection_c.h\n'}
[63.243821] (ublox_msgs) StdoutLine: {'line': b'-- Symlinking: /home/jsmoon/yax_jeju/install/ublox_msgs/include/ublox_msgs/ublox_msgs/msg/detail/nav_relposned__rosidl_typesupport_introspection_c.h\n'}
[63.252702] (ublox_msgs) StdoutLine: {'line': b'-- Symlinking: /home/jsmoon/yax_jeju/install/ublox_msgs/include/ublox_msgs/ublox_msgs/msg/detail/nav_sat__rosidl_typesupport_introspection_c.h\n'}
[63.260761] (ublox_msgs) StdoutLine: {'line': b'-- Symlinking: /home/jsmoon/yax_jeju/install/ublox_msgs/include/ublox_msgs/ublox_msgs/msg/detail/nav_satsv__rosidl_typesupport_introspection_c.h\n'}
[63.269036] (ublox_msgs) StdoutLine: {'line': b'-- Symlinking: /home/jsmoon/yax_jeju/install/ublox_msgs/include/ublox_msgs/ublox_msgs/msg/detail/nav_sbas__rosidl_typesupport_introspection_c.h\n'}
[63.280280] (ublox_msgs) StdoutLine: {'line': b'-- Symlinking: /home/jsmoon/yax_jeju/install/ublox_msgs/include/ublox_msgs/ublox_msgs/msg/detail/nav_sbassv__rosidl_typesupport_introspection_c.h\n'}
[63.287558] (ublox_msgs) StdoutLine: {'line': b'-- Symlinking: /home/jsmoon/yax_jeju/install/ublox_msgs/include/ublox_msgs/ublox_msgs/msg/detail/nav_sol__rosidl_typesupport_introspection_c.h\n'}
[63.295496] (ublox_msgs) StdoutLine: {'line': b'-- Symlinking: /home/jsmoon/yax_jeju/install/ublox_msgs/include/ublox_msgs/ublox_msgs/msg/detail/nav_status__rosidl_typesupport_introspection_c.h\n'}
[63.300031] (-) TimerEvent: {}
[63.303101] (ublox_msgs) StdoutLine: {'line': b'-- Symlinking: /home/jsmoon/yax_jeju/install/ublox_msgs/include/ublox_msgs/ublox_msgs/msg/detail/nav_svin__rosidl_typesupport_introspection_c.h\n'}
[63.310245] (ublox_msgs) StdoutLine: {'line': b'-- Symlinking: /home/jsmoon/yax_jeju/install/ublox_msgs/include/ublox_msgs/ublox_msgs/msg/detail/nav_svinfo__rosidl_typesupport_introspection_c.h\n'}
[63.318179] (ublox_msgs) StdoutLine: {'line': b'-- Symlinking: /home/jsmoon/yax_jeju/install/ublox_msgs/include/ublox_msgs/ublox_msgs/msg/detail/nav_svinfosv__rosidl_typesupport_introspection_c.h\n'}
[63.326206] (ublox_msgs) StdoutLine: {'line': b'-- Symlinking: /home/jsmoon/yax_jeju/install/ublox_msgs/include/ublox_msgs/ublox_msgs/msg/detail/nav_timegps__rosidl_typesupport_introspection_c.h\n'}
[63.335556] (ublox_msgs) StdoutLine: {'line': b'-- Symlinking: /home/jsmoon/yax_jeju/install/ublox_msgs/include/ublox_msgs/ublox_msgs/msg/detail/nav_timeutc__rosidl_typesupport_introspection_c.h\n'}
[63.345385] (ublox_msgs) StdoutLine: {'line': b'-- Symlinking: /home/jsmoon/yax_jeju/install/ublox_msgs/include/ublox_msgs/ublox_msgs/msg/detail/nav_velecef__rosidl_typesupport_introspection_c.h\n'}
[63.353278] (ublox_msgs) StdoutLine: {'line': b'-- Symlinking: /home/jsmoon/yax_jeju/install/ublox_msgs/include/ublox_msgs/ublox_msgs/msg/detail/nav_velned__rosidl_typesupport_introspection_c.h\n'}
[63.362439] (ublox_msgs) StdoutLine: {'line': b'-- Symlinking: /home/jsmoon/yax_jeju/install/ublox_msgs/include/ublox_msgs/ublox_msgs/msg/detail/rxm_alm__rosidl_typesupport_introspection_c.h\n'}
[63.370197] (ublox_msgs) StdoutLine: {'line': b'-- Symlinking: /home/jsmoon/yax_jeju/install/ublox_msgs/include/ublox_msgs/ublox_msgs/msg/detail/rxm_eph__rosidl_typesupport_introspection_c.h\n'}
[63.378925] (ublox_msgs) StdoutLine: {'line': b'-- Symlinking: /home/jsmoon/yax_jeju/install/ublox_msgs/include/ublox_msgs/ublox_msgs/msg/detail/rxm_raw__rosidl_typesupport_introspection_c.h\n'}
[63.385774] (ublox_msgs) StdoutLine: {'line': b'-- Symlinking: /home/jsmoon/yax_jeju/install/ublox_msgs/include/ublox_msgs/ublox_msgs/msg/detail/rxm_rawsv__rosidl_typesupport_introspection_c.h\n'}
[63.394179] (ublox_msgs) StdoutLine: {'line': b'-- Symlinking: /home/jsmoon/yax_jeju/install/ublox_msgs/include/ublox_msgs/ublox_msgs/msg/detail/rxm_rawx__rosidl_typesupport_introspection_c.h\n'}
[63.400135] (-) TimerEvent: {}
[63.401513] (ublox_msgs) StdoutLine: {'line': b'-- Symlinking: /home/jsmoon/yax_jeju/install/ublox_msgs/include/ublox_msgs/ublox_msgs/msg/detail/rxm_rawx_meas__rosidl_typesupport_introspection_c.h\n'}
[63.410550] (ublox_msgs) StdoutLine: {'line': b'-- Symlinking: /home/jsmoon/yax_jeju/install/ublox_msgs/include/ublox_msgs/ublox_msgs/msg/detail/rxm_rtcm__rosidl_typesupport_introspection_c.h\n'}
[63.418148] (ublox_msgs) StdoutLine: {'line': b'-- Symlinking: /home/jsmoon/yax_jeju/install/ublox_msgs/include/ublox_msgs/ublox_msgs/msg/detail/rxm_sfrb__rosidl_typesupport_introspection_c.h\n'}
[63.427459] (ublox_msgs) StdoutLine: {'line': b'-- Symlinking: /home/jsmoon/yax_jeju/install/ublox_msgs/include/ublox_msgs/ublox_msgs/msg/detail/rxm_sfrbx__rosidl_typesupport_introspection_c.h\n'}
[63.435471] (ublox_msgs) StdoutLine: {'line': b'-- Symlinking: /home/jsmoon/yax_jeju/install/ublox_msgs/include/ublox_msgs/ublox_msgs/msg/detail/rxm_svsi__rosidl_typesupport_introspection_c.h\n'}
[63.441948] (ublox_msgs) StdoutLine: {'line': b'-- Symlinking: /home/jsmoon/yax_jeju/install/ublox_msgs/include/ublox_msgs/ublox_msgs/msg/detail/rxm_svsisv__rosidl_typesupport_introspection_c.h\n'}
[63.450195] (ublox_msgs) StdoutLine: {'line': b'-- Symlinking: /home/jsmoon/yax_jeju/install/ublox_msgs/include/ublox_msgs/ublox_msgs/msg/detail/tim_tm2__rosidl_typesupport_introspection_c.h\n'}
[63.457750] (ublox_msgs) StdoutLine: {'line': b'-- Symlinking: /home/jsmoon/yax_jeju/install/ublox_msgs/include/ublox_msgs/ublox_msgs/msg/detail/upd_sos__rosidl_typesupport_introspection_c.h\n'}
[63.464829] (ublox_msgs) StdoutLine: {'line': b'-- Symlinking: /home/jsmoon/yax_jeju/install/ublox_msgs/include/ublox_msgs/ublox_msgs/msg/detail/upd_sos_ack__rosidl_typesupport_introspection_c.h\n'}
[63.472730] (ublox_msgs) StdoutLine: {'line': b'-- Symlinking: /home/jsmoon/yax_jeju/install/ublox_msgs/include/ublox_msgs/ublox_msgs/msg/rosidl_typesupport_introspection_c__visibility_control.h\n'}
[63.483207] (ublox_msgs) StdoutLine: {'line': b'-- Symlinking: /home/jsmoon/yax_jeju/install/ublox_msgs/include/ublox_msgs/ublox_msgs/msg/ack.hpp\n'}
[63.490505] (ublox_msgs) StdoutLine: {'line': b'-- Symlinking: /home/jsmoon/yax_jeju/install/ublox_msgs/include/ublox_msgs/ublox_msgs/msg/aid_alm.hpp\n'}
[63.498096] (ublox_msgs) StdoutLine: {'line': b'-- Symlinking: /home/jsmoon/yax_jeju/install/ublox_msgs/include/ublox_msgs/ublox_msgs/msg/aid_eph.hpp\n'}
[63.500238] (-) TimerEvent: {}
[63.506257] (ublox_msgs) StdoutLine: {'line': b'-- Symlinking: /home/jsmoon/yax_jeju/install/ublox_msgs/include/ublox_msgs/ublox_msgs/msg/aid_hui.hpp\n'}
[63.513970] (ublox_msgs) StdoutLine: {'line': b'-- Symlinking: /home/jsmoon/yax_jeju/install/ublox_msgs/include/ublox_msgs/ublox_msgs/msg/cfg_ant.hpp\n'}
[63.521706] (ublox_msgs) StdoutLine: {'line': b'-- Symlinking: /home/jsmoon/yax_jeju/install/ublox_msgs/include/ublox_msgs/ublox_msgs/msg/cfg_cfg.hpp\n'}
[63.532103] (ublox_msgs) StdoutLine: {'line': b'-- Symlinking: /home/jsmoon/yax_jeju/install/ublox_msgs/include/ublox_msgs/ublox_msgs/msg/cfg_dat.hpp\n'}
[63.540430] (ublox_msgs) StdoutLine: {'line': b'-- Symlinking: /home/jsmoon/yax_jeju/install/ublox_msgs/include/ublox_msgs/ublox_msgs/msg/cfg_dgnss.hpp\n'}
[63.547207] (ublox_msgs) StdoutLine: {'line': b'-- Symlinking: /home/jsmoon/yax_jeju/install/ublox_msgs/include/ublox_msgs/ublox_msgs/msg/cfg_gnss.hpp\n'}
[63.555543] (ublox_msgs) StdoutLine: {'line': b'-- Symlinking: /home/jsmoon/yax_jeju/install/ublox_msgs/include/ublox_msgs/ublox_msgs/msg/cfg_gnss_block.hpp\n'}
[63.563331] (ublox_msgs) StdoutLine: {'line': b'-- Symlinking: /home/jsmoon/yax_jeju/install/ublox_msgs/include/ublox_msgs/ublox_msgs/msg/cfg_hnr.hpp\n'}
[63.571723] (ublox_msgs) StdoutLine: {'line': b'-- Symlinking: /home/jsmoon/yax_jeju/install/ublox_msgs/include/ublox_msgs/ublox_msgs/msg/cfg_inf.hpp\n'}
[63.578808] (ublox_msgs) StdoutLine: {'line': b'-- Symlinking: /home/jsmoon/yax_jeju/install/ublox_msgs/include/ublox_msgs/ublox_msgs/msg/cfg_inf_block.hpp\n'}
[63.587200] (ublox_msgs) StdoutLine: {'line': b'-- Symlinking: /home/jsmoon/yax_jeju/install/ublox_msgs/include/ublox_msgs/ublox_msgs/msg/cfg_msg.hpp\n'}
[63.595233] (ublox_msgs) StdoutLine: {'line': b'-- Symlinking: /home/jsmoon/yax_jeju/install/ublox_msgs/include/ublox_msgs/ublox_msgs/msg/cfg_nav5.hpp\n'}
[63.600342] (-) TimerEvent: {}
[63.602836] (ublox_msgs) StdoutLine: {'line': b'-- Symlinking: /home/jsmoon/yax_jeju/install/ublox_msgs/include/ublox_msgs/ublox_msgs/msg/cfg_navx5.hpp\n'}
[63.609824] (ublox_msgs) StdoutLine: {'line': b'-- Symlinking: /home/jsmoon/yax_jeju/install/ublox_msgs/include/ublox_msgs/ublox_msgs/msg/cfg_nmea.hpp\n'}
[63.617801] (ublox_msgs) StdoutLine: {'line': b'-- Symlinking: /home/jsmoon/yax_jeju/install/ublox_msgs/include/ublox_msgs/ublox_msgs/msg/cfg_nmea6.hpp\n'}
[63.625624] (ublox_msgs) StdoutLine: {'line': b'-- Symlinking: /home/jsmoon/yax_jeju/install/ublox_msgs/include/ublox_msgs/ublox_msgs/msg/cfg_nmea7.hpp\n'}
[63.635267] (ublox_msgs) StdoutLine: {'line': b'-- Symlinking: /home/jsmoon/yax_jeju/install/ublox_msgs/include/ublox_msgs/ublox_msgs/msg/cfg_prt.hpp\n'}
[63.643366] (ublox_msgs) StdoutLine: {'line': b'-- Symlinking: /home/jsmoon/yax_jeju/install/ublox_msgs/include/ublox_msgs/ublox_msgs/msg/cfg_rate.hpp\n'}
[63.651540] (ublox_msgs) StdoutLine: {'line': b'-- Symlinking: /home/jsmoon/yax_jeju/install/ublox_msgs/include/ublox_msgs/ublox_msgs/msg/cfg_rst.hpp\n'}
[63.658781] (ublox_msgs) StdoutLine: {'line': b'-- Symlinking: /home/jsmoon/yax_jeju/install/ublox_msgs/include/ublox_msgs/ublox_msgs/msg/cfg_sbas.hpp\n'}
[63.666924] (ublox_msgs) StdoutLine: {'line': b'-- Symlinking: /home/jsmoon/yax_jeju/install/ublox_msgs/include/ublox_msgs/ublox_msgs/msg/cfg_tmode3.hpp\n'}
[63.673985] (ublox_msgs) StdoutLine: {'line': b'-- Symlinking: /home/jsmoon/yax_jeju/install/ublox_msgs/include/ublox_msgs/ublox_msgs/msg/cfg_usb.hpp\n'}
[63.681814] (ublox_msgs) StdoutLine: {'line': b'-- Symlinking: /home/jsmoon/yax_jeju/install/ublox_msgs/include/ublox_msgs/ublox_msgs/msg/detail/ack__builder.hpp\n'}
[63.689701] (ublox_msgs) StdoutLine: {'line': b'-- Symlinking: /home/jsmoon/yax_jeju/install/ublox_msgs/include/ublox_msgs/ublox_msgs/msg/detail/ack__struct.hpp\n'}
[63.697475] (ublox_msgs) StdoutLine: {'line': b'-- Symlinking: /home/jsmoon/yax_jeju/install/ublox_msgs/include/ublox_msgs/ublox_msgs/msg/detail/ack__traits.hpp\n'}
[63.700446] (-) TimerEvent: {}
[63.705895] (ublox_msgs) StdoutLine: {'line': b'-- Symlinking: /home/jsmoon/yax_jeju/install/ublox_msgs/include/ublox_msgs/ublox_msgs/msg/detail/ack__type_support.hpp\n'}
[63.713340] (ublox_msgs) StdoutLine: {'line': b'-- Symlinking: /home/jsmoon/yax_jeju/install/ublox_msgs/include/ublox_msgs/ublox_msgs/msg/detail/aid_alm__builder.hpp\n'}
[63.720623] (ublox_msgs) StdoutLine: {'line': b'-- Symlinking: /home/jsmoon/yax_jeju/install/ublox_msgs/include/ublox_msgs/ublox_msgs/msg/detail/aid_alm__struct.hpp\n'}
[63.730362] (ublox_msgs) StdoutLine: {'line': b'-- Symlinking: /home/jsmoon/yax_jeju/install/ublox_msgs/include/ublox_msgs/ublox_msgs/msg/detail/aid_alm__traits.hpp\n'}
[63.738327] (ublox_msgs) StdoutLine: {'line': b'-- Symlinking: /home/jsmoon/yax_jeju/install/ublox_msgs/include/ublox_msgs/ublox_msgs/msg/detail/aid_alm__type_support.hpp\n'}
[63.746251] (ublox_msgs) StdoutLine: {'line': b'-- Symlinking: /home/jsmoon/yax_jeju/install/ublox_msgs/include/ublox_msgs/ublox_msgs/msg/detail/aid_eph__builder.hpp\n'}
[63.754602] (ublox_msgs) StdoutLine: {'line': b'-- Symlinking: /home/jsmoon/yax_jeju/install/ublox_msgs/include/ublox_msgs/ublox_msgs/msg/detail/aid_eph__struct.hpp\n'}
[63.761729] (ublox_msgs) StdoutLine: {'line': b'-- Symlinking: /home/jsmoon/yax_jeju/install/ublox_msgs/include/ublox_msgs/ublox_msgs/msg/detail/aid_eph__traits.hpp\n'}
[63.769046] (ublox_msgs) StdoutLine: {'line': b'-- Symlinking: /home/jsmoon/yax_jeju/install/ublox_msgs/include/ublox_msgs/ublox_msgs/msg/detail/aid_eph__type_support.hpp\n'}
[63.776843] (ublox_msgs) StdoutLine: {'line': b'-- Symlinking: /home/jsmoon/yax_jeju/install/ublox_msgs/include/ublox_msgs/ublox_msgs/msg/detail/aid_hui__builder.hpp\n'}
[63.784755] (ublox_msgs) StdoutLine: {'line': b'-- Symlinking: /home/jsmoon/yax_jeju/install/ublox_msgs/include/ublox_msgs/ublox_msgs/msg/detail/aid_hui__struct.hpp\n'}
[63.793235] (ublox_msgs) StdoutLine: {'line': b'-- Symlinking: /home/jsmoon/yax_jeju/install/ublox_msgs/include/ublox_msgs/ublox_msgs/msg/detail/aid_hui__traits.hpp\n'}
[63.800551] (-) TimerEvent: {}
[63.801864] (ublox_msgs) StdoutLine: {'line': b'-- Symlinking: /home/jsmoon/yax_jeju/install/ublox_msgs/include/ublox_msgs/ublox_msgs/msg/detail/aid_hui__type_support.hpp\n'}
[63.809816] (ublox_msgs) StdoutLine: {'line': b'-- Symlinking: /home/jsmoon/yax_jeju/install/ublox_msgs/include/ublox_msgs/ublox_msgs/msg/detail/cfg_ant__builder.hpp\n'}
[63.818161] (ublox_msgs) StdoutLine: {'line': b'-- Symlinking: /home/jsmoon/yax_jeju/install/ublox_msgs/include/ublox_msgs/ublox_msgs/msg/detail/cfg_ant__struct.hpp\n'}
[63.826131] (ublox_msgs) StdoutLine: {'line': b'-- Symlinking: /home/jsmoon/yax_jeju/install/ublox_msgs/include/ublox_msgs/ublox_msgs/msg/detail/cfg_ant__traits.hpp\n'}
[63.835224] (ublox_msgs) StdoutLine: {'line': b'-- Symlinking: /home/jsmoon/yax_jeju/install/ublox_msgs/include/ublox_msgs/ublox_msgs/msg/detail/cfg_ant__type_support.hpp\n'}
[63.844389] (ublox_msgs) StdoutLine: {'line': b'-- Symlinking: /home/jsmoon/yax_jeju/install/ublox_msgs/include/ublox_msgs/ublox_msgs/msg/detail/cfg_cfg__builder.hpp\n'}
[63.851514] (ublox_msgs) StdoutLine: {'line': b'-- Symlinking: /home/jsmoon/yax_jeju/install/ublox_msgs/include/ublox_msgs/ublox_msgs/msg/detail/cfg_cfg__struct.hpp\n'}
[63.860278] (ublox_msgs) StdoutLine: {'line': b'-- Symlinking: /home/jsmoon/yax_jeju/install/ublox_msgs/include/ublox_msgs/ublox_msgs/msg/detail/cfg_cfg__traits.hpp\n'}
[63.867913] (ublox_msgs) StdoutLine: {'line': b'-- Symlinking: /home/jsmoon/yax_jeju/install/ublox_msgs/include/ublox_msgs/ublox_msgs/msg/detail/cfg_cfg__type_support.hpp\n'}
[63.876312] (ublox_msgs) StdoutLine: {'line': b'-- Symlinking: /home/jsmoon/yax_jeju/install/ublox_msgs/include/ublox_msgs/ublox_msgs/msg/detail/cfg_dat__builder.hpp\n'}
[63.883580] (ublox_msgs) StdoutLine: {'line': b'-- Symlinking: /home/jsmoon/yax_jeju/install/ublox_msgs/include/ublox_msgs/ublox_msgs/msg/detail/cfg_dat__struct.hpp\n'}
[63.890036] (ublox_msgs) StdoutLine: {'line': b'-- Symlinking: /home/jsmoon/yax_jeju/install/ublox_msgs/include/ublox_msgs/ublox_msgs/msg/detail/cfg_dat__traits.hpp\n'}
[63.897359] (ublox_msgs) StdoutLine: {'line': b'-- Symlinking: /home/jsmoon/yax_jeju/install/ublox_msgs/include/ublox_msgs/ublox_msgs/msg/detail/cfg_dat__type_support.hpp\n'}
[63.900655] (-) TimerEvent: {}
[63.904227] (ublox_msgs) StdoutLine: {'line': b'-- Symlinking: /home/jsmoon/yax_jeju/install/ublox_msgs/include/ublox_msgs/ublox_msgs/msg/detail/cfg_dgnss__builder.hpp\n'}
[63.912079] (ublox_msgs) StdoutLine: {'line': b'-- Symlinking: /home/jsmoon/yax_jeju/install/ublox_msgs/include/ublox_msgs/ublox_msgs/msg/detail/cfg_dgnss__struct.hpp\n'}
[63.919127] (ublox_msgs) StdoutLine: {'line': b'-- Symlinking: /home/jsmoon/yax_jeju/install/ublox_msgs/include/ublox_msgs/ublox_msgs/msg/detail/cfg_dgnss__traits.hpp\n'}
[63.927535] (ublox_msgs) StdoutLine: {'line': b'-- Symlinking: /home/jsmoon/yax_jeju/install/ublox_msgs/include/ublox_msgs/ublox_msgs/msg/detail/cfg_dgnss__type_support.hpp\n'}
[63.935822] (ublox_msgs) StdoutLine: {'line': b'-- Symlinking: /home/jsmoon/yax_jeju/install/ublox_msgs/include/ublox_msgs/ublox_msgs/msg/detail/cfg_gnss__builder.hpp\n'}
[63.943054] (ublox_msgs) StdoutLine: {'line': b'-- Symlinking: /home/jsmoon/yax_jeju/install/ublox_msgs/include/ublox_msgs/ublox_msgs/msg/detail/cfg_gnss__struct.hpp\n'}
[63.950767] (ublox_msgs) StdoutLine: {'line': b'-- Symlinking: /home/jsmoon/yax_jeju/install/ublox_msgs/include/ublox_msgs/ublox_msgs/msg/detail/cfg_gnss__traits.hpp\n'}
[63.958079] (ublox_msgs) StdoutLine: {'line': b'-- Symlinking: /home/jsmoon/yax_jeju/install/ublox_msgs/include/ublox_msgs/ublox_msgs/msg/detail/cfg_gnss__type_support.hpp\n'}
[63.964552] (ublox_msgs) StdoutLine: {'line': b'-- Symlinking: /home/jsmoon/yax_jeju/install/ublox_msgs/include/ublox_msgs/ublox_msgs/msg/detail/cfg_gnss_block__builder.hpp\n'}
[63.972517] (ublox_msgs) StdoutLine: {'line': b'-- Symlinking: /home/jsmoon/yax_jeju/install/ublox_msgs/include/ublox_msgs/ublox_msgs/msg/detail/cfg_gnss_block__struct.hpp\n'}
[63.979103] (ublox_msgs) StdoutLine: {'line': b'-- Symlinking: /home/jsmoon/yax_jeju/install/ublox_msgs/include/ublox_msgs/ublox_msgs/msg/detail/cfg_gnss_block__traits.hpp\n'}
[63.986640] (ublox_msgs) StdoutLine: {'line': b'-- Symlinking: /home/jsmoon/yax_jeju/install/ublox_msgs/include/ublox_msgs/ublox_msgs/msg/detail/cfg_gnss_block__type_support.hpp\n'}
[63.994893] (ublox_msgs) StdoutLine: {'line': b'-- Symlinking: /home/jsmoon/yax_jeju/install/ublox_msgs/include/ublox_msgs/ublox_msgs/msg/detail/cfg_hnr__builder.hpp\n'}
[64.000760] (-) TimerEvent: {}
[64.002118] (ublox_msgs) StdoutLine: {'line': b'-- Symlinking: /home/jsmoon/yax_jeju/install/ublox_msgs/include/ublox_msgs/ublox_msgs/msg/detail/cfg_hnr__struct.hpp\n'}
[64.010248] (ublox_msgs) StdoutLine: {'line': b'-- Symlinking: /home/jsmoon/yax_jeju/install/ublox_msgs/include/ublox_msgs/ublox_msgs/msg/detail/cfg_hnr__traits.hpp\n'}
[64.018387] (ublox_msgs) StdoutLine: {'line': b'-- Symlinking: /home/jsmoon/yax_jeju/install/ublox_msgs/include/ublox_msgs/ublox_msgs/msg/detail/cfg_hnr__type_support.hpp\n'}
[64.026664] (ublox_msgs) StdoutLine: {'line': b'-- Symlinking: /home/jsmoon/yax_jeju/install/ublox_msgs/include/ublox_msgs/ublox_msgs/msg/detail/cfg_inf__builder.hpp\n'}
[64.035473] (ublox_msgs) StdoutLine: {'line': b'-- Symlinking: /home/jsmoon/yax_jeju/install/ublox_msgs/include/ublox_msgs/ublox_msgs/msg/detail/cfg_inf__struct.hpp\n'}
[64.043879] (ublox_msgs) StdoutLine: {'line': b'-- Symlinking: /home/jsmoon/yax_jeju/install/ublox_msgs/include/ublox_msgs/ublox_msgs/msg/detail/cfg_inf__traits.hpp\n'}
[64.051542] (ublox_msgs) StdoutLine: {'line': b'-- Symlinking: /home/jsmoon/yax_jeju/install/ublox_msgs/include/ublox_msgs/ublox_msgs/msg/detail/cfg_inf__type_support.hpp\n'}
[64.059946] (ublox_msgs) StdoutLine: {'line': b'-- Symlinking: /home/jsmoon/yax_jeju/install/ublox_msgs/include/ublox_msgs/ublox_msgs/msg/detail/cfg_inf_block__builder.hpp\n'}
[64.067022] (ublox_msgs) StdoutLine: {'line': b'-- Symlinking: /home/jsmoon/yax_jeju/install/ublox_msgs/include/ublox_msgs/ublox_msgs/msg/detail/cfg_inf_block__struct.hpp\n'}
[64.075203] (ublox_msgs) StdoutLine: {'line': b'-- Symlinking: /home/jsmoon/yax_jeju/install/ublox_msgs/include/ublox_msgs/ublox_msgs/msg/detail/cfg_inf_block__traits.hpp\n'}
[64.083431] (ublox_msgs) StdoutLine: {'line': b'-- Symlinking: /home/jsmoon/yax_jeju/install/ublox_msgs/include/ublox_msgs/ublox_msgs/msg/detail/cfg_inf_block__type_support.hpp\n'}
[64.091515] (ublox_msgs) StdoutLine: {'line': b'-- Symlinking: /home/jsmoon/yax_jeju/install/ublox_msgs/include/ublox_msgs/ublox_msgs/msg/detail/cfg_msg__builder.hpp\n'}
[64.099106] (ublox_msgs) StdoutLine: {'line': b'-- Symlinking: /home/jsmoon/yax_jeju/install/ublox_msgs/include/ublox_msgs/ublox_msgs/msg/detail/cfg_msg__struct.hpp\n'}
[64.100839] (-) TimerEvent: {}
[64.107720] (ublox_msgs) StdoutLine: {'line': b'-- Symlinking: /home/jsmoon/yax_jeju/install/ublox_msgs/include/ublox_msgs/ublox_msgs/msg/detail/cfg_msg__traits.hpp\n'}
[64.115369] (ublox_msgs) StdoutLine: {'line': b'-- Symlinking: /home/jsmoon/yax_jeju/install/ublox_msgs/include/ublox_msgs/ublox_msgs/msg/detail/cfg_msg__type_support.hpp\n'}
[64.123119] (ublox_msgs) StdoutLine: {'line': b'-- Symlinking: /home/jsmoon/yax_jeju/install/ublox_msgs/include/ublox_msgs/ublox_msgs/msg/detail/cfg_nav5__builder.hpp\n'}
[64.132882] (ublox_msgs) StdoutLine: {'line': b'-- Symlinking: /home/jsmoon/yax_jeju/install/ublox_msgs/include/ublox_msgs/ublox_msgs/msg/detail/cfg_nav5__struct.hpp\n'}
[64.141567] (ublox_msgs) StdoutLine: {'line': b'-- Symlinking: /home/jsmoon/yax_jeju/install/ublox_msgs/include/ublox_msgs/ublox_msgs/msg/detail/cfg_nav5__traits.hpp\n'}
[64.149068] (ublox_msgs) StdoutLine: {'line': b'-- Symlinking: /home/jsmoon/yax_jeju/install/ublox_msgs/include/ublox_msgs/ublox_msgs/msg/detail/cfg_nav5__type_support.hpp\n'}
[64.157203] (ublox_msgs) StdoutLine: {'line': b'-- Symlinking: /home/jsmoon/yax_jeju/install/ublox_msgs/include/ublox_msgs/ublox_msgs/msg/detail/cfg_navx5__builder.hpp\n'}
[64.165351] (ublox_msgs) StdoutLine: {'line': b'-- Symlinking: /home/jsmoon/yax_jeju/install/ublox_msgs/include/ublox_msgs/ublox_msgs/msg/detail/cfg_navx5__struct.hpp\n'}
[64.173756] (ublox_msgs) StdoutLine: {'line': b'-- Symlinking: /home/jsmoon/yax_jeju/install/ublox_msgs/include/ublox_msgs/ublox_msgs/msg/detail/cfg_navx5__traits.hpp\n'}
[64.180790] (ublox_msgs) StdoutLine: {'line': b'-- Symlinking: /home/jsmoon/yax_jeju/install/ublox_msgs/include/ublox_msgs/ublox_msgs/msg/detail/cfg_navx5__type_support.hpp\n'}
[64.188982] (ublox_msgs) StdoutLine: {'line': b'-- Symlinking: /home/jsmoon/yax_jeju/install/ublox_msgs/include/ublox_msgs/ublox_msgs/msg/detail/cfg_nmea6__builder.hpp\n'}
[64.196547] (ublox_msgs) StdoutLine: {'line': b'-- Symlinking: /home/jsmoon/yax_jeju/install/ublox_msgs/include/ublox_msgs/ublox_msgs/msg/detail/cfg_nmea6__struct.hpp\n'}
[64.200949] (-) TimerEvent: {}
[64.204471] (ublox_msgs) StdoutLine: {'line': b'-- Symlinking: /home/jsmoon/yax_jeju/install/ublox_msgs/include/ublox_msgs/ublox_msgs/msg/detail/cfg_nmea6__traits.hpp\n'}
[64.211607] (ublox_msgs) StdoutLine: {'line': b'-- Symlinking: /home/jsmoon/yax_jeju/install/ublox_msgs/include/ublox_msgs/ublox_msgs/msg/detail/cfg_nmea6__type_support.hpp\n'}
[64.219614] (ublox_msgs) StdoutLine: {'line': b'-- Symlinking: /home/jsmoon/yax_jeju/install/ublox_msgs/include/ublox_msgs/ublox_msgs/msg/detail/cfg_nmea7__builder.hpp\n'}
[64.227684] (ublox_msgs) StdoutLine: {'line': b'-- Symlinking: /home/jsmoon/yax_jeju/install/ublox_msgs/include/ublox_msgs/ublox_msgs/msg/detail/cfg_nmea7__struct.hpp\n'}
[64.237348] (ublox_msgs) StdoutLine: {'line': b'-- Symlinking: /home/jsmoon/yax_jeju/install/ublox_msgs/include/ublox_msgs/ublox_msgs/msg/detail/cfg_nmea7__traits.hpp\n'}
[64.246218] (ublox_msgs) StdoutLine: {'line': b'-- Symlinking: /home/jsmoon/yax_jeju/install/ublox_msgs/include/ublox_msgs/ublox_msgs/msg/detail/cfg_nmea7__type_support.hpp\n'}
[64.253864] (ublox_msgs) StdoutLine: {'line': b'-- Symlinking: /home/jsmoon/yax_jeju/install/ublox_msgs/include/ublox_msgs/ublox_msgs/msg/detail/cfg_nmea__builder.hpp\n'}
[64.262086] (ublox_msgs) StdoutLine: {'line': b'-- Symlinking: /home/jsmoon/yax_jeju/install/ublox_msgs/include/ublox_msgs/ublox_msgs/msg/detail/cfg_nmea__struct.hpp\n'}
[64.270801] (ublox_msgs) StdoutLine: {'line': b'-- Symlinking: /home/jsmoon/yax_jeju/install/ublox_msgs/include/ublox_msgs/ublox_msgs/msg/detail/cfg_nmea__traits.hpp\n'}
[64.277704] (ublox_msgs) StdoutLine: {'line': b'-- Symlinking: /home/jsmoon/yax_jeju/install/ublox_msgs/include/ublox_msgs/ublox_msgs/msg/detail/cfg_nmea__type_support.hpp\n'}
[64.285929] (ublox_msgs) StdoutLine: {'line': b'-- Symlinking: /home/jsmoon/yax_jeju/install/ublox_msgs/include/ublox_msgs/ublox_msgs/msg/detail/cfg_prt__builder.hpp\n'}
[64.293857] (ublox_msgs) StdoutLine: {'line': b'-- Symlinking: /home/jsmoon/yax_jeju/install/ublox_msgs/include/ublox_msgs/ublox_msgs/msg/detail/cfg_prt__struct.hpp\n'}
[64.301062] (-) TimerEvent: {}
[64.301373] (ublox_msgs) StdoutLine: {'line': b'-- Symlinking: /home/jsmoon/yax_jeju/install/ublox_msgs/include/ublox_msgs/ublox_msgs/msg/detail/cfg_prt__traits.hpp\n'}
[64.308509] (ublox_msgs) StdoutLine: {'line': b'-- Symlinking: /home/jsmoon/yax_jeju/install/ublox_msgs/include/ublox_msgs/ublox_msgs/msg/detail/cfg_prt__type_support.hpp\n'}
[64.316619] (ublox_msgs) StdoutLine: {'line': b'-- Symlinking: /home/jsmoon/yax_jeju/install/ublox_msgs/include/ublox_msgs/ublox_msgs/msg/detail/cfg_rate__builder.hpp\n'}
[64.324399] (ublox_msgs) StdoutLine: {'line': b'-- Symlinking: /home/jsmoon/yax_jeju/install/ublox_msgs/include/ublox_msgs/ublox_msgs/msg/detail/cfg_rate__struct.hpp\n'}
[64.333670] (ublox_msgs) StdoutLine: {'line': b'-- Symlinking: /home/jsmoon/yax_jeju/install/ublox_msgs/include/ublox_msgs/ublox_msgs/msg/detail/cfg_rate__traits.hpp\n'}
[64.342563] (ublox_msgs) StdoutLine: {'line': b'-- Symlinking: /home/jsmoon/yax_jeju/install/ublox_msgs/include/ublox_msgs/ublox_msgs/msg/detail/cfg_rate__type_support.hpp\n'}
[64.349681] (ublox_msgs) StdoutLine: {'line': b'-- Symlinking: /home/jsmoon/yax_jeju/install/ublox_msgs/include/ublox_msgs/ublox_msgs/msg/detail/cfg_rst__builder.hpp\n'}
[64.358163] (ublox_msgs) StdoutLine: {'line': b'-- Symlinking: /home/jsmoon/yax_jeju/install/ublox_msgs/include/ublox_msgs/ublox_msgs/msg/detail/cfg_rst__struct.hpp\n'}
[64.366529] (ublox_msgs) StdoutLine: {'line': b'-- Symlinking: /home/jsmoon/yax_jeju/install/ublox_msgs/include/ublox_msgs/ublox_msgs/msg/detail/cfg_rst__traits.hpp\n'}
[64.373149] (ublox_msgs) StdoutLine: {'line': b'-- Symlinking: /home/jsmoon/yax_jeju/install/ublox_msgs/include/ublox_msgs/ublox_msgs/msg/detail/cfg_rst__type_support.hpp\n'}
[64.380528] (ublox_msgs) StdoutLine: {'line': b'-- Symlinking: /home/jsmoon/yax_jeju/install/ublox_msgs/include/ublox_msgs/ublox_msgs/msg/detail/cfg_sbas__builder.hpp\n'}
[64.387705] (ublox_msgs) StdoutLine: {'line': b'-- Symlinking: /home/jsmoon/yax_jeju/install/ublox_msgs/include/ublox_msgs/ublox_msgs/msg/detail/cfg_sbas__struct.hpp\n'}
[64.396971] (ublox_msgs) StdoutLine: {'line': b'-- Symlinking: /home/jsmoon/yax_jeju/install/ublox_msgs/include/ublox_msgs/ublox_msgs/msg/detail/cfg_sbas__traits.hpp\n'}
[64.401125] (-) TimerEvent: {}
[64.405874] (ublox_msgs) StdoutLine: {'line': b'-- Symlinking: /home/jsmoon/yax_jeju/install/ublox_msgs/include/ublox_msgs/ublox_msgs/msg/detail/cfg_sbas__type_support.hpp\n'}
[64.414440] (ublox_msgs) StdoutLine: {'line': b'-- Symlinking: /home/jsmoon/yax_jeju/install/ublox_msgs/include/ublox_msgs/ublox_msgs/msg/detail/cfg_tmode3__builder.hpp\n'}
[64.422731] (ublox_msgs) StdoutLine: {'line': b'-- Symlinking: /home/jsmoon/yax_jeju/install/ublox_msgs/include/ublox_msgs/ublox_msgs/msg/detail/cfg_tmode3__struct.hpp\n'}
[64.431124] (ublox_msgs) StdoutLine: {'line': b'-- Symlinking: /home/jsmoon/yax_jeju/install/ublox_msgs/include/ublox_msgs/ublox_msgs/msg/detail/cfg_tmode3__traits.hpp\n'}
[64.439065] (ublox_msgs) StdoutLine: {'line': b'-- Symlinking: /home/jsmoon/yax_jeju/install/ublox_msgs/include/ublox_msgs/ublox_msgs/msg/detail/cfg_tmode3__type_support.hpp\n'}
[64.447669] (ublox_msgs) StdoutLine: {'line': b'-- Symlinking: /home/jsmoon/yax_jeju/install/ublox_msgs/include/ublox_msgs/ublox_msgs/msg/detail/cfg_usb__builder.hpp\n'}
[64.456333] (ublox_msgs) StdoutLine: {'line': b'-- Symlinking: /home/jsmoon/yax_jeju/install/ublox_msgs/include/ublox_msgs/ublox_msgs/msg/detail/cfg_usb__struct.hpp\n'}
[64.465613] (ublox_msgs) StdoutLine: {'line': b'-- Symlinking: /home/jsmoon/yax_jeju/install/ublox_msgs/include/ublox_msgs/ublox_msgs/msg/detail/cfg_usb__traits.hpp\n'}
[64.474283] (ublox_msgs) StdoutLine: {'line': b'-- Symlinking: /home/jsmoon/yax_jeju/install/ublox_msgs/include/ublox_msgs/ublox_msgs/msg/detail/cfg_usb__type_support.hpp\n'}
[64.482345] (ublox_msgs) StdoutLine: {'line': b'-- Symlinking: /home/jsmoon/yax_jeju/install/ublox_msgs/include/ublox_msgs/ublox_msgs/msg/detail/esf_ins__builder.hpp\n'}
[64.490380] (ublox_msgs) StdoutLine: {'line': b'-- Symlinking: /home/jsmoon/yax_jeju/install/ublox_msgs/include/ublox_msgs/ublox_msgs/msg/detail/esf_ins__struct.hpp\n'}
[64.498370] (ublox_msgs) StdoutLine: {'line': b'-- Symlinking: /home/jsmoon/yax_jeju/install/ublox_msgs/include/ublox_msgs/ublox_msgs/msg/detail/esf_ins__traits.hpp\n'}
[64.501204] (-) TimerEvent: {}
[64.507445] (ublox_msgs) StdoutLine: {'line': b'-- Symlinking: /home/jsmoon/yax_jeju/install/ublox_msgs/include/ublox_msgs/ublox_msgs/msg/detail/esf_ins__type_support.hpp\n'}
[64.517458] (ublox_msgs) StdoutLine: {'line': b'-- Symlinking: /home/jsmoon/yax_jeju/install/ublox_msgs/include/ublox_msgs/ublox_msgs/msg/detail/esf_meas__builder.hpp\n'}
[64.525426] (ublox_msgs) StdoutLine: {'line': b'-- Symlinking: /home/jsmoon/yax_jeju/install/ublox_msgs/include/ublox_msgs/ublox_msgs/msg/detail/esf_meas__struct.hpp\n'}
[64.533263] (ublox_msgs) StdoutLine: {'line': b'-- Symlinking: /home/jsmoon/yax_jeju/install/ublox_msgs/include/ublox_msgs/ublox_msgs/msg/detail/esf_meas__traits.hpp\n'}
[64.541325] (ublox_msgs) StdoutLine: {'line': b'-- Symlinking: /home/jsmoon/yax_jeju/install/ublox_msgs/include/ublox_msgs/ublox_msgs/msg/detail/esf_meas__type_support.hpp\n'}
[64.549861] (ublox_msgs) StdoutLine: {'line': b'-- Symlinking: /home/jsmoon/yax_jeju/install/ublox_msgs/include/ublox_msgs/ublox_msgs/msg/detail/esf_raw__builder.hpp\n'}
[64.557528] (ublox_msgs) StdoutLine: {'line': b'-- Symlinking: /home/jsmoon/yax_jeju/install/ublox_msgs/include/ublox_msgs/ublox_msgs/msg/detail/esf_raw__struct.hpp\n'}
[64.565695] (ublox_msgs) StdoutLine: {'line': b'-- Symlinking: /home/jsmoon/yax_jeju/install/ublox_msgs/include/ublox_msgs/ublox_msgs/msg/detail/esf_raw__traits.hpp\n'}
[64.574099] (ublox_msgs) StdoutLine: {'line': b'-- Symlinking: /home/jsmoon/yax_jeju/install/ublox_msgs/include/ublox_msgs/ublox_msgs/msg/detail/esf_raw__type_support.hpp\n'}
[64.582996] (ublox_msgs) StdoutLine: {'line': b'-- Symlinking: /home/jsmoon/yax_jeju/install/ublox_msgs/include/ublox_msgs/ublox_msgs/msg/detail/esf_raw_block__builder.hpp\n'}
[64.592559] (ublox_msgs) StdoutLine: {'line': b'-- Symlinking: /home/jsmoon/yax_jeju/install/ublox_msgs/include/ublox_msgs/ublox_msgs/msg/detail/esf_raw_block__struct.hpp\n'}
[64.600579] (ublox_msgs) StdoutLine: {'line': b'-- Symlinking: /home/jsmoon/yax_jeju/install/ublox_msgs/include/ublox_msgs/ublox_msgs/msg/detail/esf_raw_block__traits.hpp\n'}
[64.601299] (-) TimerEvent: {}
[64.609974] (ublox_msgs) StdoutLine: {'line': b'-- Symlinking: /home/jsmoon/yax_jeju/install/ublox_msgs/include/ublox_msgs/ublox_msgs/msg/detail/esf_raw_block__type_support.hpp\n'}
[64.619778] (ublox_msgs) StdoutLine: {'line': b'-- Symlinking: /home/jsmoon/yax_jeju/install/ublox_msgs/include/ublox_msgs/ublox_msgs/msg/detail/esf_status__builder.hpp\n'}
[64.629493] (ublox_msgs) StdoutLine: {'line': b'-- Symlinking: /home/jsmoon/yax_jeju/install/ublox_msgs/include/ublox_msgs/ublox_msgs/msg/detail/esf_status__struct.hpp\n'}
[64.637938] (ublox_msgs) StdoutLine: {'line': b'-- Symlinking: /home/jsmoon/yax_jeju/install/ublox_msgs/include/ublox_msgs/ublox_msgs/msg/detail/esf_status__traits.hpp\n'}
[64.646417] (ublox_msgs) StdoutLine: {'line': b'-- Symlinking: /home/jsmoon/yax_jeju/install/ublox_msgs/include/ublox_msgs/ublox_msgs/msg/detail/esf_status__type_support.hpp\n'}
[64.654314] (ublox_msgs) StdoutLine: {'line': b'-- Symlinking: /home/jsmoon/yax_jeju/install/ublox_msgs/include/ublox_msgs/ublox_msgs/msg/detail/esf_status_sens__builder.hpp\n'}
[64.663801] (ublox_msgs) StdoutLine: {'line': b'-- Symlinking: /home/jsmoon/yax_jeju/install/ublox_msgs/include/ublox_msgs/ublox_msgs/msg/detail/esf_status_sens__struct.hpp\n'}
[64.672182] (ublox_msgs) StdoutLine: {'line': b'-- Symlinking: /home/jsmoon/yax_jeju/install/ublox_msgs/include/ublox_msgs/ublox_msgs/msg/detail/esf_status_sens__traits.hpp\n'}
[64.680082] (ublox_msgs) StdoutLine: {'line': b'-- Symlinking: /home/jsmoon/yax_jeju/install/ublox_msgs/include/ublox_msgs/ublox_msgs/msg/detail/esf_status_sens__type_support.hpp\n'}
[64.688734] (ublox_msgs) StdoutLine: {'line': b'-- Symlinking: /home/jsmoon/yax_jeju/install/ublox_msgs/include/ublox_msgs/ublox_msgs/msg/detail/hnr_pvt__builder.hpp\n'}
[64.697747] (ublox_msgs) StdoutLine: {'line': b'-- Symlinking: /home/jsmoon/yax_jeju/install/ublox_msgs/include/ublox_msgs/ublox_msgs/msg/detail/hnr_pvt__struct.hpp\n'}
[64.701390] (-) TimerEvent: {}
[64.706160] (ublox_msgs) StdoutLine: {'line': b'-- Symlinking: /home/jsmoon/yax_jeju/install/ublox_msgs/include/ublox_msgs/ublox_msgs/msg/detail/hnr_pvt__traits.hpp\n'}
[64.717078] (ublox_msgs) StdoutLine: {'line': b'-- Symlinking: /home/jsmoon/yax_jeju/install/ublox_msgs/include/ublox_msgs/ublox_msgs/msg/detail/hnr_pvt__type_support.hpp\n'}
[64.725849] (ublox_msgs) StdoutLine: {'line': b'-- Symlinking: /home/jsmoon/yax_jeju/install/ublox_msgs/include/ublox_msgs/ublox_msgs/msg/detail/inf__builder.hpp\n'}
[64.734916] (ublox_msgs) StdoutLine: {'line': b'-- Symlinking: /home/jsmoon/yax_jeju/install/ublox_msgs/include/ublox_msgs/ublox_msgs/msg/detail/inf__struct.hpp\n'}
[64.744424] (ublox_msgs) StdoutLine: {'line': b'-- Symlinking: /home/jsmoon/yax_jeju/install/ublox_msgs/include/ublox_msgs/ublox_msgs/msg/detail/inf__traits.hpp\n'}
[64.752796] (ublox_msgs) StdoutLine: {'line': b'-- Symlinking: /home/jsmoon/yax_jeju/install/ublox_msgs/include/ublox_msgs/ublox_msgs/msg/detail/inf__type_support.hpp\n'}
[64.761717] (ublox_msgs) StdoutLine: {'line': b'-- Symlinking: /home/jsmoon/yax_jeju/install/ublox_msgs/include/ublox_msgs/ublox_msgs/msg/detail/mga_gal__builder.hpp\n'}
[64.770746] (ublox_msgs) StdoutLine: {'line': b'-- Symlinking: /home/jsmoon/yax_jeju/install/ublox_msgs/include/ublox_msgs/ublox_msgs/msg/detail/mga_gal__struct.hpp\n'}
[64.779093] (ublox_msgs) StdoutLine: {'line': b'-- Symlinking: /home/jsmoon/yax_jeju/install/ublox_msgs/include/ublox_msgs/ublox_msgs/msg/detail/mga_gal__traits.hpp\n'}
[64.787416] (ublox_msgs) StdoutLine: {'line': b'-- Symlinking: /home/jsmoon/yax_jeju/install/ublox_msgs/include/ublox_msgs/ublox_msgs/msg/detail/mga_gal__type_support.hpp\n'}
[64.796108] (ublox_msgs) StdoutLine: {'line': b'-- Symlinking: /home/jsmoon/yax_jeju/install/ublox_msgs/include/ublox_msgs/ublox_msgs/msg/detail/mon_gnss__builder.hpp\n'}
[64.801499] (-) TimerEvent: {}
[64.803364] (ublox_msgs) StdoutLine: {'line': b'-- Symlinking: /home/jsmoon/yax_jeju/install/ublox_msgs/include/ublox_msgs/ublox_msgs/msg/detail/mon_gnss__struct.hpp\n'}
[64.811084] (ublox_msgs) StdoutLine: {'line': b'-- Symlinking: /home/jsmoon/yax_jeju/install/ublox_msgs/include/ublox_msgs/ublox_msgs/msg/detail/mon_gnss__traits.hpp\n'}
[64.818480] (ublox_msgs) StdoutLine: {'line': b'-- Symlinking: /home/jsmoon/yax_jeju/install/ublox_msgs/include/ublox_msgs/ublox_msgs/msg/detail/mon_gnss__type_support.hpp\n'}
[64.824892] (ublox_msgs) StdoutLine: {'line': b'-- Symlinking: /home/jsmoon/yax_jeju/install/ublox_msgs/include/ublox_msgs/ublox_msgs/msg/detail/mon_hw6__builder.hpp\n'}
[64.832556] (ublox_msgs) StdoutLine: {'line': b'-- Symlinking: /home/jsmoon/yax_jeju/install/ublox_msgs/include/ublox_msgs/ublox_msgs/msg/detail/mon_hw6__struct.hpp\n'}
[64.840985] (ublox_msgs) StdoutLine: {'line': b'-- Symlinking: /home/jsmoon/yax_jeju/install/ublox_msgs/include/ublox_msgs/ublox_msgs/msg/detail/mon_hw6__traits.hpp\n'}
[64.849784] (ublox_msgs) StdoutLine: {'line': b'-- Symlinking: /home/jsmoon/yax_jeju/install/ublox_msgs/include/ublox_msgs/ublox_msgs/msg/detail/mon_hw6__type_support.hpp\n'}
[64.857656] (ublox_msgs) StdoutLine: {'line': b'-- Symlinking: /home/jsmoon/yax_jeju/install/ublox_msgs/include/ublox_msgs/ublox_msgs/msg/detail/mon_hw__builder.hpp\n'}
[64.865506] (ublox_msgs) StdoutLine: {'line': b'-- Symlinking: /home/jsmoon/yax_jeju/install/ublox_msgs/include/ublox_msgs/ublox_msgs/msg/detail/mon_hw__struct.hpp\n'}
[64.873764] (ublox_msgs) StdoutLine: {'line': b'-- Symlinking: /home/jsmoon/yax_jeju/install/ublox_msgs/include/ublox_msgs/ublox_msgs/msg/detail/mon_hw__traits.hpp\n'}
[64.881641] (ublox_msgs) StdoutLine: {'line': b'-- Symlinking: /home/jsmoon/yax_jeju/install/ublox_msgs/include/ublox_msgs/ublox_msgs/msg/detail/mon_hw__type_support.hpp\n'}
[64.888118] (ublox_msgs) StdoutLine: {'line': b'-- Symlinking: /home/jsmoon/yax_jeju/install/ublox_msgs/include/ublox_msgs/ublox_msgs/msg/detail/mon_ver__builder.hpp\n'}
[64.895936] (ublox_msgs) StdoutLine: {'line': b'-- Symlinking: /home/jsmoon/yax_jeju/install/ublox_msgs/include/ublox_msgs/ublox_msgs/msg/detail/mon_ver__struct.hpp\n'}
[64.901599] (-) TimerEvent: {}
[64.903821] (ublox_msgs) StdoutLine: {'line': b'-- Symlinking: /home/jsmoon/yax_jeju/install/ublox_msgs/include/ublox_msgs/ublox_msgs/msg/detail/mon_ver__traits.hpp\n'}
[64.910843] (ublox_msgs) StdoutLine: {'line': b'-- Symlinking: /home/jsmoon/yax_jeju/install/ublox_msgs/include/ublox_msgs/ublox_msgs/msg/detail/mon_ver__type_support.hpp\n'}
[64.918814] (ublox_msgs) StdoutLine: {'line': b'-- Symlinking: /home/jsmoon/yax_jeju/install/ublox_msgs/include/ublox_msgs/ublox_msgs/msg/detail/mon_ver_extension__builder.hpp\n'}
[64.926306] (ublox_msgs) StdoutLine: {'line': b'-- Symlinking: /home/jsmoon/yax_jeju/install/ublox_msgs/include/ublox_msgs/ublox_msgs/msg/detail/mon_ver_extension__struct.hpp\n'}
[64.936522] (ublox_msgs) StdoutLine: {'line': b'-- Symlinking: /home/jsmoon/yax_jeju/install/ublox_msgs/include/ublox_msgs/ublox_msgs/msg/detail/mon_ver_extension__traits.hpp\n'}
[64.944162] (ublox_msgs) StdoutLine: {'line': b'-- Symlinking: /home/jsmoon/yax_jeju/install/ublox_msgs/include/ublox_msgs/ublox_msgs/msg/detail/mon_ver_extension__type_support.hpp\n'}
[64.952896] (ublox_msgs) StdoutLine: {'line': b'-- Symlinking: /home/jsmoon/yax_jeju/install/ublox_msgs/include/ublox_msgs/ublox_msgs/msg/detail/nav_att__builder.hpp\n'}
[64.960507] (ublox_msgs) StdoutLine: {'line': b'-- Symlinking: /home/jsmoon/yax_jeju/install/ublox_msgs/include/ublox_msgs/ublox_msgs/msg/detail/nav_att__struct.hpp\n'}
[64.969282] (ublox_msgs) StdoutLine: {'line': b'-- Symlinking: /home/jsmoon/yax_jeju/install/ublox_msgs/include/ublox_msgs/ublox_msgs/msg/detail/nav_att__traits.hpp\n'}
[64.975977] (ublox_msgs) StdoutLine: {'line': b'-- Symlinking: /home/jsmoon/yax_jeju/install/ublox_msgs/include/ublox_msgs/ublox_msgs/msg/detail/nav_att__type_support.hpp\n'}
[64.985189] (ublox_msgs) StdoutLine: {'line': b'-- Symlinking: /home/jsmoon/yax_jeju/install/ublox_msgs/include/ublox_msgs/ublox_msgs/msg/detail/nav_clock__builder.hpp\n'}
[64.992898] (ublox_msgs) StdoutLine: {'line': b'-- Symlinking: /home/jsmoon/yax_jeju/install/ublox_msgs/include/ublox_msgs/ublox_msgs/msg/detail/nav_clock__struct.hpp\n'}
[65.001276] (ublox_msgs) StdoutLine: {'line': b'-- Symlinking: /home/jsmoon/yax_jeju/install/ublox_msgs/include/ublox_msgs/ublox_msgs/msg/detail/nav_clock__traits.hpp\n'}
[65.001678] (-) TimerEvent: {}
[65.008885] (ublox_msgs) StdoutLine: {'line': b'-- Symlinking: /home/jsmoon/yax_jeju/install/ublox_msgs/include/ublox_msgs/ublox_msgs/msg/detail/nav_clock__type_support.hpp\n'}
[65.016715] (ublox_msgs) StdoutLine: {'line': b'-- Symlinking: /home/jsmoon/yax_jeju/install/ublox_msgs/include/ublox_msgs/ublox_msgs/msg/detail/nav_dgps__builder.hpp\n'}
[65.024337] (ublox_msgs) StdoutLine: {'line': b'-- Symlinking: /home/jsmoon/yax_jeju/install/ublox_msgs/include/ublox_msgs/ublox_msgs/msg/detail/nav_dgps__struct.hpp\n'}
[65.034307] (ublox_msgs) StdoutLine: {'line': b'-- Symlinking: /home/jsmoon/yax_jeju/install/ublox_msgs/include/ublox_msgs/ublox_msgs/msg/detail/nav_dgps__traits.hpp\n'}
[65.042378] (ublox_msgs) StdoutLine: {'line': b'-- Symlinking: /home/jsmoon/yax_jeju/install/ublox_msgs/include/ublox_msgs/ublox_msgs/msg/detail/nav_dgps__type_support.hpp\n'}
[65.050613] (ublox_msgs) StdoutLine: {'line': b'-- Symlinking: /home/jsmoon/yax_jeju/install/ublox_msgs/include/ublox_msgs/ublox_msgs/msg/detail/nav_dgpssv__builder.hpp\n'}
[65.059191] (ublox_msgs) StdoutLine: {'line': b'-- Symlinking: /home/jsmoon/yax_jeju/install/ublox_msgs/include/ublox_msgs/ublox_msgs/msg/detail/nav_dgpssv__struct.hpp\n'}
[65.067089] (ublox_msgs) StdoutLine: {'line': b'-- Symlinking: /home/jsmoon/yax_jeju/install/ublox_msgs/include/ublox_msgs/ublox_msgs/msg/detail/nav_dgpssv__traits.hpp\n'}
[65.075331] (ublox_msgs) StdoutLine: {'line': b'-- Symlinking: /home/jsmoon/yax_jeju/install/ublox_msgs/include/ublox_msgs/ublox_msgs/msg/detail/nav_dgpssv__type_support.hpp\n'}
[65.083245] (ublox_msgs) StdoutLine: {'line': b'-- Symlinking: /home/jsmoon/yax_jeju/install/ublox_msgs/include/ublox_msgs/ublox_msgs/msg/detail/nav_dop__builder.hpp\n'}
[65.090947] (ublox_msgs) StdoutLine: {'line': b'-- Symlinking: /home/jsmoon/yax_jeju/install/ublox_msgs/include/ublox_msgs/ublox_msgs/msg/detail/nav_dop__struct.hpp\n'}
[65.099111] (ublox_msgs) StdoutLine: {'line': b'-- Symlinking: /home/jsmoon/yax_jeju/install/ublox_msgs/include/ublox_msgs/ublox_msgs/msg/detail/nav_dop__traits.hpp\n'}
[65.101783] (-) TimerEvent: {}
[65.106798] (ublox_msgs) StdoutLine: {'line': b'-- Symlinking: /home/jsmoon/yax_jeju/install/ublox_msgs/include/ublox_msgs/ublox_msgs/msg/detail/nav_dop__type_support.hpp\n'}
[65.114843] (ublox_msgs) StdoutLine: {'line': b'-- Symlinking: /home/jsmoon/yax_jeju/install/ublox_msgs/include/ublox_msgs/ublox_msgs/msg/detail/nav_posecef__builder.hpp\n'}
[65.122656] (ublox_msgs) StdoutLine: {'line': b'-- Symlinking: /home/jsmoon/yax_jeju/install/ublox_msgs/include/ublox_msgs/ublox_msgs/msg/detail/nav_posecef__struct.hpp\n'}
[65.131375] (ublox_msgs) StdoutLine: {'line': b'-- Symlinking: /home/jsmoon/yax_jeju/install/ublox_msgs/include/ublox_msgs/ublox_msgs/msg/detail/nav_posecef__traits.hpp\n'}
[65.140500] (ublox_msgs) StdoutLine: {'line': b'-- Symlinking: /home/jsmoon/yax_jeju/install/ublox_msgs/include/ublox_msgs/ublox_msgs/msg/detail/nav_posecef__type_support.hpp\n'}
[65.147446] (ublox_msgs) StdoutLine: {'line': b'-- Symlinking: /home/jsmoon/yax_jeju/install/ublox_msgs/include/ublox_msgs/ublox_msgs/msg/detail/nav_posllh__builder.hpp\n'}
[65.156426] (ublox_msgs) StdoutLine: {'line': b'-- Symlinking: /home/jsmoon/yax_jeju/install/ublox_msgs/include/ublox_msgs/ublox_msgs/msg/detail/nav_posllh__struct.hpp\n'}
[65.163588] (ublox_msgs) StdoutLine: {'line': b'-- Symlinking: /home/jsmoon/yax_jeju/install/ublox_msgs/include/ublox_msgs/ublox_msgs/msg/detail/nav_posllh__traits.hpp\n'}
[65.170783] (ublox_msgs) StdoutLine: {'line': b'-- Symlinking: /home/jsmoon/yax_jeju/install/ublox_msgs/include/ublox_msgs/ublox_msgs/msg/detail/nav_posllh__type_support.hpp\n'}
[65.178634] (ublox_msgs) StdoutLine: {'line': b'-- Symlinking: /home/jsmoon/yax_jeju/install/ublox_msgs/include/ublox_msgs/ublox_msgs/msg/detail/nav_pvt7__builder.hpp\n'}
[65.187634] (ublox_msgs) StdoutLine: {'line': b'-- Symlinking: /home/jsmoon/yax_jeju/install/ublox_msgs/include/ublox_msgs/ublox_msgs/msg/detail/nav_pvt7__struct.hpp\n'}
[65.194017] (ublox_msgs) StdoutLine: {'line': b'-- Symlinking: /home/jsmoon/yax_jeju/install/ublox_msgs/include/ublox_msgs/ublox_msgs/msg/detail/nav_pvt7__traits.hpp\n'}
[65.201829] (ublox_msgs) StdoutLine: {'line': b'-- Symlinking: /home/jsmoon/yax_jeju/install/ublox_msgs/include/ublox_msgs/ublox_msgs/msg/detail/nav_pvt7__type_support.hpp\n'}
[65.201905] (-) TimerEvent: {}
[65.210156] (ublox_msgs) StdoutLine: {'line': b'-- Symlinking: /home/jsmoon/yax_jeju/install/ublox_msgs/include/ublox_msgs/ublox_msgs/msg/detail/nav_pvt__builder.hpp\n'}
[65.218078] (ublox_msgs) StdoutLine: {'line': b'-- Symlinking: /home/jsmoon/yax_jeju/install/ublox_msgs/include/ublox_msgs/ublox_msgs/msg/detail/nav_pvt__struct.hpp\n'}
[65.224999] (ublox_msgs) StdoutLine: {'line': b'-- Symlinking: /home/jsmoon/yax_jeju/install/ublox_msgs/include/ublox_msgs/ublox_msgs/msg/detail/nav_pvt__traits.hpp\n'}
[65.234961] (ublox_msgs) StdoutLine: {'line': b'-- Symlinking: /home/jsmoon/yax_jeju/install/ublox_msgs/include/ublox_msgs/ublox_msgs/msg/detail/nav_pvt__type_support.hpp\n'}
[65.243243] (ublox_msgs) StdoutLine: {'line': b'-- Symlinking: /home/jsmoon/yax_jeju/install/ublox_msgs/include/ublox_msgs/ublox_msgs/msg/detail/nav_relposned9__builder.hpp\n'}
[65.251090] (ublox_msgs) StdoutLine: {'line': b'-- Symlinking: /home/jsmoon/yax_jeju/install/ublox_msgs/include/ublox_msgs/ublox_msgs/msg/detail/nav_relposned9__struct.hpp\n'}
[65.259267] (ublox_msgs) StdoutLine: {'line': b'-- Symlinking: /home/jsmoon/yax_jeju/install/ublox_msgs/include/ublox_msgs/ublox_msgs/msg/detail/nav_relposned9__traits.hpp\n'}
[65.268539] (ublox_msgs) StdoutLine: {'line': b'-- Symlinking: /home/jsmoon/yax_jeju/install/ublox_msgs/include/ublox_msgs/ublox_msgs/msg/detail/nav_relposned9__type_support.hpp\n'}
[65.277874] (ublox_msgs) StdoutLine: {'line': b'-- Symlinking: /home/jsmoon/yax_jeju/install/ublox_msgs/include/ublox_msgs/ublox_msgs/msg/detail/nav_relposned__builder.hpp\n'}
[65.286239] (ublox_msgs) StdoutLine: {'line': b'-- Symlinking: /home/jsmoon/yax_jeju/install/ublox_msgs/include/ublox_msgs/ublox_msgs/msg/detail/nav_relposned__struct.hpp\n'}
[65.293392] (ublox_msgs) StdoutLine: {'line': b'-- Symlinking: /home/jsmoon/yax_jeju/install/ublox_msgs/include/ublox_msgs/ublox_msgs/msg/detail/nav_relposned__traits.hpp\n'}
[65.301191] (ublox_msgs) StdoutLine: {'line': b'-- Symlinking: /home/jsmoon/yax_jeju/install/ublox_msgs/include/ublox_msgs/ublox_msgs/msg/detail/nav_relposned__type_support.hpp\n'}
[65.302001] (-) TimerEvent: {}
[65.309557] (ublox_msgs) StdoutLine: {'line': b'-- Symlinking: /home/jsmoon/yax_jeju/install/ublox_msgs/include/ublox_msgs/ublox_msgs/msg/detail/nav_sat__builder.hpp\n'}
[65.317553] (ublox_msgs) StdoutLine: {'line': b'-- Symlinking: /home/jsmoon/yax_jeju/install/ublox_msgs/include/ublox_msgs/ublox_msgs/msg/detail/nav_sat__struct.hpp\n'}
[65.326607] (ublox_msgs) StdoutLine: {'line': b'-- Symlinking: /home/jsmoon/yax_jeju/install/ublox_msgs/include/ublox_msgs/ublox_msgs/msg/detail/nav_sat__traits.hpp\n'}
[65.333718] (ublox_msgs) StdoutLine: {'line': b'-- Symlinking: /home/jsmoon/yax_jeju/install/ublox_msgs/include/ublox_msgs/ublox_msgs/msg/detail/nav_sat__type_support.hpp\n'}
[65.341034] (ublox_msgs) StdoutLine: {'line': b'-- Symlinking: /home/jsmoon/yax_jeju/install/ublox_msgs/include/ublox_msgs/ublox_msgs/msg/detail/nav_satsv__builder.hpp\n'}
[65.348931] (ublox_msgs) StdoutLine: {'line': b'-- Symlinking: /home/jsmoon/yax_jeju/install/ublox_msgs/include/ublox_msgs/ublox_msgs/msg/detail/nav_satsv__struct.hpp\n'}
[65.356771] (ublox_msgs) StdoutLine: {'line': b'-- Symlinking: /home/jsmoon/yax_jeju/install/ublox_msgs/include/ublox_msgs/ublox_msgs/msg/detail/nav_satsv__traits.hpp\n'}
[65.364116] (ublox_msgs) StdoutLine: {'line': b'-- Symlinking: /home/jsmoon/yax_jeju/install/ublox_msgs/include/ublox_msgs/ublox_msgs/msg/detail/nav_satsv__type_support.hpp\n'}
[65.371130] (ublox_msgs) StdoutLine: {'line': b'-- Symlinking: /home/jsmoon/yax_jeju/install/ublox_msgs/include/ublox_msgs/ublox_msgs/msg/detail/nav_sbas__builder.hpp\n'}
[65.379320] (ublox_msgs) StdoutLine: {'line': b'-- Symlinking: /home/jsmoon/yax_jeju/install/ublox_msgs/include/ublox_msgs/ublox_msgs/msg/detail/nav_sbas__struct.hpp\n'}
[65.387461] (ublox_msgs) StdoutLine: {'line': b'-- Symlinking: /home/jsmoon/yax_jeju/install/ublox_msgs/include/ublox_msgs/ublox_msgs/msg/detail/nav_sbas__traits.hpp\n'}
[65.395032] (ublox_msgs) StdoutLine: {'line': b'-- Symlinking: /home/jsmoon/yax_jeju/install/ublox_msgs/include/ublox_msgs/ublox_msgs/msg/detail/nav_sbas__type_support.hpp\n'}
[65.402124] (ublox_msgs) StdoutLine: {'line': b'-- Symlinking: /home/jsmoon/yax_jeju/install/ublox_msgs/include/ublox_msgs/ublox_msgs/msg/detail/nav_sbassv__builder.hpp\n'}
[65.402266] (-) TimerEvent: {}
[65.409481] (ublox_msgs) StdoutLine: {'line': b'-- Symlinking: /home/jsmoon/yax_jeju/install/ublox_msgs/include/ublox_msgs/ublox_msgs/msg/detail/nav_sbassv__struct.hpp\n'}
[65.416341] (ublox_msgs) StdoutLine: {'line': b'-- Symlinking: /home/jsmoon/yax_jeju/install/ublox_msgs/include/ublox_msgs/ublox_msgs/msg/detail/nav_sbassv__traits.hpp\n'}
[65.424665] (ublox_msgs) StdoutLine: {'line': b'-- Symlinking: /home/jsmoon/yax_jeju/install/ublox_msgs/include/ublox_msgs/ublox_msgs/msg/detail/nav_sbassv__type_support.hpp\n'}
[65.434190] (ublox_msgs) StdoutLine: {'line': b'-- Symlinking: /home/jsmoon/yax_jeju/install/ublox_msgs/include/ublox_msgs/ublox_msgs/msg/detail/nav_sol__builder.hpp\n'}
[65.441114] (ublox_msgs) StdoutLine: {'line': b'-- Symlinking: /home/jsmoon/yax_jeju/install/ublox_msgs/include/ublox_msgs/ublox_msgs/msg/detail/nav_sol__struct.hpp\n'}
[65.447865] (ublox_msgs) StdoutLine: {'line': b'-- Symlinking: /home/jsmoon/yax_jeju/install/ublox_msgs/include/ublox_msgs/ublox_msgs/msg/detail/nav_sol__traits.hpp\n'}
[65.455562] (ublox_msgs) StdoutLine: {'line': b'-- Symlinking: /home/jsmoon/yax_jeju/install/ublox_msgs/include/ublox_msgs/ublox_msgs/msg/detail/nav_sol__type_support.hpp\n'}
[65.463579] (ublox_msgs) StdoutLine: {'line': b'-- Symlinking: /home/jsmoon/yax_jeju/install/ublox_msgs/include/ublox_msgs/ublox_msgs/msg/detail/nav_status__builder.hpp\n'}
[65.470784] (ublox_msgs) StdoutLine: {'line': b'-- Symlinking: /home/jsmoon/yax_jeju/install/ublox_msgs/include/ublox_msgs/ublox_msgs/msg/detail/nav_status__struct.hpp\n'}
[65.477993] (ublox_msgs) StdoutLine: {'line': b'-- Symlinking: /home/jsmoon/yax_jeju/install/ublox_msgs/include/ublox_msgs/ublox_msgs/msg/detail/nav_status__traits.hpp\n'}
[65.485475] (ublox_msgs) StdoutLine: {'line': b'-- Symlinking: /home/jsmoon/yax_jeju/install/ublox_msgs/include/ublox_msgs/ublox_msgs/msg/detail/nav_status__type_support.hpp\n'}
[65.492390] (ublox_msgs) StdoutLine: {'line': b'-- Symlinking: /home/jsmoon/yax_jeju/install/ublox_msgs/include/ublox_msgs/ublox_msgs/msg/detail/nav_svin__builder.hpp\n'}
[65.499316] (ublox_msgs) StdoutLine: {'line': b'-- Symlinking: /home/jsmoon/yax_jeju/install/ublox_msgs/include/ublox_msgs/ublox_msgs/msg/detail/nav_svin__struct.hpp\n'}
[65.502374] (-) TimerEvent: {}
[65.506527] (ublox_msgs) StdoutLine: {'line': b'-- Symlinking: /home/jsmoon/yax_jeju/install/ublox_msgs/include/ublox_msgs/ublox_msgs/msg/detail/nav_svin__traits.hpp\n'}
[65.516946] (ublox_msgs) StdoutLine: {'line': b'-- Symlinking: /home/jsmoon/yax_jeju/install/ublox_msgs/include/ublox_msgs/ublox_msgs/msg/detail/nav_svin__type_support.hpp\n'}
[65.525072] (ublox_msgs) StdoutLine: {'line': b'-- Symlinking: /home/jsmoon/yax_jeju/install/ublox_msgs/include/ublox_msgs/ublox_msgs/msg/detail/nav_svinfo__builder.hpp\n'}
[65.533770] (ublox_msgs) StdoutLine: {'line': b'-- Symlinking: /home/jsmoon/yax_jeju/install/ublox_msgs/include/ublox_msgs/ublox_msgs/msg/detail/nav_svinfo__struct.hpp\n'}
[65.541651] (ublox_msgs) StdoutLine: {'line': b'-- Symlinking: /home/jsmoon/yax_jeju/install/ublox_msgs/include/ublox_msgs/ublox_msgs/msg/detail/nav_svinfo__traits.hpp\n'}
[65.592402] (ublox_msgs) StdoutLine: {'line': b'-- Symlinking: /home/jsmoon/yax_jeju/install/ublox_msgs/include/ublox_msgs/ublox_msgs/msg/detail/nav_svinfo__type_support.hpp\n'}
[65.602044] (ublox_msgs) StdoutLine: {'line': b'-- Symlinking: /home/jsmoon/yax_jeju/install/ublox_msgs/include/ublox_msgs/ublox_msgs/msg/detail/nav_svinfosv__builder.hpp\n'}
[65.602480] (-) TimerEvent: {}
[65.610927] (ublox_msgs) StdoutLine: {'line': b'-- Symlinking: /home/jsmoon/yax_jeju/install/ublox_msgs/include/ublox_msgs/ublox_msgs/msg/detail/nav_svinfosv__struct.hpp\n'}
[65.620577] (ublox_msgs) StdoutLine: {'line': b'-- Symlinking: /home/jsmoon/yax_jeju/install/ublox_msgs/include/ublox_msgs/ublox_msgs/msg/detail/nav_svinfosv__traits.hpp\n'}
[65.632109] (ublox_msgs) StdoutLine: {'line': b'-- Symlinking: /home/jsmoon/yax_jeju/install/ublox_msgs/include/ublox_msgs/ublox_msgs/msg/detail/nav_svinfosv__type_support.hpp\n'}
[65.641731] (ublox_msgs) StdoutLine: {'line': b'-- Symlinking: /home/jsmoon/yax_jeju/install/ublox_msgs/include/ublox_msgs/ublox_msgs/msg/detail/nav_timegps__builder.hpp\n'}
[65.650214] (ublox_msgs) StdoutLine: {'line': b'-- Symlinking: /home/jsmoon/yax_jeju/install/ublox_msgs/include/ublox_msgs/ublox_msgs/msg/detail/nav_timegps__struct.hpp\n'}
[65.659354] (ublox_msgs) StdoutLine: {'line': b'-- Symlinking: /home/jsmoon/yax_jeju/install/ublox_msgs/include/ublox_msgs/ublox_msgs/msg/detail/nav_timegps__traits.hpp\n'}
[65.667713] (ublox_msgs) StdoutLine: {'line': b'-- Symlinking: /home/jsmoon/yax_jeju/install/ublox_msgs/include/ublox_msgs/ublox_msgs/msg/detail/nav_timegps__type_support.hpp\n'}
[65.675429] (ublox_msgs) StdoutLine: {'line': b'-- Symlinking: /home/jsmoon/yax_jeju/install/ublox_msgs/include/ublox_msgs/ublox_msgs/msg/detail/nav_timeutc__builder.hpp\n'}
[65.683927] (ublox_msgs) StdoutLine: {'line': b'-- Symlinking: /home/jsmoon/yax_jeju/install/ublox_msgs/include/ublox_msgs/ublox_msgs/msg/detail/nav_timeutc__struct.hpp\n'}
[65.692551] (ublox_msgs) StdoutLine: {'line': b'-- Symlinking: /home/jsmoon/yax_jeju/install/ublox_msgs/include/ublox_msgs/ublox_msgs/msg/detail/nav_timeutc__traits.hpp\n'}
[65.700915] (ublox_msgs) StdoutLine: {'line': b'-- Symlinking: /home/jsmoon/yax_jeju/install/ublox_msgs/include/ublox_msgs/ublox_msgs/msg/detail/nav_timeutc__type_support.hpp\n'}
[65.702568] (-) TimerEvent: {}
[65.709723] (ublox_msgs) StdoutLine: {'line': b'-- Symlinking: /home/jsmoon/yax_jeju/install/ublox_msgs/include/ublox_msgs/ublox_msgs/msg/detail/nav_velecef__builder.hpp\n'}
[65.719807] (ublox_msgs) StdoutLine: {'line': b'-- Symlinking: /home/jsmoon/yax_jeju/install/ublox_msgs/include/ublox_msgs/ublox_msgs/msg/detail/nav_velecef__struct.hpp\n'}
[65.728011] (ublox_msgs) StdoutLine: {'line': b'-- Symlinking: /home/jsmoon/yax_jeju/install/ublox_msgs/include/ublox_msgs/ublox_msgs/msg/detail/nav_velecef__traits.hpp\n'}
[65.736731] (ublox_msgs) StdoutLine: {'line': b'-- Symlinking: /home/jsmoon/yax_jeju/install/ublox_msgs/include/ublox_msgs/ublox_msgs/msg/detail/nav_velecef__type_support.hpp\n'}
[65.745962] (ublox_msgs) StdoutLine: {'line': b'-- Symlinking: /home/jsmoon/yax_jeju/install/ublox_msgs/include/ublox_msgs/ublox_msgs/msg/detail/nav_velned__builder.hpp\n'}
[65.755856] (ublox_msgs) StdoutLine: {'line': b'-- Symlinking: /home/jsmoon/yax_jeju/install/ublox_msgs/include/ublox_msgs/ublox_msgs/msg/detail/nav_velned__struct.hpp\n'}
[65.764735] (ublox_msgs) StdoutLine: {'line': b'-- Symlinking: /home/jsmoon/yax_jeju/install/ublox_msgs/include/ublox_msgs/ublox_msgs/msg/detail/nav_velned__traits.hpp\n'}
[65.773501] (ublox_msgs) StdoutLine: {'line': b'-- Symlinking: /home/jsmoon/yax_jeju/install/ublox_msgs/include/ublox_msgs/ublox_msgs/msg/detail/nav_velned__type_support.hpp\n'}
[65.782400] (ublox_msgs) StdoutLine: {'line': b'-- Symlinking: /home/jsmoon/yax_jeju/install/ublox_msgs/include/ublox_msgs/ublox_msgs/msg/detail/rxm_alm__builder.hpp\n'}
[65.792224] (ublox_msgs) StdoutLine: {'line': b'-- Symlinking: /home/jsmoon/yax_jeju/install/ublox_msgs/include/ublox_msgs/ublox_msgs/msg/detail/rxm_alm__struct.hpp\n'}
[65.801574] (ublox_msgs) StdoutLine: {'line': b'-- Symlinking: /home/jsmoon/yax_jeju/install/ublox_msgs/include/ublox_msgs/ublox_msgs/msg/detail/rxm_alm__traits.hpp\n'}
[65.802660] (-) TimerEvent: {}
[65.810364] (ublox_msgs) StdoutLine: {'line': b'-- Symlinking: /home/jsmoon/yax_jeju/install/ublox_msgs/include/ublox_msgs/ublox_msgs/msg/detail/rxm_alm__type_support.hpp\n'}
[65.818186] (ublox_msgs) StdoutLine: {'line': b'-- Symlinking: /home/jsmoon/yax_jeju/install/ublox_msgs/include/ublox_msgs/ublox_msgs/msg/detail/rxm_eph__builder.hpp\n'}
[65.826159] (ublox_msgs) StdoutLine: {'line': b'-- Symlinking: /home/jsmoon/yax_jeju/install/ublox_msgs/include/ublox_msgs/ublox_msgs/msg/detail/rxm_eph__struct.hpp\n'}
[65.835022] (ublox_msgs) StdoutLine: {'line': b'-- Symlinking: /home/jsmoon/yax_jeju/install/ublox_msgs/include/ublox_msgs/ublox_msgs/msg/detail/rxm_eph__traits.hpp\n'}
[65.843653] (ublox_msgs) StdoutLine: {'line': b'-- Symlinking: /home/jsmoon/yax_jeju/install/ublox_msgs/include/ublox_msgs/ublox_msgs/msg/detail/rxm_eph__type_support.hpp\n'}
[65.852056] (ublox_msgs) StdoutLine: {'line': b'-- Symlinking: /home/jsmoon/yax_jeju/install/ublox_msgs/include/ublox_msgs/ublox_msgs/msg/detail/rxm_raw__builder.hpp\n'}
[65.860864] (ublox_msgs) StdoutLine: {'line': b'-- Symlinking: /home/jsmoon/yax_jeju/install/ublox_msgs/include/ublox_msgs/ublox_msgs/msg/detail/rxm_raw__struct.hpp\n'}
[65.869789] (ublox_msgs) StdoutLine: {'line': b'-- Symlinking: /home/jsmoon/yax_jeju/install/ublox_msgs/include/ublox_msgs/ublox_msgs/msg/detail/rxm_raw__traits.hpp\n'}
[65.878789] (ublox_msgs) StdoutLine: {'line': b'-- Symlinking: /home/jsmoon/yax_jeju/install/ublox_msgs/include/ublox_msgs/ublox_msgs/msg/detail/rxm_raw__type_support.hpp\n'}
[65.887965] (ublox_msgs) StdoutLine: {'line': b'-- Symlinking: /home/jsmoon/yax_jeju/install/ublox_msgs/include/ublox_msgs/ublox_msgs/msg/detail/rxm_rawsv__builder.hpp\n'}
[65.896164] (ublox_msgs) StdoutLine: {'line': b'-- Symlinking: /home/jsmoon/yax_jeju/install/ublox_msgs/include/ublox_msgs/ublox_msgs/msg/detail/rxm_rawsv__struct.hpp\n'}
[65.902781] (-) TimerEvent: {}
[65.903842] (ublox_msgs) StdoutLine: {'line': b'-- Symlinking: /home/jsmoon/yax_jeju/install/ublox_msgs/include/ublox_msgs/ublox_msgs/msg/detail/rxm_rawsv__traits.hpp\n'}
[65.912484] (ublox_msgs) StdoutLine: {'line': b'-- Symlinking: /home/jsmoon/yax_jeju/install/ublox_msgs/include/ublox_msgs/ublox_msgs/msg/detail/rxm_rawsv__type_support.hpp\n'}
[65.920578] (ublox_msgs) StdoutLine: {'line': b'-- Symlinking: /home/jsmoon/yax_jeju/install/ublox_msgs/include/ublox_msgs/ublox_msgs/msg/detail/rxm_rawx__builder.hpp\n'}
[65.928851] (ublox_msgs) StdoutLine: {'line': b'-- Symlinking: /home/jsmoon/yax_jeju/install/ublox_msgs/include/ublox_msgs/ublox_msgs/msg/detail/rxm_rawx__struct.hpp\n'}
[65.937304] (ublox_msgs) StdoutLine: {'line': b'-- Symlinking: /home/jsmoon/yax_jeju/install/ublox_msgs/include/ublox_msgs/ublox_msgs/msg/detail/rxm_rawx__traits.hpp\n'}
[65.945631] (ublox_msgs) StdoutLine: {'line': b'-- Symlinking: /home/jsmoon/yax_jeju/install/ublox_msgs/include/ublox_msgs/ublox_msgs/msg/detail/rxm_rawx__type_support.hpp\n'}
[65.953646] (ublox_msgs) StdoutLine: {'line': b'-- Symlinking: /home/jsmoon/yax_jeju/install/ublox_msgs/include/ublox_msgs/ublox_msgs/msg/detail/rxm_rawx_meas__builder.hpp\n'}
[65.961435] (ublox_msgs) StdoutLine: {'line': b'-- Symlinking: /home/jsmoon/yax_jeju/install/ublox_msgs/include/ublox_msgs/ublox_msgs/msg/detail/rxm_rawx_meas__struct.hpp\n'}
[65.970159] (ublox_msgs) StdoutLine: {'line': b'-- Symlinking: /home/jsmoon/yax_jeju/install/ublox_msgs/include/ublox_msgs/ublox_msgs/msg/detail/rxm_rawx_meas__traits.hpp\n'}
[65.978420] (ublox_msgs) StdoutLine: {'line': b'-- Symlinking: /home/jsmoon/yax_jeju/install/ublox_msgs/include/ublox_msgs/ublox_msgs/msg/detail/rxm_rawx_meas__type_support.hpp\n'}
[65.986479] (ublox_msgs) StdoutLine: {'line': b'-- Symlinking: /home/jsmoon/yax_jeju/install/ublox_msgs/include/ublox_msgs/ublox_msgs/msg/detail/rxm_rtcm__builder.hpp\n'}
[65.993955] (ublox_msgs) StdoutLine: {'line': b'-- Symlinking: /home/jsmoon/yax_jeju/install/ublox_msgs/include/ublox_msgs/ublox_msgs/msg/detail/rxm_rtcm__struct.hpp\n'}
[66.001082] (ublox_msgs) StdoutLine: {'line': b'-- Symlinking: /home/jsmoon/yax_jeju/install/ublox_msgs/include/ublox_msgs/ublox_msgs/msg/detail/rxm_rtcm__traits.hpp\n'}
[66.002855] (-) TimerEvent: {}
[66.009322] (ublox_msgs) StdoutLine: {'line': b'-- Symlinking: /home/jsmoon/yax_jeju/install/ublox_msgs/include/ublox_msgs/ublox_msgs/msg/detail/rxm_rtcm__type_support.hpp\n'}
[66.016779] (ublox_msgs) StdoutLine: {'line': b'-- Symlinking: /home/jsmoon/yax_jeju/install/ublox_msgs/include/ublox_msgs/ublox_msgs/msg/detail/rxm_sfrb__builder.hpp\n'}
[66.024968] (ublox_msgs) StdoutLine: {'line': b'-- Symlinking: /home/jsmoon/yax_jeju/install/ublox_msgs/include/ublox_msgs/ublox_msgs/msg/detail/rxm_sfrb__struct.hpp\n'}
[66.034419] (ublox_msgs) StdoutLine: {'line': b'-- Symlinking: /home/jsmoon/yax_jeju/install/ublox_msgs/include/ublox_msgs/ublox_msgs/msg/detail/rxm_sfrb__traits.hpp\n'}
[66.041073] (ublox_msgs) StdoutLine: {'line': b'-- Symlinking: /home/jsmoon/yax_jeju/install/ublox_msgs/include/ublox_msgs/ublox_msgs/msg/detail/rxm_sfrb__type_support.hpp\n'}
[66.048260] (ublox_msgs) StdoutLine: {'line': b'-- Symlinking: /home/jsmoon/yax_jeju/install/ublox_msgs/include/ublox_msgs/ublox_msgs/msg/detail/rxm_sfrbx__builder.hpp\n'}
[66.054809] (ublox_msgs) StdoutLine: {'line': b'-- Symlinking: /home/jsmoon/yax_jeju/install/ublox_msgs/include/ublox_msgs/ublox_msgs/msg/detail/rxm_sfrbx__struct.hpp\n'}
[66.062438] (ublox_msgs) StdoutLine: {'line': b'-- Symlinking: /home/jsmoon/yax_jeju/install/ublox_msgs/include/ublox_msgs/ublox_msgs/msg/detail/rxm_sfrbx__traits.hpp\n'}
[66.071192] (ublox_msgs) StdoutLine: {'line': b'-- Symlinking: /home/jsmoon/yax_jeju/install/ublox_msgs/include/ublox_msgs/ublox_msgs/msg/detail/rxm_sfrbx__type_support.hpp\n'}
[66.081265] (ublox_msgs) StdoutLine: {'line': b'-- Symlinking: /home/jsmoon/yax_jeju/install/ublox_msgs/include/ublox_msgs/ublox_msgs/msg/detail/rxm_svsi__builder.hpp\n'}
[66.089659] (ublox_msgs) StdoutLine: {'line': b'-- Symlinking: /home/jsmoon/yax_jeju/install/ublox_msgs/include/ublox_msgs/ublox_msgs/msg/detail/rxm_svsi__struct.hpp\n'}
[66.098589] (ublox_msgs) StdoutLine: {'line': b'-- Symlinking: /home/jsmoon/yax_jeju/install/ublox_msgs/include/ublox_msgs/ublox_msgs/msg/detail/rxm_svsi__traits.hpp\n'}
[66.102965] (-) TimerEvent: {}
[66.107753] (ublox_msgs) StdoutLine: {'line': b'-- Symlinking: /home/jsmoon/yax_jeju/install/ublox_msgs/include/ublox_msgs/ublox_msgs/msg/detail/rxm_svsi__type_support.hpp\n'}
[66.118669] (ublox_msgs) StdoutLine: {'line': b'-- Symlinking: /home/jsmoon/yax_jeju/install/ublox_msgs/include/ublox_msgs/ublox_msgs/msg/detail/rxm_svsisv__builder.hpp\n'}
[66.127141] (ublox_msgs) StdoutLine: {'line': b'-- Symlinking: /home/jsmoon/yax_jeju/install/ublox_msgs/include/ublox_msgs/ublox_msgs/msg/detail/rxm_svsisv__struct.hpp\n'}
[66.137962] (ublox_msgs) StdoutLine: {'line': b'-- Symlinking: /home/jsmoon/yax_jeju/install/ublox_msgs/include/ublox_msgs/ublox_msgs/msg/detail/rxm_svsisv__traits.hpp\n'}
[66.147641] (ublox_msgs) StdoutLine: {'line': b'-- Symlinking: /home/jsmoon/yax_jeju/install/ublox_msgs/include/ublox_msgs/ublox_msgs/msg/detail/rxm_svsisv__type_support.hpp\n'}
[66.157206] (ublox_msgs) StdoutLine: {'line': b'-- Symlinking: /home/jsmoon/yax_jeju/install/ublox_msgs/include/ublox_msgs/ublox_msgs/msg/detail/tim_tm2__builder.hpp\n'}
[66.167335] (ublox_msgs) StdoutLine: {'line': b'-- Symlinking: /home/jsmoon/yax_jeju/install/ublox_msgs/include/ublox_msgs/ublox_msgs/msg/detail/tim_tm2__struct.hpp\n'}
[66.176574] (ublox_msgs) StdoutLine: {'line': b'-- Symlinking: /home/jsmoon/yax_jeju/install/ublox_msgs/include/ublox_msgs/ublox_msgs/msg/detail/tim_tm2__traits.hpp\n'}
[66.185945] (ublox_msgs) StdoutLine: {'line': b'-- Symlinking: /home/jsmoon/yax_jeju/install/ublox_msgs/include/ublox_msgs/ublox_msgs/msg/detail/tim_tm2__type_support.hpp\n'}
[66.193963] (ublox_msgs) StdoutLine: {'line': b'-- Symlinking: /home/jsmoon/yax_jeju/install/ublox_msgs/include/ublox_msgs/ublox_msgs/msg/detail/upd_sos__builder.hpp\n'}
[66.201815] (ublox_msgs) StdoutLine: {'line': b'-- Symlinking: /home/jsmoon/yax_jeju/install/ublox_msgs/include/ublox_msgs/ublox_msgs/msg/detail/upd_sos__struct.hpp\n'}
[66.203039] (-) TimerEvent: {}
[66.211186] (ublox_msgs) StdoutLine: {'line': b'-- Symlinking: /home/jsmoon/yax_jeju/install/ublox_msgs/include/ublox_msgs/ublox_msgs/msg/detail/upd_sos__traits.hpp\n'}
[66.220724] (ublox_msgs) StdoutLine: {'line': b'-- Symlinking: /home/jsmoon/yax_jeju/install/ublox_msgs/include/ublox_msgs/ublox_msgs/msg/detail/upd_sos__type_support.hpp\n'}
[66.229225] (ublox_msgs) StdoutLine: {'line': b'-- Symlinking: /home/jsmoon/yax_jeju/install/ublox_msgs/include/ublox_msgs/ublox_msgs/msg/detail/upd_sos_ack__builder.hpp\n'}
[66.237885] (ublox_msgs) StdoutLine: {'line': b'-- Symlinking: /home/jsmoon/yax_jeju/install/ublox_msgs/include/ublox_msgs/ublox_msgs/msg/detail/upd_sos_ack__struct.hpp\n'}
[66.247281] (ublox_msgs) StdoutLine: {'line': b'-- Symlinking: /home/jsmoon/yax_jeju/install/ublox_msgs/include/ublox_msgs/ublox_msgs/msg/detail/upd_sos_ack__traits.hpp\n'}
[66.255334] (ublox_msgs) StdoutLine: {'line': b'-- Symlinking: /home/jsmoon/yax_jeju/install/ublox_msgs/include/ublox_msgs/ublox_msgs/msg/detail/upd_sos_ack__type_support.hpp\n'}
[66.264870] (ublox_msgs) StdoutLine: {'line': b'-- Symlinking: /home/jsmoon/yax_jeju/install/ublox_msgs/include/ublox_msgs/ublox_msgs/msg/esf_ins.hpp\n'}
[66.273750] (ublox_msgs) StdoutLine: {'line': b'-- Symlinking: /home/jsmoon/yax_jeju/install/ublox_msgs/include/ublox_msgs/ublox_msgs/msg/esf_meas.hpp\n'}
[66.284214] (ublox_msgs) StdoutLine: {'line': b'-- Symlinking: /home/jsmoon/yax_jeju/install/ublox_msgs/include/ublox_msgs/ublox_msgs/msg/esf_raw.hpp\n'}
[66.292347] (ublox_msgs) StdoutLine: {'line': b'-- Symlinking: /home/jsmoon/yax_jeju/install/ublox_msgs/include/ublox_msgs/ublox_msgs/msg/esf_raw_block.hpp\n'}
[66.300549] (ublox_msgs) StdoutLine: {'line': b'-- Symlinking: /home/jsmoon/yax_jeju/install/ublox_msgs/include/ublox_msgs/ublox_msgs/msg/esf_status.hpp\n'}
[66.303122] (-) TimerEvent: {}
[66.310391] (ublox_msgs) StdoutLine: {'line': b'-- Symlinking: /home/jsmoon/yax_jeju/install/ublox_msgs/include/ublox_msgs/ublox_msgs/msg/esf_status_sens.hpp\n'}
[66.318492] (ublox_msgs) StdoutLine: {'line': b'-- Symlinking: /home/jsmoon/yax_jeju/install/ublox_msgs/include/ublox_msgs/ublox_msgs/msg/hnr_pvt.hpp\n'}
[66.327255] (ublox_msgs) StdoutLine: {'line': b'-- Symlinking: /home/jsmoon/yax_jeju/install/ublox_msgs/include/ublox_msgs/ublox_msgs/msg/inf.hpp\n'}
[66.335242] (ublox_msgs) StdoutLine: {'line': b'-- Symlinking: /home/jsmoon/yax_jeju/install/ublox_msgs/include/ublox_msgs/ublox_msgs/msg/mga_gal.hpp\n'}
[66.343986] (ublox_msgs) StdoutLine: {'line': b'-- Symlinking: /home/jsmoon/yax_jeju/install/ublox_msgs/include/ublox_msgs/ublox_msgs/msg/mon_gnss.hpp\n'}
[66.351738] (ublox_msgs) StdoutLine: {'line': b'-- Symlinking: /home/jsmoon/yax_jeju/install/ublox_msgs/include/ublox_msgs/ublox_msgs/msg/mon_hw.hpp\n'}
[66.360518] (ublox_msgs) StdoutLine: {'line': b'-- Symlinking: /home/jsmoon/yax_jeju/install/ublox_msgs/include/ublox_msgs/ublox_msgs/msg/mon_hw6.hpp\n'}
[66.368144] (ublox_msgs) StdoutLine: {'line': b'-- Symlinking: /home/jsmoon/yax_jeju/install/ublox_msgs/include/ublox_msgs/ublox_msgs/msg/mon_ver.hpp\n'}
[66.375082] (ublox_msgs) StdoutLine: {'line': b'-- Symlinking: /home/jsmoon/yax_jeju/install/ublox_msgs/include/ublox_msgs/ublox_msgs/msg/mon_ver_extension.hpp\n'}
[66.382016] (ublox_msgs) StdoutLine: {'line': b'-- Symlinking: /home/jsmoon/yax_jeju/install/ublox_msgs/include/ublox_msgs/ublox_msgs/msg/nav_att.hpp\n'}
[66.388989] (ublox_msgs) StdoutLine: {'line': b'-- Symlinking: /home/jsmoon/yax_jeju/install/ublox_msgs/include/ublox_msgs/ublox_msgs/msg/nav_clock.hpp\n'}
[66.398696] (ublox_msgs) StdoutLine: {'line': b'-- Symlinking: /home/jsmoon/yax_jeju/install/ublox_msgs/include/ublox_msgs/ublox_msgs/msg/nav_dgps.hpp\n'}
[66.403232] (-) TimerEvent: {}
[66.406749] (ublox_msgs) StdoutLine: {'line': b'-- Symlinking: /home/jsmoon/yax_jeju/install/ublox_msgs/include/ublox_msgs/ublox_msgs/msg/nav_dgpssv.hpp\n'}
[66.415363] (ublox_msgs) StdoutLine: {'line': b'-- Symlinking: /home/jsmoon/yax_jeju/install/ublox_msgs/include/ublox_msgs/ublox_msgs/msg/nav_dop.hpp\n'}
[66.422766] (ublox_msgs) StdoutLine: {'line': b'-- Symlinking: /home/jsmoon/yax_jeju/install/ublox_msgs/include/ublox_msgs/ublox_msgs/msg/nav_posecef.hpp\n'}
[66.430816] (ublox_msgs) StdoutLine: {'line': b'-- Symlinking: /home/jsmoon/yax_jeju/install/ublox_msgs/include/ublox_msgs/ublox_msgs/msg/nav_posllh.hpp\n'}
[66.438184] (ublox_msgs) StdoutLine: {'line': b'-- Symlinking: /home/jsmoon/yax_jeju/install/ublox_msgs/include/ublox_msgs/ublox_msgs/msg/nav_pvt.hpp\n'}
[66.446795] (ublox_msgs) StdoutLine: {'line': b'-- Symlinking: /home/jsmoon/yax_jeju/install/ublox_msgs/include/ublox_msgs/ublox_msgs/msg/nav_pvt7.hpp\n'}
[66.454431] (ublox_msgs) StdoutLine: {'line': b'-- Symlinking: /home/jsmoon/yax_jeju/install/ublox_msgs/include/ublox_msgs/ublox_msgs/msg/nav_relposned.hpp\n'}
[66.462390] (ublox_msgs) StdoutLine: {'line': b'-- Symlinking: /home/jsmoon/yax_jeju/install/ublox_msgs/include/ublox_msgs/ublox_msgs/msg/nav_relposned9.hpp\n'}
[66.471176] (ublox_msgs) StdoutLine: {'line': b'-- Symlinking: /home/jsmoon/yax_jeju/install/ublox_msgs/include/ublox_msgs/ublox_msgs/msg/nav_sat.hpp\n'}
[66.479549] (ublox_msgs) StdoutLine: {'line': b'-- Symlinking: /home/jsmoon/yax_jeju/install/ublox_msgs/include/ublox_msgs/ublox_msgs/msg/nav_satsv.hpp\n'}
[66.488510] (ublox_msgs) StdoutLine: {'line': b'-- Symlinking: /home/jsmoon/yax_jeju/install/ublox_msgs/include/ublox_msgs/ublox_msgs/msg/nav_sbas.hpp\n'}
[66.495427] (ublox_msgs) StdoutLine: {'line': b'-- Symlinking: /home/jsmoon/yax_jeju/install/ublox_msgs/include/ublox_msgs/ublox_msgs/msg/nav_sbassv.hpp\n'}
[66.502979] (ublox_msgs) StdoutLine: {'line': b'-- Symlinking: /home/jsmoon/yax_jeju/install/ublox_msgs/include/ublox_msgs/ublox_msgs/msg/nav_sol.hpp\n'}
[66.503333] (-) TimerEvent: {}
[66.511181] (ublox_msgs) StdoutLine: {'line': b'-- Symlinking: /home/jsmoon/yax_jeju/install/ublox_msgs/include/ublox_msgs/ublox_msgs/msg/nav_status.hpp\n'}
[66.518967] (ublox_msgs) StdoutLine: {'line': b'-- Symlinking: /home/jsmoon/yax_jeju/install/ublox_msgs/include/ublox_msgs/ublox_msgs/msg/nav_svin.hpp\n'}
[66.526561] (ublox_msgs) StdoutLine: {'line': b'-- Symlinking: /home/jsmoon/yax_jeju/install/ublox_msgs/include/ublox_msgs/ublox_msgs/msg/nav_svinfo.hpp\n'}
[66.536513] (ublox_msgs) StdoutLine: {'line': b'-- Symlinking: /home/jsmoon/yax_jeju/install/ublox_msgs/include/ublox_msgs/ublox_msgs/msg/nav_svinfosv.hpp\n'}
[66.544352] (ublox_msgs) StdoutLine: {'line': b'-- Symlinking: /home/jsmoon/yax_jeju/install/ublox_msgs/include/ublox_msgs/ublox_msgs/msg/nav_timegps.hpp\n'}
[66.552120] (ublox_msgs) StdoutLine: {'line': b'-- Symlinking: /home/jsmoon/yax_jeju/install/ublox_msgs/include/ublox_msgs/ublox_msgs/msg/nav_timeutc.hpp\n'}
[66.560863] (ublox_msgs) StdoutLine: {'line': b'-- Symlinking: /home/jsmoon/yax_jeju/install/ublox_msgs/include/ublox_msgs/ublox_msgs/msg/nav_velecef.hpp\n'}
[66.568020] (ublox_msgs) StdoutLine: {'line': b'-- Symlinking: /home/jsmoon/yax_jeju/install/ublox_msgs/include/ublox_msgs/ublox_msgs/msg/nav_velned.hpp\n'}
[66.576134] (ublox_msgs) StdoutLine: {'line': b'-- Symlinking: /home/jsmoon/yax_jeju/install/ublox_msgs/include/ublox_msgs/ublox_msgs/msg/rosidl_generator_cpp__visibility_control.hpp\n'}
[66.583847] (ublox_msgs) StdoutLine: {'line': b'-- Symlinking: /home/jsmoon/yax_jeju/install/ublox_msgs/include/ublox_msgs/ublox_msgs/msg/rxm_alm.hpp\n'}
[66.591704] (ublox_msgs) StdoutLine: {'line': b'-- Symlinking: /home/jsmoon/yax_jeju/install/ublox_msgs/include/ublox_msgs/ublox_msgs/msg/rxm_eph.hpp\n'}
[66.600018] (ublox_msgs) StdoutLine: {'line': b'-- Symlinking: /home/jsmoon/yax_jeju/install/ublox_msgs/include/ublox_msgs/ublox_msgs/msg/rxm_raw.hpp\n'}
[66.603435] (-) TimerEvent: {}
[66.608005] (ublox_msgs) StdoutLine: {'line': b'-- Symlinking: /home/jsmoon/yax_jeju/install/ublox_msgs/include/ublox_msgs/ublox_msgs/msg/rxm_rawsv.hpp\n'}
[66.615537] (ublox_msgs) StdoutLine: {'line': b'-- Symlinking: /home/jsmoon/yax_jeju/install/ublox_msgs/include/ublox_msgs/ublox_msgs/msg/rxm_rawx.hpp\n'}
[66.623878] (ublox_msgs) StdoutLine: {'line': b'-- Symlinking: /home/jsmoon/yax_jeju/install/ublox_msgs/include/ublox_msgs/ublox_msgs/msg/rxm_rawx_meas.hpp\n'}
[66.633215] (ublox_msgs) StdoutLine: {'line': b'-- Symlinking: /home/jsmoon/yax_jeju/install/ublox_msgs/include/ublox_msgs/ublox_msgs/msg/rxm_rtcm.hpp\n'}
[66.641686] (ublox_msgs) StdoutLine: {'line': b'-- Symlinking: /home/jsmoon/yax_jeju/install/ublox_msgs/include/ublox_msgs/ublox_msgs/msg/rxm_sfrb.hpp\n'}
[66.649539] (ublox_msgs) StdoutLine: {'line': b'-- Symlinking: /home/jsmoon/yax_jeju/install/ublox_msgs/include/ublox_msgs/ublox_msgs/msg/rxm_sfrbx.hpp\n'}
[66.657630] (ublox_msgs) StdoutLine: {'line': b'-- Symlinking: /home/jsmoon/yax_jeju/install/ublox_msgs/include/ublox_msgs/ublox_msgs/msg/rxm_svsi.hpp\n'}
[66.664730] (ublox_msgs) StdoutLine: {'line': b'-- Symlinking: /home/jsmoon/yax_jeju/install/ublox_msgs/include/ublox_msgs/ublox_msgs/msg/rxm_svsisv.hpp\n'}
[66.673024] (ublox_msgs) StdoutLine: {'line': b'-- Symlinking: /home/jsmoon/yax_jeju/install/ublox_msgs/include/ublox_msgs/ublox_msgs/msg/tim_tm2.hpp\n'}
[66.680073] (ublox_msgs) StdoutLine: {'line': b'-- Symlinking: /home/jsmoon/yax_jeju/install/ublox_msgs/include/ublox_msgs/ublox_msgs/msg/upd_sos.hpp\n'}
[66.686853] (ublox_msgs) StdoutLine: {'line': b'-- Symlinking: /home/jsmoon/yax_jeju/install/ublox_msgs/include/ublox_msgs/ublox_msgs/msg/upd_sos_ack.hpp\n'}
[66.695793] (ublox_msgs) StdoutLine: {'line': b'-- Symlinking: /home/jsmoon/yax_jeju/install/ublox_msgs/include/ublox_msgs/ublox_msgs/msg/detail/ack__rosidl_typesupport_fastrtps_cpp.hpp\n'}
[66.703237] (ublox_msgs) StdoutLine: {'line': b'-- Symlinking: /home/jsmoon/yax_jeju/install/ublox_msgs/include/ublox_msgs/ublox_msgs/msg/detail/aid_alm__rosidl_typesupport_fastrtps_cpp.hpp\n'}
[66.703510] (-) TimerEvent: {}
[66.711403] (ublox_msgs) StdoutLine: {'line': b'-- Symlinking: /home/jsmoon/yax_jeju/install/ublox_msgs/include/ublox_msgs/ublox_msgs/msg/detail/aid_eph__rosidl_typesupport_fastrtps_cpp.hpp\n'}
[66.718411] (ublox_msgs) StdoutLine: {'line': b'-- Symlinking: /home/jsmoon/yax_jeju/install/ublox_msgs/include/ublox_msgs/ublox_msgs/msg/detail/aid_hui__rosidl_typesupport_fastrtps_cpp.hpp\n'}
[66.725893] (ublox_msgs) StdoutLine: {'line': b'-- Symlinking: /home/jsmoon/yax_jeju/install/ublox_msgs/include/ublox_msgs/ublox_msgs/msg/detail/cfg_ant__rosidl_typesupport_fastrtps_cpp.hpp\n'}
[66.735342] (ublox_msgs) StdoutLine: {'line': b'-- Symlinking: /home/jsmoon/yax_jeju/install/ublox_msgs/include/ublox_msgs/ublox_msgs/msg/detail/cfg_cfg__rosidl_typesupport_fastrtps_cpp.hpp\n'}
[66.742576] (ublox_msgs) StdoutLine: {'line': b'-- Symlinking: /home/jsmoon/yax_jeju/install/ublox_msgs/include/ublox_msgs/ublox_msgs/msg/detail/cfg_dat__rosidl_typesupport_fastrtps_cpp.hpp\n'}
[66.751315] (ublox_msgs) StdoutLine: {'line': b'-- Symlinking: /home/jsmoon/yax_jeju/install/ublox_msgs/include/ublox_msgs/ublox_msgs/msg/detail/cfg_dgnss__rosidl_typesupport_fastrtps_cpp.hpp\n'}
[66.759408] (ublox_msgs) StdoutLine: {'line': b'-- Symlinking: /home/jsmoon/yax_jeju/install/ublox_msgs/include/ublox_msgs/ublox_msgs/msg/detail/cfg_gnss__rosidl_typesupport_fastrtps_cpp.hpp\n'}
[66.767591] (ublox_msgs) StdoutLine: {'line': b'-- Symlinking: /home/jsmoon/yax_jeju/install/ublox_msgs/include/ublox_msgs/ublox_msgs/msg/detail/cfg_gnss_block__rosidl_typesupport_fastrtps_cpp.hpp\n'}
[66.774648] (ublox_msgs) StdoutLine: {'line': b'-- Symlinking: /home/jsmoon/yax_jeju/install/ublox_msgs/include/ublox_msgs/ublox_msgs/msg/detail/cfg_hnr__rosidl_typesupport_fastrtps_cpp.hpp\n'}
[66.782870] (ublox_msgs) StdoutLine: {'line': b'-- Symlinking: /home/jsmoon/yax_jeju/install/ublox_msgs/include/ublox_msgs/ublox_msgs/msg/detail/cfg_inf__rosidl_typesupport_fastrtps_cpp.hpp\n'}
[66.791626] (ublox_msgs) StdoutLine: {'line': b'-- Symlinking: /home/jsmoon/yax_jeju/install/ublox_msgs/include/ublox_msgs/ublox_msgs/msg/detail/cfg_inf_block__rosidl_typesupport_fastrtps_cpp.hpp\n'}
[66.799760] (ublox_msgs) StdoutLine: {'line': b'-- Symlinking: /home/jsmoon/yax_jeju/install/ublox_msgs/include/ublox_msgs/ublox_msgs/msg/detail/cfg_msg__rosidl_typesupport_fastrtps_cpp.hpp\n'}
[66.803618] (-) TimerEvent: {}
[66.806809] (ublox_msgs) StdoutLine: {'line': b'-- Symlinking: /home/jsmoon/yax_jeju/install/ublox_msgs/include/ublox_msgs/ublox_msgs/msg/detail/cfg_nav5__rosidl_typesupport_fastrtps_cpp.hpp\n'}
[66.814602] (ublox_msgs) StdoutLine: {'line': b'-- Symlinking: /home/jsmoon/yax_jeju/install/ublox_msgs/include/ublox_msgs/ublox_msgs/msg/detail/cfg_navx5__rosidl_typesupport_fastrtps_cpp.hpp\n'}
[66.822109] (ublox_msgs) StdoutLine: {'line': b'-- Symlinking: /home/jsmoon/yax_jeju/install/ublox_msgs/include/ublox_msgs/ublox_msgs/msg/detail/cfg_nmea6__rosidl_typesupport_fastrtps_cpp.hpp\n'}
[66.829538] (ublox_msgs) StdoutLine: {'line': b'-- Symlinking: /home/jsmoon/yax_jeju/install/ublox_msgs/include/ublox_msgs/ublox_msgs/msg/detail/cfg_nmea7__rosidl_typesupport_fastrtps_cpp.hpp\n'}
[66.838622] (ublox_msgs) StdoutLine: {'line': b'-- Symlinking: /home/jsmoon/yax_jeju/install/ublox_msgs/include/ublox_msgs/ublox_msgs/msg/detail/cfg_nmea__rosidl_typesupport_fastrtps_cpp.hpp\n'}
[66.846781] (ublox_msgs) StdoutLine: {'line': b'-- Symlinking: /home/jsmoon/yax_jeju/install/ublox_msgs/include/ublox_msgs/ublox_msgs/msg/detail/cfg_prt__rosidl_typesupport_fastrtps_cpp.hpp\n'}
[66.854894] (ublox_msgs) StdoutLine: {'line': b'-- Symlinking: /home/jsmoon/yax_jeju/install/ublox_msgs/include/ublox_msgs/ublox_msgs/msg/detail/cfg_rate__rosidl_typesupport_fastrtps_cpp.hpp\n'}
[66.862605] (ublox_msgs) StdoutLine: {'line': b'-- Symlinking: /home/jsmoon/yax_jeju/install/ublox_msgs/include/ublox_msgs/ublox_msgs/msg/detail/cfg_rst__rosidl_typesupport_fastrtps_cpp.hpp\n'}
[66.870598] (ublox_msgs) StdoutLine: {'line': b'-- Symlinking: /home/jsmoon/yax_jeju/install/ublox_msgs/include/ublox_msgs/ublox_msgs/msg/detail/cfg_sbas__rosidl_typesupport_fastrtps_cpp.hpp\n'}
[66.877962] (ublox_msgs) StdoutLine: {'line': b'-- Symlinking: /home/jsmoon/yax_jeju/install/ublox_msgs/include/ublox_msgs/ublox_msgs/msg/detail/cfg_tmode3__rosidl_typesupport_fastrtps_cpp.hpp\n'}
[66.885416] (ublox_msgs) StdoutLine: {'line': b'-- Symlinking: /home/jsmoon/yax_jeju/install/ublox_msgs/include/ublox_msgs/ublox_msgs/msg/detail/cfg_usb__rosidl_typesupport_fastrtps_cpp.hpp\n'}
[66.893581] (ublox_msgs) StdoutLine: {'line': b'-- Symlinking: /home/jsmoon/yax_jeju/install/ublox_msgs/include/ublox_msgs/ublox_msgs/msg/detail/esf_ins__rosidl_typesupport_fastrtps_cpp.hpp\n'}
[66.900653] (ublox_msgs) StdoutLine: {'line': b'-- Symlinking: /home/jsmoon/yax_jeju/install/ublox_msgs/include/ublox_msgs/ublox_msgs/msg/detail/esf_meas__rosidl_typesupport_fastrtps_cpp.hpp\n'}
[66.903721] (-) TimerEvent: {}
[66.908705] (ublox_msgs) StdoutLine: {'line': b'-- Symlinking: /home/jsmoon/yax_jeju/install/ublox_msgs/include/ublox_msgs/ublox_msgs/msg/detail/esf_raw__rosidl_typesupport_fastrtps_cpp.hpp\n'}
[66.916733] (ublox_msgs) StdoutLine: {'line': b'-- Symlinking: /home/jsmoon/yax_jeju/install/ublox_msgs/include/ublox_msgs/ublox_msgs/msg/detail/esf_raw_block__rosidl_typesupport_fastrtps_cpp.hpp\n'}
[66.924273] (ublox_msgs) StdoutLine: {'line': b'-- Symlinking: /home/jsmoon/yax_jeju/install/ublox_msgs/include/ublox_msgs/ublox_msgs/msg/detail/esf_status__rosidl_typesupport_fastrtps_cpp.hpp\n'}
[66.934114] (ublox_msgs) StdoutLine: {'line': b'-- Symlinking: /home/jsmoon/yax_jeju/install/ublox_msgs/include/ublox_msgs/ublox_msgs/msg/detail/esf_status_sens__rosidl_typesupport_fastrtps_cpp.hpp\n'}
[66.943155] (ublox_msgs) StdoutLine: {'line': b'-- Symlinking: /home/jsmoon/yax_jeju/install/ublox_msgs/include/ublox_msgs/ublox_msgs/msg/detail/hnr_pvt__rosidl_typesupport_fastrtps_cpp.hpp\n'}
[66.951099] (ublox_msgs) StdoutLine: {'line': b'-- Symlinking: /home/jsmoon/yax_jeju/install/ublox_msgs/include/ublox_msgs/ublox_msgs/msg/detail/inf__rosidl_typesupport_fastrtps_cpp.hpp\n'}
[66.958138] (ublox_msgs) StdoutLine: {'line': b'-- Symlinking: /home/jsmoon/yax_jeju/install/ublox_msgs/include/ublox_msgs/ublox_msgs/msg/detail/mga_gal__rosidl_typesupport_fastrtps_cpp.hpp\n'}
[66.964977] (ublox_msgs) StdoutLine: {'line': b'-- Symlinking: /home/jsmoon/yax_jeju/install/ublox_msgs/include/ublox_msgs/ublox_msgs/msg/detail/mon_gnss__rosidl_typesupport_fastrtps_cpp.hpp\n'}
[66.972572] (ublox_msgs) StdoutLine: {'line': b'-- Symlinking: /home/jsmoon/yax_jeju/install/ublox_msgs/include/ublox_msgs/ublox_msgs/msg/detail/mon_hw6__rosidl_typesupport_fastrtps_cpp.hpp\n'}
[66.979714] (ublox_msgs) StdoutLine: {'line': b'-- Symlinking: /home/jsmoon/yax_jeju/install/ublox_msgs/include/ublox_msgs/ublox_msgs/msg/detail/mon_hw__rosidl_typesupport_fastrtps_cpp.hpp\n'}
[66.987652] (ublox_msgs) StdoutLine: {'line': b'-- Symlinking: /home/jsmoon/yax_jeju/install/ublox_msgs/include/ublox_msgs/ublox_msgs/msg/detail/mon_ver__rosidl_typesupport_fastrtps_cpp.hpp\n'}
[66.995634] (ublox_msgs) StdoutLine: {'line': b'-- Symlinking: /home/jsmoon/yax_jeju/install/ublox_msgs/include/ublox_msgs/ublox_msgs/msg/detail/mon_ver_extension__rosidl_typesupport_fastrtps_cpp.hpp\n'}
[67.003631] (ublox_msgs) StdoutLine: {'line': b'-- Symlinking: /home/jsmoon/yax_jeju/install/ublox_msgs/include/ublox_msgs/ublox_msgs/msg/detail/nav_att__rosidl_typesupport_fastrtps_cpp.hpp\n'}
[67.003770] (-) TimerEvent: {}
[67.010807] (ublox_msgs) StdoutLine: {'line': b'-- Symlinking: /home/jsmoon/yax_jeju/install/ublox_msgs/include/ublox_msgs/ublox_msgs/msg/detail/nav_clock__rosidl_typesupport_fastrtps_cpp.hpp\n'}
[67.019443] (ublox_msgs) StdoutLine: {'line': b'-- Symlinking: /home/jsmoon/yax_jeju/install/ublox_msgs/include/ublox_msgs/ublox_msgs/msg/detail/nav_dgps__rosidl_typesupport_fastrtps_cpp.hpp\n'}
[67.027392] (ublox_msgs) StdoutLine: {'line': b'-- Symlinking: /home/jsmoon/yax_jeju/install/ublox_msgs/include/ublox_msgs/ublox_msgs/msg/detail/nav_dgpssv__rosidl_typesupport_fastrtps_cpp.hpp\n'}
[67.036557] (ublox_msgs) StdoutLine: {'line': b'-- Symlinking: /home/jsmoon/yax_jeju/install/ublox_msgs/include/ublox_msgs/ublox_msgs/msg/detail/nav_dop__rosidl_typesupport_fastrtps_cpp.hpp\n'}
[67.045168] (ublox_msgs) StdoutLine: {'line': b'-- Symlinking: /home/jsmoon/yax_jeju/install/ublox_msgs/include/ublox_msgs/ublox_msgs/msg/detail/nav_posecef__rosidl_typesupport_fastrtps_cpp.hpp\n'}
[67.053641] (ublox_msgs) StdoutLine: {'line': b'-- Symlinking: /home/jsmoon/yax_jeju/install/ublox_msgs/include/ublox_msgs/ublox_msgs/msg/detail/nav_posllh__rosidl_typesupport_fastrtps_cpp.hpp\n'}
[67.061969] (ublox_msgs) StdoutLine: {'line': b'-- Symlinking: /home/jsmoon/yax_jeju/install/ublox_msgs/include/ublox_msgs/ublox_msgs/msg/detail/nav_pvt7__rosidl_typesupport_fastrtps_cpp.hpp\n'}
[67.071351] (ublox_msgs) StdoutLine: {'line': b'-- Symlinking: /home/jsmoon/yax_jeju/install/ublox_msgs/include/ublox_msgs/ublox_msgs/msg/detail/nav_pvt__rosidl_typesupport_fastrtps_cpp.hpp\n'}
[67.079721] (ublox_msgs) StdoutLine: {'line': b'-- Symlinking: /home/jsmoon/yax_jeju/install/ublox_msgs/include/ublox_msgs/ublox_msgs/msg/detail/nav_relposned9__rosidl_typesupport_fastrtps_cpp.hpp\n'}
[67.087182] (ublox_msgs) StdoutLine: {'line': b'-- Symlinking: /home/jsmoon/yax_jeju/install/ublox_msgs/include/ublox_msgs/ublox_msgs/msg/detail/nav_relposned__rosidl_typesupport_fastrtps_cpp.hpp\n'}
[67.094768] (ublox_msgs) StdoutLine: {'line': b'-- Symlinking: /home/jsmoon/yax_jeju/install/ublox_msgs/include/ublox_msgs/ublox_msgs/msg/detail/nav_sat__rosidl_typesupport_fastrtps_cpp.hpp\n'}
[67.102993] (ublox_msgs) StdoutLine: {'line': b'-- Symlinking: /home/jsmoon/yax_jeju/install/ublox_msgs/include/ublox_msgs/ublox_msgs/msg/detail/nav_satsv__rosidl_typesupport_fastrtps_cpp.hpp\n'}
[67.103854] (-) TimerEvent: {}
[67.111980] (ublox_msgs) StdoutLine: {'line': b'-- Symlinking: /home/jsmoon/yax_jeju/install/ublox_msgs/include/ublox_msgs/ublox_msgs/msg/detail/nav_sbas__rosidl_typesupport_fastrtps_cpp.hpp\n'}
[67.120321] (ublox_msgs) StdoutLine: {'line': b'-- Symlinking: /home/jsmoon/yax_jeju/install/ublox_msgs/include/ublox_msgs/ublox_msgs/msg/detail/nav_sbassv__rosidl_typesupport_fastrtps_cpp.hpp\n'}
[67.128346] (ublox_msgs) StdoutLine: {'line': b'-- Symlinking: /home/jsmoon/yax_jeju/install/ublox_msgs/include/ublox_msgs/ublox_msgs/msg/detail/nav_sol__rosidl_typesupport_fastrtps_cpp.hpp\n'}
[67.136537] (ublox_msgs) StdoutLine: {'line': b'-- Symlinking: /home/jsmoon/yax_jeju/install/ublox_msgs/include/ublox_msgs/ublox_msgs/msg/detail/nav_status__rosidl_typesupport_fastrtps_cpp.hpp\n'}
[67.144311] (ublox_msgs) StdoutLine: {'line': b'-- Symlinking: /home/jsmoon/yax_jeju/install/ublox_msgs/include/ublox_msgs/ublox_msgs/msg/detail/nav_svin__rosidl_typesupport_fastrtps_cpp.hpp\n'}
[67.152522] (ublox_msgs) StdoutLine: {'line': b'-- Symlinking: /home/jsmoon/yax_jeju/install/ublox_msgs/include/ublox_msgs/ublox_msgs/msg/detail/nav_svinfo__rosidl_typesupport_fastrtps_cpp.hpp\n'}
[67.162006] (ublox_msgs) StdoutLine: {'line': b'-- Symlinking: /home/jsmoon/yax_jeju/install/ublox_msgs/include/ublox_msgs/ublox_msgs/msg/detail/nav_svinfosv__rosidl_typesupport_fastrtps_cpp.hpp\n'}
[67.171477] (ublox_msgs) StdoutLine: {'line': b'-- Symlinking: /home/jsmoon/yax_jeju/install/ublox_msgs/include/ublox_msgs/ublox_msgs/msg/detail/nav_timegps__rosidl_typesupport_fastrtps_cpp.hpp\n'}
[67.180507] (ublox_msgs) StdoutLine: {'line': b'-- Symlinking: /home/jsmoon/yax_jeju/install/ublox_msgs/include/ublox_msgs/ublox_msgs/msg/detail/nav_timeutc__rosidl_typesupport_fastrtps_cpp.hpp\n'}
[67.188681] (ublox_msgs) StdoutLine: {'line': b'-- Symlinking: /home/jsmoon/yax_jeju/install/ublox_msgs/include/ublox_msgs/ublox_msgs/msg/detail/nav_velecef__rosidl_typesupport_fastrtps_cpp.hpp\n'}
[67.197950] (ublox_msgs) StdoutLine: {'line': b'-- Symlinking: /home/jsmoon/yax_jeju/install/ublox_msgs/include/ublox_msgs/ublox_msgs/msg/detail/nav_velned__rosidl_typesupport_fastrtps_cpp.hpp\n'}
[67.203969] (-) TimerEvent: {}
[67.205617] (ublox_msgs) StdoutLine: {'line': b'-- Symlinking: /home/jsmoon/yax_jeju/install/ublox_msgs/include/ublox_msgs/ublox_msgs/msg/detail/rxm_alm__rosidl_typesupport_fastrtps_cpp.hpp\n'}
[67.215085] (ublox_msgs) StdoutLine: {'line': b'-- Symlinking: /home/jsmoon/yax_jeju/install/ublox_msgs/include/ublox_msgs/ublox_msgs/msg/detail/rxm_eph__rosidl_typesupport_fastrtps_cpp.hpp\n'}
[67.223825] (ublox_msgs) StdoutLine: {'line': b'-- Symlinking: /home/jsmoon/yax_jeju/install/ublox_msgs/include/ublox_msgs/ublox_msgs/msg/detail/rxm_raw__rosidl_typesupport_fastrtps_cpp.hpp\n'}
[67.232612] (ublox_msgs) StdoutLine: {'line': b'-- Symlinking: /home/jsmoon/yax_jeju/install/ublox_msgs/include/ublox_msgs/ublox_msgs/msg/detail/rxm_rawsv__rosidl_typesupport_fastrtps_cpp.hpp\n'}
[67.242031] (ublox_msgs) StdoutLine: {'line': b'-- Symlinking: /home/jsmoon/yax_jeju/install/ublox_msgs/include/ublox_msgs/ublox_msgs/msg/detail/rxm_rawx__rosidl_typesupport_fastrtps_cpp.hpp\n'}
[67.251732] (ublox_msgs) StdoutLine: {'line': b'-- Symlinking: /home/jsmoon/yax_jeju/install/ublox_msgs/include/ublox_msgs/ublox_msgs/msg/detail/rxm_rawx_meas__rosidl_typesupport_fastrtps_cpp.hpp\n'}
[67.260501] (ublox_msgs) StdoutLine: {'line': b'-- Symlinking: /home/jsmoon/yax_jeju/install/ublox_msgs/include/ublox_msgs/ublox_msgs/msg/detail/rxm_rtcm__rosidl_typesupport_fastrtps_cpp.hpp\n'}
[67.269748] (ublox_msgs) StdoutLine: {'line': b'-- Symlinking: /home/jsmoon/yax_jeju/install/ublox_msgs/include/ublox_msgs/ublox_msgs/msg/detail/rxm_sfrb__rosidl_typesupport_fastrtps_cpp.hpp\n'}
[67.279310] (ublox_msgs) StdoutLine: {'line': b'-- Symlinking: /home/jsmoon/yax_jeju/install/ublox_msgs/include/ublox_msgs/ublox_msgs/msg/detail/rxm_sfrbx__rosidl_typesupport_fastrtps_cpp.hpp\n'}
[67.288051] (ublox_msgs) StdoutLine: {'line': b'-- Symlinking: /home/jsmoon/yax_jeju/install/ublox_msgs/include/ublox_msgs/ublox_msgs/msg/detail/rxm_svsi__rosidl_typesupport_fastrtps_cpp.hpp\n'}
[67.297166] (ublox_msgs) StdoutLine: {'line': b'-- Symlinking: /home/jsmoon/yax_jeju/install/ublox_msgs/include/ublox_msgs/ublox_msgs/msg/detail/rxm_svsisv__rosidl_typesupport_fastrtps_cpp.hpp\n'}
[67.304133] (-) TimerEvent: {}
[67.306242] (ublox_msgs) StdoutLine: {'line': b'-- Symlinking: /home/jsmoon/yax_jeju/install/ublox_msgs/include/ublox_msgs/ublox_msgs/msg/detail/tim_tm2__rosidl_typesupport_fastrtps_cpp.hpp\n'}
[67.313857] (ublox_msgs) StdoutLine: {'line': b'-- Symlinking: /home/jsmoon/yax_jeju/install/ublox_msgs/include/ublox_msgs/ublox_msgs/msg/detail/upd_sos__rosidl_typesupport_fastrtps_cpp.hpp\n'}
[67.321408] (ublox_msgs) StdoutLine: {'line': b'-- Symlinking: /home/jsmoon/yax_jeju/install/ublox_msgs/include/ublox_msgs/ublox_msgs/msg/detail/upd_sos_ack__rosidl_typesupport_fastrtps_cpp.hpp\n'}
[67.328614] (ublox_msgs) StdoutLine: {'line': b'-- Symlinking: /home/jsmoon/yax_jeju/install/ublox_msgs/include/ublox_msgs/ublox_msgs/msg/rosidl_typesupport_fastrtps_cpp__visibility_control.h\n'}
[67.337241] (ublox_msgs) StdoutLine: {'line': b'-- Symlinking: /home/jsmoon/yax_jeju/install/ublox_msgs/include/ublox_msgs/ublox_msgs/msg/detail/ack__rosidl_typesupport_introspection_cpp.hpp\n'}
[67.344325] (ublox_msgs) StdoutLine: {'line': b'-- Symlinking: /home/jsmoon/yax_jeju/install/ublox_msgs/include/ublox_msgs/ublox_msgs/msg/detail/aid_alm__rosidl_typesupport_introspection_cpp.hpp\n'}
[67.353120] (ublox_msgs) StdoutLine: {'line': b'-- Symlinking: /home/jsmoon/yax_jeju/install/ublox_msgs/include/ublox_msgs/ublox_msgs/msg/detail/aid_eph__rosidl_typesupport_introspection_cpp.hpp\n'}
[67.361145] (ublox_msgs) StdoutLine: {'line': b'-- Symlinking: /home/jsmoon/yax_jeju/install/ublox_msgs/include/ublox_msgs/ublox_msgs/msg/detail/aid_hui__rosidl_typesupport_introspection_cpp.hpp\n'}
[67.369454] (ublox_msgs) StdoutLine: {'line': b'-- Symlinking: /home/jsmoon/yax_jeju/install/ublox_msgs/include/ublox_msgs/ublox_msgs/msg/detail/cfg_ant__rosidl_typesupport_introspection_cpp.hpp\n'}
[67.376794] (ublox_msgs) StdoutLine: {'line': b'-- Symlinking: /home/jsmoon/yax_jeju/install/ublox_msgs/include/ublox_msgs/ublox_msgs/msg/detail/cfg_cfg__rosidl_typesupport_introspection_cpp.hpp\n'}
[67.385421] (ublox_msgs) StdoutLine: {'line': b'-- Symlinking: /home/jsmoon/yax_jeju/install/ublox_msgs/include/ublox_msgs/ublox_msgs/msg/detail/cfg_dat__rosidl_typesupport_introspection_cpp.hpp\n'}
[67.392299] (ublox_msgs) StdoutLine: {'line': b'-- Symlinking: /home/jsmoon/yax_jeju/install/ublox_msgs/include/ublox_msgs/ublox_msgs/msg/detail/cfg_dgnss__rosidl_typesupport_introspection_cpp.hpp\n'}
[67.400706] (ublox_msgs) StdoutLine: {'line': b'-- Symlinking: /home/jsmoon/yax_jeju/install/ublox_msgs/include/ublox_msgs/ublox_msgs/msg/detail/cfg_gnss__rosidl_typesupport_introspection_cpp.hpp\n'}
[67.404220] (-) TimerEvent: {}
[67.408706] (ublox_msgs) StdoutLine: {'line': b'-- Symlinking: /home/jsmoon/yax_jeju/install/ublox_msgs/include/ublox_msgs/ublox_msgs/msg/detail/cfg_gnss_block__rosidl_typesupport_introspection_cpp.hpp\n'}
[67.417166] (ublox_msgs) StdoutLine: {'line': b'-- Symlinking: /home/jsmoon/yax_jeju/install/ublox_msgs/include/ublox_msgs/ublox_msgs/msg/detail/cfg_hnr__rosidl_typesupport_introspection_cpp.hpp\n'}
[67.424551] (ublox_msgs) StdoutLine: {'line': b'-- Symlinking: /home/jsmoon/yax_jeju/install/ublox_msgs/include/ublox_msgs/ublox_msgs/msg/detail/cfg_inf__rosidl_typesupport_introspection_cpp.hpp\n'}
[67.434382] (ublox_msgs) StdoutLine: {'line': b'-- Symlinking: /home/jsmoon/yax_jeju/install/ublox_msgs/include/ublox_msgs/ublox_msgs/msg/detail/cfg_inf_block__rosidl_typesupport_introspection_cpp.hpp\n'}
[67.443683] (ublox_msgs) StdoutLine: {'line': b'-- Symlinking: /home/jsmoon/yax_jeju/install/ublox_msgs/include/ublox_msgs/ublox_msgs/msg/detail/cfg_msg__rosidl_typesupport_introspection_cpp.hpp\n'}
[67.451741] (ublox_msgs) StdoutLine: {'line': b'-- Symlinking: /home/jsmoon/yax_jeju/install/ublox_msgs/include/ublox_msgs/ublox_msgs/msg/detail/cfg_nav5__rosidl_typesupport_introspection_cpp.hpp\n'}
[67.459739] (ublox_msgs) StdoutLine: {'line': b'-- Symlinking: /home/jsmoon/yax_jeju/install/ublox_msgs/include/ublox_msgs/ublox_msgs/msg/detail/cfg_navx5__rosidl_typesupport_introspection_cpp.hpp\n'}
[67.467885] (ublox_msgs) StdoutLine: {'line': b'-- Symlinking: /home/jsmoon/yax_jeju/install/ublox_msgs/include/ublox_msgs/ublox_msgs/msg/detail/cfg_nmea6__rosidl_typesupport_introspection_cpp.hpp\n'}
[67.475853] (ublox_msgs) StdoutLine: {'line': b'-- Symlinking: /home/jsmoon/yax_jeju/install/ublox_msgs/include/ublox_msgs/ublox_msgs/msg/detail/cfg_nmea7__rosidl_typesupport_introspection_cpp.hpp\n'}
[67.484068] (ublox_msgs) StdoutLine: {'line': b'-- Symlinking: /home/jsmoon/yax_jeju/install/ublox_msgs/include/ublox_msgs/ublox_msgs/msg/detail/cfg_nmea__rosidl_typesupport_introspection_cpp.hpp\n'}
[67.492077] (ublox_msgs) StdoutLine: {'line': b'-- Symlinking: /home/jsmoon/yax_jeju/install/ublox_msgs/include/ublox_msgs/ublox_msgs/msg/detail/cfg_prt__rosidl_typesupport_introspection_cpp.hpp\n'}
[67.499677] (ublox_msgs) StdoutLine: {'line': b'-- Symlinking: /home/jsmoon/yax_jeju/install/ublox_msgs/include/ublox_msgs/ublox_msgs/msg/detail/cfg_rate__rosidl_typesupport_introspection_cpp.hpp\n'}
[67.504298] (-) TimerEvent: {}
[67.507639] (ublox_msgs) StdoutLine: {'line': b'-- Symlinking: /home/jsmoon/yax_jeju/install/ublox_msgs/include/ublox_msgs/ublox_msgs/msg/detail/cfg_rst__rosidl_typesupport_introspection_cpp.hpp\n'}
[67.515626] (ublox_msgs) StdoutLine: {'line': b'-- Symlinking: /home/jsmoon/yax_jeju/install/ublox_msgs/include/ublox_msgs/ublox_msgs/msg/detail/cfg_sbas__rosidl_typesupport_introspection_cpp.hpp\n'}
[67.524011] (ublox_msgs) StdoutLine: {'line': b'-- Symlinking: /home/jsmoon/yax_jeju/install/ublox_msgs/include/ublox_msgs/ublox_msgs/msg/detail/cfg_tmode3__rosidl_typesupport_introspection_cpp.hpp\n'}
[67.533662] (ublox_msgs) StdoutLine: {'line': b'-- Symlinking: /home/jsmoon/yax_jeju/install/ublox_msgs/include/ublox_msgs/ublox_msgs/msg/detail/cfg_usb__rosidl_typesupport_introspection_cpp.hpp\n'}
[67.541220] (ublox_msgs) StdoutLine: {'line': b'-- Symlinking: /home/jsmoon/yax_jeju/install/ublox_msgs/include/ublox_msgs/ublox_msgs/msg/detail/esf_ins__rosidl_typesupport_introspection_cpp.hpp\n'}
[67.548993] (ublox_msgs) StdoutLine: {'line': b'-- Symlinking: /home/jsmoon/yax_jeju/install/ublox_msgs/include/ublox_msgs/ublox_msgs/msg/detail/esf_meas__rosidl_typesupport_introspection_cpp.hpp\n'}
[67.557204] (ublox_msgs) StdoutLine: {'line': b'-- Symlinking: /home/jsmoon/yax_jeju/install/ublox_msgs/include/ublox_msgs/ublox_msgs/msg/detail/esf_raw__rosidl_typesupport_introspection_cpp.hpp\n'}
[67.564677] (ublox_msgs) StdoutLine: {'line': b'-- Symlinking: /home/jsmoon/yax_jeju/install/ublox_msgs/include/ublox_msgs/ublox_msgs/msg/detail/esf_raw_block__rosidl_typesupport_introspection_cpp.hpp\n'}
[67.572919] (ublox_msgs) StdoutLine: {'line': b'-- Symlinking: /home/jsmoon/yax_jeju/install/ublox_msgs/include/ublox_msgs/ublox_msgs/msg/detail/esf_status__rosidl_typesupport_introspection_cpp.hpp\n'}
[67.581039] (ublox_msgs) StdoutLine: {'line': b'-- Symlinking: /home/jsmoon/yax_jeju/install/ublox_msgs/include/ublox_msgs/ublox_msgs/msg/detail/esf_status_sens__rosidl_typesupport_introspection_cpp.hpp\n'}
[67.588089] (ublox_msgs) StdoutLine: {'line': b'-- Symlinking: /home/jsmoon/yax_jeju/install/ublox_msgs/include/ublox_msgs/ublox_msgs/msg/detail/hnr_pvt__rosidl_typesupport_introspection_cpp.hpp\n'}
[67.595562] (ublox_msgs) StdoutLine: {'line': b'-- Symlinking: /home/jsmoon/yax_jeju/install/ublox_msgs/include/ublox_msgs/ublox_msgs/msg/detail/inf__rosidl_typesupport_introspection_cpp.hpp\n'}
[67.603228] (ublox_msgs) StdoutLine: {'line': b'-- Symlinking: /home/jsmoon/yax_jeju/install/ublox_msgs/include/ublox_msgs/ublox_msgs/msg/detail/mga_gal__rosidl_typesupport_introspection_cpp.hpp\n'}
[67.604404] (-) TimerEvent: {}
[67.611509] (ublox_msgs) StdoutLine: {'line': b'-- Symlinking: /home/jsmoon/yax_jeju/install/ublox_msgs/include/ublox_msgs/ublox_msgs/msg/detail/mon_gnss__rosidl_typesupport_introspection_cpp.hpp\n'}
[67.620682] (ublox_msgs) StdoutLine: {'line': b'-- Symlinking: /home/jsmoon/yax_jeju/install/ublox_msgs/include/ublox_msgs/ublox_msgs/msg/detail/mon_hw6__rosidl_typesupport_introspection_cpp.hpp\n'}
[67.628900] (ublox_msgs) StdoutLine: {'line': b'-- Symlinking: /home/jsmoon/yax_jeju/install/ublox_msgs/include/ublox_msgs/ublox_msgs/msg/detail/mon_hw__rosidl_typesupport_introspection_cpp.hpp\n'}
[67.638605] (ublox_msgs) StdoutLine: {'line': b'-- Symlinking: /home/jsmoon/yax_jeju/install/ublox_msgs/include/ublox_msgs/ublox_msgs/msg/detail/mon_ver__rosidl_typesupport_introspection_cpp.hpp\n'}
[67.645545] (ublox_msgs) StdoutLine: {'line': b'-- Symlinking: /home/jsmoon/yax_jeju/install/ublox_msgs/include/ublox_msgs/ublox_msgs/msg/detail/mon_ver_extension__rosidl_typesupport_introspection_cpp.hpp\n'}
[67.653144] (ublox_msgs) StdoutLine: {'line': b'-- Symlinking: /home/jsmoon/yax_jeju/install/ublox_msgs/include/ublox_msgs/ublox_msgs/msg/detail/nav_att__rosidl_typesupport_introspection_cpp.hpp\n'}
[67.661334] (ublox_msgs) StdoutLine: {'line': b'-- Symlinking: /home/jsmoon/yax_jeju/install/ublox_msgs/include/ublox_msgs/ublox_msgs/msg/detail/nav_clock__rosidl_typesupport_introspection_cpp.hpp\n'}
[67.668697] (ublox_msgs) StdoutLine: {'line': b'-- Symlinking: /home/jsmoon/yax_jeju/install/ublox_msgs/include/ublox_msgs/ublox_msgs/msg/detail/nav_dgps__rosidl_typesupport_introspection_cpp.hpp\n'}
[67.675917] (ublox_msgs) StdoutLine: {'line': b'-- Symlinking: /home/jsmoon/yax_jeju/install/ublox_msgs/include/ublox_msgs/ublox_msgs/msg/detail/nav_dgpssv__rosidl_typesupport_introspection_cpp.hpp\n'}
[67.683548] (ublox_msgs) StdoutLine: {'line': b'-- Symlinking: /home/jsmoon/yax_jeju/install/ublox_msgs/include/ublox_msgs/ublox_msgs/msg/detail/nav_dop__rosidl_typesupport_introspection_cpp.hpp\n'}
[67.692069] (ublox_msgs) StdoutLine: {'line': b'-- Symlinking: /home/jsmoon/yax_jeju/install/ublox_msgs/include/ublox_msgs/ublox_msgs/msg/detail/nav_posecef__rosidl_typesupport_introspection_cpp.hpp\n'}
[67.699013] (ublox_msgs) StdoutLine: {'line': b'-- Symlinking: /home/jsmoon/yax_jeju/install/ublox_msgs/include/ublox_msgs/ublox_msgs/msg/detail/nav_posllh__rosidl_typesupport_introspection_cpp.hpp\n'}
[67.704511] (-) TimerEvent: {}
[67.707484] (ublox_msgs) StdoutLine: {'line': b'-- Symlinking: /home/jsmoon/yax_jeju/install/ublox_msgs/include/ublox_msgs/ublox_msgs/msg/detail/nav_pvt7__rosidl_typesupport_introspection_cpp.hpp\n'}
[67.715459] (ublox_msgs) StdoutLine: {'line': b'-- Symlinking: /home/jsmoon/yax_jeju/install/ublox_msgs/include/ublox_msgs/ublox_msgs/msg/detail/nav_pvt__rosidl_typesupport_introspection_cpp.hpp\n'}
[67.723618] (ublox_msgs) StdoutLine: {'line': b'-- Symlinking: /home/jsmoon/yax_jeju/install/ublox_msgs/include/ublox_msgs/ublox_msgs/msg/detail/nav_relposned9__rosidl_typesupport_introspection_cpp.hpp\n'}
[67.733854] (ublox_msgs) StdoutLine: {'line': b'-- Symlinking: /home/jsmoon/yax_jeju/install/ublox_msgs/include/ublox_msgs/ublox_msgs/msg/detail/nav_relposned__rosidl_typesupport_introspection_cpp.hpp\n'}
[67.741519] (ublox_msgs) StdoutLine: {'line': b'-- Symlinking: /home/jsmoon/yax_jeju/install/ublox_msgs/include/ublox_msgs/ublox_msgs/msg/detail/nav_sat__rosidl_typesupport_introspection_cpp.hpp\n'}
[67.749488] (ublox_msgs) StdoutLine: {'line': b'-- Symlinking: /home/jsmoon/yax_jeju/install/ublox_msgs/include/ublox_msgs/ublox_msgs/msg/detail/nav_satsv__rosidl_typesupport_introspection_cpp.hpp\n'}
[67.757458] (ublox_msgs) StdoutLine: {'line': b'-- Symlinking: /home/jsmoon/yax_jeju/install/ublox_msgs/include/ublox_msgs/ublox_msgs/msg/detail/nav_sbas__rosidl_typesupport_introspection_cpp.hpp\n'}
[67.764990] (ublox_msgs) StdoutLine: {'line': b'-- Symlinking: /home/jsmoon/yax_jeju/install/ublox_msgs/include/ublox_msgs/ublox_msgs/msg/detail/nav_sbassv__rosidl_typesupport_introspection_cpp.hpp\n'}
[67.773388] (ublox_msgs) StdoutLine: {'line': b'-- Symlinking: /home/jsmoon/yax_jeju/install/ublox_msgs/include/ublox_msgs/ublox_msgs/msg/detail/nav_sol__rosidl_typesupport_introspection_cpp.hpp\n'}
[67.780727] (ublox_msgs) StdoutLine: {'line': b'-- Symlinking: /home/jsmoon/yax_jeju/install/ublox_msgs/include/ublox_msgs/ublox_msgs/msg/detail/nav_status__rosidl_typesupport_introspection_cpp.hpp\n'}
[67.789236] (ublox_msgs) StdoutLine: {'line': b'-- Symlinking: /home/jsmoon/yax_jeju/install/ublox_msgs/include/ublox_msgs/ublox_msgs/msg/detail/nav_svin__rosidl_typesupport_introspection_cpp.hpp\n'}
[67.796582] (ublox_msgs) StdoutLine: {'line': b'-- Symlinking: /home/jsmoon/yax_jeju/install/ublox_msgs/include/ublox_msgs/ublox_msgs/msg/detail/nav_svinfo__rosidl_typesupport_introspection_cpp.hpp\n'}
[67.804613] (-) TimerEvent: {}
[67.804812] (ublox_msgs) StdoutLine: {'line': b'-- Symlinking: /home/jsmoon/yax_jeju/install/ublox_msgs/include/ublox_msgs/ublox_msgs/msg/detail/nav_svinfosv__rosidl_typesupport_introspection_cpp.hpp\n'}
[67.813372] (ublox_msgs) StdoutLine: {'line': b'-- Symlinking: /home/jsmoon/yax_jeju/install/ublox_msgs/include/ublox_msgs/ublox_msgs/msg/detail/nav_timegps__rosidl_typesupport_introspection_cpp.hpp\n'}
[67.821750] (ublox_msgs) StdoutLine: {'line': b'-- Symlinking: /home/jsmoon/yax_jeju/install/ublox_msgs/include/ublox_msgs/ublox_msgs/msg/detail/nav_timeutc__rosidl_typesupport_introspection_cpp.hpp\n'}
[67.829109] (ublox_msgs) StdoutLine: {'line': b'-- Symlinking: /home/jsmoon/yax_jeju/install/ublox_msgs/include/ublox_msgs/ublox_msgs/msg/detail/nav_velecef__rosidl_typesupport_introspection_cpp.hpp\n'}
[67.839409] (ublox_msgs) StdoutLine: {'line': b'-- Symlinking: /home/jsmoon/yax_jeju/install/ublox_msgs/include/ublox_msgs/ublox_msgs/msg/detail/nav_velned__rosidl_typesupport_introspection_cpp.hpp\n'}
[67.847866] (ublox_msgs) StdoutLine: {'line': b'-- Symlinking: /home/jsmoon/yax_jeju/install/ublox_msgs/include/ublox_msgs/ublox_msgs/msg/detail/rxm_alm__rosidl_typesupport_introspection_cpp.hpp\n'}
[67.855511] (ublox_msgs) StdoutLine: {'line': b'-- Symlinking: /home/jsmoon/yax_jeju/install/ublox_msgs/include/ublox_msgs/ublox_msgs/msg/detail/rxm_eph__rosidl_typesupport_introspection_cpp.hpp\n'}
[67.862878] (ublox_msgs) StdoutLine: {'line': b'-- Symlinking: /home/jsmoon/yax_jeju/install/ublox_msgs/include/ublox_msgs/ublox_msgs/msg/detail/rxm_raw__rosidl_typesupport_introspection_cpp.hpp\n'}
[67.870811] (ublox_msgs) StdoutLine: {'line': b'-- Symlinking: /home/jsmoon/yax_jeju/install/ublox_msgs/include/ublox_msgs/ublox_msgs/msg/detail/rxm_rawsv__rosidl_typesupport_introspection_cpp.hpp\n'}
[67.880506] (ublox_msgs) StdoutLine: {'line': b'-- Symlinking: /home/jsmoon/yax_jeju/install/ublox_msgs/include/ublox_msgs/ublox_msgs/msg/detail/rxm_rawx__rosidl_typesupport_introspection_cpp.hpp\n'}
[67.888060] (ublox_msgs) StdoutLine: {'line': b'-- Symlinking: /home/jsmoon/yax_jeju/install/ublox_msgs/include/ublox_msgs/ublox_msgs/msg/detail/rxm_rawx_meas__rosidl_typesupport_introspection_cpp.hpp\n'}
[67.896074] (ublox_msgs) StdoutLine: {'line': b'-- Symlinking: /home/jsmoon/yax_jeju/install/ublox_msgs/include/ublox_msgs/ublox_msgs/msg/detail/rxm_rtcm__rosidl_typesupport_introspection_cpp.hpp\n'}
[67.903058] (ublox_msgs) StdoutLine: {'line': b'-- Symlinking: /home/jsmoon/yax_jeju/install/ublox_msgs/include/ublox_msgs/ublox_msgs/msg/detail/rxm_sfrb__rosidl_typesupport_introspection_cpp.hpp\n'}
[67.904690] (-) TimerEvent: {}
[67.910535] (ublox_msgs) StdoutLine: {'line': b'-- Symlinking: /home/jsmoon/yax_jeju/install/ublox_msgs/include/ublox_msgs/ublox_msgs/msg/detail/rxm_sfrbx__rosidl_typesupport_introspection_cpp.hpp\n'}
[67.919116] (ublox_msgs) StdoutLine: {'line': b'-- Symlinking: /home/jsmoon/yax_jeju/install/ublox_msgs/include/ublox_msgs/ublox_msgs/msg/detail/rxm_svsi__rosidl_typesupport_introspection_cpp.hpp\n'}
[67.927074] (ublox_msgs) StdoutLine: {'line': b'-- Symlinking: /home/jsmoon/yax_jeju/install/ublox_msgs/include/ublox_msgs/ublox_msgs/msg/detail/rxm_svsisv__rosidl_typesupport_introspection_cpp.hpp\n'}
[67.936695] (ublox_msgs) StdoutLine: {'line': b'-- Symlinking: /home/jsmoon/yax_jeju/install/ublox_msgs/include/ublox_msgs/ublox_msgs/msg/detail/tim_tm2__rosidl_typesupport_introspection_cpp.hpp\n'}
[67.944369] (ublox_msgs) StdoutLine: {'line': b'-- Symlinking: /home/jsmoon/yax_jeju/install/ublox_msgs/include/ublox_msgs/ublox_msgs/msg/detail/upd_sos__rosidl_typesupport_introspection_cpp.hpp\n'}
[67.951090] (ublox_msgs) StdoutLine: {'line': b'-- Symlinking: /home/jsmoon/yax_jeju/install/ublox_msgs/include/ublox_msgs/ublox_msgs/msg/detail/upd_sos_ack__rosidl_typesupport_introspection_cpp.hpp\n'}
[67.959162] (ublox_msgs) StdoutLine: {'line': b'-- Symlinking: /home/jsmoon/yax_jeju/install/ublox_msgs/share/ublox_msgs/environment/pythonpath.sh\n'}
[67.967636] (ublox_msgs) StdoutLine: {'line': b'-- Symlinking: /home/jsmoon/yax_jeju/install/ublox_msgs/share/ublox_msgs/environment/pythonpath.dsv\n'}
[67.976485] (ublox_msgs) StdoutLine: {'line': b'-- Symlinking: /home/jsmoon/yax_jeju/install/ublox_msgs/local/lib/python3.10/dist-packages/ublox_msgs-2.3.0-py3.10.egg-info/PKG-INFO\n'}
[67.983759] (ublox_msgs) StdoutLine: {'line': b'-- Symlinking: /home/jsmoon/yax_jeju/install/ublox_msgs/local/lib/python3.10/dist-packages/ublox_msgs-2.3.0-py3.10.egg-info/SOURCES.txt\n'}
[67.990846] (ublox_msgs) StdoutLine: {'line': b'-- Symlinking: /home/jsmoon/yax_jeju/install/ublox_msgs/local/lib/python3.10/dist-packages/ublox_msgs-2.3.0-py3.10.egg-info/dependency_links.txt\n'}
[67.998467] (ublox_msgs) StdoutLine: {'line': b'-- Symlinking: /home/jsmoon/yax_jeju/install/ublox_msgs/local/lib/python3.10/dist-packages/ublox_msgs-2.3.0-py3.10.egg-info/top_level.txt\n'}
[68.004803] (-) TimerEvent: {}
[68.007735] (ublox_msgs) StdoutLine: {'line': b'-- Symlinking: /home/jsmoon/yax_jeju/install/ublox_msgs/local/lib/python3.10/dist-packages/ublox_msgs/__init__.py\n'}
[68.014749] (ublox_msgs) StdoutLine: {'line': b'-- Symlinking: /home/jsmoon/yax_jeju/install/ublox_msgs/local/lib/python3.10/dist-packages/ublox_msgs/_ublox_msgs_s.ep.rosidl_typesupport_c.c\n'}
[68.021109] (ublox_msgs) StdoutLine: {'line': b'-- Symlinking: /home/jsmoon/yax_jeju/install/ublox_msgs/local/lib/python3.10/dist-packages/ublox_msgs/_ublox_msgs_s.ep.rosidl_typesupport_fastrtps_c.c\n'}
[68.027300] (ublox_msgs) StdoutLine: {'line': b'-- Symlinking: /home/jsmoon/yax_jeju/install/ublox_msgs/local/lib/python3.10/dist-packages/ublox_msgs/_ublox_msgs_s.ep.rosidl_typesupport_introspection_c.c\n'}
[68.035945] (ublox_msgs) StdoutLine: {'line': b'-- Symlinking: /home/jsmoon/yax_jeju/install/ublox_msgs/local/lib/python3.10/dist-packages/ublox_msgs/libublox_msgs__rosidl_generator_py.so\n'}
[68.043259] (ublox_msgs) StdoutLine: {'line': b'-- Symlinking: /home/jsmoon/yax_jeju/install/ublox_msgs/local/lib/python3.10/dist-packages/ublox_msgs/msg/__init__.py\n'}
[68.050862] (ublox_msgs) StdoutLine: {'line': b'-- Symlinking: /home/jsmoon/yax_jeju/install/ublox_msgs/local/lib/python3.10/dist-packages/ublox_msgs/msg/_ack.py\n'}
[68.059390] (ublox_msgs) StdoutLine: {'line': b'-- Symlinking: /home/jsmoon/yax_jeju/install/ublox_msgs/local/lib/python3.10/dist-packages/ublox_msgs/msg/_ack_s.c\n'}
[68.066552] (ublox_msgs) StdoutLine: {'line': b'-- Symlinking: /home/jsmoon/yax_jeju/install/ublox_msgs/local/lib/python3.10/dist-packages/ublox_msgs/msg/_aid_alm.py\n'}
[68.074560] (ublox_msgs) StdoutLine: {'line': b'-- Symlinking: /home/jsmoon/yax_jeju/install/ublox_msgs/local/lib/python3.10/dist-packages/ublox_msgs/msg/_aid_alm_s.c\n'}
[68.084396] (ublox_msgs) StdoutLine: {'line': b'-- Symlinking: /home/jsmoon/yax_jeju/install/ublox_msgs/local/lib/python3.10/dist-packages/ublox_msgs/msg/_aid_eph.py\n'}
[68.092459] (ublox_msgs) StdoutLine: {'line': b'-- Symlinking: /home/jsmoon/yax_jeju/install/ublox_msgs/local/lib/python3.10/dist-packages/ublox_msgs/msg/_aid_eph_s.c\n'}
[68.099266] (ublox_msgs) StdoutLine: {'line': b'-- Symlinking: /home/jsmoon/yax_jeju/install/ublox_msgs/local/lib/python3.10/dist-packages/ublox_msgs/msg/_aid_hui.py\n'}
[68.104914] (-) TimerEvent: {}
[68.107411] (ublox_msgs) StdoutLine: {'line': b'-- Symlinking: /home/jsmoon/yax_jeju/install/ublox_msgs/local/lib/python3.10/dist-packages/ublox_msgs/msg/_aid_hui_s.c\n'}
[68.114675] (ublox_msgs) StdoutLine: {'line': b'-- Symlinking: /home/jsmoon/yax_jeju/install/ublox_msgs/local/lib/python3.10/dist-packages/ublox_msgs/msg/_cfg_ant.py\n'}
[68.123249] (ublox_msgs) StdoutLine: {'line': b'-- Symlinking: /home/jsmoon/yax_jeju/install/ublox_msgs/local/lib/python3.10/dist-packages/ublox_msgs/msg/_cfg_ant_s.c\n'}
[68.131068] (ublox_msgs) StdoutLine: {'line': b'-- Symlinking: /home/jsmoon/yax_jeju/install/ublox_msgs/local/lib/python3.10/dist-packages/ublox_msgs/msg/_cfg_cfg.py\n'}
[68.139985] (ublox_msgs) StdoutLine: {'line': b'-- Symlinking: /home/jsmoon/yax_jeju/install/ublox_msgs/local/lib/python3.10/dist-packages/ublox_msgs/msg/_cfg_cfg_s.c\n'}
[68.147989] (ublox_msgs) StdoutLine: {'line': b'-- Symlinking: /home/jsmoon/yax_jeju/install/ublox_msgs/local/lib/python3.10/dist-packages/ublox_msgs/msg/_cfg_dat.py\n'}
[68.155819] (ublox_msgs) StdoutLine: {'line': b'-- Symlinking: /home/jsmoon/yax_jeju/install/ublox_msgs/local/lib/python3.10/dist-packages/ublox_msgs/msg/_cfg_dat_s.c\n'}
[68.162845] (ublox_msgs) StdoutLine: {'line': b'-- Symlinking: /home/jsmoon/yax_jeju/install/ublox_msgs/local/lib/python3.10/dist-packages/ublox_msgs/msg/_cfg_dgnss.py\n'}
[68.171445] (ublox_msgs) StdoutLine: {'line': b'-- Symlinking: /home/jsmoon/yax_jeju/install/ublox_msgs/local/lib/python3.10/dist-packages/ublox_msgs/msg/_cfg_dgnss_s.c\n'}
[68.179104] (ublox_msgs) StdoutLine: {'line': b'-- Symlinking: /home/jsmoon/yax_jeju/install/ublox_msgs/local/lib/python3.10/dist-packages/ublox_msgs/msg/_cfg_gnss.py\n'}
[68.187039] (ublox_msgs) StdoutLine: {'line': b'-- Symlinking: /home/jsmoon/yax_jeju/install/ublox_msgs/local/lib/python3.10/dist-packages/ublox_msgs/msg/_cfg_gnss_block.py\n'}
[68.195095] (ublox_msgs) StdoutLine: {'line': b'-- Symlinking: /home/jsmoon/yax_jeju/install/ublox_msgs/local/lib/python3.10/dist-packages/ublox_msgs/msg/_cfg_gnss_block_s.c\n'}
[68.202413] (ublox_msgs) StdoutLine: {'line': b'-- Symlinking: /home/jsmoon/yax_jeju/install/ublox_msgs/local/lib/python3.10/dist-packages/ublox_msgs/msg/_cfg_gnss_s.c\n'}
[68.205027] (-) TimerEvent: {}
[68.210692] (ublox_msgs) StdoutLine: {'line': b'-- Symlinking: /home/jsmoon/yax_jeju/install/ublox_msgs/local/lib/python3.10/dist-packages/ublox_msgs/msg/_cfg_hnr.py\n'}
[68.218415] (ublox_msgs) StdoutLine: {'line': b'-- Symlinking: /home/jsmoon/yax_jeju/install/ublox_msgs/local/lib/python3.10/dist-packages/ublox_msgs/msg/_cfg_hnr_s.c\n'}
[68.225712] (ublox_msgs) StdoutLine: {'line': b'-- Symlinking: /home/jsmoon/yax_jeju/install/ublox_msgs/local/lib/python3.10/dist-packages/ublox_msgs/msg/_cfg_inf.py\n'}
[68.235572] (ublox_msgs) StdoutLine: {'line': b'-- Symlinking: /home/jsmoon/yax_jeju/install/ublox_msgs/local/lib/python3.10/dist-packages/ublox_msgs/msg/_cfg_inf_block.py\n'}
[68.244728] (ublox_msgs) StdoutLine: {'line': b'-- Symlinking: /home/jsmoon/yax_jeju/install/ublox_msgs/local/lib/python3.10/dist-packages/ublox_msgs/msg/_cfg_inf_block_s.c\n'}
[68.251926] (ublox_msgs) StdoutLine: {'line': b'-- Symlinking: /home/jsmoon/yax_jeju/install/ublox_msgs/local/lib/python3.10/dist-packages/ublox_msgs/msg/_cfg_inf_s.c\n'}
[68.258849] (ublox_msgs) StdoutLine: {'line': b'-- Symlinking: /home/jsmoon/yax_jeju/install/ublox_msgs/local/lib/python3.10/dist-packages/ublox_msgs/msg/_cfg_msg.py\n'}
[68.266597] (ublox_msgs) StdoutLine: {'line': b'-- Symlinking: /home/jsmoon/yax_jeju/install/ublox_msgs/local/lib/python3.10/dist-packages/ublox_msgs/msg/_cfg_msg_s.c\n'}
[68.274177] (ublox_msgs) StdoutLine: {'line': b'-- Symlinking: /home/jsmoon/yax_jeju/install/ublox_msgs/local/lib/python3.10/dist-packages/ublox_msgs/msg/_cfg_nav5.py\n'}
[68.281388] (ublox_msgs) StdoutLine: {'line': b'-- Symlinking: /home/jsmoon/yax_jeju/install/ublox_msgs/local/lib/python3.10/dist-packages/ublox_msgs/msg/_cfg_nav5_s.c\n'}
[68.289861] (ublox_msgs) StdoutLine: {'line': b'-- Symlinking: /home/jsmoon/yax_jeju/install/ublox_msgs/local/lib/python3.10/dist-packages/ublox_msgs/msg/_cfg_navx5.py\n'}
[68.297060] (ublox_msgs) StdoutLine: {'line': b'-- Symlinking: /home/jsmoon/yax_jeju/install/ublox_msgs/local/lib/python3.10/dist-packages/ublox_msgs/msg/_cfg_navx5_s.c\n'}
[68.304528] (ublox_msgs) StdoutLine: {'line': b'-- Symlinking: /home/jsmoon/yax_jeju/install/ublox_msgs/local/lib/python3.10/dist-packages/ublox_msgs/msg/_cfg_nmea.py\n'}
[68.305108] (-) TimerEvent: {}
[68.313357] (ublox_msgs) StdoutLine: {'line': b'-- Symlinking: /home/jsmoon/yax_jeju/install/ublox_msgs/local/lib/python3.10/dist-packages/ublox_msgs/msg/_cfg_nmea6.py\n'}
[68.321460] (ublox_msgs) StdoutLine: {'line': b'-- Symlinking: /home/jsmoon/yax_jeju/install/ublox_msgs/local/lib/python3.10/dist-packages/ublox_msgs/msg/_cfg_nmea6_s.c\n'}
[68.329038] (ublox_msgs) StdoutLine: {'line': b'-- Symlinking: /home/jsmoon/yax_jeju/install/ublox_msgs/local/lib/python3.10/dist-packages/ublox_msgs/msg/_cfg_nmea7.py\n'}
[68.337062] (ublox_msgs) StdoutLine: {'line': b'-- Symlinking: /home/jsmoon/yax_jeju/install/ublox_msgs/local/lib/python3.10/dist-packages/ublox_msgs/msg/_cfg_nmea7_s.c\n'}
[68.344686] (ublox_msgs) StdoutLine: {'line': b'-- Symlinking: /home/jsmoon/yax_jeju/install/ublox_msgs/local/lib/python3.10/dist-packages/ublox_msgs/msg/_cfg_nmea_s.c\n'}
[68.351913] (ublox_msgs) StdoutLine: {'line': b'-- Symlinking: /home/jsmoon/yax_jeju/install/ublox_msgs/local/lib/python3.10/dist-packages/ublox_msgs/msg/_cfg_prt.py\n'}
[68.359646] (ublox_msgs) StdoutLine: {'line': b'-- Symlinking: /home/jsmoon/yax_jeju/install/ublox_msgs/local/lib/python3.10/dist-packages/ublox_msgs/msg/_cfg_prt_s.c\n'}
[68.368067] (ublox_msgs) StdoutLine: {'line': b'-- Symlinking: /home/jsmoon/yax_jeju/install/ublox_msgs/local/lib/python3.10/dist-packages/ublox_msgs/msg/_cfg_rate.py\n'}
[68.376362] (ublox_msgs) StdoutLine: {'line': b'-- Symlinking: /home/jsmoon/yax_jeju/install/ublox_msgs/local/lib/python3.10/dist-packages/ublox_msgs/msg/_cfg_rate_s.c\n'}
[68.384493] (ublox_msgs) StdoutLine: {'line': b'-- Symlinking: /home/jsmoon/yax_jeju/install/ublox_msgs/local/lib/python3.10/dist-packages/ublox_msgs/msg/_cfg_rst.py\n'}
[68.392017] (ublox_msgs) StdoutLine: {'line': b'-- Symlinking: /home/jsmoon/yax_jeju/install/ublox_msgs/local/lib/python3.10/dist-packages/ublox_msgs/msg/_cfg_rst_s.c\n'}
[68.400114] (ublox_msgs) StdoutLine: {'line': b'-- Symlinking: /home/jsmoon/yax_jeju/install/ublox_msgs/local/lib/python3.10/dist-packages/ublox_msgs/msg/_cfg_sbas.py\n'}
[68.405222] (-) TimerEvent: {}
[68.406917] (ublox_msgs) StdoutLine: {'line': b'-- Symlinking: /home/jsmoon/yax_jeju/install/ublox_msgs/local/lib/python3.10/dist-packages/ublox_msgs/msg/_cfg_sbas_s.c\n'}
[68.416360] (ublox_msgs) StdoutLine: {'line': b'-- Symlinking: /home/jsmoon/yax_jeju/install/ublox_msgs/local/lib/python3.10/dist-packages/ublox_msgs/msg/_cfg_tmode3.py\n'}
[68.423640] (ublox_msgs) StdoutLine: {'line': b'-- Symlinking: /home/jsmoon/yax_jeju/install/ublox_msgs/local/lib/python3.10/dist-packages/ublox_msgs/msg/_cfg_tmode3_s.c\n'}
[68.431882] (ublox_msgs) StdoutLine: {'line': b'-- Symlinking: /home/jsmoon/yax_jeju/install/ublox_msgs/local/lib/python3.10/dist-packages/ublox_msgs/msg/_cfg_usb.py\n'}
[68.441253] (ublox_msgs) StdoutLine: {'line': b'-- Symlinking: /home/jsmoon/yax_jeju/install/ublox_msgs/local/lib/python3.10/dist-packages/ublox_msgs/msg/_cfg_usb_s.c\n'}
[68.448312] (ublox_msgs) StdoutLine: {'line': b'-- Symlinking: /home/jsmoon/yax_jeju/install/ublox_msgs/local/lib/python3.10/dist-packages/ublox_msgs/msg/_esf_ins.py\n'}
[68.456046] (ublox_msgs) StdoutLine: {'line': b'-- Symlinking: /home/jsmoon/yax_jeju/install/ublox_msgs/local/lib/python3.10/dist-packages/ublox_msgs/msg/_esf_ins_s.c\n'}
[68.463938] (ublox_msgs) StdoutLine: {'line': b'-- Symlinking: /home/jsmoon/yax_jeju/install/ublox_msgs/local/lib/python3.10/dist-packages/ublox_msgs/msg/_esf_meas.py\n'}
[68.471426] (ublox_msgs) StdoutLine: {'line': b'-- Symlinking: /home/jsmoon/yax_jeju/install/ublox_msgs/local/lib/python3.10/dist-packages/ublox_msgs/msg/_esf_meas_s.c\n'}
[68.479488] (ublox_msgs) StdoutLine: {'line': b'-- Symlinking: /home/jsmoon/yax_jeju/install/ublox_msgs/local/lib/python3.10/dist-packages/ublox_msgs/msg/_esf_raw.py\n'}
[68.487073] (ublox_msgs) StdoutLine: {'line': b'-- Symlinking: /home/jsmoon/yax_jeju/install/ublox_msgs/local/lib/python3.10/dist-packages/ublox_msgs/msg/_esf_raw_block.py\n'}
[68.495018] (ublox_msgs) StdoutLine: {'line': b'-- Symlinking: /home/jsmoon/yax_jeju/install/ublox_msgs/local/lib/python3.10/dist-packages/ublox_msgs/msg/_esf_raw_block_s.c\n'}
[68.503254] (ublox_msgs) StdoutLine: {'line': b'-- Symlinking: /home/jsmoon/yax_jeju/install/ublox_msgs/local/lib/python3.10/dist-packages/ublox_msgs/msg/_esf_raw_s.c\n'}
[68.505301] (-) TimerEvent: {}
[68.511717] (ublox_msgs) StdoutLine: {'line': b'-- Symlinking: /home/jsmoon/yax_jeju/install/ublox_msgs/local/lib/python3.10/dist-packages/ublox_msgs/msg/_esf_status.py\n'}
[68.518853] (ublox_msgs) StdoutLine: {'line': b'-- Symlinking: /home/jsmoon/yax_jeju/install/ublox_msgs/local/lib/python3.10/dist-packages/ublox_msgs/msg/_esf_status_s.c\n'}
[68.526946] (ublox_msgs) StdoutLine: {'line': b'-- Symlinking: /home/jsmoon/yax_jeju/install/ublox_msgs/local/lib/python3.10/dist-packages/ublox_msgs/msg/_esf_status_sens.py\n'}
[68.536102] (ublox_msgs) StdoutLine: {'line': b'-- Symlinking: /home/jsmoon/yax_jeju/install/ublox_msgs/local/lib/python3.10/dist-packages/ublox_msgs/msg/_esf_status_sens_s.c\n'}
[68.545348] (ublox_msgs) StdoutLine: {'line': b'-- Symlinking: /home/jsmoon/yax_jeju/install/ublox_msgs/local/lib/python3.10/dist-packages/ublox_msgs/msg/_hnr_pvt.py\n'}
[68.554106] (ublox_msgs) StdoutLine: {'line': b'-- Symlinking: /home/jsmoon/yax_jeju/install/ublox_msgs/local/lib/python3.10/dist-packages/ublox_msgs/msg/_hnr_pvt_s.c\n'}
[68.563572] (ublox_msgs) StdoutLine: {'line': b'-- Symlinking: /home/jsmoon/yax_jeju/install/ublox_msgs/local/lib/python3.10/dist-packages/ublox_msgs/msg/_inf.py\n'}
[68.571243] (ublox_msgs) StdoutLine: {'line': b'-- Symlinking: /home/jsmoon/yax_jeju/install/ublox_msgs/local/lib/python3.10/dist-packages/ublox_msgs/msg/_inf_s.c\n'}
[68.579667] (ublox_msgs) StdoutLine: {'line': b'-- Symlinking: /home/jsmoon/yax_jeju/install/ublox_msgs/local/lib/python3.10/dist-packages/ublox_msgs/msg/_mga_gal.py\n'}
[68.587684] (ublox_msgs) StdoutLine: {'line': b'-- Symlinking: /home/jsmoon/yax_jeju/install/ublox_msgs/local/lib/python3.10/dist-packages/ublox_msgs/msg/_mga_gal_s.c\n'}
[68.596005] (ublox_msgs) StdoutLine: {'line': b'-- Symlinking: /home/jsmoon/yax_jeju/install/ublox_msgs/local/lib/python3.10/dist-packages/ublox_msgs/msg/_mon_gnss.py\n'}
[68.603546] (ublox_msgs) StdoutLine: {'line': b'-- Symlinking: /home/jsmoon/yax_jeju/install/ublox_msgs/local/lib/python3.10/dist-packages/ublox_msgs/msg/_mon_gnss_s.c\n'}
[68.605410] (-) TimerEvent: {}
[68.612157] (ublox_msgs) StdoutLine: {'line': b'-- Symlinking: /home/jsmoon/yax_jeju/install/ublox_msgs/local/lib/python3.10/dist-packages/ublox_msgs/msg/_mon_hw.py\n'}
[68.619189] (ublox_msgs) StdoutLine: {'line': b'-- Symlinking: /home/jsmoon/yax_jeju/install/ublox_msgs/local/lib/python3.10/dist-packages/ublox_msgs/msg/_mon_hw6.py\n'}
[68.627482] (ublox_msgs) StdoutLine: {'line': b'-- Symlinking: /home/jsmoon/yax_jeju/install/ublox_msgs/local/lib/python3.10/dist-packages/ublox_msgs/msg/_mon_hw6_s.c\n'}
[68.637603] (ublox_msgs) StdoutLine: {'line': b'-- Symlinking: /home/jsmoon/yax_jeju/install/ublox_msgs/local/lib/python3.10/dist-packages/ublox_msgs/msg/_mon_hw_s.c\n'}
[68.645548] (ublox_msgs) StdoutLine: {'line': b'-- Symlinking: /home/jsmoon/yax_jeju/install/ublox_msgs/local/lib/python3.10/dist-packages/ublox_msgs/msg/_mon_ver.py\n'}
[68.653013] (ublox_msgs) StdoutLine: {'line': b'-- Symlinking: /home/jsmoon/yax_jeju/install/ublox_msgs/local/lib/python3.10/dist-packages/ublox_msgs/msg/_mon_ver_extension.py\n'}
[68.660839] (ublox_msgs) StdoutLine: {'line': b'-- Symlinking: /home/jsmoon/yax_jeju/install/ublox_msgs/local/lib/python3.10/dist-packages/ublox_msgs/msg/_mon_ver_extension_s.c\n'}
[68.668490] (ublox_msgs) StdoutLine: {'line': b'-- Symlinking: /home/jsmoon/yax_jeju/install/ublox_msgs/local/lib/python3.10/dist-packages/ublox_msgs/msg/_mon_ver_s.c\n'}
[68.677015] (ublox_msgs) StdoutLine: {'line': b'-- Symlinking: /home/jsmoon/yax_jeju/install/ublox_msgs/local/lib/python3.10/dist-packages/ublox_msgs/msg/_nav_att.py\n'}
[68.683819] (ublox_msgs) StdoutLine: {'line': b'-- Symlinking: /home/jsmoon/yax_jeju/install/ublox_msgs/local/lib/python3.10/dist-packages/ublox_msgs/msg/_nav_att_s.c\n'}
[68.690736] (ublox_msgs) StdoutLine: {'line': b'-- Symlinking: /home/jsmoon/yax_jeju/install/ublox_msgs/local/lib/python3.10/dist-packages/ublox_msgs/msg/_nav_clock.py\n'}
[68.698980] (ublox_msgs) StdoutLine: {'line': b'-- Symlinking: /home/jsmoon/yax_jeju/install/ublox_msgs/local/lib/python3.10/dist-packages/ublox_msgs/msg/_nav_clock_s.c\n'}
[68.705516] (-) TimerEvent: {}
[68.705965] (ublox_msgs) StdoutLine: {'line': b'-- Symlinking: /home/jsmoon/yax_jeju/install/ublox_msgs/local/lib/python3.10/dist-packages/ublox_msgs/msg/_nav_dgps.py\n'}
[68.714112] (ublox_msgs) StdoutLine: {'line': b'-- Symlinking: /home/jsmoon/yax_jeju/install/ublox_msgs/local/lib/python3.10/dist-packages/ublox_msgs/msg/_nav_dgps_s.c\n'}
[68.722453] (ublox_msgs) StdoutLine: {'line': b'-- Symlinking: /home/jsmoon/yax_jeju/install/ublox_msgs/local/lib/python3.10/dist-packages/ublox_msgs/msg/_nav_dgpssv.py\n'}
[68.729066] (ublox_msgs) StdoutLine: {'line': b'-- Symlinking: /home/jsmoon/yax_jeju/install/ublox_msgs/local/lib/python3.10/dist-packages/ublox_msgs/msg/_nav_dgpssv_s.c\n'}
[68.740152] (ublox_msgs) StdoutLine: {'line': b'-- Symlinking: /home/jsmoon/yax_jeju/install/ublox_msgs/local/lib/python3.10/dist-packages/ublox_msgs/msg/_nav_dop.py\n'}
[68.748170] (ublox_msgs) StdoutLine: {'line': b'-- Symlinking: /home/jsmoon/yax_jeju/install/ublox_msgs/local/lib/python3.10/dist-packages/ublox_msgs/msg/_nav_dop_s.c\n'}
[68.755157] (ublox_msgs) StdoutLine: {'line': b'-- Symlinking: /home/jsmoon/yax_jeju/install/ublox_msgs/local/lib/python3.10/dist-packages/ublox_msgs/msg/_nav_posecef.py\n'}
[68.762835] (ublox_msgs) StdoutLine: {'line': b'-- Symlinking: /home/jsmoon/yax_jeju/install/ublox_msgs/local/lib/python3.10/dist-packages/ublox_msgs/msg/_nav_posecef_s.c\n'}
[68.771516] (ublox_msgs) StdoutLine: {'line': b'-- Symlinking: /home/jsmoon/yax_jeju/install/ublox_msgs/local/lib/python3.10/dist-packages/ublox_msgs/msg/_nav_posllh.py\n'}
[68.779921] (ublox_msgs) StdoutLine: {'line': b'-- Symlinking: /home/jsmoon/yax_jeju/install/ublox_msgs/local/lib/python3.10/dist-packages/ublox_msgs/msg/_nav_posllh_s.c\n'}
[68.787047] (ublox_msgs) StdoutLine: {'line': b'-- Symlinking: /home/jsmoon/yax_jeju/install/ublox_msgs/local/lib/python3.10/dist-packages/ublox_msgs/msg/_nav_pvt.py\n'}
[68.795186] (ublox_msgs) StdoutLine: {'line': b'-- Symlinking: /home/jsmoon/yax_jeju/install/ublox_msgs/local/lib/python3.10/dist-packages/ublox_msgs/msg/_nav_pvt7.py\n'}
[68.802688] (ublox_msgs) StdoutLine: {'line': b'-- Symlinking: /home/jsmoon/yax_jeju/install/ublox_msgs/local/lib/python3.10/dist-packages/ublox_msgs/msg/_nav_pvt7_s.c\n'}
[68.805619] (-) TimerEvent: {}
[68.809332] (ublox_msgs) StdoutLine: {'line': b'-- Symlinking: /home/jsmoon/yax_jeju/install/ublox_msgs/local/lib/python3.10/dist-packages/ublox_msgs/msg/_nav_pvt_s.c\n'}
[68.816358] (ublox_msgs) StdoutLine: {'line': b'-- Symlinking: /home/jsmoon/yax_jeju/install/ublox_msgs/local/lib/python3.10/dist-packages/ublox_msgs/msg/_nav_relposned.py\n'}
[68.824142] (ublox_msgs) StdoutLine: {'line': b'-- Symlinking: /home/jsmoon/yax_jeju/install/ublox_msgs/local/lib/python3.10/dist-packages/ublox_msgs/msg/_nav_relposned9.py\n'}
[68.831767] (ublox_msgs) StdoutLine: {'line': b'-- Symlinking: /home/jsmoon/yax_jeju/install/ublox_msgs/local/lib/python3.10/dist-packages/ublox_msgs/msg/_nav_relposned9_s.c\n'}
[68.841579] (ublox_msgs) StdoutLine: {'line': b'-- Symlinking: /home/jsmoon/yax_jeju/install/ublox_msgs/local/lib/python3.10/dist-packages/ublox_msgs/msg/_nav_relposned_s.c\n'}
[68.848719] (ublox_msgs) StdoutLine: {'line': b'-- Symlinking: /home/jsmoon/yax_jeju/install/ublox_msgs/local/lib/python3.10/dist-packages/ublox_msgs/msg/_nav_sat.py\n'}
[68.857106] (ublox_msgs) StdoutLine: {'line': b'-- Symlinking: /home/jsmoon/yax_jeju/install/ublox_msgs/local/lib/python3.10/dist-packages/ublox_msgs/msg/_nav_sat_s.c\n'}
[68.864304] (ublox_msgs) StdoutLine: {'line': b'-- Symlinking: /home/jsmoon/yax_jeju/install/ublox_msgs/local/lib/python3.10/dist-packages/ublox_msgs/msg/_nav_satsv.py\n'}
[68.872765] (ublox_msgs) StdoutLine: {'line': b'-- Symlinking: /home/jsmoon/yax_jeju/install/ublox_msgs/local/lib/python3.10/dist-packages/ublox_msgs/msg/_nav_satsv_s.c\n'}
[68.879867] (ublox_msgs) StdoutLine: {'line': b'-- Symlinking: /home/jsmoon/yax_jeju/install/ublox_msgs/local/lib/python3.10/dist-packages/ublox_msgs/msg/_nav_sbas.py\n'}
[68.887400] (ublox_msgs) StdoutLine: {'line': b'-- Symlinking: /home/jsmoon/yax_jeju/install/ublox_msgs/local/lib/python3.10/dist-packages/ublox_msgs/msg/_nav_sbas_s.c\n'}
[68.895386] (ublox_msgs) StdoutLine: {'line': b'-- Symlinking: /home/jsmoon/yax_jeju/install/ublox_msgs/local/lib/python3.10/dist-packages/ublox_msgs/msg/_nav_sbassv.py\n'}
[68.903273] (ublox_msgs) StdoutLine: {'line': b'-- Symlinking: /home/jsmoon/yax_jeju/install/ublox_msgs/local/lib/python3.10/dist-packages/ublox_msgs/msg/_nav_sbassv_s.c\n'}
[68.905723] (-) TimerEvent: {}
[68.911640] (ublox_msgs) StdoutLine: {'line': b'-- Symlinking: /home/jsmoon/yax_jeju/install/ublox_msgs/local/lib/python3.10/dist-packages/ublox_msgs/msg/_nav_sol.py\n'}
[68.920440] (ublox_msgs) StdoutLine: {'line': b'-- Symlinking: /home/jsmoon/yax_jeju/install/ublox_msgs/local/lib/python3.10/dist-packages/ublox_msgs/msg/_nav_sol_s.c\n'}
[68.927600] (ublox_msgs) StdoutLine: {'line': b'-- Symlinking: /home/jsmoon/yax_jeju/install/ublox_msgs/local/lib/python3.10/dist-packages/ublox_msgs/msg/_nav_status.py\n'}
[68.937014] (ublox_msgs) StdoutLine: {'line': b'-- Symlinking: /home/jsmoon/yax_jeju/install/ublox_msgs/local/lib/python3.10/dist-packages/ublox_msgs/msg/_nav_status_s.c\n'}
[68.945298] (ublox_msgs) StdoutLine: {'line': b'-- Symlinking: /home/jsmoon/yax_jeju/install/ublox_msgs/local/lib/python3.10/dist-packages/ublox_msgs/msg/_nav_svin.py\n'}
[68.953521] (ublox_msgs) StdoutLine: {'line': b'-- Symlinking: /home/jsmoon/yax_jeju/install/ublox_msgs/local/lib/python3.10/dist-packages/ublox_msgs/msg/_nav_svin_s.c\n'}
[68.961849] (ublox_msgs) StdoutLine: {'line': b'-- Symlinking: /home/jsmoon/yax_jeju/install/ublox_msgs/local/lib/python3.10/dist-packages/ublox_msgs/msg/_nav_svinfo.py\n'}
[68.969532] (ublox_msgs) StdoutLine: {'line': b'-- Symlinking: /home/jsmoon/yax_jeju/install/ublox_msgs/local/lib/python3.10/dist-packages/ublox_msgs/msg/_nav_svinfo_s.c\n'}
[68.977276] (ublox_msgs) StdoutLine: {'line': b'-- Symlinking: /home/jsmoon/yax_jeju/install/ublox_msgs/local/lib/python3.10/dist-packages/ublox_msgs/msg/_nav_svinfosv.py\n'}
[68.985450] (ublox_msgs) StdoutLine: {'line': b'-- Symlinking: /home/jsmoon/yax_jeju/install/ublox_msgs/local/lib/python3.10/dist-packages/ublox_msgs/msg/_nav_svinfosv_s.c\n'}
[68.992494] (ublox_msgs) StdoutLine: {'line': b'-- Symlinking: /home/jsmoon/yax_jeju/install/ublox_msgs/local/lib/python3.10/dist-packages/ublox_msgs/msg/_nav_timegps.py\n'}
[69.000590] (ublox_msgs) StdoutLine: {'line': b'-- Symlinking: /home/jsmoon/yax_jeju/install/ublox_msgs/local/lib/python3.10/dist-packages/ublox_msgs/msg/_nav_timegps_s.c\n'}
[69.005829] (-) TimerEvent: {}
[69.008625] (ublox_msgs) StdoutLine: {'line': b'-- Symlinking: /home/jsmoon/yax_jeju/install/ublox_msgs/local/lib/python3.10/dist-packages/ublox_msgs/msg/_nav_timeutc.py\n'}
[69.016740] (ublox_msgs) StdoutLine: {'line': b'-- Symlinking: /home/jsmoon/yax_jeju/install/ublox_msgs/local/lib/python3.10/dist-packages/ublox_msgs/msg/_nav_timeutc_s.c\n'}
[69.024384] (ublox_msgs) StdoutLine: {'line': b'-- Symlinking: /home/jsmoon/yax_jeju/install/ublox_msgs/local/lib/python3.10/dist-packages/ublox_msgs/msg/_nav_velecef.py\n'}
[69.032771] (ublox_msgs) StdoutLine: {'line': b'-- Symlinking: /home/jsmoon/yax_jeju/install/ublox_msgs/local/lib/python3.10/dist-packages/ublox_msgs/msg/_nav_velecef_s.c\n'}
[69.041105] (ublox_msgs) StdoutLine: {'line': b'-- Symlinking: /home/jsmoon/yax_jeju/install/ublox_msgs/local/lib/python3.10/dist-packages/ublox_msgs/msg/_nav_velned.py\n'}
[69.049274] (ublox_msgs) StdoutLine: {'line': b'-- Symlinking: /home/jsmoon/yax_jeju/install/ublox_msgs/local/lib/python3.10/dist-packages/ublox_msgs/msg/_nav_velned_s.c\n'}
[69.056687] (ublox_msgs) StdoutLine: {'line': b'-- Symlinking: /home/jsmoon/yax_jeju/install/ublox_msgs/local/lib/python3.10/dist-packages/ublox_msgs/msg/_rxm_alm.py\n'}
[69.064840] (ublox_msgs) StdoutLine: {'line': b'-- Symlinking: /home/jsmoon/yax_jeju/install/ublox_msgs/local/lib/python3.10/dist-packages/ublox_msgs/msg/_rxm_alm_s.c\n'}
[69.073315] (ublox_msgs) StdoutLine: {'line': b'-- Symlinking: /home/jsmoon/yax_jeju/install/ublox_msgs/local/lib/python3.10/dist-packages/ublox_msgs/msg/_rxm_eph.py\n'}
[69.081178] (ublox_msgs) StdoutLine: {'line': b'-- Symlinking: /home/jsmoon/yax_jeju/install/ublox_msgs/local/lib/python3.10/dist-packages/ublox_msgs/msg/_rxm_eph_s.c\n'}
[69.089125] (ublox_msgs) StdoutLine: {'line': b'-- Symlinking: /home/jsmoon/yax_jeju/install/ublox_msgs/local/lib/python3.10/dist-packages/ublox_msgs/msg/_rxm_raw.py\n'}
[69.097103] (ublox_msgs) StdoutLine: {'line': b'-- Symlinking: /home/jsmoon/yax_jeju/install/ublox_msgs/local/lib/python3.10/dist-packages/ublox_msgs/msg/_rxm_raw_s.c\n'}
[69.104561] (ublox_msgs) StdoutLine: {'line': b'-- Symlinking: /home/jsmoon/yax_jeju/install/ublox_msgs/local/lib/python3.10/dist-packages/ublox_msgs/msg/_rxm_rawsv.py\n'}
[69.105910] (-) TimerEvent: {}
[69.112791] (ublox_msgs) StdoutLine: {'line': b'-- Symlinking: /home/jsmoon/yax_jeju/install/ublox_msgs/local/lib/python3.10/dist-packages/ublox_msgs/msg/_rxm_rawsv_s.c\n'}
[69.121027] (ublox_msgs) StdoutLine: {'line': b'-- Symlinking: /home/jsmoon/yax_jeju/install/ublox_msgs/local/lib/python3.10/dist-packages/ublox_msgs/msg/_rxm_rawx.py\n'}
[69.128946] (ublox_msgs) StdoutLine: {'line': b'-- Symlinking: /home/jsmoon/yax_jeju/install/ublox_msgs/local/lib/python3.10/dist-packages/ublox_msgs/msg/_rxm_rawx_meas.py\n'}
[69.139298] (ublox_msgs) StdoutLine: {'line': b'-- Symlinking: /home/jsmoon/yax_jeju/install/ublox_msgs/local/lib/python3.10/dist-packages/ublox_msgs/msg/_rxm_rawx_meas_s.c\n'}
[69.146909] (ublox_msgs) StdoutLine: {'line': b'-- Symlinking: /home/jsmoon/yax_jeju/install/ublox_msgs/local/lib/python3.10/dist-packages/ublox_msgs/msg/_rxm_rawx_s.c\n'}
[69.155252] (ublox_msgs) StdoutLine: {'line': b'-- Symlinking: /home/jsmoon/yax_jeju/install/ublox_msgs/local/lib/python3.10/dist-packages/ublox_msgs/msg/_rxm_rtcm.py\n'}
[69.163779] (ublox_msgs) StdoutLine: {'line': b'-- Symlinking: /home/jsmoon/yax_jeju/install/ublox_msgs/local/lib/python3.10/dist-packages/ublox_msgs/msg/_rxm_rtcm_s.c\n'}
[69.171275] (ublox_msgs) StdoutLine: {'line': b'-- Symlinking: /home/jsmoon/yax_jeju/install/ublox_msgs/local/lib/python3.10/dist-packages/ublox_msgs/msg/_rxm_sfrb.py\n'}
[69.178233] (ublox_msgs) StdoutLine: {'line': b'-- Symlinking: /home/jsmoon/yax_jeju/install/ublox_msgs/local/lib/python3.10/dist-packages/ublox_msgs/msg/_rxm_sfrb_s.c\n'}
[69.185508] (ublox_msgs) StdoutLine: {'line': b'-- Symlinking: /home/jsmoon/yax_jeju/install/ublox_msgs/local/lib/python3.10/dist-packages/ublox_msgs/msg/_rxm_sfrbx.py\n'}
[69.192898] (ublox_msgs) StdoutLine: {'line': b'-- Symlinking: /home/jsmoon/yax_jeju/install/ublox_msgs/local/lib/python3.10/dist-packages/ublox_msgs/msg/_rxm_sfrbx_s.c\n'}
[69.200411] (ublox_msgs) StdoutLine: {'line': b'-- Symlinking: /home/jsmoon/yax_jeju/install/ublox_msgs/local/lib/python3.10/dist-packages/ublox_msgs/msg/_rxm_svsi.py\n'}
[69.206028] (-) TimerEvent: {}
[69.208100] (ublox_msgs) StdoutLine: {'line': b'-- Symlinking: /home/jsmoon/yax_jeju/install/ublox_msgs/local/lib/python3.10/dist-packages/ublox_msgs/msg/_rxm_svsi_s.c\n'}
[69.216147] (ublox_msgs) StdoutLine: {'line': b'-- Symlinking: /home/jsmoon/yax_jeju/install/ublox_msgs/local/lib/python3.10/dist-packages/ublox_msgs/msg/_rxm_svsisv.py\n'}
[69.223219] (ublox_msgs) StdoutLine: {'line': b'-- Symlinking: /home/jsmoon/yax_jeju/install/ublox_msgs/local/lib/python3.10/dist-packages/ublox_msgs/msg/_rxm_svsisv_s.c\n'}
[69.231113] (ublox_msgs) StdoutLine: {'line': b'-- Symlinking: /home/jsmoon/yax_jeju/install/ublox_msgs/local/lib/python3.10/dist-packages/ublox_msgs/msg/_tim_tm2.py\n'}
[69.241016] (ublox_msgs) StdoutLine: {'line': b'-- Symlinking: /home/jsmoon/yax_jeju/install/ublox_msgs/local/lib/python3.10/dist-packages/ublox_msgs/msg/_tim_tm2_s.c\n'}
[69.249447] (ublox_msgs) StdoutLine: {'line': b'-- Symlinking: /home/jsmoon/yax_jeju/install/ublox_msgs/local/lib/python3.10/dist-packages/ublox_msgs/msg/_upd_sos.py\n'}
[69.258495] (ublox_msgs) StdoutLine: {'line': b'-- Symlinking: /home/jsmoon/yax_jeju/install/ublox_msgs/local/lib/python3.10/dist-packages/ublox_msgs/msg/_upd_sos_ack.py\n'}
[69.265152] (ublox_msgs) StdoutLine: {'line': b'-- Symlinking: /home/jsmoon/yax_jeju/install/ublox_msgs/local/lib/python3.10/dist-packages/ublox_msgs/msg/_upd_sos_ack_s.c\n'}
[69.273822] (ublox_msgs) StdoutLine: {'line': b'-- Symlinking: /home/jsmoon/yax_jeju/install/ublox_msgs/local/lib/python3.10/dist-packages/ublox_msgs/msg/_upd_sos_s.c\n'}
[69.280814] (ublox_msgs) StdoutLine: {'line': b'-- Symlinking: /home/jsmoon/yax_jeju/install/ublox_msgs/local/lib/python3.10/dist-packages/ublox_msgs/ublox_msgs_s__rosidl_typesupport_c.cpython-310-x86_64-linux-gnu.so\n'}
[69.288908] (ublox_msgs) StdoutLine: {'line': b'-- Symlinking: /home/jsmoon/yax_jeju/install/ublox_msgs/local/lib/python3.10/dist-packages/ublox_msgs/ublox_msgs_s__rosidl_typesupport_fastrtps_c.cpython-310-x86_64-linux-gnu.so\n'}
[69.296888] (ublox_msgs) StdoutLine: {'line': b'-- Symlinking: /home/jsmoon/yax_jeju/install/ublox_msgs/local/lib/python3.10/dist-packages/ublox_msgs/ublox_msgs_s__rosidl_typesupport_introspection_c.cpython-310-x86_64-linux-gnu.so\n'}
[69.305919] (ublox_msgs) StdoutLine: {'line': b'-- Up-to-date symlink: /home/jsmoon/yax_jeju/install/ublox_msgs/local/lib/python3.10/dist-packages/ublox_msgs/ublox_msgs_s__rosidl_typesupport_fastrtps_c.cpython-310-x86_64-linux-gnu.so\n'}
[69.306052] (-) TimerEvent: {}
[69.306187] (ublox_msgs) StdoutLine: {'line': b'-- Up-to-date symlink: /home/jsmoon/yax_jeju/install/ublox_msgs/local/lib/python3.10/dist-packages/ublox_msgs/ublox_msgs_s__rosidl_typesupport_introspection_c.cpython-310-x86_64-linux-gnu.so\n'}
[69.306388] (ublox_msgs) StdoutLine: {'line': b'-- Up-to-date symlink: /home/jsmoon/yax_jeju/install/ublox_msgs/local/lib/python3.10/dist-packages/ublox_msgs/ublox_msgs_s__rosidl_typesupport_c.cpython-310-x86_64-linux-gnu.so\n'}
[69.306537] (ublox_msgs) StdoutLine: {'line': b'-- Symlinking: /home/jsmoon/yax_jeju/install/ublox_msgs/share/ublox_msgs/msg/Ack.idl\n'}
[69.313718] (ublox_msgs) StdoutLine: {'line': b'-- Symlinking: /home/jsmoon/yax_jeju/install/ublox_msgs/share/ublox_msgs/msg/AidALM.idl\n'}
[69.321984] (ublox_msgs) StdoutLine: {'line': b'-- Symlinking: /home/jsmoon/yax_jeju/install/ublox_msgs/share/ublox_msgs/msg/AidEPH.idl\n'}
[69.329539] (ublox_msgs) StdoutLine: {'line': b'-- Symlinking: /home/jsmoon/yax_jeju/install/ublox_msgs/share/ublox_msgs/msg/AidHUI.idl\n'}
[69.339692] (ublox_msgs) StdoutLine: {'line': b'-- Symlinking: /home/jsmoon/yax_jeju/install/ublox_msgs/share/ublox_msgs/msg/CfgANT.idl\n'}
[69.347566] (ublox_msgs) StdoutLine: {'line': b'-- Symlinking: /home/jsmoon/yax_jeju/install/ublox_msgs/share/ublox_msgs/msg/CfgCFG.idl\n'}
[69.355045] (ublox_msgs) StdoutLine: {'line': b'-- Symlinking: /home/jsmoon/yax_jeju/install/ublox_msgs/share/ublox_msgs/msg/CfgDAT.idl\n'}
[69.362826] (ublox_msgs) StdoutLine: {'line': b'-- Symlinking: /home/jsmoon/yax_jeju/install/ublox_msgs/share/ublox_msgs/msg/CfgDGNSS.idl\n'}
[69.371327] (ublox_msgs) StdoutLine: {'line': b'-- Symlinking: /home/jsmoon/yax_jeju/install/ublox_msgs/share/ublox_msgs/msg/CfgGNSSBlock.idl\n'}
[69.378314] (ublox_msgs) StdoutLine: {'line': b'-- Symlinking: /home/jsmoon/yax_jeju/install/ublox_msgs/share/ublox_msgs/msg/CfgGNSS.idl\n'}
[69.386990] (ublox_msgs) StdoutLine: {'line': b'-- Symlinking: /home/jsmoon/yax_jeju/install/ublox_msgs/share/ublox_msgs/msg/CfgHNR.idl\n'}
[69.395070] (ublox_msgs) StdoutLine: {'line': b'-- Symlinking: /home/jsmoon/yax_jeju/install/ublox_msgs/share/ublox_msgs/msg/CfgINFBlock.idl\n'}
[69.403528] (ublox_msgs) StdoutLine: {'line': b'-- Symlinking: /home/jsmoon/yax_jeju/install/ublox_msgs/share/ublox_msgs/msg/CfgINF.idl\n'}
[69.406155] (-) TimerEvent: {}
[69.411016] (ublox_msgs) StdoutLine: {'line': b'-- Symlinking: /home/jsmoon/yax_jeju/install/ublox_msgs/share/ublox_msgs/msg/CfgMSG.idl\n'}
[69.419117] (ublox_msgs) StdoutLine: {'line': b'-- Symlinking: /home/jsmoon/yax_jeju/install/ublox_msgs/share/ublox_msgs/msg/CfgNAV5.idl\n'}
[69.426624] (ublox_msgs) StdoutLine: {'line': b'-- Symlinking: /home/jsmoon/yax_jeju/install/ublox_msgs/share/ublox_msgs/msg/CfgNAVX5.idl\n'}
[69.436262] (ublox_msgs) StdoutLine: {'line': b'-- Symlinking: /home/jsmoon/yax_jeju/install/ublox_msgs/share/ublox_msgs/msg/CfgNMEA6.idl\n'}
[69.443668] (ublox_msgs) StdoutLine: {'line': b'-- Symlinking: /home/jsmoon/yax_jeju/install/ublox_msgs/share/ublox_msgs/msg/CfgNMEA7.idl\n'}
[69.451918] (ublox_msgs) StdoutLine: {'line': b'-- Symlinking: /home/jsmoon/yax_jeju/install/ublox_msgs/share/ublox_msgs/msg/CfgNMEA.idl\n'}
[69.458951] (ublox_msgs) StdoutLine: {'line': b'-- Symlinking: /home/jsmoon/yax_jeju/install/ublox_msgs/share/ublox_msgs/msg/CfgPRT.idl\n'}
[69.467023] (ublox_msgs) StdoutLine: {'line': b'-- Symlinking: /home/jsmoon/yax_jeju/install/ublox_msgs/share/ublox_msgs/msg/CfgRATE.idl\n'}
[69.475367] (ublox_msgs) StdoutLine: {'line': b'-- Symlinking: /home/jsmoon/yax_jeju/install/ublox_msgs/share/ublox_msgs/msg/CfgRST.idl\n'}
[69.483606] (ublox_msgs) StdoutLine: {'line': b'-- Symlinking: /home/jsmoon/yax_jeju/install/ublox_msgs/share/ublox_msgs/msg/CfgSBAS.idl\n'}
[69.491292] (ublox_msgs) StdoutLine: {'line': b'-- Symlinking: /home/jsmoon/yax_jeju/install/ublox_msgs/share/ublox_msgs/msg/CfgTMODE3.idl\n'}
[69.498507] (ublox_msgs) StdoutLine: {'line': b'-- Symlinking: /home/jsmoon/yax_jeju/install/ublox_msgs/share/ublox_msgs/msg/CfgUSB.idl\n'}
[69.505749] (ublox_msgs) StdoutLine: {'line': b'-- Symlinking: /home/jsmoon/yax_jeju/install/ublox_msgs/share/ublox_msgs/msg/EsfINS.idl\n'}
[69.506271] (-) TimerEvent: {}
[69.516059] (ublox_msgs) StdoutLine: {'line': b'-- Symlinking: /home/jsmoon/yax_jeju/install/ublox_msgs/share/ublox_msgs/msg/EsfMEAS.idl\n'}
[69.524113] (ublox_msgs) StdoutLine: {'line': b'-- Symlinking: /home/jsmoon/yax_jeju/install/ublox_msgs/share/ublox_msgs/msg/EsfRAWBlock.idl\n'}
[69.532494] (ublox_msgs) StdoutLine: {'line': b'-- Symlinking: /home/jsmoon/yax_jeju/install/ublox_msgs/share/ublox_msgs/msg/EsfRAW.idl\n'}
[69.539509] (ublox_msgs) StdoutLine: {'line': b'-- Symlinking: /home/jsmoon/yax_jeju/install/ublox_msgs/share/ublox_msgs/msg/EsfSTATUS.idl\n'}
[69.548036] (ublox_msgs) StdoutLine: {'line': b'-- Symlinking: /home/jsmoon/yax_jeju/install/ublox_msgs/share/ublox_msgs/msg/EsfSTATUSSens.idl\n'}
[69.555895] (ublox_msgs) StdoutLine: {'line': b'-- Symlinking: /home/jsmoon/yax_jeju/install/ublox_msgs/share/ublox_msgs/msg/HnrPVT.idl\n'}
[69.564225] (ublox_msgs) StdoutLine: {'line': b'-- Symlinking: /home/jsmoon/yax_jeju/install/ublox_msgs/share/ublox_msgs/msg/Inf.idl\n'}
[69.571076] (ublox_msgs) StdoutLine: {'line': b'-- Symlinking: /home/jsmoon/yax_jeju/install/ublox_msgs/share/ublox_msgs/msg/MgaGAL.idl\n'}
[69.580086] (ublox_msgs) StdoutLine: {'line': b'-- Symlinking: /home/jsmoon/yax_jeju/install/ublox_msgs/share/ublox_msgs/msg/MonGNSS.idl\n'}
[69.587533] (ublox_msgs) StdoutLine: {'line': b'-- Symlinking: /home/jsmoon/yax_jeju/install/ublox_msgs/share/ublox_msgs/msg/MonHW6.idl\n'}
[69.595654] (ublox_msgs) StdoutLine: {'line': b'-- Symlinking: /home/jsmoon/yax_jeju/install/ublox_msgs/share/ublox_msgs/msg/MonHW.idl\n'}
[69.603534] (ublox_msgs) StdoutLine: {'line': b'-- Symlinking: /home/jsmoon/yax_jeju/install/ublox_msgs/share/ublox_msgs/msg/MonVERExtension.idl\n'}
[69.606372] (-) TimerEvent: {}
[69.612316] (ublox_msgs) StdoutLine: {'line': b'-- Symlinking: /home/jsmoon/yax_jeju/install/ublox_msgs/share/ublox_msgs/msg/MonVER.idl\n'}
[69.619711] (ublox_msgs) StdoutLine: {'line': b'-- Symlinking: /home/jsmoon/yax_jeju/install/ublox_msgs/share/ublox_msgs/msg/NavATT.idl\n'}
[69.627817] (ublox_msgs) StdoutLine: {'line': b'-- Symlinking: /home/jsmoon/yax_jeju/install/ublox_msgs/share/ublox_msgs/msg/NavCLOCK.idl\n'}
[69.636661] (ublox_msgs) StdoutLine: {'line': b'-- Symlinking: /home/jsmoon/yax_jeju/install/ublox_msgs/share/ublox_msgs/msg/NavDGPS.idl\n'}
[69.644703] (ublox_msgs) StdoutLine: {'line': b'-- Symlinking: /home/jsmoon/yax_jeju/install/ublox_msgs/share/ublox_msgs/msg/NavDGPSSV.idl\n'}
[69.652951] (ublox_msgs) StdoutLine: {'line': b'-- Symlinking: /home/jsmoon/yax_jeju/install/ublox_msgs/share/ublox_msgs/msg/NavDOP.idl\n'}
[69.661610] (ublox_msgs) StdoutLine: {'line': b'-- Symlinking: /home/jsmoon/yax_jeju/install/ublox_msgs/share/ublox_msgs/msg/NavPOSECEF.idl\n'}
[69.669149] (ublox_msgs) StdoutLine: {'line': b'-- Symlinking: /home/jsmoon/yax_jeju/install/ublox_msgs/share/ublox_msgs/msg/NavPOSLLH.idl\n'}
[69.676451] (ublox_msgs) StdoutLine: {'line': b'-- Symlinking: /home/jsmoon/yax_jeju/install/ublox_msgs/share/ublox_msgs/msg/NavPVT7.idl\n'}
[69.683556] (ublox_msgs) StdoutLine: {'line': b'-- Symlinking: /home/jsmoon/yax_jeju/install/ublox_msgs/share/ublox_msgs/msg/NavPVT.idl\n'}
[69.691662] (ublox_msgs) StdoutLine: {'line': b'-- Symlinking: /home/jsmoon/yax_jeju/install/ublox_msgs/share/ublox_msgs/msg/NavRELPOSNED9.idl\n'}
[69.700040] (ublox_msgs) StdoutLine: {'line': b'-- Symlinking: /home/jsmoon/yax_jeju/install/ublox_msgs/share/ublox_msgs/msg/NavRELPOSNED.idl\n'}
[69.706461] (-) TimerEvent: {}
[69.709250] (ublox_msgs) StdoutLine: {'line': b'-- Symlinking: /home/jsmoon/yax_jeju/install/ublox_msgs/share/ublox_msgs/msg/NavSAT.idl\n'}
[69.716750] (ublox_msgs) StdoutLine: {'line': b'-- Symlinking: /home/jsmoon/yax_jeju/install/ublox_msgs/share/ublox_msgs/msg/NavSATSV.idl\n'}
[69.726118] (ublox_msgs) StdoutLine: {'line': b'-- Symlinking: /home/jsmoon/yax_jeju/install/ublox_msgs/share/ublox_msgs/msg/NavSBAS.idl\n'}
[69.734746] (ublox_msgs) StdoutLine: {'line': b'-- Symlinking: /home/jsmoon/yax_jeju/install/ublox_msgs/share/ublox_msgs/msg/NavSBASSV.idl\n'}
[69.743348] (ublox_msgs) StdoutLine: {'line': b'-- Symlinking: /home/jsmoon/yax_jeju/install/ublox_msgs/share/ublox_msgs/msg/NavSOL.idl\n'}
[69.751566] (ublox_msgs) StdoutLine: {'line': b'-- Symlinking: /home/jsmoon/yax_jeju/install/ublox_msgs/share/ublox_msgs/msg/NavSTATUS.idl\n'}
[69.759839] (ublox_msgs) StdoutLine: {'line': b'-- Symlinking: /home/jsmoon/yax_jeju/install/ublox_msgs/share/ublox_msgs/msg/NavSVINFO.idl\n'}
[69.767414] (ublox_msgs) StdoutLine: {'line': b'-- Symlinking: /home/jsmoon/yax_jeju/install/ublox_msgs/share/ublox_msgs/msg/NavSVINFOSV.idl\n'}
[69.776251] (ublox_msgs) StdoutLine: {'line': b'-- Symlinking: /home/jsmoon/yax_jeju/install/ublox_msgs/share/ublox_msgs/msg/NavSVIN.idl\n'}
[69.784077] (ublox_msgs) StdoutLine: {'line': b'-- Symlinking: /home/jsmoon/yax_jeju/install/ublox_msgs/share/ublox_msgs/msg/NavTIMEGPS.idl\n'}
[69.791295] (ublox_msgs) StdoutLine: {'line': b'-- Symlinking: /home/jsmoon/yax_jeju/install/ublox_msgs/share/ublox_msgs/msg/NavTIMEUTC.idl\n'}
[69.798598] (ublox_msgs) StdoutLine: {'line': b'-- Symlinking: /home/jsmoon/yax_jeju/install/ublox_msgs/share/ublox_msgs/msg/NavVELECEF.idl\n'}
[69.805774] (ublox_msgs) StdoutLine: {'line': b'-- Symlinking: /home/jsmoon/yax_jeju/install/ublox_msgs/share/ublox_msgs/msg/NavVELNED.idl\n'}
[69.806563] (-) TimerEvent: {}
[69.812195] (ublox_msgs) StdoutLine: {'line': b'-- Symlinking: /home/jsmoon/yax_jeju/install/ublox_msgs/share/ublox_msgs/msg/RxmALM.idl\n'}
[69.820549] (ublox_msgs) StdoutLine: {'line': b'-- Symlinking: /home/jsmoon/yax_jeju/install/ublox_msgs/share/ublox_msgs/msg/RxmEPH.idl\n'}
[69.827632] (ublox_msgs) StdoutLine: {'line': b'-- Symlinking: /home/jsmoon/yax_jeju/install/ublox_msgs/share/ublox_msgs/msg/RxmRAW.idl\n'}
[69.837650] (ublox_msgs) StdoutLine: {'line': b'-- Symlinking: /home/jsmoon/yax_jeju/install/ublox_msgs/share/ublox_msgs/msg/RxmRAWSV.idl\n'}
[69.846204] (ublox_msgs) StdoutLine: {'line': b'-- Symlinking: /home/jsmoon/yax_jeju/install/ublox_msgs/share/ublox_msgs/msg/RxmRAWXMeas.idl\n'}
[69.854299] (ublox_msgs) StdoutLine: {'line': b'-- Symlinking: /home/jsmoon/yax_jeju/install/ublox_msgs/share/ublox_msgs/msg/RxmRAWX.idl\n'}
[69.861454] (ublox_msgs) StdoutLine: {'line': b'-- Symlinking: /home/jsmoon/yax_jeju/install/ublox_msgs/share/ublox_msgs/msg/RxmRTCM.idl\n'}
[69.868981] (ublox_msgs) StdoutLine: {'line': b'-- Symlinking: /home/jsmoon/yax_jeju/install/ublox_msgs/share/ublox_msgs/msg/RxmSFRB.idl\n'}
[69.876169] (ublox_msgs) StdoutLine: {'line': b'-- Symlinking: /home/jsmoon/yax_jeju/install/ublox_msgs/share/ublox_msgs/msg/RxmSFRBX.idl\n'}
[69.884543] (ublox_msgs) StdoutLine: {'line': b'-- Symlinking: /home/jsmoon/yax_jeju/install/ublox_msgs/share/ublox_msgs/msg/RxmSVSI.idl\n'}
[69.892151] (ublox_msgs) StdoutLine: {'line': b'-- Symlinking: /home/jsmoon/yax_jeju/install/ublox_msgs/share/ublox_msgs/msg/RxmSVSISV.idl\n'}
[69.898744] (ublox_msgs) StdoutLine: {'line': b'-- Symlinking: /home/jsmoon/yax_jeju/install/ublox_msgs/share/ublox_msgs/msg/TimTM2.idl\n'}
[69.906672] (-) TimerEvent: {}
[69.907133] (ublox_msgs) StdoutLine: {'line': b'-- Symlinking: /home/jsmoon/yax_jeju/install/ublox_msgs/share/ublox_msgs/msg/UpdSOSAck.idl\n'}
[69.915395] (ublox_msgs) StdoutLine: {'line': b'-- Symlinking: /home/jsmoon/yax_jeju/install/ublox_msgs/share/ublox_msgs/msg/UpdSOS.idl\n'}
[69.923613] (ublox_msgs) StdoutLine: {'line': b'-- Symlinking: /home/jsmoon/yax_jeju/install/ublox_msgs/share/ublox_msgs/msg/Ack.msg\n'}
[69.931154] (ublox_msgs) StdoutLine: {'line': b'-- Symlinking: /home/jsmoon/yax_jeju/install/ublox_msgs/share/ublox_msgs/msg/AidALM.msg\n'}
[69.941171] (ublox_msgs) StdoutLine: {'line': b'-- Symlinking: /home/jsmoon/yax_jeju/install/ublox_msgs/share/ublox_msgs/msg/AidEPH.msg\n'}
[69.948950] (ublox_msgs) StdoutLine: {'line': b'-- Symlinking: /home/jsmoon/yax_jeju/install/ublox_msgs/share/ublox_msgs/msg/AidHUI.msg\n'}
[69.957966] (ublox_msgs) StdoutLine: {'line': b'-- Symlinking: /home/jsmoon/yax_jeju/install/ublox_msgs/share/ublox_msgs/msg/CfgANT.msg\n'}
[69.965306] (ublox_msgs) StdoutLine: {'line': b'-- Symlinking: /home/jsmoon/yax_jeju/install/ublox_msgs/share/ublox_msgs/msg/CfgCFG.msg\n'}
[69.973394] (ublox_msgs) StdoutLine: {'line': b'-- Symlinking: /home/jsmoon/yax_jeju/install/ublox_msgs/share/ublox_msgs/msg/CfgDAT.msg\n'}
[69.980191] (ublox_msgs) StdoutLine: {'line': b'-- Symlinking: /home/jsmoon/yax_jeju/install/ublox_msgs/share/ublox_msgs/msg/CfgDGNSS.msg\n'}
[69.988995] (ublox_msgs) StdoutLine: {'line': b'-- Symlinking: /home/jsmoon/yax_jeju/install/ublox_msgs/share/ublox_msgs/msg/CfgGNSSBlock.msg\n'}
[69.996447] (ublox_msgs) StdoutLine: {'line': b'-- Symlinking: /home/jsmoon/yax_jeju/install/ublox_msgs/share/ublox_msgs/msg/CfgGNSS.msg\n'}
[70.004640] (ublox_msgs) StdoutLine: {'line': b'-- Symlinking: /home/jsmoon/yax_jeju/install/ublox_msgs/share/ublox_msgs/msg/CfgHNR.msg\n'}
[70.006776] (-) TimerEvent: {}
[70.011972] (ublox_msgs) StdoutLine: {'line': b'-- Symlinking: /home/jsmoon/yax_jeju/install/ublox_msgs/share/ublox_msgs/msg/CfgINFBlock.msg\n'}
[70.019496] (ublox_msgs) StdoutLine: {'line': b'-- Symlinking: /home/jsmoon/yax_jeju/install/ublox_msgs/share/ublox_msgs/msg/CfgINF.msg\n'}
[70.026549] (ublox_msgs) StdoutLine: {'line': b'-- Symlinking: /home/jsmoon/yax_jeju/install/ublox_msgs/share/ublox_msgs/msg/CfgMSG.msg\n'}
[70.033498] (ublox_msgs) StdoutLine: {'line': b'-- Symlinking: /home/jsmoon/yax_jeju/install/ublox_msgs/share/ublox_msgs/msg/CfgNAV5.msg\n'}
[70.042372] (ublox_msgs) StdoutLine: {'line': b'-- Symlinking: /home/jsmoon/yax_jeju/install/ublox_msgs/share/ublox_msgs/msg/CfgNAVX5.msg\n'}
[70.050530] (ublox_msgs) StdoutLine: {'line': b'-- Symlinking: /home/jsmoon/yax_jeju/install/ublox_msgs/share/ublox_msgs/msg/CfgNMEA6.msg\n'}
[70.058871] (ublox_msgs) StdoutLine: {'line': b'-- Symlinking: /home/jsmoon/yax_jeju/install/ublox_msgs/share/ublox_msgs/msg/CfgNMEA7.msg\n'}
[70.066912] (ublox_msgs) StdoutLine: {'line': b'-- Symlinking: /home/jsmoon/yax_jeju/install/ublox_msgs/share/ublox_msgs/msg/CfgNMEA.msg\n'}
[70.075242] (ublox_msgs) StdoutLine: {'line': b'-- Symlinking: /home/jsmoon/yax_jeju/install/ublox_msgs/share/ublox_msgs/msg/CfgPRT.msg\n'}
[70.083510] (ublox_msgs) StdoutLine: {'line': b'-- Symlinking: /home/jsmoon/yax_jeju/install/ublox_msgs/share/ublox_msgs/msg/CfgRATE.msg\n'}
[70.091664] (ublox_msgs) StdoutLine: {'line': b'-- Symlinking: /home/jsmoon/yax_jeju/install/ublox_msgs/share/ublox_msgs/msg/CfgRST.msg\n'}
[70.098681] (ublox_msgs) StdoutLine: {'line': b'-- Symlinking: /home/jsmoon/yax_jeju/install/ublox_msgs/share/ublox_msgs/msg/CfgSBAS.msg\n'}
[70.106050] (ublox_msgs) StdoutLine: {'line': b'-- Symlinking: /home/jsmoon/yax_jeju/install/ublox_msgs/share/ublox_msgs/msg/CfgTMODE3.msg\n'}
[70.106879] (-) TimerEvent: {}
[70.112868] (ublox_msgs) StdoutLine: {'line': b'-- Symlinking: /home/jsmoon/yax_jeju/install/ublox_msgs/share/ublox_msgs/msg/CfgUSB.msg\n'}
[70.120468] (ublox_msgs) StdoutLine: {'line': b'-- Symlinking: /home/jsmoon/yax_jeju/install/ublox_msgs/share/ublox_msgs/msg/EsfINS.msg\n'}
[70.128841] (ublox_msgs) StdoutLine: {'line': b'-- Symlinking: /home/jsmoon/yax_jeju/install/ublox_msgs/share/ublox_msgs/msg/EsfMEAS.msg\n'}
[70.139399] (ublox_msgs) StdoutLine: {'line': b'-- Symlinking: /home/jsmoon/yax_jeju/install/ublox_msgs/share/ublox_msgs/msg/EsfRAWBlock.msg\n'}
[70.146763] (ublox_msgs) StdoutLine: {'line': b'-- Symlinking: /home/jsmoon/yax_jeju/install/ublox_msgs/share/ublox_msgs/msg/EsfRAW.msg\n'}
[70.154045] (ublox_msgs) StdoutLine: {'line': b'-- Symlinking: /home/jsmoon/yax_jeju/install/ublox_msgs/share/ublox_msgs/msg/EsfSTATUS.msg\n'}
[70.161274] (ublox_msgs) StdoutLine: {'line': b'-- Symlinking: /home/jsmoon/yax_jeju/install/ublox_msgs/share/ublox_msgs/msg/EsfSTATUSSens.msg\n'}
[70.168298] (ublox_msgs) StdoutLine: {'line': b'-- Symlinking: /home/jsmoon/yax_jeju/install/ublox_msgs/share/ublox_msgs/msg/HnrPVT.msg\n'}
[70.176061] (ublox_msgs) StdoutLine: {'line': b'-- Symlinking: /home/jsmoon/yax_jeju/install/ublox_msgs/share/ublox_msgs/msg/Inf.msg\n'}
[70.184202] (ublox_msgs) StdoutLine: {'line': b'-- Symlinking: /home/jsmoon/yax_jeju/install/ublox_msgs/share/ublox_msgs/msg/MgaGAL.msg\n'}
[70.192843] (ublox_msgs) StdoutLine: {'line': b'-- Symlinking: /home/jsmoon/yax_jeju/install/ublox_msgs/share/ublox_msgs/msg/MonGNSS.msg\n'}
[70.199831] (ublox_msgs) StdoutLine: {'line': b'-- Symlinking: /home/jsmoon/yax_jeju/install/ublox_msgs/share/ublox_msgs/msg/MonHW6.msg\n'}
[70.206980] (-) TimerEvent: {}
[70.208128] (ublox_msgs) StdoutLine: {'line': b'-- Symlinking: /home/jsmoon/yax_jeju/install/ublox_msgs/share/ublox_msgs/msg/MonHW.msg\n'}
[70.216429] (ublox_msgs) StdoutLine: {'line': b'-- Symlinking: /home/jsmoon/yax_jeju/install/ublox_msgs/share/ublox_msgs/msg/MonVERExtension.msg\n'}
[70.224074] (ublox_msgs) StdoutLine: {'line': b'-- Symlinking: /home/jsmoon/yax_jeju/install/ublox_msgs/share/ublox_msgs/msg/MonVER.msg\n'}
[70.232101] (ublox_msgs) StdoutLine: {'line': b'-- Symlinking: /home/jsmoon/yax_jeju/install/ublox_msgs/share/ublox_msgs/msg/NavATT.msg\n'}
[70.241859] (ublox_msgs) StdoutLine: {'line': b'-- Symlinking: /home/jsmoon/yax_jeju/install/ublox_msgs/share/ublox_msgs/msg/NavCLOCK.msg\n'}
[70.249095] (ublox_msgs) StdoutLine: {'line': b'-- Symlinking: /home/jsmoon/yax_jeju/install/ublox_msgs/share/ublox_msgs/msg/NavDGPS.msg\n'}
[70.256689] (ublox_msgs) StdoutLine: {'line': b'-- Symlinking: /home/jsmoon/yax_jeju/install/ublox_msgs/share/ublox_msgs/msg/NavDGPSSV.msg\n'}
[70.264077] (ublox_msgs) StdoutLine: {'line': b'-- Symlinking: /home/jsmoon/yax_jeju/install/ublox_msgs/share/ublox_msgs/msg/NavDOP.msg\n'}
[70.271516] (ublox_msgs) StdoutLine: {'line': b'-- Symlinking: /home/jsmoon/yax_jeju/install/ublox_msgs/share/ublox_msgs/msg/NavPOSECEF.msg\n'}
[70.278701] (ublox_msgs) StdoutLine: {'line': b'-- Symlinking: /home/jsmoon/yax_jeju/install/ublox_msgs/share/ublox_msgs/msg/NavPOSLLH.msg\n'}
[70.286226] (ublox_msgs) StdoutLine: {'line': b'-- Symlinking: /home/jsmoon/yax_jeju/install/ublox_msgs/share/ublox_msgs/msg/NavPVT7.msg\n'}
[70.294281] (ublox_msgs) StdoutLine: {'line': b'-- Symlinking: /home/jsmoon/yax_jeju/install/ublox_msgs/share/ublox_msgs/msg/NavPVT.msg\n'}
[70.302969] (ublox_msgs) StdoutLine: {'line': b'-- Symlinking: /home/jsmoon/yax_jeju/install/ublox_msgs/share/ublox_msgs/msg/NavRELPOSNED9.msg\n'}
[70.307081] (-) TimerEvent: {}
[70.311476] (ublox_msgs) StdoutLine: {'line': b'-- Symlinking: /home/jsmoon/yax_jeju/install/ublox_msgs/share/ublox_msgs/msg/NavRELPOSNED.msg\n'}
[70.318697] (ublox_msgs) StdoutLine: {'line': b'-- Symlinking: /home/jsmoon/yax_jeju/install/ublox_msgs/share/ublox_msgs/msg/NavSAT.msg\n'}
[70.324948] (ublox_msgs) StdoutLine: {'line': b'-- Symlinking: /home/jsmoon/yax_jeju/install/ublox_msgs/share/ublox_msgs/msg/NavSATSV.msg\n'}
[70.332294] (ublox_msgs) StdoutLine: {'line': b'-- Symlinking: /home/jsmoon/yax_jeju/install/ublox_msgs/share/ublox_msgs/msg/NavSBAS.msg\n'}
[70.341338] (ublox_msgs) StdoutLine: {'line': b'-- Symlinking: /home/jsmoon/yax_jeju/install/ublox_msgs/share/ublox_msgs/msg/NavSBASSV.msg\n'}
[70.348928] (ublox_msgs) StdoutLine: {'line': b'-- Symlinking: /home/jsmoon/yax_jeju/install/ublox_msgs/share/ublox_msgs/msg/NavSOL.msg\n'}
[70.357028] (ublox_msgs) StdoutLine: {'line': b'-- Symlinking: /home/jsmoon/yax_jeju/install/ublox_msgs/share/ublox_msgs/msg/NavSTATUS.msg\n'}
[70.364663] (ublox_msgs) StdoutLine: {'line': b'-- Symlinking: /home/jsmoon/yax_jeju/install/ublox_msgs/share/ublox_msgs/msg/NavSVINFO.msg\n'}
[70.372884] (ublox_msgs) StdoutLine: {'line': b'-- Symlinking: /home/jsmoon/yax_jeju/install/ublox_msgs/share/ublox_msgs/msg/NavSVINFOSV.msg\n'}
[70.380295] (ublox_msgs) StdoutLine: {'line': b'-- Symlinking: /home/jsmoon/yax_jeju/install/ublox_msgs/share/ublox_msgs/msg/NavSVIN.msg\n'}
[70.388317] (ublox_msgs) StdoutLine: {'line': b'-- Symlinking: /home/jsmoon/yax_jeju/install/ublox_msgs/share/ublox_msgs/msg/NavTIMEGPS.msg\n'}
[70.395744] (ublox_msgs) StdoutLine: {'line': b'-- Symlinking: /home/jsmoon/yax_jeju/install/ublox_msgs/share/ublox_msgs/msg/NavTIMEUTC.msg\n'}
[70.403454] (ublox_msgs) StdoutLine: {'line': b'-- Symlinking: /home/jsmoon/yax_jeju/install/ublox_msgs/share/ublox_msgs/msg/NavVELECEF.msg\n'}
[70.407138] (-) TimerEvent: {}
[70.411339] (ublox_msgs) StdoutLine: {'line': b'-- Symlinking: /home/jsmoon/yax_jeju/install/ublox_msgs/share/ublox_msgs/msg/NavVELNED.msg\n'}
[70.419729] (ublox_msgs) StdoutLine: {'line': b'-- Symlinking: /home/jsmoon/yax_jeju/install/ublox_msgs/share/ublox_msgs/msg/RxmALM.msg\n'}
[70.427806] (ublox_msgs) StdoutLine: {'line': b'-- Symlinking: /home/jsmoon/yax_jeju/install/ublox_msgs/share/ublox_msgs/msg/RxmEPH.msg\n'}
[70.437737] (ublox_msgs) StdoutLine: {'line': b'-- Symlinking: /home/jsmoon/yax_jeju/install/ublox_msgs/share/ublox_msgs/msg/RxmRAW.msg\n'}
[70.445694] (ublox_msgs) StdoutLine: {'line': b'-- Symlinking: /home/jsmoon/yax_jeju/install/ublox_msgs/share/ublox_msgs/msg/RxmRAWSV.msg\n'}
[70.452567] (ublox_msgs) StdoutLine: {'line': b'-- Symlinking: /home/jsmoon/yax_jeju/install/ublox_msgs/share/ublox_msgs/msg/RxmRAWXMeas.msg\n'}
[70.460616] (ublox_msgs) StdoutLine: {'line': b'-- Symlinking: /home/jsmoon/yax_jeju/install/ublox_msgs/share/ublox_msgs/msg/RxmRAWX.msg\n'}
[70.468999] (ublox_msgs) StdoutLine: {'line': b'-- Symlinking: /home/jsmoon/yax_jeju/install/ublox_msgs/share/ublox_msgs/msg/RxmRTCM.msg\n'}
[70.476475] (ublox_msgs) StdoutLine: {'line': b'-- Symlinking: /home/jsmoon/yax_jeju/install/ublox_msgs/share/ublox_msgs/msg/RxmSFRB.msg\n'}
[70.484488] (ublox_msgs) StdoutLine: {'line': b'-- Symlinking: /home/jsmoon/yax_jeju/install/ublox_msgs/share/ublox_msgs/msg/RxmSFRBX.msg\n'}
[70.491986] (ublox_msgs) StdoutLine: {'line': b'-- Symlinking: /home/jsmoon/yax_jeju/install/ublox_msgs/share/ublox_msgs/msg/RxmSVSI.msg\n'}
[70.499739] (ublox_msgs) StdoutLine: {'line': b'-- Symlinking: /home/jsmoon/yax_jeju/install/ublox_msgs/share/ublox_msgs/msg/RxmSVSISV.msg\n'}
[70.507221] (-) TimerEvent: {}
[70.507530] (ublox_msgs) StdoutLine: {'line': b'-- Symlinking: /home/jsmoon/yax_jeju/install/ublox_msgs/share/ublox_msgs/msg/TimTM2.msg\n'}
[70.515596] (ublox_msgs) StdoutLine: {'line': b'-- Symlinking: /home/jsmoon/yax_jeju/install/ublox_msgs/share/ublox_msgs/msg/UpdSOSAck.msg\n'}
[70.522677] (ublox_msgs) StdoutLine: {'line': b'-- Symlinking: /home/jsmoon/yax_jeju/install/ublox_msgs/share/ublox_msgs/msg/UpdSOS.msg\n'}
[70.531097] (ublox_msgs) StdoutLine: {'line': b'-- Symlinking: /home/jsmoon/yax_jeju/install/ublox_msgs/include/ublox_msgs/ublox_msgs/serialization.hpp\n'}
[70.541365] (ublox_msgs) StdoutLine: {'line': b'-- Symlinking: /home/jsmoon/yax_jeju/install/ublox_msgs/include/ublox_msgs/ublox_msgs/ublox_msgs.hpp\n'}
[70.549173] (ublox_msgs) StdoutLine: {'line': b'-- Symlinking: /home/jsmoon/yax_jeju/install/ublox_msgs/share/ament_index/resource_index/package_run_dependencies/ublox_msgs\n'}
[70.556593] (ublox_msgs) StdoutLine: {'line': b'-- Symlinking: /home/jsmoon/yax_jeju/install/ublox_msgs/share/ament_index/resource_index/parent_prefix_path/ublox_msgs\n'}
[70.564777] (ublox_msgs) StdoutLine: {'line': b'-- Symlinking: /home/jsmoon/yax_jeju/install/ublox_msgs/share/ublox_msgs/environment/ament_prefix_path.sh\n'}
[70.571952] (ublox_msgs) StdoutLine: {'line': b'-- Symlinking: /home/jsmoon/yax_jeju/install/ublox_msgs/share/ublox_msgs/environment/ament_prefix_path.dsv\n'}
[70.580232] (ublox_msgs) StdoutLine: {'line': b'-- Symlinking: /home/jsmoon/yax_jeju/install/ublox_msgs/share/ublox_msgs/environment/path.sh\n'}
[70.588252] (ublox_msgs) StdoutLine: {'line': b'-- Symlinking: /home/jsmoon/yax_jeju/install/ublox_msgs/share/ublox_msgs/environment/path.dsv\n'}
[70.595920] (ublox_msgs) StdoutLine: {'line': b'-- Symlinking: /home/jsmoon/yax_jeju/install/ublox_msgs/share/ublox_msgs/local_setup.bash\n'}
[70.603930] (ublox_msgs) StdoutLine: {'line': b'-- Symlinking: /home/jsmoon/yax_jeju/install/ublox_msgs/share/ublox_msgs/local_setup.sh\n'}
[70.607329] (-) TimerEvent: {}
[70.611874] (ublox_msgs) StdoutLine: {'line': b'-- Symlinking: /home/jsmoon/yax_jeju/install/ublox_msgs/share/ublox_msgs/local_setup.zsh\n'}
[70.619582] (ublox_msgs) StdoutLine: {'line': b'-- Symlinking: /home/jsmoon/yax_jeju/install/ublox_msgs/share/ublox_msgs/local_setup.dsv\n'}
[70.627642] (ublox_msgs) StdoutLine: {'line': b'-- Symlinking: /home/jsmoon/yax_jeju/install/ublox_msgs/share/ublox_msgs/package.dsv\n'}
[70.638106] (ublox_msgs) StdoutLine: {'line': b'-- Symlinking: /home/jsmoon/yax_jeju/install/ublox_msgs/share/ament_index/resource_index/packages/ublox_msgs\n'}
[70.645778] (ublox_msgs) StdoutLine: {'line': b'-- Symlinking: /home/jsmoon/yax_jeju/install/ublox_msgs/share/ublox_msgs/cmake/rosidl_cmake-extras.cmake\n'}
[70.653482] (ublox_msgs) StdoutLine: {'line': b'-- Symlinking: /home/jsmoon/yax_jeju/install/ublox_msgs/share/ublox_msgs/cmake/ament_cmake_export_dependencies-extras.cmake\n'}
[70.661998] (ublox_msgs) StdoutLine: {'line': b'-- Symlinking: /home/jsmoon/yax_jeju/install/ublox_msgs/share/ublox_msgs/cmake/ament_cmake_export_include_directories-extras.cmake\n'}
[70.668999] (ublox_msgs) StdoutLine: {'line': b'-- Symlinking: /home/jsmoon/yax_jeju/install/ublox_msgs/share/ublox_msgs/cmake/ament_cmake_export_libraries-extras.cmake\n'}
[70.677500] (ublox_msgs) StdoutLine: {'line': b'-- Symlinking: /home/jsmoon/yax_jeju/install/ublox_msgs/share/ublox_msgs/cmake/ament_cmake_export_targets-extras.cmake\n'}
[70.684810] (ublox_msgs) StdoutLine: {'line': b'-- Symlinking: /home/jsmoon/yax_jeju/install/ublox_msgs/share/ublox_msgs/cmake/rosidl_cmake_export_typesupport_targets-extras.cmake\n'}
[70.692728] (ublox_msgs) StdoutLine: {'line': b'-- Symlinking: /home/jsmoon/yax_jeju/install/ublox_msgs/share/ublox_msgs/cmake/rosidl_cmake_export_typesupport_libraries-extras.cmake\n'}
[70.701109] (ublox_msgs) StdoutLine: {'line': b'-- Symlinking: /home/jsmoon/yax_jeju/install/ublox_msgs/share/ublox_msgs/cmake/ublox_msgsConfig.cmake\n'}
[70.707443] (-) TimerEvent: {}
[70.712051] (ublox_msgs) StdoutLine: {'line': b'-- Symlinking: /home/jsmoon/yax_jeju/install/ublox_msgs/share/ublox_msgs/cmake/ublox_msgsConfig-version.cmake\n'}
[70.720459] (ublox_msgs) StdoutLine: {'line': b'-- Symlinking: /home/jsmoon/yax_jeju/install/ublox_msgs/share/ublox_msgs/package.xml\n'}
[70.728154] (ublox_msgs) StdoutLine: {'line': b'-- Installing: /home/jsmoon/yax_jeju/install/ublox_msgs/lib/libublox_msgs__rosidl_generator_c.so\n'}
[70.729178] (ublox_msgs) StdoutLine: {'line': b'-- Set runtime path of "/home/jsmoon/yax_jeju/install/ublox_msgs/lib/libublox_msgs__rosidl_generator_c.so" to ""\n'}
[70.729318] (ublox_msgs) StdoutLine: {'line': b'-- Installing: /home/jsmoon/yax_jeju/install/ublox_msgs/lib/libublox_msgs__rosidl_typesupport_fastrtps_c.so\n'}
[70.729772] (ublox_msgs) StdoutLine: {'line': b'-- Set runtime path of "/home/jsmoon/yax_jeju/install/ublox_msgs/lib/libublox_msgs__rosidl_typesupport_fastrtps_c.so" to ""\n'}
[70.729832] (ublox_msgs) StdoutLine: {'line': b'-- Installing: /home/jsmoon/yax_jeju/install/ublox_msgs/lib/libublox_msgs__rosidl_typesupport_introspection_c.so\n'}
[70.730453] (ublox_msgs) StdoutLine: {'line': b'-- Set runtime path of "/home/jsmoon/yax_jeju/install/ublox_msgs/lib/libublox_msgs__rosidl_typesupport_introspection_c.so" to ""\n'}
[70.730588] (ublox_msgs) StdoutLine: {'line': b'-- Installing: /home/jsmoon/yax_jeju/install/ublox_msgs/lib/libublox_msgs__rosidl_typesupport_c.so\n'}
[70.730841] (ublox_msgs) StdoutLine: {'line': b'-- Set runtime path of "/home/jsmoon/yax_jeju/install/ublox_msgs/lib/libublox_msgs__rosidl_typesupport_c.so" to ""\n'}
[70.730963] (ublox_msgs) StdoutLine: {'line': b'-- Installing: /home/jsmoon/yax_jeju/install/ublox_msgs/lib/libublox_msgs__rosidl_typesupport_fastrtps_cpp.so\n'}
[70.731911] (ublox_msgs) StdoutLine: {'line': b'-- Set runtime path of "/home/jsmoon/yax_jeju/install/ublox_msgs/lib/libublox_msgs__rosidl_typesupport_fastrtps_cpp.so" to ""\n'}
[70.731983] (ublox_msgs) StdoutLine: {'line': b'-- Installing: /home/jsmoon/yax_jeju/install/ublox_msgs/lib/libublox_msgs__rosidl_typesupport_introspection_cpp.so\n'}
[70.732981] (ublox_msgs) StdoutLine: {'line': b'-- Set runtime path of "/home/jsmoon/yax_jeju/install/ublox_msgs/lib/libublox_msgs__rosidl_typesupport_introspection_cpp.so" to ""\n'}
[70.733064] (ublox_msgs) StdoutLine: {'line': b'-- Installing: /home/jsmoon/yax_jeju/install/ublox_msgs/lib/libublox_msgs__rosidl_typesupport_cpp.so\n'}
[70.733420] (ublox_msgs) StdoutLine: {'line': b'-- Set runtime path of "/home/jsmoon/yax_jeju/install/ublox_msgs/lib/libublox_msgs__rosidl_typesupport_cpp.so" to ""\n'}
[70.807572] (-) TimerEvent: {}
[70.877029] (ublox_msgs) StdoutLine: {'line': b"Listing '/home/jsmoon/yax_jeju/install/ublox_msgs/local/lib/python3.10/dist-packages/ublox_msgs'...\n"}
[70.877224] (ublox_msgs) StdoutLine: {'line': b"Compiling '/home/jsmoon/yax_jeju/install/ublox_msgs/local/lib/python3.10/dist-packages/ublox_msgs/__init__.py'...\n"}
[70.877305] (ublox_msgs) StdoutLine: {'line': b"Listing '/home/jsmoon/yax_jeju/install/ublox_msgs/local/lib/python3.10/dist-packages/ublox_msgs/msg'...\n"}
[70.877372] (ublox_msgs) StdoutLine: {'line': b"Compiling '/home/jsmoon/yax_jeju/install/ublox_msgs/local/lib/python3.10/dist-packages/ublox_msgs/msg/__init__.py'...\n"}
[70.877399] (ublox_msgs) StdoutLine: {'line': b"Compiling '/home/jsmoon/yax_jeju/install/ublox_msgs/local/lib/python3.10/dist-packages/ublox_msgs/msg/_ack.py'...\n"}
[70.877422] (ublox_msgs) StdoutLine: {'line': b"Compiling '/home/jsmoon/yax_jeju/install/ublox_msgs/local/lib/python3.10/dist-packages/ublox_msgs/msg/_aid_alm.py'...\n"}
[70.877448] (ublox_msgs) StdoutLine: {'line': b"Compiling '/home/jsmoon/yax_jeju/install/ublox_msgs/local/lib/python3.10/dist-packages/ublox_msgs/msg/_aid_eph.py'...\n"}
[70.877472] (ublox_msgs) StdoutLine: {'line': b"Compiling '/home/jsmoon/yax_jeju/install/ublox_msgs/local/lib/python3.10/dist-packages/ublox_msgs/msg/_aid_hui.py'...\n"}
[70.877494] (ublox_msgs) StdoutLine: {'line': b"Compiling '/home/jsmoon/yax_jeju/install/ublox_msgs/local/lib/python3.10/dist-packages/ublox_msgs/msg/_cfg_ant.py'...\n"}
[70.877515] (ublox_msgs) StdoutLine: {'line': b"Compiling '/home/jsmoon/yax_jeju/install/ublox_msgs/local/lib/python3.10/dist-packages/ublox_msgs/msg/_cfg_cfg.py'...\n"}
[70.877538] (ublox_msgs) StdoutLine: {'line': b"Compiling '/home/jsmoon/yax_jeju/install/ublox_msgs/local/lib/python3.10/dist-packages/ublox_msgs/msg/_cfg_dat.py'...\n"}
[70.877559] (ublox_msgs) StdoutLine: {'line': b"Compiling '/home/jsmoon/yax_jeju/install/ublox_msgs/local/lib/python3.10/dist-packages/ublox_msgs/msg/_cfg_dgnss.py'...\n"}
[70.877581] (ublox_msgs) StdoutLine: {'line': b"Compiling '/home/jsmoon/yax_jeju/install/ublox_msgs/local/lib/python3.10/dist-packages/ublox_msgs/msg/_cfg_gnss.py'...\n"}
[70.877603] (ublox_msgs) StdoutLine: {'line': b"Compiling '/home/jsmoon/yax_jeju/install/ublox_msgs/local/lib/python3.10/dist-packages/ublox_msgs/msg/_cfg_gnss_block.py'...\n"}
[70.877634] (ublox_msgs) StdoutLine: {'line': b"Compiling '/home/jsmoon/yax_jeju/install/ublox_msgs/local/lib/python3.10/dist-packages/ublox_msgs/msg/_cfg_hnr.py'...\n"}
[70.877656] (ublox_msgs) StdoutLine: {'line': b"Compiling '/home/jsmoon/yax_jeju/install/ublox_msgs/local/lib/python3.10/dist-packages/ublox_msgs/msg/_cfg_inf.py'...\n"}
[70.877677] (ublox_msgs) StdoutLine: {'line': b"Compiling '/home/jsmoon/yax_jeju/install/ublox_msgs/local/lib/python3.10/dist-packages/ublox_msgs/msg/_cfg_inf_block.py'...\n"}
[70.877699] (ublox_msgs) StdoutLine: {'line': b"Compiling '/home/jsmoon/yax_jeju/install/ublox_msgs/local/lib/python3.10/dist-packages/ublox_msgs/msg/_cfg_msg.py'...\n"}
[70.877720] (ublox_msgs) StdoutLine: {'line': b"Compiling '/home/jsmoon/yax_jeju/install/ublox_msgs/local/lib/python3.10/dist-packages/ublox_msgs/msg/_cfg_nav5.py'...\n"}
[70.877741] (ublox_msgs) StdoutLine: {'line': b"Compiling '/home/jsmoon/yax_jeju/install/ublox_msgs/local/lib/python3.10/dist-packages/ublox_msgs/msg/_cfg_navx5.py'...\n"}
[70.877766] (ublox_msgs) StdoutLine: {'line': b"Compiling '/home/jsmoon/yax_jeju/install/ublox_msgs/local/lib/python3.10/dist-packages/ublox_msgs/msg/_cfg_nmea.py'...\n"}
[70.877788] (ublox_msgs) StdoutLine: {'line': b"Compiling '/home/jsmoon/yax_jeju/install/ublox_msgs/local/lib/python3.10/dist-packages/ublox_msgs/msg/_cfg_nmea6.py'...\n"}
[70.877809] (ublox_msgs) StdoutLine: {'line': b"Compiling '/home/jsmoon/yax_jeju/install/ublox_msgs/local/lib/python3.10/dist-packages/ublox_msgs/msg/_cfg_nmea7.py'...\n"}
[70.877831] (ublox_msgs) StdoutLine: {'line': b"Compiling '/home/jsmoon/yax_jeju/install/ublox_msgs/local/lib/python3.10/dist-packages/ublox_msgs/msg/_cfg_prt.py'...\n"}
[70.877853] (ublox_msgs) StdoutLine: {'line': b"Compiling '/home/jsmoon/yax_jeju/install/ublox_msgs/local/lib/python3.10/dist-packages/ublox_msgs/msg/_cfg_rate.py'...\n"}
[70.877875] (ublox_msgs) StdoutLine: {'line': b"Compiling '/home/jsmoon/yax_jeju/install/ublox_msgs/local/lib/python3.10/dist-packages/ublox_msgs/msg/_cfg_rst.py'...\n"}
[70.877896] (ublox_msgs) StdoutLine: {'line': b"Compiling '/home/jsmoon/yax_jeju/install/ublox_msgs/local/lib/python3.10/dist-packages/ublox_msgs/msg/_cfg_sbas.py'...\n"}
[70.877920] (ublox_msgs) StdoutLine: {'line': b"Compiling '/home/jsmoon/yax_jeju/install/ublox_msgs/local/lib/python3.10/dist-packages/ublox_msgs/msg/_cfg_tmode3.py'...\n"}
[70.877942] (ublox_msgs) StdoutLine: {'line': b"Compiling '/home/jsmoon/yax_jeju/install/ublox_msgs/local/lib/python3.10/dist-packages/ublox_msgs/msg/_cfg_usb.py'...\n"}
[70.877963] (ublox_msgs) StdoutLine: {'line': b"Compiling '/home/jsmoon/yax_jeju/install/ublox_msgs/local/lib/python3.10/dist-packages/ublox_msgs/msg/_esf_ins.py'...\n"}
[70.877985] (ublox_msgs) StdoutLine: {'line': b"Compiling '/home/jsmoon/yax_jeju/install/ublox_msgs/local/lib/python3.10/dist-packages/ublox_msgs/msg/_esf_meas.py'...\n"}
[70.878007] (ublox_msgs) StdoutLine: {'line': b"Compiling '/home/jsmoon/yax_jeju/install/ublox_msgs/local/lib/python3.10/dist-packages/ublox_msgs/msg/_esf_raw.py'...\n"}
[70.878035] (ublox_msgs) StdoutLine: {'line': b"Compiling '/home/jsmoon/yax_jeju/install/ublox_msgs/local/lib/python3.10/dist-packages/ublox_msgs/msg/_esf_raw_block.py'...\n"}
[70.878057] (ublox_msgs) StdoutLine: {'line': b"Compiling '/home/jsmoon/yax_jeju/install/ublox_msgs/local/lib/python3.10/dist-packages/ublox_msgs/msg/_esf_status.py'...\n"}
[70.878079] (ublox_msgs) StdoutLine: {'line': b"Compiling '/home/jsmoon/yax_jeju/install/ublox_msgs/local/lib/python3.10/dist-packages/ublox_msgs/msg/_esf_status_sens.py'...\n"}
[70.878100] (ublox_msgs) StdoutLine: {'line': b"Compiling '/home/jsmoon/yax_jeju/install/ublox_msgs/local/lib/python3.10/dist-packages/ublox_msgs/msg/_hnr_pvt.py'...\n"}
[70.878121] (ublox_msgs) StdoutLine: {'line': b"Compiling '/home/jsmoon/yax_jeju/install/ublox_msgs/local/lib/python3.10/dist-packages/ublox_msgs/msg/_inf.py'...\n"}
[70.878143] (ublox_msgs) StdoutLine: {'line': b"Compiling '/home/jsmoon/yax_jeju/install/ublox_msgs/local/lib/python3.10/dist-packages/ublox_msgs/msg/_mga_gal.py'...\n"}
[70.878164] (ublox_msgs) StdoutLine: {'line': b"Compiling '/home/jsmoon/yax_jeju/install/ublox_msgs/local/lib/python3.10/dist-packages/ublox_msgs/msg/_mon_gnss.py'...\n"}
[70.878186] (ublox_msgs) StdoutLine: {'line': b"Compiling '/home/jsmoon/yax_jeju/install/ublox_msgs/local/lib/python3.10/dist-packages/ublox_msgs/msg/_mon_hw.py'...\n"}
[70.878207] (ublox_msgs) StdoutLine: {'line': b"Compiling '/home/jsmoon/yax_jeju/install/ublox_msgs/local/lib/python3.10/dist-packages/ublox_msgs/msg/_mon_hw6.py'...\n"}
[70.878228] (ublox_msgs) StdoutLine: {'line': b"Compiling '/home/jsmoon/yax_jeju/install/ublox_msgs/local/lib/python3.10/dist-packages/ublox_msgs/msg/_mon_ver.py'...\n"}
[70.878249] (ublox_msgs) StdoutLine: {'line': b"Compiling '/home/jsmoon/yax_jeju/install/ublox_msgs/local/lib/python3.10/dist-packages/ublox_msgs/msg/_mon_ver_extension.py'...\n"}
[70.878271] (ublox_msgs) StdoutLine: {'line': b"Compiling '/home/jsmoon/yax_jeju/install/ublox_msgs/local/lib/python3.10/dist-packages/ublox_msgs/msg/_nav_att.py'...\n"}
[70.878294] (ublox_msgs) StdoutLine: {'line': b"Compiling '/home/jsmoon/yax_jeju/install/ublox_msgs/local/lib/python3.10/dist-packages/ublox_msgs/msg/_nav_clock.py'...\n"}
[70.878315] (ublox_msgs) StdoutLine: {'line': b"Compiling '/home/jsmoon/yax_jeju/install/ublox_msgs/local/lib/python3.10/dist-packages/ublox_msgs/msg/_nav_dgps.py'...\n"}
[70.878337] (ublox_msgs) StdoutLine: {'line': b"Compiling '/home/jsmoon/yax_jeju/install/ublox_msgs/local/lib/python3.10/dist-packages/ublox_msgs/msg/_nav_dgpssv.py'...\n"}
[70.878358] (ublox_msgs) StdoutLine: {'line': b"Compiling '/home/jsmoon/yax_jeju/install/ublox_msgs/local/lib/python3.10/dist-packages/ublox_msgs/msg/_nav_dop.py'...\n"}
[70.878383] (ublox_msgs) StdoutLine: {'line': b"Compiling '/home/jsmoon/yax_jeju/install/ublox_msgs/local/lib/python3.10/dist-packages/ublox_msgs/msg/_nav_posecef.py'...\n"}
[70.878405] (ublox_msgs) StdoutLine: {'line': b"Compiling '/home/jsmoon/yax_jeju/install/ublox_msgs/local/lib/python3.10/dist-packages/ublox_msgs/msg/_nav_posllh.py'...\n"}
[70.878426] (ublox_msgs) StdoutLine: {'line': b"Compiling '/home/jsmoon/yax_jeju/install/ublox_msgs/local/lib/python3.10/dist-packages/ublox_msgs/msg/_nav_pvt.py'...\n"}
[70.878447] (ublox_msgs) StdoutLine: {'line': b"Compiling '/home/jsmoon/yax_jeju/install/ublox_msgs/local/lib/python3.10/dist-packages/ublox_msgs/msg/_nav_pvt7.py'...\n"}
[70.878469] (ublox_msgs) StdoutLine: {'line': b"Compiling '/home/jsmoon/yax_jeju/install/ublox_msgs/local/lib/python3.10/dist-packages/ublox_msgs/msg/_nav_relposned.py'...\n"}
[70.878492] (ublox_msgs) StdoutLine: {'line': b"Compiling '/home/jsmoon/yax_jeju/install/ublox_msgs/local/lib/python3.10/dist-packages/ublox_msgs/msg/_nav_relposned9.py'...\n"}
[70.878514] (ublox_msgs) StdoutLine: {'line': b"Compiling '/home/jsmoon/yax_jeju/install/ublox_msgs/local/lib/python3.10/dist-packages/ublox_msgs/msg/_nav_sat.py'...\n"}
[70.878540] (ublox_msgs) StdoutLine: {'line': b"Compiling '/home/jsmoon/yax_jeju/install/ublox_msgs/local/lib/python3.10/dist-packages/ublox_msgs/msg/_nav_satsv.py'...\n"}
[70.878561] (ublox_msgs) StdoutLine: {'line': b"Compiling '/home/jsmoon/yax_jeju/install/ublox_msgs/local/lib/python3.10/dist-packages/ublox_msgs/msg/_nav_sbas.py'...\n"}
[70.878583] (ublox_msgs) StdoutLine: {'line': b"Compiling '/home/jsmoon/yax_jeju/install/ublox_msgs/local/lib/python3.10/dist-packages/ublox_msgs/msg/_nav_sbassv.py'...\n"}
[70.878605] (ublox_msgs) StdoutLine: {'line': b"Compiling '/home/jsmoon/yax_jeju/install/ublox_msgs/local/lib/python3.10/dist-packages/ublox_msgs/msg/_nav_sol.py'...\n"}
[70.878629] (ublox_msgs) StdoutLine: {'line': b"Compiling '/home/jsmoon/yax_jeju/install/ublox_msgs/local/lib/python3.10/dist-packages/ublox_msgs/msg/_nav_status.py'...\n"}
[70.878651] (ublox_msgs) StdoutLine: {'line': b"Compiling '/home/jsmoon/yax_jeju/install/ublox_msgs/local/lib/python3.10/dist-packages/ublox_msgs/msg/_nav_svin.py'...\n"}
[70.878672] (ublox_msgs) StdoutLine: {'line': b"Compiling '/home/jsmoon/yax_jeju/install/ublox_msgs/local/lib/python3.10/dist-packages/ublox_msgs/msg/_nav_svinfo.py'...\n"}
[70.878694] (ublox_msgs) StdoutLine: {'line': b"Compiling '/home/jsmoon/yax_jeju/install/ublox_msgs/local/lib/python3.10/dist-packages/ublox_msgs/msg/_nav_svinfosv.py'...\n"}
[70.878716] (ublox_msgs) StdoutLine: {'line': b"Compiling '/home/jsmoon/yax_jeju/install/ublox_msgs/local/lib/python3.10/dist-packages/ublox_msgs/msg/_nav_timegps.py'...\n"}
[70.878738] (ublox_msgs) StdoutLine: {'line': b"Compiling '/home/jsmoon/yax_jeju/install/ublox_msgs/local/lib/python3.10/dist-packages/ublox_msgs/msg/_nav_timeutc.py'...\n"}
[70.878760] (ublox_msgs) StdoutLine: {'line': b"Compiling '/home/jsmoon/yax_jeju/install/ublox_msgs/local/lib/python3.10/dist-packages/ublox_msgs/msg/_nav_velecef.py'...\n"}
[70.878782] (ublox_msgs) StdoutLine: {'line': b"Compiling '/home/jsmoon/yax_jeju/install/ublox_msgs/local/lib/python3.10/dist-packages/ublox_msgs/msg/_nav_velned.py'...\n"}
[70.878804] (ublox_msgs) StdoutLine: {'line': b"Compiling '/home/jsmoon/yax_jeju/install/ublox_msgs/local/lib/python3.10/dist-packages/ublox_msgs/msg/_rxm_alm.py'...\n"}
[70.885911] (ublox_msgs) StdoutLine: {'line': b"Compiling '/home/jsmoon/yax_jeju/install/ublox_msgs/local/lib/python3.10/dist-packages/ublox_msgs/msg/_rxm_eph.py'...\n"}
[70.886070] (ublox_msgs) StdoutLine: {'line': b"Compiling '/home/jsmoon/yax_jeju/install/ublox_msgs/local/lib/python3.10/dist-packages/ublox_msgs/msg/_rxm_raw.py'...\n"}
[70.886157] (ublox_msgs) StdoutLine: {'line': b"Compiling '/home/jsmoon/yax_jeju/install/ublox_msgs/local/lib/python3.10/dist-packages/ublox_msgs/msg/_rxm_rawsv.py'...\n"}
[70.886225] (ublox_msgs) StdoutLine: {'line': b"Compiling '/home/jsmoon/yax_jeju/install/ublox_msgs/local/lib/python3.10/dist-packages/ublox_msgs/msg/_rxm_rawx.py'...\n"}
[70.886288] (ublox_msgs) StdoutLine: {'line': b"Compiling '/home/jsmoon/yax_jeju/install/ublox_msgs/local/lib/python3.10/dist-packages/ublox_msgs/msg/_rxm_rawx_meas.py'...\n"}
[70.886348] (ublox_msgs) StdoutLine: {'line': b"Compiling '/home/jsmoon/yax_jeju/install/ublox_msgs/local/lib/python3.10/dist-packages/ublox_msgs/msg/_rxm_rtcm.py'...\n"}
[70.886404] (ublox_msgs) StdoutLine: {'line': b"Compiling '/home/jsmoon/yax_jeju/install/ublox_msgs/local/lib/python3.10/dist-packages/ublox_msgs/msg/_rxm_sfrb.py'...\n"}
[70.886458] (ublox_msgs) StdoutLine: {'line': b"Compiling '/home/jsmoon/yax_jeju/install/ublox_msgs/local/lib/python3.10/dist-packages/ublox_msgs/msg/_rxm_sfrbx.py'...\n"}
[70.886514] (ublox_msgs) StdoutLine: {'line': b"Compiling '/home/jsmoon/yax_jeju/install/ublox_msgs/local/lib/python3.10/dist-packages/ublox_msgs/msg/_rxm_svsi.py'...\n"}
[70.886569] (ublox_msgs) StdoutLine: {'line': b"Compiling '/home/jsmoon/yax_jeju/install/ublox_msgs/local/lib/python3.10/dist-packages/ublox_msgs/msg/_rxm_svsisv.py'...\n"}
[70.886624] (ublox_msgs) StdoutLine: {'line': b"Compiling '/home/jsmoon/yax_jeju/install/ublox_msgs/local/lib/python3.10/dist-packages/ublox_msgs/msg/_tim_tm2.py'...\n"}
[70.886678] (ublox_msgs) StdoutLine: {'line': b"Compiling '/home/jsmoon/yax_jeju/install/ublox_msgs/local/lib/python3.10/dist-packages/ublox_msgs/msg/_upd_sos.py'...\n"}
[70.886731] (ublox_msgs) StdoutLine: {'line': b"Compiling '/home/jsmoon/yax_jeju/install/ublox_msgs/local/lib/python3.10/dist-packages/ublox_msgs/msg/_upd_sos_ack.py'...\n"}
[70.889354] (ublox_msgs) StdoutLine: {'line': b'-- Installing: /home/jsmoon/yax_jeju/install/ublox_msgs/lib/libublox_msgs__rosidl_generator_py.so\n'}
[70.890855] (ublox_msgs) StdoutLine: {'line': b'-- Set runtime path of "/home/jsmoon/yax_jeju/install/ublox_msgs/lib/libublox_msgs__rosidl_generator_py.so" to ""\n'}
[70.890941] (ublox_msgs) StdoutLine: {'line': b'-- Installing: /home/jsmoon/yax_jeju/install/ublox_msgs/lib/libublox_msgs_lib.so\n'}
[70.891747] (ublox_msgs) StdoutLine: {'line': b'-- Set runtime path of "/home/jsmoon/yax_jeju/install/ublox_msgs/lib/libublox_msgs_lib.so" to ""\n'}
[70.891861] (ublox_msgs) StdoutLine: {'line': b'-- Installing: /home/jsmoon/yax_jeju/install/ublox_msgs/share/ublox_msgs/cmake/export_ublox_msgs__rosidl_generator_cExport.cmake\n'}
[70.891976] (ublox_msgs) StdoutLine: {'line': b'-- Installing: /home/jsmoon/yax_jeju/install/ublox_msgs/share/ublox_msgs/cmake/export_ublox_msgs__rosidl_generator_cExport-noconfig.cmake\n'}
[70.892149] (ublox_msgs) StdoutLine: {'line': b'-- Installing: /home/jsmoon/yax_jeju/install/ublox_msgs/share/ublox_msgs/cmake/export_ublox_msgs__rosidl_typesupport_fastrtps_cExport.cmake\n'}
[70.892294] (ublox_msgs) StdoutLine: {'line': b'-- Installing: /home/jsmoon/yax_jeju/install/ublox_msgs/share/ublox_msgs/cmake/export_ublox_msgs__rosidl_typesupport_fastrtps_cExport-noconfig.cmake\n'}
[70.892439] (ublox_msgs) StdoutLine: {'line': b'-- Installing: /home/jsmoon/yax_jeju/install/ublox_msgs/share/ublox_msgs/cmake/ublox_msgs__rosidl_typesupport_introspection_cExport.cmake\n'}
[70.892580] (ublox_msgs) StdoutLine: {'line': b'-- Installing: /home/jsmoon/yax_jeju/install/ublox_msgs/share/ublox_msgs/cmake/ublox_msgs__rosidl_typesupport_introspection_cExport-noconfig.cmake\n'}
[70.892721] (ublox_msgs) StdoutLine: {'line': b'-- Installing: /home/jsmoon/yax_jeju/install/ublox_msgs/share/ublox_msgs/cmake/ublox_msgs__rosidl_typesupport_cExport.cmake\n'}
[70.892867] (ublox_msgs) StdoutLine: {'line': b'-- Installing: /home/jsmoon/yax_jeju/install/ublox_msgs/share/ublox_msgs/cmake/ublox_msgs__rosidl_typesupport_cExport-noconfig.cmake\n'}
[70.892990] (ublox_msgs) StdoutLine: {'line': b'-- Installing: /home/jsmoon/yax_jeju/install/ublox_msgs/share/ublox_msgs/cmake/export_ublox_msgs__rosidl_generator_cppExport.cmake\n'}
[70.893168] (ublox_msgs) StdoutLine: {'line': b'-- Installing: /home/jsmoon/yax_jeju/install/ublox_msgs/share/ublox_msgs/cmake/export_ublox_msgs__rosidl_typesupport_fastrtps_cppExport.cmake\n'}
[70.893305] (ublox_msgs) StdoutLine: {'line': b'-- Installing: /home/jsmoon/yax_jeju/install/ublox_msgs/share/ublox_msgs/cmake/export_ublox_msgs__rosidl_typesupport_fastrtps_cppExport-noconfig.cmake\n'}
[70.893447] (ublox_msgs) StdoutLine: {'line': b'-- Installing: /home/jsmoon/yax_jeju/install/ublox_msgs/share/ublox_msgs/cmake/ublox_msgs__rosidl_typesupport_introspection_cppExport.cmake\n'}
[70.893585] (ublox_msgs) StdoutLine: {'line': b'-- Installing: /home/jsmoon/yax_jeju/install/ublox_msgs/share/ublox_msgs/cmake/ublox_msgs__rosidl_typesupport_introspection_cppExport-noconfig.cmake\n'}
[70.893727] (ublox_msgs) StdoutLine: {'line': b'-- Installing: /home/jsmoon/yax_jeju/install/ublox_msgs/share/ublox_msgs/cmake/ublox_msgs__rosidl_typesupport_cppExport.cmake\n'}
[70.893837] (ublox_msgs) StdoutLine: {'line': b'-- Installing: /home/jsmoon/yax_jeju/install/ublox_msgs/share/ublox_msgs/cmake/ublox_msgs__rosidl_typesupport_cppExport-noconfig.cmake\n'}
[70.893972] (ublox_msgs) StdoutLine: {'line': b'-- Installing: /home/jsmoon/yax_jeju/install/ublox_msgs/share/ublox_msgs/cmake/export_ublox_msgs__rosidl_generator_pyExport.cmake\n'}
[70.894108] (ublox_msgs) StdoutLine: {'line': b'-- Installing: /home/jsmoon/yax_jeju/install/ublox_msgs/share/ublox_msgs/cmake/export_ublox_msgs__rosidl_generator_pyExport-noconfig.cmake\n'}
[70.894233] (ublox_msgs) StdoutLine: {'line': b'-- Installing: /home/jsmoon/yax_jeju/install/ublox_msgs/share/ublox_msgs/cmake/ublox_msgs_libExport.cmake\n'}
[70.894367] (ublox_msgs) StdoutLine: {'line': b'-- Installing: /home/jsmoon/yax_jeju/install/ublox_msgs/share/ublox_msgs/cmake/ublox_msgs_libExport-noconfig.cmake\n'}
[70.896531] (ublox_msgs) CommandEnded: {'returncode': 0}
[70.907673] (-) TimerEvent: {}
[70.953299] (ublox_msgs) JobEnded: {'identifier': 'ublox_msgs', 'rc': 0}
[70.954045] (ublox_gps) JobStarted: {'identifier': 'ublox_gps'}
[70.956080] (fix2nmea) JobStarted: {'identifier': 'fix2nmea'}
[70.964236] (fix2nmea) JobProgress: {'identifier': 'fix2nmea', 'progress': 'cmake'}
[70.965197] (fix2nmea) Command: {'cmd': ['/usr/bin/cmake', '/home/jsmoon/yax_jeju/src/RTK_GPS_NTRIP/fix2nmea', '-DAMENT_CMAKE_SYMLINK_INSTALL=1', '-DCMAKE_INSTALL_PREFIX=/home/jsmoon/yax_jeju/install/fix2nmea'], 'cwd': '/home/jsmoon/yax_jeju/build/fix2nmea', 'env': OrderedDict([('PYENV_VIRTUALENV_INIT', '1'), ('GJS_DEBUG_TOPICS', 'JS ERROR;JS LOG'), ('LESSOPEN', '| /usr/bin/lesspipe %s'), ('USER', 'jsmoon'), ('LC_TIME', 'ko_KR.UTF-8'), ('XDG_SESSION_TYPE', 'x11'), ('SHLVL', '1'), ('LD_LIBRARY_PATH', '/home/jsmoon/yax_jeju/install/ublox_msgs/lib:/opt/ros/humble/opt/rviz_ogre_vendor/lib:/opt/ros/humble/lib/x86_64-linux-gnu:/opt/ros/humble/lib:/home/jsmoon/Desktop/JSMOON/MLCS/project1/Personalized-Adaptive-Cruise/external/acados/lib'), ('ACADOS_SOURCE_DIR', '/home/jsmoon/Desktop/JSMOON/MLCS/project1/Personalized-Adaptive-Cruise/external/acados'), ('HOME', '/home/jsmoon'), ('OLDPWD', '/home/jsmoon'), ('DESKTOP_SESSION', 'ubuntu-xorg'), ('PYENV_SHELL', 'bash'), ('GIO_LAUNCHED_DESKTOP_FILE', '/usr/share/applications/terminator.desktop'), ('ROS_PYTHON_VERSION', '3'), ('GNOME_SHELL_SESSION_MODE', 'ubuntu'), ('GTK_MODULES', 'gail:atk-bridge'), ('LC_MONETARY', 'ko_KR.UTF-8'), ('MANAGERPID', '1869'), ('SYSTEMD_EXEC_PID', '2431'), ('DBUS_SESSION_BUS_ADDRESS', 'unix:path=/run/user/1000/bus'), ('COLORTERM', 'truecolor'), ('TERMINATOR_DBUS_NAME', 'net.tenshu.Terminator23558193cd9818af7fe4d2c2f5bd9d00f'), ('GIO_LAUNCHED_DESKTOP_FILE_PID', '8379'), ('COLCON_PREFIX_PATH', '/home/jsmoon/ydlidar_ws/install'), ('ROS_DISTRO', 'humble'), ('GTK_IM_MODULE', 'ibus'), ('LOGNAME', 'jsmoon'), ('JOURNAL_STREAM', '8:9861'), ('_', '/usr/bin/colcon'), ('ROS_VERSION', '2'), ('XDG_SESSION_CLASS', 'user'), ('USERNAME', 'jsmoon'), ('TERM', 'xterm-256color'), ('GNOME_DESKTOP_SESSION_ID', 'this-is-deprecated'), ('ROS_LOCALHOST_ONLY', '0'), ('WINDOWPATH', '2'), ('PATH', '/opt/ros/humble/bin:/home/jsmoon/.pyenv/plugins/pyenv-virtualenv/shims:/home/jsmoon/.pyenv/shims:/home/jsmoon/.pyenv/bin:/home/jsmoon/.local/bin:/usr/local/sbin:/usr/local/bin:/usr/sbin:/usr/bin:/sbin:/bin:/usr/games:/usr/local/games:/snap/bin:/snap/bin'), ('SESSION_MANAGER', 'local/jsmoon-ASUS-TUF-Gaming-A14-FA401UM-FA401UM:@/tmp/.ICE-unix/2384,unix/jsmoon-ASUS-TUF-Gaming-A14-FA401UM-FA401UM:/tmp/.ICE-unix/2384'), ('INVOCATION_ID', '59e81587102e428d9dc34d9cf59fdca5'), ('XDG_MENU_PREFIX', 'gnome-'), ('LC_ADDRESS', 'ko_KR.UTF-8'), ('XDG_RUNTIME_DIR', '/run/user/1000'), ('DISPLAY', ':1'), ('TERMINATOR_DBUS_PATH', '/net/tenshu/Terminator2'), ('LANG', 'en_US.UTF-8'), ('XDG_CURRENT_DESKTOP', 'ubuntu:GNOME'), ('IBUS_DISABLE_SNOOPER', '1'), ('LC_TELEPHONE', 'ko_KR.UTF-8'), ('XMODIFIERS', '@im=ibus'), ('XDG_SESSION_DESKTOP', 'ubuntu-xorg'), ('XAUTHORITY', '/run/user/1000/gdm/Xauthority'), ('LS_COLORS', 'rs=0:di=01;34:ln=01;36:mh=00:pi=40;33:so=01;35:do=01;35:bd=40;33;01:cd=40;33;01:or=40;31;01:mi=00:su=37;41:sg=30;43:ca=30;41:tw=30;42:ow=34;42:st=37;44:ex=01;32:*.tar=01;31:*.tgz=01;31:*.arc=01;31:*.arj=01;31:*.taz=01;31:*.lha=01;31:*.lz4=01;31:*.lzh=01;31:*.lzma=01;31:*.tlz=01;31:*.txz=01;31:*.tzo=01;31:*.t7z=01;31:*.zip=01;31:*.z=01;31:*.dz=01;31:*.gz=01;31:*.lrz=01;31:*.lz=01;31:*.lzo=01;31:*.xz=01;31:*.zst=01;31:*.tzst=01;31:*.bz2=01;31:*.bz=01;31:*.tbz=01;31:*.tbz2=01;31:*.tz=01;31:*.deb=01;31:*.rpm=01;31:*.jar=01;31:*.war=01;31:*.ear=01;31:*.sar=01;31:*.rar=01;31:*.alz=01;31:*.ace=01;31:*.zoo=01;31:*.cpio=01;31:*.7z=01;31:*.rz=01;31:*.cab=01;31:*.wim=01;31:*.swm=01;31:*.dwm=01;31:*.esd=01;31:*.jpg=01;35:*.jpeg=01;35:*.mjpg=01;35:*.mjpeg=01;35:*.gif=01;35:*.bmp=01;35:*.pbm=01;35:*.pgm=01;35:*.ppm=01;35:*.tga=01;35:*.xbm=01;35:*.xpm=01;35:*.tif=01;35:*.tiff=01;35:*.png=01;35:*.svg=01;35:*.svgz=01;35:*.mng=01;35:*.pcx=01;35:*.mov=01;35:*.mpg=01;35:*.mpeg=01;35:*.m2v=01;35:*.mkv=01;35:*.webm=01;35:*.webp=01;35:*.ogm=01;35:*.mp4=01;35:*.m4v=01;35:*.mp4v=01;35:*.vob=01;35:*.qt=01;35:*.nuv=01;35:*.wmv=01;35:*.asf=01;35:*.rm=01;35:*.rmvb=01;35:*.flc=01;35:*.avi=01;35:*.fli=01;35:*.flv=01;35:*.gl=01;35:*.dl=01;35:*.xcf=01;35:*.xwd=01;35:*.yuv=01;35:*.cgm=01;35:*.emf=01;35:*.ogv=01;35:*.ogx=01;35:*.aac=00;36:*.au=00;36:*.flac=00;36:*.m4a=00;36:*.mid=00;36:*.midi=00;36:*.mka=00;36:*.mp3=00;36:*.mpc=00;36:*.ogg=00;36:*.ra=00;36:*.wav=00;36:*.oga=00;36:*.opus=00;36:*.spx=00;36:*.xspf=00;36:'), ('SSH_AGENT_LAUNCHER', 'gnome-keyring'), ('SSH_AUTH_SOCK', '/run/user/1000/keyring/ssh'), ('AMENT_PREFIX_PATH', '/home/jsmoon/yax_jeju/install/ublox_msgs:/home/jsmoon/yax_jeju/install/ublox_serialization:/home/jsmoon/ydlidar_ws/install/ydlidar_ros2_driver:/opt/ros/humble'), ('SHELL', '/bin/bash'), ('LC_NAME', 'ko_KR.UTF-8'), ('TERMINATOR_UUID', 'urn:uuid:df2315a3-6fbc-4574-8f2c-035191f51785'), ('QT_ACCESSIBILITY', '1'), ('GDMSESSION', 'ubuntu-xorg'), ('LESSCLOSE', '/usr/bin/lesspipe %s %s'), ('LC_MEASUREMENT', 'ko_KR.UTF-8'), ('GPG_AGENT_INFO', '/run/user/1000/gnupg/S.gpg-agent:0:1'), ('GJS_DEBUG_OUTPUT', 'stderr'), ('LC_IDENTIFICATION', 'ko_KR.UTF-8'), ('QT_IM_MODULE', 'ibus'), ('PWD', '/home/jsmoon/yax_jeju/build/fix2nmea'), ('LC_ALL', 'en_US.UTF-8'), ('XDG_CONFIG_DIRS', '/etc/xdg/xdg-ubuntu-xorg:/etc/xdg'), ('PYENV_ROOT', '/home/jsmoon/.pyenv'), ('XDG_DATA_DIRS', '/usr/share/ubuntu-xorg:/usr/share/gnome:/usr/local/share/:/usr/share/:/var/lib/snapd/desktop'), ('PYTHONPATH', '/home/jsmoon/yax_jeju/install/ublox_msgs/local/lib/python3.10/dist-packages:/opt/ros/humble/lib/python3.10/site-packages:/opt/ros/humble/local/lib/python3.10/dist-packages'), ('LC_NUMERIC', 'ko_KR.UTF-8'), ('LC_PAPER', 'ko_KR.UTF-8'), ('COLCON', '1'), ('VTE_VERSION', '6800'), ('CMAKE_PREFIX_PATH', '/home/jsmoon/yax_jeju/install/ublox_msgs:/home/jsmoon/yax_jeju/install/ublox_serialization:/home/jsmoon/ydlidar_ws/install/ydlidar_ros2_driver:/opt/ros/humble')]), 'shell': False}
[70.966590] (ublox_gps) JobProgress: {'identifier': 'ublox_gps', 'progress': 'cmake'}
[70.966780] (ublox_gps) Command: {'cmd': ['/usr/bin/cmake', '/home/jsmoon/yax_jeju/src/RTK_GPS_NTRIP/ublox_gps', '-DAMENT_CMAKE_SYMLINK_INSTALL=1', '-DCMAKE_INSTALL_PREFIX=/home/jsmoon/yax_jeju/install/ublox_gps'], 'cwd': '/home/jsmoon/yax_jeju/build/ublox_gps', 'env': OrderedDict([('PYENV_VIRTUALENV_INIT', '1'), ('GJS_DEBUG_TOPICS', 'JS ERROR;JS LOG'), ('LESSOPEN', '| /usr/bin/lesspipe %s'), ('USER', 'jsmoon'), ('LC_TIME', 'ko_KR.UTF-8'), ('XDG_SESSION_TYPE', 'x11'), ('SHLVL', '1'), ('LD_LIBRARY_PATH', '/home/jsmoon/yax_jeju/install/ublox_msgs/lib:/home/jsmoon/yax_jeju/install/rtcm_msgs/lib:/opt/ros/humble/opt/rviz_ogre_vendor/lib:/opt/ros/humble/lib/x86_64-linux-gnu:/opt/ros/humble/lib:/home/jsmoon/Desktop/JSMOON/MLCS/project1/Personalized-Adaptive-Cruise/external/acados/lib'), ('ACADOS_SOURCE_DIR', '/home/jsmoon/Desktop/JSMOON/MLCS/project1/Personalized-Adaptive-Cruise/external/acados'), ('HOME', '/home/jsmoon'), ('OLDPWD', '/home/jsmoon'), ('DESKTOP_SESSION', 'ubuntu-xorg'), ('PYENV_SHELL', 'bash'), ('GIO_LAUNCHED_DESKTOP_FILE', '/usr/share/applications/terminator.desktop'), ('ROS_PYTHON_VERSION', '3'), ('GNOME_SHELL_SESSION_MODE', 'ubuntu'), ('GTK_MODULES', 'gail:atk-bridge'), ('LC_MONETARY', 'ko_KR.UTF-8'), ('MANAGERPID', '1869'), ('SYSTEMD_EXEC_PID', '2431'), ('DBUS_SESSION_BUS_ADDRESS', 'unix:path=/run/user/1000/bus'), ('COLORTERM', 'truecolor'), ('TERMINATOR_DBUS_NAME', 'net.tenshu.Terminator23558193cd9818af7fe4d2c2f5bd9d00f'), ('GIO_LAUNCHED_DESKTOP_FILE_PID', '8379'), ('COLCON_PREFIX_PATH', '/home/jsmoon/ydlidar_ws/install'), ('ROS_DISTRO', 'humble'), ('GTK_IM_MODULE', 'ibus'), ('LOGNAME', 'jsmoon'), ('JOURNAL_STREAM', '8:9861'), ('_', '/usr/bin/colcon'), ('ROS_VERSION', '2'), ('XDG_SESSION_CLASS', 'user'), ('USERNAME', 'jsmoon'), ('TERM', 'xterm-256color'), ('GNOME_DESKTOP_SESSION_ID', 'this-is-deprecated'), ('ROS_LOCALHOST_ONLY', '0'), ('WINDOWPATH', '2'), ('PATH', '/opt/ros/humble/bin:/home/jsmoon/.pyenv/plugins/pyenv-virtualenv/shims:/home/jsmoon/.pyenv/shims:/home/jsmoon/.pyenv/bin:/home/jsmoon/.local/bin:/usr/local/sbin:/usr/local/bin:/usr/sbin:/usr/bin:/sbin:/bin:/usr/games:/usr/local/games:/snap/bin:/snap/bin'), ('SESSION_MANAGER', 'local/jsmoon-ASUS-TUF-Gaming-A14-FA401UM-FA401UM:@/tmp/.ICE-unix/2384,unix/jsmoon-ASUS-TUF-Gaming-A14-FA401UM-FA401UM:/tmp/.ICE-unix/2384'), ('INVOCATION_ID', '59e81587102e428d9dc34d9cf59fdca5'), ('XDG_MENU_PREFIX', 'gnome-'), ('LC_ADDRESS', 'ko_KR.UTF-8'), ('XDG_RUNTIME_DIR', '/run/user/1000'), ('DISPLAY', ':1'), ('TERMINATOR_DBUS_PATH', '/net/tenshu/Terminator2'), ('LANG', 'en_US.UTF-8'), ('XDG_CURRENT_DESKTOP', 'ubuntu:GNOME'), ('IBUS_DISABLE_SNOOPER', '1'), ('LC_TELEPHONE', 'ko_KR.UTF-8'), ('XMODIFIERS', '@im=ibus'), ('XDG_SESSION_DESKTOP', 'ubuntu-xorg'), ('XAUTHORITY', '/run/user/1000/gdm/Xauthority'), ('LS_COLORS', 'rs=0:di=01;34:ln=01;36:mh=00:pi=40;33:so=01;35:do=01;35:bd=40;33;01:cd=40;33;01:or=40;31;01:mi=00:su=37;41:sg=30;43:ca=30;41:tw=30;42:ow=34;42:st=37;44:ex=01;32:*.tar=01;31:*.tgz=01;31:*.arc=01;31:*.arj=01;31:*.taz=01;31:*.lha=01;31:*.lz4=01;31:*.lzh=01;31:*.lzma=01;31:*.tlz=01;31:*.txz=01;31:*.tzo=01;31:*.t7z=01;31:*.zip=01;31:*.z=01;31:*.dz=01;31:*.gz=01;31:*.lrz=01;31:*.lz=01;31:*.lzo=01;31:*.xz=01;31:*.zst=01;31:*.tzst=01;31:*.bz2=01;31:*.bz=01;31:*.tbz=01;31:*.tbz2=01;31:*.tz=01;31:*.deb=01;31:*.rpm=01;31:*.jar=01;31:*.war=01;31:*.ear=01;31:*.sar=01;31:*.rar=01;31:*.alz=01;31:*.ace=01;31:*.zoo=01;31:*.cpio=01;31:*.7z=01;31:*.rz=01;31:*.cab=01;31:*.wim=01;31:*.swm=01;31:*.dwm=01;31:*.esd=01;31:*.jpg=01;35:*.jpeg=01;35:*.mjpg=01;35:*.mjpeg=01;35:*.gif=01;35:*.bmp=01;35:*.pbm=01;35:*.pgm=01;35:*.ppm=01;35:*.tga=01;35:*.xbm=01;35:*.xpm=01;35:*.tif=01;35:*.tiff=01;35:*.png=01;35:*.svg=01;35:*.svgz=01;35:*.mng=01;35:*.pcx=01;35:*.mov=01;35:*.mpg=01;35:*.mpeg=01;35:*.m2v=01;35:*.mkv=01;35:*.webm=01;35:*.webp=01;35:*.ogm=01;35:*.mp4=01;35:*.m4v=01;35:*.mp4v=01;35:*.vob=01;35:*.qt=01;35:*.nuv=01;35:*.wmv=01;35:*.asf=01;35:*.rm=01;35:*.rmvb=01;35:*.flc=01;35:*.avi=01;35:*.fli=01;35:*.flv=01;35:*.gl=01;35:*.dl=01;35:*.xcf=01;35:*.xwd=01;35:*.yuv=01;35:*.cgm=01;35:*.emf=01;35:*.ogv=01;35:*.ogx=01;35:*.aac=00;36:*.au=00;36:*.flac=00;36:*.m4a=00;36:*.mid=00;36:*.midi=00;36:*.mka=00;36:*.mp3=00;36:*.mpc=00;36:*.ogg=00;36:*.ra=00;36:*.wav=00;36:*.oga=00;36:*.opus=00;36:*.spx=00;36:*.xspf=00;36:'), ('SSH_AGENT_LAUNCHER', 'gnome-keyring'), ('SSH_AUTH_SOCK', '/run/user/1000/keyring/ssh'), ('AMENT_PREFIX_PATH', '/home/jsmoon/yax_jeju/install/ublox_msgs:/home/jsmoon/yax_jeju/install/ublox_serialization:/home/jsmoon/yax_jeju/install/rtcm_msgs:/home/jsmoon/ydlidar_ws/install/ydlidar_ros2_driver:/opt/ros/humble'), ('SHELL', '/bin/bash'), ('LC_NAME', 'ko_KR.UTF-8'), ('TERMINATOR_UUID', 'urn:uuid:df2315a3-6fbc-4574-8f2c-035191f51785'), ('QT_ACCESSIBILITY', '1'), ('GDMSESSION', 'ubuntu-xorg'), ('LESSCLOSE', '/usr/bin/lesspipe %s %s'), ('LC_MEASUREMENT', 'ko_KR.UTF-8'), ('GPG_AGENT_INFO', '/run/user/1000/gnupg/S.gpg-agent:0:1'), ('GJS_DEBUG_OUTPUT', 'stderr'), ('LC_IDENTIFICATION', 'ko_KR.UTF-8'), ('QT_IM_MODULE', 'ibus'), ('PWD', '/home/jsmoon/yax_jeju/build/ublox_gps'), ('LC_ALL', 'en_US.UTF-8'), ('XDG_CONFIG_DIRS', '/etc/xdg/xdg-ubuntu-xorg:/etc/xdg'), ('PYENV_ROOT', '/home/jsmoon/.pyenv'), ('XDG_DATA_DIRS', '/usr/share/ubuntu-xorg:/usr/share/gnome:/usr/local/share/:/usr/share/:/var/lib/snapd/desktop'), ('PYTHONPATH', '/home/jsmoon/yax_jeju/install/ublox_msgs/local/lib/python3.10/dist-packages:/home/jsmoon/yax_jeju/install/rtcm_msgs/local/lib/python3.10/dist-packages:/opt/ros/humble/lib/python3.10/site-packages:/opt/ros/humble/local/lib/python3.10/dist-packages'), ('LC_NUMERIC', 'ko_KR.UTF-8'), ('LC_PAPER', 'ko_KR.UTF-8'), ('COLCON', '1'), ('VTE_VERSION', '6800'), ('CMAKE_PREFIX_PATH', '/home/jsmoon/yax_jeju/install/ublox_msgs:/home/jsmoon/yax_jeju/install/ublox_serialization:/home/jsmoon/yax_jeju/install/rtcm_msgs:/home/jsmoon/ydlidar_ws/install/ydlidar_ros2_driver:/opt/ros/humble')]), 'shell': False}
[71.007759] (-) TimerEvent: {}
[71.010159] (fix2nmea) StdoutLine: {'line': b'-- The C compiler identification is GNU 11.4.0\n'}
[71.012038] (ublox_gps) StdoutLine: {'line': b'-- The C compiler identification is GNU 11.4.0\n'}
[71.054579] (fix2nmea) StdoutLine: {'line': b'-- The CXX compiler identification is GNU 11.4.0\n'}
[71.058104] (ublox_gps) StdoutLine: {'line': b'-- The CXX compiler identification is GNU 11.4.0\n'}
[71.060670] (fix2nmea) StdoutLine: {'line': b'-- Detecting C compiler ABI info\n'}
[71.064199] (ublox_gps) StdoutLine: {'line': b'-- Detecting C compiler ABI info\n'}
[71.107897] (-) TimerEvent: {}
[71.119242] (fix2nmea) StdoutLine: {'line': b'-- Detecting C compiler ABI info - done\n'}
[71.120849] (fix2nmea) StdoutLine: {'line': b'-- Check for working C compiler: /usr/bin/cc - skipped\n'}
[71.121089] (fix2nmea) StdoutLine: {'line': b'-- Detecting C compile features\n'}
[71.121196] (fix2nmea) StdoutLine: {'line': b'-- Detecting C compile features - done\n'}
[71.122394] (ublox_gps) StdoutLine: {'line': b'-- Detecting C compiler ABI info - done\n'}
[71.122943] (fix2nmea) StdoutLine: {'line': b'-- Detecting CXX compiler ABI info\n'}
[71.126302] (ublox_gps) StdoutLine: {'line': b'-- Check for working C compiler: /usr/bin/cc - skipped\n'}
[71.126473] (ublox_gps) StdoutLine: {'line': b'-- Detecting C compile features\n'}
[71.126709] (ublox_gps) StdoutLine: {'line': b'-- Detecting C compile features - done\n'}
[71.128443] (ublox_gps) StdoutLine: {'line': b'-- Detecting CXX compiler ABI info\n'}
[71.189268] (fix2nmea) StdoutLine: {'line': b'-- Detecting CXX compiler ABI info - done\n'}
[71.193266] (fix2nmea) StdoutLine: {'line': b'-- Check for working CXX compiler: /usr/bin/c++ - skipped\n'}
[71.193476] (fix2nmea) StdoutLine: {'line': b'-- Detecting CXX compile features\n'}
[71.193704] (fix2nmea) StdoutLine: {'line': b'-- Detecting CXX compile features - done\n'}
[71.195476] (fix2nmea) StdoutLine: {'line': b'-- Found ament_cmake: 1.3.12 (/opt/ros/humble/share/ament_cmake/cmake)\n'}
[71.196264] (ublox_gps) StdoutLine: {'line': b'-- Detecting CXX compiler ABI info - done\n'}
[71.200872] (ublox_gps) StdoutLine: {'line': b'-- Check for working CXX compiler: /usr/bin/c++ - skipped\n'}
[71.201060] (ublox_gps) StdoutLine: {'line': b'-- Detecting CXX compile features\n'}
[71.201391] (ublox_gps) StdoutLine: {'line': b'-- Detecting CXX compile features - done\n'}
[71.202847] (ublox_gps) StdoutLine: {'line': b'-- Found ament_cmake_ros: 0.10.0 (/opt/ros/humble/share/ament_cmake_ros/cmake)\n'}
[71.207958] (-) TimerEvent: {}
[71.308183] (-) TimerEvent: {}
[71.408482] (-) TimerEvent: {}
[71.508781] (-) TimerEvent: {}
[71.609110] (-) TimerEvent: {}
[71.675498] (fix2nmea) StdoutLine: {'line': b'-- Found Python3: /home/jsmoon/.pyenv/shims/python3 (found version "3.10.12") found components: Interpreter \n'}
[71.702200] (ublox_gps) StdoutLine: {'line': b'-- Found Python3: /home/jsmoon/.pyenv/shims/python3 (found version "3.10.12") found components: Interpreter \n'}
[71.709191] (-) TimerEvent: {}
[71.774888] (fix2nmea) StdoutLine: {'line': b'-- Override CMake install command with custom implementation using symlinks instead of copying resources\n'}
[71.792542] (fix2nmea) StdoutLine: {'line': b'-- Found rclcpp: 16.0.16 (/opt/ros/humble/share/rclcpp/cmake)\n'}
[71.798462] (ublox_gps) StdoutLine: {'line': b'-- Override CMake install command with custom implementation using symlinks instead of copying resources\n'}
[71.809254] (-) TimerEvent: {}
[71.816627] (ublox_gps) StdoutLine: {'line': b'-- Found asio: /usr/include  \n'}
[71.817809] (fix2nmea) StdoutLine: {'line': b'-- Found rosidl_generator_c: 3.1.7 (/opt/ros/humble/share/rosidl_generator_c/cmake)\n'}
[71.818529] (ublox_gps) StdoutLine: {'line': b'-- Found diagnostic_msgs: 4.9.0 (/opt/ros/humble/share/diagnostic_msgs/cmake)\n'}
[71.820740] (fix2nmea) StdoutLine: {'line': b'-- Found rosidl_adapter: 3.1.7 (/opt/ros/humble/share/rosidl_adapter/cmake)\n'}
[71.825597] (fix2nmea) StdoutLine: {'line': b'-- Found rosidl_generator_cpp: 3.1.7 (/opt/ros/humble/share/rosidl_generator_cpp/cmake)\n'}
[71.832400] (fix2nmea) StdoutLine: {'line': b'-- Using all available rosidl_typesupport_c: rosidl_typesupport_fastrtps_c;rosidl_typesupport_introspection_c\n'}
[71.843146] (fix2nmea) StdoutLine: {'line': b'-- Using all available rosidl_typesupport_cpp: rosidl_typesupport_fastrtps_cpp;rosidl_typesupport_introspection_cpp\n'}
[71.844135] (ublox_gps) StdoutLine: {'line': b'-- Found rosidl_generator_c: 3.1.7 (/opt/ros/humble/share/rosidl_generator_c/cmake)\n'}
[71.847399] (ublox_gps) StdoutLine: {'line': b'-- Found rosidl_adapter: 3.1.7 (/opt/ros/humble/share/rosidl_adapter/cmake)\n'}
[71.852441] (ublox_gps) StdoutLine: {'line': b'-- Found rosidl_generator_cpp: 3.1.7 (/opt/ros/humble/share/rosidl_generator_cpp/cmake)\n'}
[71.859531] (ublox_gps) StdoutLine: {'line': b'-- Using all available rosidl_typesupport_c: rosidl_typesupport_fastrtps_c;rosidl_typesupport_introspection_c\n'}
[71.867886] (fix2nmea) StdoutLine: {'line': b'-- Found rmw_implementation_cmake: 6.1.2 (/opt/ros/humble/share/rmw_implementation_cmake/cmake)\n'}
[71.869046] (ublox_gps) StdoutLine: {'line': b'-- Using all available rosidl_typesupport_cpp: rosidl_typesupport_fastrtps_cpp;rosidl_typesupport_introspection_cpp\n'}
[71.869510] (fix2nmea) StdoutLine: {'line': b'-- Found rmw_fastrtps_cpp: 6.2.9 (/opt/ros/humble/share/rmw_fastrtps_cpp/cmake)\n'}
[71.895010] (ublox_gps) StdoutLine: {'line': b'-- Found diagnostic_updater: 4.0.6 (/opt/ros/humble/share/diagnostic_updater/cmake)\n'}
[71.909489] (-) TimerEvent: {}
[71.923068] (ublox_gps) StdoutLine: {'line': b'-- Found rmw_implementation_cmake: 6.1.2 (/opt/ros/humble/share/rmw_implementation_cmake/cmake)\n'}
[71.925774] (ublox_gps) StdoutLine: {'line': b'-- Found rmw_fastrtps_cpp: 6.2.9 (/opt/ros/humble/share/rmw_fastrtps_cpp/cmake)\n'}
[71.942765] (fix2nmea) StdoutLine: {'line': b'-- Found OpenSSL: /usr/lib/x86_64-linux-gnu/libcrypto.so (found version "3.0.2")  \n'}
[71.960994] (fix2nmea) StdoutLine: {'line': b'-- Found FastRTPS: /opt/ros/humble/include  \n'}
[71.992171] (fix2nmea) StdoutLine: {'line': b"-- Using RMW implementation 'rmw_fastrtps_cpp' as default\n"}
[71.996854] (ublox_gps) StdoutLine: {'line': b'-- Found OpenSSL: /usr/lib/x86_64-linux-gnu/libcrypto.so (found version "3.0.2")  \n'}
[71.997596] (fix2nmea) StdoutLine: {'line': b'-- Looking for pthread.h\n'}
[72.009551] (-) TimerEvent: {}
[72.016987] (ublox_gps) StdoutLine: {'line': b'-- Found FastRTPS: /opt/ros/humble/include  \n'}
[72.050290] (ublox_gps) StdoutLine: {'line': b"-- Using RMW implementation 'rmw_fastrtps_cpp' as default\n"}
[72.057115] (ublox_gps) StdoutLine: {'line': b'-- Looking for pthread.h\n'}
[72.058832] (fix2nmea) StdoutLine: {'line': b'-- Looking for pthread.h - found\n'}
[72.059243] (fix2nmea) StdoutLine: {'line': b'-- Performing Test CMAKE_HAVE_LIBC_PTHREAD\n'}
[72.109659] (-) TimerEvent: {}
[72.118159] (fix2nmea) StdoutLine: {'line': b'-- Performing Test CMAKE_HAVE_LIBC_PTHREAD - Success\n'}
[72.118823] (fix2nmea) StdoutLine: {'line': b'-- Found Threads: TRUE  \n'}
[72.119548] (ublox_gps) StdoutLine: {'line': b'-- Looking for pthread.h - found\n'}
[72.119916] (ublox_gps) StdoutLine: {'line': b'-- Performing Test CMAKE_HAVE_LIBC_PTHREAD\n'}
[72.150430] (fix2nmea) StdoutLine: {'line': b'-- Found nmea_msgs: 2.0.0 (/opt/ros/humble/share/nmea_msgs/cmake)\n'}
[72.160916] (fix2nmea) StdoutLine: {'line': b'-- Found sensor_msgs: 4.9.0 (/opt/ros/humble/share/sensor_msgs/cmake)\n'}
[72.177803] (fix2nmea) StdoutLine: {'line': b'-- Found ublox_msgs: 2.3.0 (/home/jsmoon/yax_jeju/install/ublox_msgs/share/ublox_msgs/cmake)\n'}
[72.190720] (fix2nmea) StdoutLine: {'line': b'-- Found ament_lint_auto: 0.12.14 (/opt/ros/humble/share/ament_lint_auto/cmake)\n'}
[72.190991] (ublox_gps) StdoutLine: {'line': b'-- Performing Test CMAKE_HAVE_LIBC_PTHREAD - Success\n'}
[72.191840] (ublox_gps) StdoutLine: {'line': b'-- Found Threads: TRUE  \n'}
[72.209767] (-) TimerEvent: {}
[72.217159] (ublox_gps) StdoutLine: {'line': b'-- Found geometry_msgs: 4.9.0 (/opt/ros/humble/share/geometry_msgs/cmake)\n'}
[72.226389] (ublox_gps) StdoutLine: {'line': b'-- Found rclcpp_components: 16.0.16 (/opt/ros/humble/share/rclcpp_components/cmake)\n'}
[72.250949] (ublox_gps) StdoutLine: {'line': b'-- Found sensor_msgs: 4.9.0 (/opt/ros/humble/share/sensor_msgs/cmake)\n'}
[72.262236] (ublox_gps) StdoutLine: {'line': b'-- Found tf2: 0.25.17 (/opt/ros/humble/share/tf2/cmake)\n'}
[72.264975] (ublox_gps) StdoutLine: {'line': b'-- Found ublox_msgs: 2.3.0 (/home/jsmoon/yax_jeju/install/ublox_msgs/share/ublox_msgs/cmake)\n'}
[72.276518] (ublox_gps) StdoutLine: {'line': b'-- Found rtcm_msgs: 1.1.6 (/home/jsmoon/yax_jeju/install/rtcm_msgs/share/rtcm_msgs/cmake)\n'}
[72.309906] (-) TimerEvent: {}
[72.315836] (fix2nmea) StdoutLine: {'line': b"-- Added test 'cppcheck' to perform static code analysis on C / C++ code\n"}
[72.316026] (fix2nmea) StdoutLine: {'line': b'-- Configured cppcheck include dirs: \n'}
[72.316117] (fix2nmea) StdoutLine: {'line': b'-- Configured cppcheck exclude dirs and/or files: \n'}
[72.316275] (fix2nmea) StdoutLine: {'line': b"-- Added test 'lint_cmake' to check CMake code style\n"}
[72.316817] (fix2nmea) StdoutLine: {'line': b"-- Added test 'uncrustify' to check C / C++ code style\n"}
[72.316877] (fix2nmea) StdoutLine: {'line': b'-- Configured uncrustify additional arguments: \n'}
[72.317100] (fix2nmea) StdoutLine: {'line': b"-- Added test 'xmllint' to check XML markup files\n"}
[72.317974] (fix2nmea) StdoutLine: {'line': b'-- Configuring done\n'}
[72.325548] (fix2nmea) StdoutLine: {'line': b'-- Generating done\n'}
[72.327782] (fix2nmea) StdoutLine: {'line': b'-- Build files have been written to: /home/jsmoon/yax_jeju/build/fix2nmea\n'}
[72.336129] (fix2nmea) CommandEnded: {'returncode': 0}
[72.337800] (fix2nmea) JobProgress: {'identifier': 'fix2nmea', 'progress': 'build'}
[72.339232] (fix2nmea) Command: {'cmd': ['/usr/bin/cmake', '--build', '/home/jsmoon/yax_jeju/build/fix2nmea', '--', '-j16', '-l16'], 'cwd': '/home/jsmoon/yax_jeju/build/fix2nmea', 'env': OrderedDict([('PYENV_VIRTUALENV_INIT', '1'), ('GJS_DEBUG_TOPICS', 'JS ERROR;JS LOG'), ('LESSOPEN', '| /usr/bin/lesspipe %s'), ('USER', 'jsmoon'), ('LC_TIME', 'ko_KR.UTF-8'), ('XDG_SESSION_TYPE', 'x11'), ('SHLVL', '1'), ('LD_LIBRARY_PATH', '/home/jsmoon/yax_jeju/install/ublox_msgs/lib:/opt/ros/humble/opt/rviz_ogre_vendor/lib:/opt/ros/humble/lib/x86_64-linux-gnu:/opt/ros/humble/lib:/home/jsmoon/Desktop/JSMOON/MLCS/project1/Personalized-Adaptive-Cruise/external/acados/lib'), ('ACADOS_SOURCE_DIR', '/home/jsmoon/Desktop/JSMOON/MLCS/project1/Personalized-Adaptive-Cruise/external/acados'), ('HOME', '/home/jsmoon'), ('OLDPWD', '/home/jsmoon'), ('DESKTOP_SESSION', 'ubuntu-xorg'), ('PYENV_SHELL', 'bash'), ('GIO_LAUNCHED_DESKTOP_FILE', '/usr/share/applications/terminator.desktop'), ('ROS_PYTHON_VERSION', '3'), ('GNOME_SHELL_SESSION_MODE', 'ubuntu'), ('GTK_MODULES', 'gail:atk-bridge'), ('LC_MONETARY', 'ko_KR.UTF-8'), ('MANAGERPID', '1869'), ('SYSTEMD_EXEC_PID', '2431'), ('DBUS_SESSION_BUS_ADDRESS', 'unix:path=/run/user/1000/bus'), ('COLORTERM', 'truecolor'), ('TERMINATOR_DBUS_NAME', 'net.tenshu.Terminator23558193cd9818af7fe4d2c2f5bd9d00f'), ('GIO_LAUNCHED_DESKTOP_FILE_PID', '8379'), ('COLCON_PREFIX_PATH', '/home/jsmoon/ydlidar_ws/install'), ('ROS_DISTRO', 'humble'), ('GTK_IM_MODULE', 'ibus'), ('LOGNAME', 'jsmoon'), ('JOURNAL_STREAM', '8:9861'), ('_', '/usr/bin/colcon'), ('ROS_VERSION', '2'), ('XDG_SESSION_CLASS', 'user'), ('USERNAME', 'jsmoon'), ('TERM', 'xterm-256color'), ('GNOME_DESKTOP_SESSION_ID', 'this-is-deprecated'), ('ROS_LOCALHOST_ONLY', '0'), ('WINDOWPATH', '2'), ('PATH', '/opt/ros/humble/bin:/home/jsmoon/.pyenv/plugins/pyenv-virtualenv/shims:/home/jsmoon/.pyenv/shims:/home/jsmoon/.pyenv/bin:/home/jsmoon/.local/bin:/usr/local/sbin:/usr/local/bin:/usr/sbin:/usr/bin:/sbin:/bin:/usr/games:/usr/local/games:/snap/bin:/snap/bin'), ('SESSION_MANAGER', 'local/jsmoon-ASUS-TUF-Gaming-A14-FA401UM-FA401UM:@/tmp/.ICE-unix/2384,unix/jsmoon-ASUS-TUF-Gaming-A14-FA401UM-FA401UM:/tmp/.ICE-unix/2384'), ('INVOCATION_ID', '59e81587102e428d9dc34d9cf59fdca5'), ('XDG_MENU_PREFIX', 'gnome-'), ('LC_ADDRESS', 'ko_KR.UTF-8'), ('XDG_RUNTIME_DIR', '/run/user/1000'), ('DISPLAY', ':1'), ('TERMINATOR_DBUS_PATH', '/net/tenshu/Terminator2'), ('LANG', 'en_US.UTF-8'), ('XDG_CURRENT_DESKTOP', 'ubuntu:GNOME'), ('IBUS_DISABLE_SNOOPER', '1'), ('LC_TELEPHONE', 'ko_KR.UTF-8'), ('XMODIFIERS', '@im=ibus'), ('XDG_SESSION_DESKTOP', 'ubuntu-xorg'), ('XAUTHORITY', '/run/user/1000/gdm/Xauthority'), ('LS_COLORS', 'rs=0:di=01;34:ln=01;36:mh=00:pi=40;33:so=01;35:do=01;35:bd=40;33;01:cd=40;33;01:or=40;31;01:mi=00:su=37;41:sg=30;43:ca=30;41:tw=30;42:ow=34;42:st=37;44:ex=01;32:*.tar=01;31:*.tgz=01;31:*.arc=01;31:*.arj=01;31:*.taz=01;31:*.lha=01;31:*.lz4=01;31:*.lzh=01;31:*.lzma=01;31:*.tlz=01;31:*.txz=01;31:*.tzo=01;31:*.t7z=01;31:*.zip=01;31:*.z=01;31:*.dz=01;31:*.gz=01;31:*.lrz=01;31:*.lz=01;31:*.lzo=01;31:*.xz=01;31:*.zst=01;31:*.tzst=01;31:*.bz2=01;31:*.bz=01;31:*.tbz=01;31:*.tbz2=01;31:*.tz=01;31:*.deb=01;31:*.rpm=01;31:*.jar=01;31:*.war=01;31:*.ear=01;31:*.sar=01;31:*.rar=01;31:*.alz=01;31:*.ace=01;31:*.zoo=01;31:*.cpio=01;31:*.7z=01;31:*.rz=01;31:*.cab=01;31:*.wim=01;31:*.swm=01;31:*.dwm=01;31:*.esd=01;31:*.jpg=01;35:*.jpeg=01;35:*.mjpg=01;35:*.mjpeg=01;35:*.gif=01;35:*.bmp=01;35:*.pbm=01;35:*.pgm=01;35:*.ppm=01;35:*.tga=01;35:*.xbm=01;35:*.xpm=01;35:*.tif=01;35:*.tiff=01;35:*.png=01;35:*.svg=01;35:*.svgz=01;35:*.mng=01;35:*.pcx=01;35:*.mov=01;35:*.mpg=01;35:*.mpeg=01;35:*.m2v=01;35:*.mkv=01;35:*.webm=01;35:*.webp=01;35:*.ogm=01;35:*.mp4=01;35:*.m4v=01;35:*.mp4v=01;35:*.vob=01;35:*.qt=01;35:*.nuv=01;35:*.wmv=01;35:*.asf=01;35:*.rm=01;35:*.rmvb=01;35:*.flc=01;35:*.avi=01;35:*.fli=01;35:*.flv=01;35:*.gl=01;35:*.dl=01;35:*.xcf=01;35:*.xwd=01;35:*.yuv=01;35:*.cgm=01;35:*.emf=01;35:*.ogv=01;35:*.ogx=01;35:*.aac=00;36:*.au=00;36:*.flac=00;36:*.m4a=00;36:*.mid=00;36:*.midi=00;36:*.mka=00;36:*.mp3=00;36:*.mpc=00;36:*.ogg=00;36:*.ra=00;36:*.wav=00;36:*.oga=00;36:*.opus=00;36:*.spx=00;36:*.xspf=00;36:'), ('SSH_AGENT_LAUNCHER', 'gnome-keyring'), ('SSH_AUTH_SOCK', '/run/user/1000/keyring/ssh'), ('AMENT_PREFIX_PATH', '/home/jsmoon/yax_jeju/install/ublox_msgs:/home/jsmoon/yax_jeju/install/ublox_serialization:/home/jsmoon/ydlidar_ws/install/ydlidar_ros2_driver:/opt/ros/humble'), ('SHELL', '/bin/bash'), ('LC_NAME', 'ko_KR.UTF-8'), ('TERMINATOR_UUID', 'urn:uuid:df2315a3-6fbc-4574-8f2c-035191f51785'), ('QT_ACCESSIBILITY', '1'), ('GDMSESSION', 'ubuntu-xorg'), ('LESSCLOSE', '/usr/bin/lesspipe %s %s'), ('LC_MEASUREMENT', 'ko_KR.UTF-8'), ('GPG_AGENT_INFO', '/run/user/1000/gnupg/S.gpg-agent:0:1'), ('GJS_DEBUG_OUTPUT', 'stderr'), ('LC_IDENTIFICATION', 'ko_KR.UTF-8'), ('QT_IM_MODULE', 'ibus'), ('PWD', '/home/jsmoon/yax_jeju/build/fix2nmea'), ('LC_ALL', 'en_US.UTF-8'), ('XDG_CONFIG_DIRS', '/etc/xdg/xdg-ubuntu-xorg:/etc/xdg'), ('PYENV_ROOT', '/home/jsmoon/.pyenv'), ('XDG_DATA_DIRS', '/usr/share/ubuntu-xorg:/usr/share/gnome:/usr/local/share/:/usr/share/:/var/lib/snapd/desktop'), ('PYTHONPATH', '/home/jsmoon/yax_jeju/install/ublox_msgs/local/lib/python3.10/dist-packages:/opt/ros/humble/lib/python3.10/site-packages:/opt/ros/humble/local/lib/python3.10/dist-packages'), ('LC_NUMERIC', 'ko_KR.UTF-8'), ('LC_PAPER', 'ko_KR.UTF-8'), ('COLCON', '1'), ('VTE_VERSION', '6800'), ('CMAKE_PREFIX_PATH', '/home/jsmoon/yax_jeju/install/ublox_msgs:/home/jsmoon/yax_jeju/install/ublox_serialization:/home/jsmoon/ydlidar_ws/install/ydlidar_ros2_driver:/opt/ros/humble')]), 'shell': False}
[72.386398] (fix2nmea) StdoutLine: {'line': b'[ 50%] \x1b[32mBuilding CXX object CMakeFiles/fix2nmea.dir/src/fix2nmea.cpp.o\x1b[0m\n'}
[72.405429] (ublox_gps) StdoutLine: {'line': b'-- Configuring done\n'}
[72.409967] (-) TimerEvent: {}
[72.464274] (ublox_gps) StdoutLine: {'line': b'-- Generating done\n'}
[72.470122] (ublox_gps) StdoutLine: {'line': b'-- Build files have been written to: /home/jsmoon/yax_jeju/build/ublox_gps\n'}
[72.478600] (ublox_gps) CommandEnded: {'returncode': 0}
[72.479453] (ublox_gps) JobProgress: {'identifier': 'ublox_gps', 'progress': 'build'}
[72.479782] (ublox_gps) Command: {'cmd': ['/usr/bin/cmake', '--build', '/home/jsmoon/yax_jeju/build/ublox_gps', '--', '-j16', '-l16'], 'cwd': '/home/jsmoon/yax_jeju/build/ublox_gps', 'env': OrderedDict([('PYENV_VIRTUALENV_INIT', '1'), ('GJS_DEBUG_TOPICS', 'JS ERROR;JS LOG'), ('LESSOPEN', '| /usr/bin/lesspipe %s'), ('USER', 'jsmoon'), ('LC_TIME', 'ko_KR.UTF-8'), ('XDG_SESSION_TYPE', 'x11'), ('SHLVL', '1'), ('LD_LIBRARY_PATH', '/home/jsmoon/yax_jeju/install/ublox_msgs/lib:/home/jsmoon/yax_jeju/install/rtcm_msgs/lib:/opt/ros/humble/opt/rviz_ogre_vendor/lib:/opt/ros/humble/lib/x86_64-linux-gnu:/opt/ros/humble/lib:/home/jsmoon/Desktop/JSMOON/MLCS/project1/Personalized-Adaptive-Cruise/external/acados/lib'), ('ACADOS_SOURCE_DIR', '/home/jsmoon/Desktop/JSMOON/MLCS/project1/Personalized-Adaptive-Cruise/external/acados'), ('HOME', '/home/jsmoon'), ('OLDPWD', '/home/jsmoon'), ('DESKTOP_SESSION', 'ubuntu-xorg'), ('PYENV_SHELL', 'bash'), ('GIO_LAUNCHED_DESKTOP_FILE', '/usr/share/applications/terminator.desktop'), ('ROS_PYTHON_VERSION', '3'), ('GNOME_SHELL_SESSION_MODE', 'ubuntu'), ('GTK_MODULES', 'gail:atk-bridge'), ('LC_MONETARY', 'ko_KR.UTF-8'), ('MANAGERPID', '1869'), ('SYSTEMD_EXEC_PID', '2431'), ('DBUS_SESSION_BUS_ADDRESS', 'unix:path=/run/user/1000/bus'), ('COLORTERM', 'truecolor'), ('TERMINATOR_DBUS_NAME', 'net.tenshu.Terminator23558193cd9818af7fe4d2c2f5bd9d00f'), ('GIO_LAUNCHED_DESKTOP_FILE_PID', '8379'), ('COLCON_PREFIX_PATH', '/home/jsmoon/ydlidar_ws/install'), ('ROS_DISTRO', 'humble'), ('GTK_IM_MODULE', 'ibus'), ('LOGNAME', 'jsmoon'), ('JOURNAL_STREAM', '8:9861'), ('_', '/usr/bin/colcon'), ('ROS_VERSION', '2'), ('XDG_SESSION_CLASS', 'user'), ('USERNAME', 'jsmoon'), ('TERM', 'xterm-256color'), ('GNOME_DESKTOP_SESSION_ID', 'this-is-deprecated'), ('ROS_LOCALHOST_ONLY', '0'), ('WINDOWPATH', '2'), ('PATH', '/opt/ros/humble/bin:/home/jsmoon/.pyenv/plugins/pyenv-virtualenv/shims:/home/jsmoon/.pyenv/shims:/home/jsmoon/.pyenv/bin:/home/jsmoon/.local/bin:/usr/local/sbin:/usr/local/bin:/usr/sbin:/usr/bin:/sbin:/bin:/usr/games:/usr/local/games:/snap/bin:/snap/bin'), ('SESSION_MANAGER', 'local/jsmoon-ASUS-TUF-Gaming-A14-FA401UM-FA401UM:@/tmp/.ICE-unix/2384,unix/jsmoon-ASUS-TUF-Gaming-A14-FA401UM-FA401UM:/tmp/.ICE-unix/2384'), ('INVOCATION_ID', '59e81587102e428d9dc34d9cf59fdca5'), ('XDG_MENU_PREFIX', 'gnome-'), ('LC_ADDRESS', 'ko_KR.UTF-8'), ('XDG_RUNTIME_DIR', '/run/user/1000'), ('DISPLAY', ':1'), ('TERMINATOR_DBUS_PATH', '/net/tenshu/Terminator2'), ('LANG', 'en_US.UTF-8'), ('XDG_CURRENT_DESKTOP', 'ubuntu:GNOME'), ('IBUS_DISABLE_SNOOPER', '1'), ('LC_TELEPHONE', 'ko_KR.UTF-8'), ('XMODIFIERS', '@im=ibus'), ('XDG_SESSION_DESKTOP', 'ubuntu-xorg'), ('XAUTHORITY', '/run/user/1000/gdm/Xauthority'), ('LS_COLORS', 'rs=0:di=01;34:ln=01;36:mh=00:pi=40;33:so=01;35:do=01;35:bd=40;33;01:cd=40;33;01:or=40;31;01:mi=00:su=37;41:sg=30;43:ca=30;41:tw=30;42:ow=34;42:st=37;44:ex=01;32:*.tar=01;31:*.tgz=01;31:*.arc=01;31:*.arj=01;31:*.taz=01;31:*.lha=01;31:*.lz4=01;31:*.lzh=01;31:*.lzma=01;31:*.tlz=01;31:*.txz=01;31:*.tzo=01;31:*.t7z=01;31:*.zip=01;31:*.z=01;31:*.dz=01;31:*.gz=01;31:*.lrz=01;31:*.lz=01;31:*.lzo=01;31:*.xz=01;31:*.zst=01;31:*.tzst=01;31:*.bz2=01;31:*.bz=01;31:*.tbz=01;31:*.tbz2=01;31:*.tz=01;31:*.deb=01;31:*.rpm=01;31:*.jar=01;31:*.war=01;31:*.ear=01;31:*.sar=01;31:*.rar=01;31:*.alz=01;31:*.ace=01;31:*.zoo=01;31:*.cpio=01;31:*.7z=01;31:*.rz=01;31:*.cab=01;31:*.wim=01;31:*.swm=01;31:*.dwm=01;31:*.esd=01;31:*.jpg=01;35:*.jpeg=01;35:*.mjpg=01;35:*.mjpeg=01;35:*.gif=01;35:*.bmp=01;35:*.pbm=01;35:*.pgm=01;35:*.ppm=01;35:*.tga=01;35:*.xbm=01;35:*.xpm=01;35:*.tif=01;35:*.tiff=01;35:*.png=01;35:*.svg=01;35:*.svgz=01;35:*.mng=01;35:*.pcx=01;35:*.mov=01;35:*.mpg=01;35:*.mpeg=01;35:*.m2v=01;35:*.mkv=01;35:*.webm=01;35:*.webp=01;35:*.ogm=01;35:*.mp4=01;35:*.m4v=01;35:*.mp4v=01;35:*.vob=01;35:*.qt=01;35:*.nuv=01;35:*.wmv=01;35:*.asf=01;35:*.rm=01;35:*.rmvb=01;35:*.flc=01;35:*.avi=01;35:*.fli=01;35:*.flv=01;35:*.gl=01;35:*.dl=01;35:*.xcf=01;35:*.xwd=01;35:*.yuv=01;35:*.cgm=01;35:*.emf=01;35:*.ogv=01;35:*.ogx=01;35:*.aac=00;36:*.au=00;36:*.flac=00;36:*.m4a=00;36:*.mid=00;36:*.midi=00;36:*.mka=00;36:*.mp3=00;36:*.mpc=00;36:*.ogg=00;36:*.ra=00;36:*.wav=00;36:*.oga=00;36:*.opus=00;36:*.spx=00;36:*.xspf=00;36:'), ('SSH_AGENT_LAUNCHER', 'gnome-keyring'), ('SSH_AUTH_SOCK', '/run/user/1000/keyring/ssh'), ('AMENT_PREFIX_PATH', '/home/jsmoon/yax_jeju/install/ublox_msgs:/home/jsmoon/yax_jeju/install/ublox_serialization:/home/jsmoon/yax_jeju/install/rtcm_msgs:/home/jsmoon/ydlidar_ws/install/ydlidar_ros2_driver:/opt/ros/humble'), ('SHELL', '/bin/bash'), ('LC_NAME', 'ko_KR.UTF-8'), ('TERMINATOR_UUID', 'urn:uuid:df2315a3-6fbc-4574-8f2c-035191f51785'), ('QT_ACCESSIBILITY', '1'), ('GDMSESSION', 'ubuntu-xorg'), ('LESSCLOSE', '/usr/bin/lesspipe %s %s'), ('LC_MEASUREMENT', 'ko_KR.UTF-8'), ('GPG_AGENT_INFO', '/run/user/1000/gnupg/S.gpg-agent:0:1'), ('GJS_DEBUG_OUTPUT', 'stderr'), ('LC_IDENTIFICATION', 'ko_KR.UTF-8'), ('QT_IM_MODULE', 'ibus'), ('PWD', '/home/jsmoon/yax_jeju/build/ublox_gps'), ('LC_ALL', 'en_US.UTF-8'), ('XDG_CONFIG_DIRS', '/etc/xdg/xdg-ubuntu-xorg:/etc/xdg'), ('PYENV_ROOT', '/home/jsmoon/.pyenv'), ('XDG_DATA_DIRS', '/usr/share/ubuntu-xorg:/usr/share/gnome:/usr/local/share/:/usr/share/:/var/lib/snapd/desktop'), ('PYTHONPATH', '/home/jsmoon/yax_jeju/install/ublox_msgs/local/lib/python3.10/dist-packages:/home/jsmoon/yax_jeju/install/rtcm_msgs/local/lib/python3.10/dist-packages:/opt/ros/humble/lib/python3.10/site-packages:/opt/ros/humble/local/lib/python3.10/dist-packages'), ('LC_NUMERIC', 'ko_KR.UTF-8'), ('LC_PAPER', 'ko_KR.UTF-8'), ('COLCON', '1'), ('VTE_VERSION', '6800'), ('CMAKE_PREFIX_PATH', '/home/jsmoon/yax_jeju/install/ublox_msgs:/home/jsmoon/yax_jeju/install/ublox_serialization:/home/jsmoon/yax_jeju/install/rtcm_msgs:/home/jsmoon/ydlidar_ws/install/ydlidar_ros2_driver:/opt/ros/humble')]), 'shell': False}
[72.510107] (-) TimerEvent: {}
[72.527924] (ublox_gps) StdoutLine: {'line': b'[ 13%] \x1b[32mBuilding CXX object CMakeFiles/ublox_gps.dir/src/gps.cpp.o\x1b[0m\n'}
[72.528135] (ublox_gps) StdoutLine: {'line': b'[ 13%] \x1b[32mBuilding CXX object CMakeFiles/ublox_gps.dir/src/hpg_rov_product.cpp.o\x1b[0m\n'}
[72.528183] (ublox_gps) StdoutLine: {'line': b'[ 13%] \x1b[32mBuilding CXX object CMakeFiles/ublox_gps.dir/src/gnss.cpp.o\x1b[0m\n'}
[72.528228] (ublox_gps) StdoutLine: {'line': b'[ 22%] \x1b[32mBuilding CXX object CMakeFiles/ublox_gps.dir/src/hpg_ref_product.cpp.o\x1b[0m\n'}
[72.528296] (ublox_gps) StdoutLine: {'line': b'[ 22%] \x1b[32mBuilding CXX object CMakeFiles/ublox_gps.dir/src/hp_pos_rec_product.cpp.o\x1b[0m\n'}
[72.528328] (ublox_gps) StdoutLine: {'line': b'[ 31%] \x1b[32mBuilding C object CMakeFiles/ublox_gps.dir/src/mkgmtime.c.o\x1b[0m\n'}
[72.528354] (ublox_gps) StdoutLine: {'line': b'[ 36%] \x1b[32mBuilding CXX object CMakeFiles/ublox_gps.dir/src/adr_udr_product.cpp.o\x1b[0m\n'}
[72.528389] (ublox_gps) StdoutLine: {'line': b'[ 36%] \x1b[32mBuilding CXX object CMakeFiles/ublox_gps.dir/src/node.cpp.o\x1b[0m\n'}
[72.528434] (ublox_gps) StdoutLine: {'line': b'[ 45%] \x1b[32mBuilding CXX object CMakeFiles/ublox_gps.dir/src/raw_data_product.cpp.o\x1b[0m\n'}
[72.528465] (ublox_gps) StdoutLine: {'line': b'[ 45%] \x1b[32mBuilding CXX object CMakeFiles/ublox_gps.dir/src/raw_data_pa.cpp.o\x1b[0m\n'}
[72.528497] (ublox_gps) StdoutLine: {'line': b'[ 50%] \x1b[32mBuilding CXX object CMakeFiles/ublox_gps.dir/src/ublox_firmware.cpp.o\x1b[0m\n'}
[72.528762] (ublox_gps) StdoutLine: {'line': b'[ 54%] \x1b[32mBuilding CXX object CMakeFiles/ublox_gps.dir/src/ublox_firmware6.cpp.o\x1b[0m\n'}
[72.528839] (ublox_gps) StdoutLine: {'line': b'[ 59%] \x1b[32mBuilding CXX object CMakeFiles/ublox_gps.dir/src/ublox_firmware7.cpp.o\x1b[0m\n'}
[72.528919] (ublox_gps) StdoutLine: {'line': b'[ 63%] \x1b[32mBuilding CXX object CMakeFiles/ublox_gps.dir/src/ublox_firmware8.cpp.o\x1b[0m\n'}
[72.538087] (ublox_gps) StdoutLine: {'line': b'[ 72%] \x1b[32mBuilding CXX object CMakeFiles/ublox_gps.dir/src/tim_product.cpp.o\x1b[0m\n'}
[72.538299] (ublox_gps) StdoutLine: {'line': b'[ 72%] \x1b[32mBuilding CXX object CMakeFiles/ublox_gps.dir/src/ublox_firmware9.cpp.o\x1b[0m\n'}
[72.610223] (-) TimerEvent: {}
[72.710533] (-) TimerEvent: {}
[72.810830] (-) TimerEvent: {}
[72.912392] (-) TimerEvent: {}
[73.012823] (-) TimerEvent: {}
[73.113093] (-) TimerEvent: {}
[73.213402] (-) TimerEvent: {}
[73.313723] (-) TimerEvent: {}
[73.414076] (-) TimerEvent: {}
[73.515088] (-) TimerEvent: {}
[73.615427] (-) TimerEvent: {}
[73.716746] (-) TimerEvent: {}
[73.817103] (-) TimerEvent: {}
[73.917446] (-) TimerEvent: {}
[74.017787] (-) TimerEvent: {}
[74.118149] (-) TimerEvent: {}
[74.218491] (-) TimerEvent: {}
[74.318822] (-) TimerEvent: {}
[74.420590] (-) TimerEvent: {}
[74.520949] (-) TimerEvent: {}
[74.621381] (-) TimerEvent: {}
[74.721712] (-) TimerEvent: {}
[74.822057] (-) TimerEvent: {}
[74.922392] (-) TimerEvent: {}
[75.022750] (-) TimerEvent: {}
[75.123080] (-) TimerEvent: {}
[75.223423] (-) TimerEvent: {}
[75.323769] (-) TimerEvent: {}
[75.424110] (-) TimerEvent: {}
[75.524443] (-) TimerEvent: {}
[75.625949] (-) TimerEvent: {}
[75.726320] (-) TimerEvent: {}
[75.826652] (-) TimerEvent: {}
[75.927135] (-) TimerEvent: {}
[76.027471] (-) TimerEvent: {}
[76.128601] (-) TimerEvent: {}
[76.228902] (-) TimerEvent: {}
[76.329240] (-) TimerEvent: {}
[76.430092] (-) TimerEvent: {}
[76.530419] (-) TimerEvent: {}
[76.630766] (-) TimerEvent: {}
[76.731107] (-) TimerEvent: {}
[76.831457] (-) TimerEvent: {}
[76.934090] (-) TimerEvent: {}
[77.034436] (-) TimerEvent: {}
[77.134780] (-) TimerEvent: {}
[77.235387] (-) TimerEvent: {}
[77.335713] (-) TimerEvent: {}
[77.436059] (-) TimerEvent: {}
[77.536405] (-) TimerEvent: {}
[77.636733] (-) TimerEvent: {}
[77.738082] (-) TimerEvent: {}
[77.838390] (-) TimerEvent: {}
[77.938714] (-) TimerEvent: {}
[78.039046] (-) TimerEvent: {}
[78.140880] (-) TimerEvent: {}
[78.241220] (-) TimerEvent: {}
[78.341547] (-) TimerEvent: {}
[78.441903] (-) TimerEvent: {}
[78.542252] (-) TimerEvent: {}
[78.644086] (-) TimerEvent: {}
[78.744489] (-) TimerEvent: {}
[78.844830] (-) TimerEvent: {}
[78.945178] (-) TimerEvent: {}
[79.045499] (-) TimerEvent: {}
[79.145840] (-) TimerEvent: {}
[79.246191] (-) TimerEvent: {}
[79.346519] (-) TimerEvent: {}
[79.446841] (-) TimerEvent: {}
[79.547160] (-) TimerEvent: {}
[79.647481] (-) TimerEvent: {}
[79.747794] (-) TimerEvent: {}
[79.848089] (-) TimerEvent: {}
[79.948406] (-) TimerEvent: {}
[80.048711] (-) TimerEvent: {}
[80.151096] (-) TimerEvent: {}
[80.251428] (-) TimerEvent: {}
[80.351895] (-) TimerEvent: {}
[80.452305] (-) TimerEvent: {}
[80.552623] (-) TimerEvent: {}
[80.652943] (-) TimerEvent: {}
[80.753273] (-) TimerEvent: {}
[80.853659] (-) TimerEvent: {}
[80.953971] (-) TimerEvent: {}
[81.054306] (-) TimerEvent: {}
[81.154656] (-) TimerEvent: {}
[81.255024] (-) TimerEvent: {}
[81.355378] (-) TimerEvent: {}
[81.455731] (-) TimerEvent: {}
[81.556075] (-) TimerEvent: {}
[81.656378] (-) TimerEvent: {}
[81.756727] (-) TimerEvent: {}
[81.857027] (-) TimerEvent: {}
[81.957385] (-) TimerEvent: {}
[82.057774] (-) TimerEvent: {}
[82.158097] (-) TimerEvent: {}
[82.226430] (fix2nmea) StdoutLine: {'line': b'[100%] \x1b[32m\x1b[1mLinking CXX executable fix2nmea\x1b[0m\n'}
[82.258239] (-) TimerEvent: {}
[82.358598] (-) TimerEvent: {}
[82.458965] (-) TimerEvent: {}
[82.512959] (fix2nmea) StdoutLine: {'line': b'[100%] Built target fix2nmea\n'}
[82.523494] (fix2nmea) CommandEnded: {'returncode': 0}
[82.524438] (fix2nmea) JobProgress: {'identifier': 'fix2nmea', 'progress': 'install'}
[82.525380] (fix2nmea) Command: {'cmd': ['/usr/bin/cmake', '--install', '/home/jsmoon/yax_jeju/build/fix2nmea'], 'cwd': '/home/jsmoon/yax_jeju/build/fix2nmea', 'env': OrderedDict([('PYENV_VIRTUALENV_INIT', '1'), ('GJS_DEBUG_TOPICS', 'JS ERROR;JS LOG'), ('LESSOPEN', '| /usr/bin/lesspipe %s'), ('USER', 'jsmoon'), ('LC_TIME', 'ko_KR.UTF-8'), ('XDG_SESSION_TYPE', 'x11'), ('SHLVL', '1'), ('LD_LIBRARY_PATH', '/home/jsmoon/yax_jeju/install/ublox_msgs/lib:/opt/ros/humble/opt/rviz_ogre_vendor/lib:/opt/ros/humble/lib/x86_64-linux-gnu:/opt/ros/humble/lib:/home/jsmoon/Desktop/JSMOON/MLCS/project1/Personalized-Adaptive-Cruise/external/acados/lib'), ('ACADOS_SOURCE_DIR', '/home/jsmoon/Desktop/JSMOON/MLCS/project1/Personalized-Adaptive-Cruise/external/acados'), ('HOME', '/home/jsmoon'), ('OLDPWD', '/home/jsmoon'), ('DESKTOP_SESSION', 'ubuntu-xorg'), ('PYENV_SHELL', 'bash'), ('GIO_LAUNCHED_DESKTOP_FILE', '/usr/share/applications/terminator.desktop'), ('ROS_PYTHON_VERSION', '3'), ('GNOME_SHELL_SESSION_MODE', 'ubuntu'), ('GTK_MODULES', 'gail:atk-bridge'), ('LC_MONETARY', 'ko_KR.UTF-8'), ('MANAGERPID', '1869'), ('SYSTEMD_EXEC_PID', '2431'), ('DBUS_SESSION_BUS_ADDRESS', 'unix:path=/run/user/1000/bus'), ('COLORTERM', 'truecolor'), ('TERMINATOR_DBUS_NAME', 'net.tenshu.Terminator23558193cd9818af7fe4d2c2f5bd9d00f'), ('GIO_LAUNCHED_DESKTOP_FILE_PID', '8379'), ('COLCON_PREFIX_PATH', '/home/jsmoon/ydlidar_ws/install'), ('ROS_DISTRO', 'humble'), ('GTK_IM_MODULE', 'ibus'), ('LOGNAME', 'jsmoon'), ('JOURNAL_STREAM', '8:9861'), ('_', '/usr/bin/colcon'), ('ROS_VERSION', '2'), ('XDG_SESSION_CLASS', 'user'), ('USERNAME', 'jsmoon'), ('TERM', 'xterm-256color'), ('GNOME_DESKTOP_SESSION_ID', 'this-is-deprecated'), ('ROS_LOCALHOST_ONLY', '0'), ('WINDOWPATH', '2'), ('PATH', '/opt/ros/humble/bin:/home/jsmoon/.pyenv/plugins/pyenv-virtualenv/shims:/home/jsmoon/.pyenv/shims:/home/jsmoon/.pyenv/bin:/home/jsmoon/.local/bin:/usr/local/sbin:/usr/local/bin:/usr/sbin:/usr/bin:/sbin:/bin:/usr/games:/usr/local/games:/snap/bin:/snap/bin'), ('SESSION_MANAGER', 'local/jsmoon-ASUS-TUF-Gaming-A14-FA401UM-FA401UM:@/tmp/.ICE-unix/2384,unix/jsmoon-ASUS-TUF-Gaming-A14-FA401UM-FA401UM:/tmp/.ICE-unix/2384'), ('INVOCATION_ID', '59e81587102e428d9dc34d9cf59fdca5'), ('XDG_MENU_PREFIX', 'gnome-'), ('LC_ADDRESS', 'ko_KR.UTF-8'), ('XDG_RUNTIME_DIR', '/run/user/1000'), ('DISPLAY', ':1'), ('TERMINATOR_DBUS_PATH', '/net/tenshu/Terminator2'), ('LANG', 'en_US.UTF-8'), ('XDG_CURRENT_DESKTOP', 'ubuntu:GNOME'), ('IBUS_DISABLE_SNOOPER', '1'), ('LC_TELEPHONE', 'ko_KR.UTF-8'), ('XMODIFIERS', '@im=ibus'), ('XDG_SESSION_DESKTOP', 'ubuntu-xorg'), ('XAUTHORITY', '/run/user/1000/gdm/Xauthority'), ('LS_COLORS', 'rs=0:di=01;34:ln=01;36:mh=00:pi=40;33:so=01;35:do=01;35:bd=40;33;01:cd=40;33;01:or=40;31;01:mi=00:su=37;41:sg=30;43:ca=30;41:tw=30;42:ow=34;42:st=37;44:ex=01;32:*.tar=01;31:*.tgz=01;31:*.arc=01;31:*.arj=01;31:*.taz=01;31:*.lha=01;31:*.lz4=01;31:*.lzh=01;31:*.lzma=01;31:*.tlz=01;31:*.txz=01;31:*.tzo=01;31:*.t7z=01;31:*.zip=01;31:*.z=01;31:*.dz=01;31:*.gz=01;31:*.lrz=01;31:*.lz=01;31:*.lzo=01;31:*.xz=01;31:*.zst=01;31:*.tzst=01;31:*.bz2=01;31:*.bz=01;31:*.tbz=01;31:*.tbz2=01;31:*.tz=01;31:*.deb=01;31:*.rpm=01;31:*.jar=01;31:*.war=01;31:*.ear=01;31:*.sar=01;31:*.rar=01;31:*.alz=01;31:*.ace=01;31:*.zoo=01;31:*.cpio=01;31:*.7z=01;31:*.rz=01;31:*.cab=01;31:*.wim=01;31:*.swm=01;31:*.dwm=01;31:*.esd=01;31:*.jpg=01;35:*.jpeg=01;35:*.mjpg=01;35:*.mjpeg=01;35:*.gif=01;35:*.bmp=01;35:*.pbm=01;35:*.pgm=01;35:*.ppm=01;35:*.tga=01;35:*.xbm=01;35:*.xpm=01;35:*.tif=01;35:*.tiff=01;35:*.png=01;35:*.svg=01;35:*.svgz=01;35:*.mng=01;35:*.pcx=01;35:*.mov=01;35:*.mpg=01;35:*.mpeg=01;35:*.m2v=01;35:*.mkv=01;35:*.webm=01;35:*.webp=01;35:*.ogm=01;35:*.mp4=01;35:*.m4v=01;35:*.mp4v=01;35:*.vob=01;35:*.qt=01;35:*.nuv=01;35:*.wmv=01;35:*.asf=01;35:*.rm=01;35:*.rmvb=01;35:*.flc=01;35:*.avi=01;35:*.fli=01;35:*.flv=01;35:*.gl=01;35:*.dl=01;35:*.xcf=01;35:*.xwd=01;35:*.yuv=01;35:*.cgm=01;35:*.emf=01;35:*.ogv=01;35:*.ogx=01;35:*.aac=00;36:*.au=00;36:*.flac=00;36:*.m4a=00;36:*.mid=00;36:*.midi=00;36:*.mka=00;36:*.mp3=00;36:*.mpc=00;36:*.ogg=00;36:*.ra=00;36:*.wav=00;36:*.oga=00;36:*.opus=00;36:*.spx=00;36:*.xspf=00;36:'), ('SSH_AGENT_LAUNCHER', 'gnome-keyring'), ('SSH_AUTH_SOCK', '/run/user/1000/keyring/ssh'), ('AMENT_PREFIX_PATH', '/home/jsmoon/yax_jeju/install/ublox_msgs:/home/jsmoon/yax_jeju/install/ublox_serialization:/home/jsmoon/ydlidar_ws/install/ydlidar_ros2_driver:/opt/ros/humble'), ('SHELL', '/bin/bash'), ('LC_NAME', 'ko_KR.UTF-8'), ('TERMINATOR_UUID', 'urn:uuid:df2315a3-6fbc-4574-8f2c-035191f51785'), ('QT_ACCESSIBILITY', '1'), ('GDMSESSION', 'ubuntu-xorg'), ('LESSCLOSE', '/usr/bin/lesspipe %s %s'), ('LC_MEASUREMENT', 'ko_KR.UTF-8'), ('GPG_AGENT_INFO', '/run/user/1000/gnupg/S.gpg-agent:0:1'), ('GJS_DEBUG_OUTPUT', 'stderr'), ('LC_IDENTIFICATION', 'ko_KR.UTF-8'), ('QT_IM_MODULE', 'ibus'), ('PWD', '/home/jsmoon/yax_jeju/build/fix2nmea'), ('LC_ALL', 'en_US.UTF-8'), ('XDG_CONFIG_DIRS', '/etc/xdg/xdg-ubuntu-xorg:/etc/xdg'), ('PYENV_ROOT', '/home/jsmoon/.pyenv'), ('XDG_DATA_DIRS', '/usr/share/ubuntu-xorg:/usr/share/gnome:/usr/local/share/:/usr/share/:/var/lib/snapd/desktop'), ('PYTHONPATH', '/home/jsmoon/yax_jeju/install/ublox_msgs/local/lib/python3.10/dist-packages:/opt/ros/humble/lib/python3.10/site-packages:/opt/ros/humble/local/lib/python3.10/dist-packages'), ('LC_NUMERIC', 'ko_KR.UTF-8'), ('LC_PAPER', 'ko_KR.UTF-8'), ('COLCON', '1'), ('VTE_VERSION', '6800'), ('CMAKE_PREFIX_PATH', '/home/jsmoon/yax_jeju/install/ublox_msgs:/home/jsmoon/yax_jeju/install/ublox_serialization:/home/jsmoon/ydlidar_ws/install/ydlidar_ros2_driver:/opt/ros/humble')]), 'shell': False}
[82.531396] (fix2nmea) StdoutLine: {'line': b'-- Install configuration: ""\n'}
[82.531703] (fix2nmea) StdoutLine: {'line': b'-- Execute custom install script\n'}
[82.531961] (fix2nmea) StdoutLine: {'line': b'-- Symlinking: /home/jsmoon/yax_jeju/install/fix2nmea/lib/fix2nmea/fix2nmea\n'}
[82.540378] (fix2nmea) StdoutLine: {'line': b'-- Symlinking: /home/jsmoon/yax_jeju/install/fix2nmea/share/ament_index/resource_index/package_run_dependencies/fix2nmea\n'}
[82.548184] (fix2nmea) StdoutLine: {'line': b'-- Symlinking: /home/jsmoon/yax_jeju/install/fix2nmea/share/ament_index/resource_index/parent_prefix_path/fix2nmea\n'}
[82.555730] (fix2nmea) StdoutLine: {'line': b'-- Symlinking: /home/jsmoon/yax_jeju/install/fix2nmea/share/fix2nmea/environment/ament_prefix_path.sh\n'}
[82.559065] (-) TimerEvent: {}
[82.562699] (fix2nmea) StdoutLine: {'line': b'-- Symlinking: /home/jsmoon/yax_jeju/install/fix2nmea/share/fix2nmea/environment/ament_prefix_path.dsv\n'}
[82.570878] (fix2nmea) StdoutLine: {'line': b'-- Symlinking: /home/jsmoon/yax_jeju/install/fix2nmea/share/fix2nmea/environment/path.sh\n'}
[82.578695] (fix2nmea) StdoutLine: {'line': b'-- Symlinking: /home/jsmoon/yax_jeju/install/fix2nmea/share/fix2nmea/environment/path.dsv\n'}
[82.588962] (fix2nmea) StdoutLine: {'line': b'-- Symlinking: /home/jsmoon/yax_jeju/install/fix2nmea/share/fix2nmea/local_setup.bash\n'}
[82.597211] (fix2nmea) StdoutLine: {'line': b'-- Symlinking: /home/jsmoon/yax_jeju/install/fix2nmea/share/fix2nmea/local_setup.sh\n'}
[82.606085] (fix2nmea) StdoutLine: {'line': b'-- Symlinking: /home/jsmoon/yax_jeju/install/fix2nmea/share/fix2nmea/local_setup.zsh\n'}
[82.614352] (fix2nmea) StdoutLine: {'line': b'-- Symlinking: /home/jsmoon/yax_jeju/install/fix2nmea/share/fix2nmea/local_setup.dsv\n'}
[82.622441] (fix2nmea) StdoutLine: {'line': b'-- Symlinking: /home/jsmoon/yax_jeju/install/fix2nmea/share/fix2nmea/package.dsv\n'}
[82.630378] (fix2nmea) StdoutLine: {'line': b'-- Symlinking: /home/jsmoon/yax_jeju/install/fix2nmea/share/ament_index/resource_index/packages/fix2nmea\n'}
[82.639675] (fix2nmea) StdoutLine: {'line': b'-- Symlinking: /home/jsmoon/yax_jeju/install/fix2nmea/share/fix2nmea/cmake/fix2nmeaConfig.cmake\n'}
[82.647774] (fix2nmea) StdoutLine: {'line': b'-- Symlinking: /home/jsmoon/yax_jeju/install/fix2nmea/share/fix2nmea/cmake/fix2nmeaConfig-version.cmake\n'}
[82.657957] (fix2nmea) StdoutLine: {'line': b'-- Symlinking: /home/jsmoon/yax_jeju/install/fix2nmea/share/fix2nmea/package.xml\n'}
[82.659143] (-) TimerEvent: {}
[82.667900] (fix2nmea) CommandEnded: {'returncode': 0}
[82.675883] (fix2nmea) JobEnded: {'identifier': 'fix2nmea', 'rc': 0}
[82.759289] (-) TimerEvent: {}
[82.859664] (-) TimerEvent: {}
[82.959960] (-) TimerEvent: {}
[83.060294] (-) TimerEvent: {}
[83.160629] (-) TimerEvent: {}
[83.260940] (-) TimerEvent: {}
[83.361304] (-) TimerEvent: {}
[83.461682] (-) TimerEvent: {}
[83.562053] (-) TimerEvent: {}
[83.662374] (-) TimerEvent: {}
[83.762682] (-) TimerEvent: {}
[83.862955] (-) TimerEvent: {}
[83.963311] (-) TimerEvent: {}
[84.063652] (-) TimerEvent: {}
[84.163923] (-) TimerEvent: {}
[84.264279] (-) TimerEvent: {}
[84.364608] (-) TimerEvent: {}
[84.464955] (-) TimerEvent: {}
[84.565308] (-) TimerEvent: {}
[84.665616] (-) TimerEvent: {}
[84.765959] (-) TimerEvent: {}
[84.866380] (-) TimerEvent: {}
[84.966854] (-) TimerEvent: {}
[85.067307] (-) TimerEvent: {}
[85.167741] (-) TimerEvent: {}
[85.268096] (-) TimerEvent: {}
[85.368407] (-) TimerEvent: {}
[85.468730] (-) TimerEvent: {}
[85.569138] (-) TimerEvent: {}
[85.669469] (-) TimerEvent: {}
[85.769814] (-) TimerEvent: {}
[85.870182] (-) TimerEvent: {}
[85.970511] (-) TimerEvent: {}
[86.070844] (-) TimerEvent: {}
[86.171136] (-) TimerEvent: {}
[86.271467] (-) TimerEvent: {}
[86.371801] (-) TimerEvent: {}
[86.472128] (-) TimerEvent: {}
[86.572456] (-) TimerEvent: {}
[86.672792] (-) TimerEvent: {}
[86.773093] (-) TimerEvent: {}
[86.873407] (-) TimerEvent: {}
[86.973728] (-) TimerEvent: {}
[87.074022] (-) TimerEvent: {}
[87.174346] (-) TimerEvent: {}
[87.274726] (-) TimerEvent: {}
[87.375216] (-) TimerEvent: {}
[87.475691] (-) TimerEvent: {}
[87.576180] (-) TimerEvent: {}
[87.676631] (-) TimerEvent: {}
[87.777134] (-) TimerEvent: {}
[87.877607] (-) TimerEvent: {}
[87.978119] (-) TimerEvent: {}
[88.078601] (-) TimerEvent: {}
[88.179110] (-) TimerEvent: {}
[88.279599] (-) TimerEvent: {}
[88.380129] (-) TimerEvent: {}
[88.480674] (-) TimerEvent: {}
[88.581308] (-) TimerEvent: {}
[88.681779] (-) TimerEvent: {}
[88.782303] (-) TimerEvent: {}
[88.882803] (-) TimerEvent: {}
[88.983363] (-) TimerEvent: {}
[89.083900] (-) TimerEvent: {}
[89.184487] (-) TimerEvent: {}
[89.285024] (-) TimerEvent: {}
[89.385598] (-) TimerEvent: {}
[89.486121] (-) TimerEvent: {}
[89.586736] (-) TimerEvent: {}
[89.687181] (-) TimerEvent: {}
[89.787682] (-) TimerEvent: {}
[89.888135] (-) TimerEvent: {}
[89.988622] (-) TimerEvent: {}
[90.089105] (-) TimerEvent: {}
[90.189562] (-) TimerEvent: {}
[90.207793] (ublox_gps) StdoutLine: {'line': b'[ 77%] \x1b[32m\x1b[1mLinking CXX shared library libublox_gps.so\x1b[0m\n'}
[90.289699] (-) TimerEvent: {}
[90.390133] (-) TimerEvent: {}
[90.490458] (-) TimerEvent: {}
[90.590799] (-) TimerEvent: {}
[90.691150] (-) TimerEvent: {}
[90.791510] (-) TimerEvent: {}
[90.891855] (-) TimerEvent: {}
[90.992170] (-) TimerEvent: {}
[91.092527] (-) TimerEvent: {}
[91.192896] (-) TimerEvent: {}
[91.293265] (-) TimerEvent: {}
[91.393630] (-) TimerEvent: {}
[91.493937] (-) TimerEvent: {}
[91.594283] (-) TimerEvent: {}
[91.694621] (-) TimerEvent: {}
[91.794975] (-) TimerEvent: {}
[91.895312] (-) TimerEvent: {}
[91.995649] (-) TimerEvent: {}
[92.095982] (-) TimerEvent: {}
[92.196324] (-) TimerEvent: {}
[92.296668] (-) TimerEvent: {}
[92.397207] (-) TimerEvent: {}
[92.497821] (-) TimerEvent: {}
[92.598427] (-) TimerEvent: {}
[92.673799] (ublox_gps) StdoutLine: {'line': b'[ 77%] Built target ublox_gps\n'}
[92.693460] (ublox_gps) StdoutLine: {'line': b'[ 90%] \x1b[32mBuilding CXX object CMakeFiles/ublox_gps_node.dir/src/node_main.cpp.o\x1b[0m\n'}
[92.693645] (ublox_gps) StdoutLine: {'line': b'[ 90%] \x1b[32mBuilding CXX object CMakeFiles/ublox_logger.dir/src/raw_data_pa.cpp.o\x1b[0m\n'}
[92.693691] (ublox_gps) StdoutLine: {'line': b'[ 90%] \x1b[32mBuilding CXX object CMakeFiles/ublox_logger.dir/src/logger_node_pa.cpp.o\x1b[0m\n'}
[92.698564] (-) TimerEvent: {}
[92.799021] (-) TimerEvent: {}
[92.899560] (-) TimerEvent: {}
[92.999988] (-) TimerEvent: {}
[93.100545] (-) TimerEvent: {}
[93.200984] (-) TimerEvent: {}
[93.301480] (-) TimerEvent: {}
[93.402019] (-) TimerEvent: {}
[93.502549] (-) TimerEvent: {}
[93.603221] (-) TimerEvent: {}
[93.703671] (-) TimerEvent: {}
[93.804155] (-) TimerEvent: {}
[93.904799] (-) TimerEvent: {}
[94.005567] (-) TimerEvent: {}
[94.105934] (-) TimerEvent: {}
[94.206324] (-) TimerEvent: {}
[94.306817] (-) TimerEvent: {}
[94.407361] (-) TimerEvent: {}
[94.507994] (-) TimerEvent: {}
[94.608686] (-) TimerEvent: {}
[94.709086] (-) TimerEvent: {}
[94.809574] (-) TimerEvent: {}
[94.910190] (-) TimerEvent: {}
[95.010653] (-) TimerEvent: {}
[95.111272] (-) TimerEvent: {}
[95.211732] (-) TimerEvent: {}
[95.312236] (-) TimerEvent: {}
[95.412625] (-) TimerEvent: {}
[95.513209] (-) TimerEvent: {}
[95.613751] (-) TimerEvent: {}
[95.714166] (-) TimerEvent: {}
[95.814663] (-) TimerEvent: {}
[95.915066] (-) TimerEvent: {}
[96.015764] (-) TimerEvent: {}
[96.116237] (-) TimerEvent: {}
[96.216944] (-) TimerEvent: {}
[96.317459] (-) TimerEvent: {}
[96.418036] (-) TimerEvent: {}
[96.469782] (ublox_gps) StdoutLine: {'line': b'[ 95%] \x1b[32m\x1b[1mLinking CXX executable ublox_gps_node\x1b[0m\n'}
[96.518118] (-) TimerEvent: {}
[96.618525] (-) TimerEvent: {}
[96.718889] (-) TimerEvent: {}
[96.819293] (-) TimerEvent: {}
[96.919664] (-) TimerEvent: {}
[97.020058] (-) TimerEvent: {}
[97.120424] (-) TimerEvent: {}
[97.220778] (-) TimerEvent: {}
[97.315678] (ublox_gps) StdoutLine: {'line': b'[ 95%] Built target ublox_gps_node\n'}
[97.320878] (-) TimerEvent: {}
[97.421178] (-) TimerEvent: {}
[97.521528] (-) TimerEvent: {}
[97.621871] (-) TimerEvent: {}
[97.722305] (-) TimerEvent: {}
[97.822646] (-) TimerEvent: {}
[97.923095] (-) TimerEvent: {}
[98.023652] (-) TimerEvent: {}
[98.124214] (-) TimerEvent: {}
[98.141917] (ublox_gps) StdoutLine: {'line': b'[100%] \x1b[32m\x1b[1mLinking CXX executable ublox_logger\x1b[0m\n'}
[98.224567] (-) TimerEvent: {}
[98.324921] (-) TimerEvent: {}
[98.425302] (-) TimerEvent: {}
[98.452353] (ublox_gps) StdoutLine: {'line': b'[100%] Built target ublox_logger\n'}
[98.464456] (ublox_gps) CommandEnded: {'returncode': 0}
[98.465399] (ublox_gps) JobProgress: {'identifier': 'ublox_gps', 'progress': 'install'}
[98.466335] (ublox_gps) Command: {'cmd': ['/usr/bin/cmake', '--install', '/home/jsmoon/yax_jeju/build/ublox_gps'], 'cwd': '/home/jsmoon/yax_jeju/build/ublox_gps', 'env': OrderedDict([('PYENV_VIRTUALENV_INIT', '1'), ('GJS_DEBUG_TOPICS', 'JS ERROR;JS LOG'), ('LESSOPEN', '| /usr/bin/lesspipe %s'), ('USER', 'jsmoon'), ('LC_TIME', 'ko_KR.UTF-8'), ('XDG_SESSION_TYPE', 'x11'), ('SHLVL', '1'), ('LD_LIBRARY_PATH', '/home/jsmoon/yax_jeju/install/ublox_msgs/lib:/home/jsmoon/yax_jeju/install/rtcm_msgs/lib:/opt/ros/humble/opt/rviz_ogre_vendor/lib:/opt/ros/humble/lib/x86_64-linux-gnu:/opt/ros/humble/lib:/home/jsmoon/Desktop/JSMOON/MLCS/project1/Personalized-Adaptive-Cruise/external/acados/lib'), ('ACADOS_SOURCE_DIR', '/home/jsmoon/Desktop/JSMOON/MLCS/project1/Personalized-Adaptive-Cruise/external/acados'), ('HOME', '/home/jsmoon'), ('OLDPWD', '/home/jsmoon'), ('DESKTOP_SESSION', 'ubuntu-xorg'), ('PYENV_SHELL', 'bash'), ('GIO_LAUNCHED_DESKTOP_FILE', '/usr/share/applications/terminator.desktop'), ('ROS_PYTHON_VERSION', '3'), ('GNOME_SHELL_SESSION_MODE', 'ubuntu'), ('GTK_MODULES', 'gail:atk-bridge'), ('LC_MONETARY', 'ko_KR.UTF-8'), ('MANAGERPID', '1869'), ('SYSTEMD_EXEC_PID', '2431'), ('DBUS_SESSION_BUS_ADDRESS', 'unix:path=/run/user/1000/bus'), ('COLORTERM', 'truecolor'), ('TERMINATOR_DBUS_NAME', 'net.tenshu.Terminator23558193cd9818af7fe4d2c2f5bd9d00f'), ('GIO_LAUNCHED_DESKTOP_FILE_PID', '8379'), ('COLCON_PREFIX_PATH', '/home/jsmoon/ydlidar_ws/install'), ('ROS_DISTRO', 'humble'), ('GTK_IM_MODULE', 'ibus'), ('LOGNAME', 'jsmoon'), ('JOURNAL_STREAM', '8:9861'), ('_', '/usr/bin/colcon'), ('ROS_VERSION', '2'), ('XDG_SESSION_CLASS', 'user'), ('USERNAME', 'jsmoon'), ('TERM', 'xterm-256color'), ('GNOME_DESKTOP_SESSION_ID', 'this-is-deprecated'), ('ROS_LOCALHOST_ONLY', '0'), ('WINDOWPATH', '2'), ('PATH', '/opt/ros/humble/bin:/home/jsmoon/.pyenv/plugins/pyenv-virtualenv/shims:/home/jsmoon/.pyenv/shims:/home/jsmoon/.pyenv/bin:/home/jsmoon/.local/bin:/usr/local/sbin:/usr/local/bin:/usr/sbin:/usr/bin:/sbin:/bin:/usr/games:/usr/local/games:/snap/bin:/snap/bin'), ('SESSION_MANAGER', 'local/jsmoon-ASUS-TUF-Gaming-A14-FA401UM-FA401UM:@/tmp/.ICE-unix/2384,unix/jsmoon-ASUS-TUF-Gaming-A14-FA401UM-FA401UM:/tmp/.ICE-unix/2384'), ('INVOCATION_ID', '59e81587102e428d9dc34d9cf59fdca5'), ('XDG_MENU_PREFIX', 'gnome-'), ('LC_ADDRESS', 'ko_KR.UTF-8'), ('XDG_RUNTIME_DIR', '/run/user/1000'), ('DISPLAY', ':1'), ('TERMINATOR_DBUS_PATH', '/net/tenshu/Terminator2'), ('LANG', 'en_US.UTF-8'), ('XDG_CURRENT_DESKTOP', 'ubuntu:GNOME'), ('IBUS_DISABLE_SNOOPER', '1'), ('LC_TELEPHONE', 'ko_KR.UTF-8'), ('XMODIFIERS', '@im=ibus'), ('XDG_SESSION_DESKTOP', 'ubuntu-xorg'), ('XAUTHORITY', '/run/user/1000/gdm/Xauthority'), ('LS_COLORS', 'rs=0:di=01;34:ln=01;36:mh=00:pi=40;33:so=01;35:do=01;35:bd=40;33;01:cd=40;33;01:or=40;31;01:mi=00:su=37;41:sg=30;43:ca=30;41:tw=30;42:ow=34;42:st=37;44:ex=01;32:*.tar=01;31:*.tgz=01;31:*.arc=01;31:*.arj=01;31:*.taz=01;31:*.lha=01;31:*.lz4=01;31:*.lzh=01;31:*.lzma=01;31:*.tlz=01;31:*.txz=01;31:*.tzo=01;31:*.t7z=01;31:*.zip=01;31:*.z=01;31:*.dz=01;31:*.gz=01;31:*.lrz=01;31:*.lz=01;31:*.lzo=01;31:*.xz=01;31:*.zst=01;31:*.tzst=01;31:*.bz2=01;31:*.bz=01;31:*.tbz=01;31:*.tbz2=01;31:*.tz=01;31:*.deb=01;31:*.rpm=01;31:*.jar=01;31:*.war=01;31:*.ear=01;31:*.sar=01;31:*.rar=01;31:*.alz=01;31:*.ace=01;31:*.zoo=01;31:*.cpio=01;31:*.7z=01;31:*.rz=01;31:*.cab=01;31:*.wim=01;31:*.swm=01;31:*.dwm=01;31:*.esd=01;31:*.jpg=01;35:*.jpeg=01;35:*.mjpg=01;35:*.mjpeg=01;35:*.gif=01;35:*.bmp=01;35:*.pbm=01;35:*.pgm=01;35:*.ppm=01;35:*.tga=01;35:*.xbm=01;35:*.xpm=01;35:*.tif=01;35:*.tiff=01;35:*.png=01;35:*.svg=01;35:*.svgz=01;35:*.mng=01;35:*.pcx=01;35:*.mov=01;35:*.mpg=01;35:*.mpeg=01;35:*.m2v=01;35:*.mkv=01;35:*.webm=01;35:*.webp=01;35:*.ogm=01;35:*.mp4=01;35:*.m4v=01;35:*.mp4v=01;35:*.vob=01;35:*.qt=01;35:*.nuv=01;35:*.wmv=01;35:*.asf=01;35:*.rm=01;35:*.rmvb=01;35:*.flc=01;35:*.avi=01;35:*.fli=01;35:*.flv=01;35:*.gl=01;35:*.dl=01;35:*.xcf=01;35:*.xwd=01;35:*.yuv=01;35:*.cgm=01;35:*.emf=01;35:*.ogv=01;35:*.ogx=01;35:*.aac=00;36:*.au=00;36:*.flac=00;36:*.m4a=00;36:*.mid=00;36:*.midi=00;36:*.mka=00;36:*.mp3=00;36:*.mpc=00;36:*.ogg=00;36:*.ra=00;36:*.wav=00;36:*.oga=00;36:*.opus=00;36:*.spx=00;36:*.xspf=00;36:'), ('SSH_AGENT_LAUNCHER', 'gnome-keyring'), ('SSH_AUTH_SOCK', '/run/user/1000/keyring/ssh'), ('AMENT_PREFIX_PATH', '/home/jsmoon/yax_jeju/install/ublox_msgs:/home/jsmoon/yax_jeju/install/ublox_serialization:/home/jsmoon/yax_jeju/install/rtcm_msgs:/home/jsmoon/ydlidar_ws/install/ydlidar_ros2_driver:/opt/ros/humble'), ('SHELL', '/bin/bash'), ('LC_NAME', 'ko_KR.UTF-8'), ('TERMINATOR_UUID', 'urn:uuid:df2315a3-6fbc-4574-8f2c-035191f51785'), ('QT_ACCESSIBILITY', '1'), ('GDMSESSION', 'ubuntu-xorg'), ('LESSCLOSE', '/usr/bin/lesspipe %s %s'), ('LC_MEASUREMENT', 'ko_KR.UTF-8'), ('GPG_AGENT_INFO', '/run/user/1000/gnupg/S.gpg-agent:0:1'), ('GJS_DEBUG_OUTPUT', 'stderr'), ('LC_IDENTIFICATION', 'ko_KR.UTF-8'), ('QT_IM_MODULE', 'ibus'), ('PWD', '/home/jsmoon/yax_jeju/build/ublox_gps'), ('LC_ALL', 'en_US.UTF-8'), ('XDG_CONFIG_DIRS', '/etc/xdg/xdg-ubuntu-xorg:/etc/xdg'), ('PYENV_ROOT', '/home/jsmoon/.pyenv'), ('XDG_DATA_DIRS', '/usr/share/ubuntu-xorg:/usr/share/gnome:/usr/local/share/:/usr/share/:/var/lib/snapd/desktop'), ('PYTHONPATH', '/home/jsmoon/yax_jeju/install/ublox_msgs/local/lib/python3.10/dist-packages:/home/jsmoon/yax_jeju/install/rtcm_msgs/local/lib/python3.10/dist-packages:/opt/ros/humble/lib/python3.10/site-packages:/opt/ros/humble/local/lib/python3.10/dist-packages'), ('LC_NUMERIC', 'ko_KR.UTF-8'), ('LC_PAPER', 'ko_KR.UTF-8'), ('COLCON', '1'), ('VTE_VERSION', '6800'), ('CMAKE_PREFIX_PATH', '/home/jsmoon/yax_jeju/install/ublox_msgs:/home/jsmoon/yax_jeju/install/ublox_serialization:/home/jsmoon/yax_jeju/install/rtcm_msgs:/home/jsmoon/ydlidar_ws/install/ydlidar_ros2_driver:/opt/ros/humble')]), 'shell': False}
[98.471764] (ublox_gps) StdoutLine: {'line': b'-- Install configuration: ""\n'}
[98.472099] (ublox_gps) StdoutLine: {'line': b'-- Execute custom install script\n'}
[98.472318] (ublox_gps) StdoutLine: {'line': b'-- Symlinking: /home/jsmoon/yax_jeju/install/ublox_gps/lib/ublox_gps/ublox_gps_node\n'}
[98.478877] (ublox_gps) StdoutLine: {'line': b'-- Symlinking: /home/jsmoon/yax_jeju/install/ublox_gps/lib/ublox_gps/ublox_logger\n'}
[98.485652] (ublox_gps) StdoutLine: {'line': b'-- Symlinking: /home/jsmoon/yax_jeju/install/ublox_gps/include/ublox_gps/ublox_gps/adr_udr_product.hpp\n'}
[98.492833] (ublox_gps) StdoutLine: {'line': b'-- Symlinking: /home/jsmoon/yax_jeju/install/ublox_gps/include/ublox_gps/ublox_gps/async_worker.hpp\n'}
[98.499827] (ublox_gps) StdoutLine: {'line': b'-- Symlinking: /home/jsmoon/yax_jeju/install/ublox_gps/include/ublox_gps/ublox_gps/callback.hpp\n'}
[98.507431] (ublox_gps) StdoutLine: {'line': b'-- Symlinking: /home/jsmoon/yax_jeju/install/ublox_gps/include/ublox_gps/ublox_gps/component_interface.hpp\n'}
[98.513438] (ublox_gps) StdoutLine: {'line': b'-- Symlinking: /home/jsmoon/yax_jeju/install/ublox_gps/include/ublox_gps/ublox_gps/fix_diagnostic.hpp\n'}
[98.519290] (ublox_gps) StdoutLine: {'line': b'-- Symlinking: /home/jsmoon/yax_jeju/install/ublox_gps/include/ublox_gps/ublox_gps/fts_product.hpp\n'}
[98.525401] (-) TimerEvent: {}
[98.525952] (ublox_gps) StdoutLine: {'line': b'-- Symlinking: /home/jsmoon/yax_jeju/install/ublox_gps/include/ublox_gps/ublox_gps/gnss.hpp\n'}
[98.533136] (ublox_gps) StdoutLine: {'line': b'-- Symlinking: /home/jsmoon/yax_jeju/install/ublox_gps/include/ublox_gps/ublox_gps/gps.hpp\n'}
[98.541011] (ublox_gps) StdoutLine: {'line': b'-- Symlinking: /home/jsmoon/yax_jeju/install/ublox_gps/include/ublox_gps/ublox_gps/hp_pos_rec_product.hpp\n'}
[98.547793] (ublox_gps) StdoutLine: {'line': b'-- Symlinking: /home/jsmoon/yax_jeju/install/ublox_gps/include/ublox_gps/ublox_gps/hpg_ref_product.hpp\n'}
[98.557162] (ublox_gps) StdoutLine: {'line': b'-- Symlinking: /home/jsmoon/yax_jeju/install/ublox_gps/include/ublox_gps/ublox_gps/hpg_rov_product.hpp\n'}
[98.564598] (ublox_gps) StdoutLine: {'line': b'-- Symlinking: /home/jsmoon/yax_jeju/install/ublox_gps/include/ublox_gps/ublox_gps/mkgmtime.h\n'}
[98.572656] (ublox_gps) StdoutLine: {'line': b'-- Symlinking: /home/jsmoon/yax_jeju/install/ublox_gps/include/ublox_gps/ublox_gps/node.hpp\n'}
[98.580108] (ublox_gps) StdoutLine: {'line': b'-- Symlinking: /home/jsmoon/yax_jeju/install/ublox_gps/include/ublox_gps/ublox_gps/raw_data_pa.hpp\n'}
[98.589499] (ublox_gps) StdoutLine: {'line': b'-- Symlinking: /home/jsmoon/yax_jeju/install/ublox_gps/include/ublox_gps/ublox_gps/raw_data_product.hpp\n'}
[98.596184] (ublox_gps) StdoutLine: {'line': b'-- Symlinking: /home/jsmoon/yax_jeju/install/ublox_gps/include/ublox_gps/ublox_gps/rtcm.hpp\n'}
[98.604469] (ublox_gps) StdoutLine: {'line': b'-- Symlinking: /home/jsmoon/yax_jeju/install/ublox_gps/include/ublox_gps/ublox_gps/tim_product.hpp\n'}
[98.612511] (ublox_gps) StdoutLine: {'line': b'-- Symlinking: /home/jsmoon/yax_jeju/install/ublox_gps/include/ublox_gps/ublox_gps/ublox_firmware.hpp\n'}
[98.620952] (ublox_gps) StdoutLine: {'line': b'-- Symlinking: /home/jsmoon/yax_jeju/install/ublox_gps/include/ublox_gps/ublox_gps/ublox_firmware6.hpp\n'}
[98.625508] (-) TimerEvent: {}
[98.628802] (ublox_gps) StdoutLine: {'line': b'-- Symlinking: /home/jsmoon/yax_jeju/install/ublox_gps/include/ublox_gps/ublox_gps/ublox_firmware7.hpp\n'}
[98.636630] (ublox_gps) StdoutLine: {'line': b'-- Symlinking: /home/jsmoon/yax_jeju/install/ublox_gps/include/ublox_gps/ublox_gps/ublox_firmware7plus.hpp\n'}
[98.643818] (ublox_gps) StdoutLine: {'line': b'-- Symlinking: /home/jsmoon/yax_jeju/install/ublox_gps/include/ublox_gps/ublox_gps/ublox_firmware8.hpp\n'}
[98.654397] (ublox_gps) StdoutLine: {'line': b'-- Symlinking: /home/jsmoon/yax_jeju/install/ublox_gps/include/ublox_gps/ublox_gps/ublox_firmware9.hpp\n'}
[98.660762] (ublox_gps) StdoutLine: {'line': b'-- Symlinking: /home/jsmoon/yax_jeju/install/ublox_gps/include/ublox_gps/ublox_gps/ublox_topic_diagnostic.hpp\n'}
[98.666877] (ublox_gps) StdoutLine: {'line': b'-- Symlinking: /home/jsmoon/yax_jeju/install/ublox_gps/include/ublox_gps/ublox_gps/utils.hpp\n'}
[98.674151] (ublox_gps) StdoutLine: {'line': b'-- Symlinking: /home/jsmoon/yax_jeju/install/ublox_gps/include/ublox_gps/ublox_gps/worker.hpp\n'}
[98.681916] (ublox_gps) StdoutLine: {'line': b'-- Symlinking: /home/jsmoon/yax_jeju/install/ublox_gps/share/ublox_gps/launch/ublox_gps_node-composed-launch.py\n'}
[98.688088] (ublox_gps) StdoutLine: {'line': b'-- Symlinking: /home/jsmoon/yax_jeju/install/ublox_gps/share/ublox_gps/launch/ublox_gps_node-launch.py\n'}
[98.695138] (ublox_gps) StdoutLine: {'line': b'-- Symlinking: /home/jsmoon/yax_jeju/install/ublox_gps/share/ublox_gps/config/c94_m8p_base.yaml\n'}
[98.702781] (ublox_gps) StdoutLine: {'line': b'-- Symlinking: /home/jsmoon/yax_jeju/install/ublox_gps/share/ublox_gps/config/c94_m8p_rover.yaml\n'}
[98.710039] (ublox_gps) StdoutLine: {'line': b'-- Symlinking: /home/jsmoon/yax_jeju/install/ublox_gps/share/ublox_gps/config/c94_m8t_base.yaml\n'}
[98.717627] (ublox_gps) StdoutLine: {'line': b'-- Symlinking: /home/jsmoon/yax_jeju/install/ublox_gps/share/ublox_gps/config/c94_m8t_rover.yaml\n'}
[98.724882] (ublox_gps) StdoutLine: {'line': b'-- Symlinking: /home/jsmoon/yax_jeju/install/ublox_gps/share/ublox_gps/config/neo_m8u_rover.yaml\n'}
[98.725589] (-) TimerEvent: {}
[98.734639] (ublox_gps) StdoutLine: {'line': b'-- Symlinking: /home/jsmoon/yax_jeju/install/ublox_gps/share/ublox_gps/config/nmea.yaml\n'}
[98.741626] (ublox_gps) StdoutLine: {'line': b'-- Symlinking: /home/jsmoon/yax_jeju/install/ublox_gps/share/ublox_gps/config/zed_f9p.yaml\n'}
[98.749137] (ublox_gps) StdoutLine: {'line': b'-- Symlinking: /home/jsmoon/yax_jeju/install/ublox_gps/share/ublox_gps/config/zed_f9p_rover.yaml\n'}
[98.758759] (ublox_gps) StdoutLine: {'line': b'-- Symlinking: /home/jsmoon/yax_jeju/install/ublox_gps/share/ament_index/resource_index/package_run_dependencies/ublox_gps\n'}
[98.766782] (ublox_gps) StdoutLine: {'line': b'-- Symlinking: /home/jsmoon/yax_jeju/install/ublox_gps/share/ament_index/resource_index/parent_prefix_path/ublox_gps\n'}
[98.773730] (ublox_gps) StdoutLine: {'line': b'-- Symlinking: /home/jsmoon/yax_jeju/install/ublox_gps/share/ublox_gps/environment/ament_prefix_path.sh\n'}
[98.782431] (ublox_gps) StdoutLine: {'line': b'-- Symlinking: /home/jsmoon/yax_jeju/install/ublox_gps/share/ublox_gps/environment/ament_prefix_path.dsv\n'}
[98.789330] (ublox_gps) StdoutLine: {'line': b'-- Symlinking: /home/jsmoon/yax_jeju/install/ublox_gps/share/ublox_gps/environment/path.sh\n'}
[98.795413] (ublox_gps) StdoutLine: {'line': b'-- Symlinking: /home/jsmoon/yax_jeju/install/ublox_gps/share/ublox_gps/environment/path.dsv\n'}
[98.802378] (ublox_gps) StdoutLine: {'line': b'-- Symlinking: /home/jsmoon/yax_jeju/install/ublox_gps/share/ublox_gps/local_setup.bash\n'}
[98.808582] (ublox_gps) StdoutLine: {'line': b'-- Symlinking: /home/jsmoon/yax_jeju/install/ublox_gps/share/ublox_gps/local_setup.sh\n'}
[98.815945] (ublox_gps) StdoutLine: {'line': b'-- Symlinking: /home/jsmoon/yax_jeju/install/ublox_gps/share/ublox_gps/local_setup.zsh\n'}
[98.824262] (ublox_gps) StdoutLine: {'line': b'-- Symlinking: /home/jsmoon/yax_jeju/install/ublox_gps/share/ublox_gps/local_setup.dsv\n'}
[98.825701] (-) TimerEvent: {}
[98.832151] (ublox_gps) StdoutLine: {'line': b'-- Symlinking: /home/jsmoon/yax_jeju/install/ublox_gps/share/ublox_gps/package.dsv\n'}
[98.839778] (ublox_gps) StdoutLine: {'line': b'-- Symlinking: /home/jsmoon/yax_jeju/install/ublox_gps/share/ament_index/resource_index/packages/ublox_gps\n'}
[98.848173] (ublox_gps) StdoutLine: {'line': b'-- Symlinking: /home/jsmoon/yax_jeju/install/ublox_gps/share/ament_index/resource_index/rclcpp_components/ublox_gps\n'}
[98.856838] (ublox_gps) StdoutLine: {'line': b'-- Symlinking: /home/jsmoon/yax_jeju/install/ublox_gps/share/ublox_gps/cmake/ament_cmake_export_include_directories-extras.cmake\n'}
[98.865135] (ublox_gps) StdoutLine: {'line': b'-- Symlinking: /home/jsmoon/yax_jeju/install/ublox_gps/share/ublox_gps/cmake/ament_cmake_export_targets-extras.cmake\n'}
[98.872504] (ublox_gps) StdoutLine: {'line': b'-- Symlinking: /home/jsmoon/yax_jeju/install/ublox_gps/share/ublox_gps/cmake/ublox_gpsConfig.cmake\n'}
[98.880273] (ublox_gps) StdoutLine: {'line': b'-- Symlinking: /home/jsmoon/yax_jeju/install/ublox_gps/share/ublox_gps/cmake/ublox_gpsConfig-version.cmake\n'}
[98.888372] (ublox_gps) StdoutLine: {'line': b'-- Symlinking: /home/jsmoon/yax_jeju/install/ublox_gps/share/ublox_gps/package.xml\n'}
[98.897522] (ublox_gps) StdoutLine: {'line': b'-- Installing: /home/jsmoon/yax_jeju/install/ublox_gps/lib/libublox_gps.so\n'}
[98.922715] (ublox_gps) StdoutLine: {'line': b'-- Set runtime path of "/home/jsmoon/yax_jeju/install/ublox_gps/lib/libublox_gps.so" to ""\n'}
[98.922941] (ublox_gps) StdoutLine: {'line': b'-- Installing: /home/jsmoon/yax_jeju/install/ublox_gps/share/ublox_gps/cmake/export_ublox_gpsExport.cmake\n'}
[98.923109] (ublox_gps) StdoutLine: {'line': b'-- Installing: /home/jsmoon/yax_jeju/install/ublox_gps/share/ublox_gps/cmake/export_ublox_gpsExport-noconfig.cmake\n'}
[98.925086] (ublox_gps) CommandEnded: {'returncode': 0}
[98.925810] (-) TimerEvent: {}
[98.933776] (ublox_gps) JobEnded: {'identifier': 'ublox_gps', 'rc': 0}
[98.934510] (my_custom_pkg) JobStarted: {'identifier': 'my_custom_pkg'}
[98.937538] (ublox) JobStarted: {'identifier': 'ublox'}
[98.949380] (ublox) JobProgress: {'identifier': 'ublox', 'progress': 'cmake'}
[98.950344] (ublox) Command: {'cmd': ['/usr/bin/cmake', '/home/jsmoon/yax_jeju/src/RTK_GPS_NTRIP/ublox', '-DAMENT_CMAKE_SYMLINK_INSTALL=1', '-DCMAKE_INSTALL_PREFIX=/home/jsmoon/yax_jeju/install/ublox'], 'cwd': '/home/jsmoon/yax_jeju/build/ublox', 'env': OrderedDict([('PYENV_VIRTUALENV_INIT', '1'), ('GJS_DEBUG_TOPICS', 'JS ERROR;JS LOG'), ('LESSOPEN', '| /usr/bin/lesspipe %s'), ('USER', 'jsmoon'), ('LC_TIME', 'ko_KR.UTF-8'), ('XDG_SESSION_TYPE', 'x11'), ('SHLVL', '1'), ('LD_LIBRARY_PATH', '/home/jsmoon/yax_jeju/install/ublox_gps/lib:/home/jsmoon/yax_jeju/install/ublox_msgs/lib:/home/jsmoon/yax_jeju/install/rtcm_msgs/lib:/opt/ros/humble/opt/rviz_ogre_vendor/lib:/opt/ros/humble/lib/x86_64-linux-gnu:/opt/ros/humble/lib:/home/jsmoon/Desktop/JSMOON/MLCS/project1/Personalized-Adaptive-Cruise/external/acados/lib'), ('ACADOS_SOURCE_DIR', '/home/jsmoon/Desktop/JSMOON/MLCS/project1/Personalized-Adaptive-Cruise/external/acados'), ('HOME', '/home/jsmoon'), ('OLDPWD', '/home/jsmoon'), ('DESKTOP_SESSION', 'ubuntu-xorg'), ('PYENV_SHELL', 'bash'), ('GIO_LAUNCHED_DESKTOP_FILE', '/usr/share/applications/terminator.desktop'), ('ROS_PYTHON_VERSION', '3'), ('GNOME_SHELL_SESSION_MODE', 'ubuntu'), ('GTK_MODULES', 'gail:atk-bridge'), ('LC_MONETARY', 'ko_KR.UTF-8'), ('MANAGERPID', '1869'), ('SYSTEMD_EXEC_PID', '2431'), ('DBUS_SESSION_BUS_ADDRESS', 'unix:path=/run/user/1000/bus'), ('COLORTERM', 'truecolor'), ('TERMINATOR_DBUS_NAME', 'net.tenshu.Terminator23558193cd9818af7fe4d2c2f5bd9d00f'), ('GIO_LAUNCHED_DESKTOP_FILE_PID', '8379'), ('COLCON_PREFIX_PATH', '/home/jsmoon/ydlidar_ws/install'), ('ROS_DISTRO', 'humble'), ('GTK_IM_MODULE', 'ibus'), ('LOGNAME', 'jsmoon'), ('JOURNAL_STREAM', '8:9861'), ('_', '/usr/bin/colcon'), ('ROS_VERSION', '2'), ('XDG_SESSION_CLASS', 'user'), ('USERNAME', 'jsmoon'), ('TERM', 'xterm-256color'), ('GNOME_DESKTOP_SESSION_ID', 'this-is-deprecated'), ('ROS_LOCALHOST_ONLY', '0'), ('WINDOWPATH', '2'), ('PATH', '/opt/ros/humble/bin:/home/jsmoon/.pyenv/plugins/pyenv-virtualenv/shims:/home/jsmoon/.pyenv/shims:/home/jsmoon/.pyenv/bin:/home/jsmoon/.local/bin:/usr/local/sbin:/usr/local/bin:/usr/sbin:/usr/bin:/sbin:/bin:/usr/games:/usr/local/games:/snap/bin:/snap/bin'), ('SESSION_MANAGER', 'local/jsmoon-ASUS-TUF-Gaming-A14-FA401UM-FA401UM:@/tmp/.ICE-unix/2384,unix/jsmoon-ASUS-TUF-Gaming-A14-FA401UM-FA401UM:/tmp/.ICE-unix/2384'), ('INVOCATION_ID', '59e81587102e428d9dc34d9cf59fdca5'), ('XDG_MENU_PREFIX', 'gnome-'), ('LC_ADDRESS', 'ko_KR.UTF-8'), ('XDG_RUNTIME_DIR', '/run/user/1000'), ('DISPLAY', ':1'), ('TERMINATOR_DBUS_PATH', '/net/tenshu/Terminator2'), ('LANG', 'en_US.UTF-8'), ('XDG_CURRENT_DESKTOP', 'ubuntu:GNOME'), ('IBUS_DISABLE_SNOOPER', '1'), ('LC_TELEPHONE', 'ko_KR.UTF-8'), ('XMODIFIERS', '@im=ibus'), ('XDG_SESSION_DESKTOP', 'ubuntu-xorg'), ('XAUTHORITY', '/run/user/1000/gdm/Xauthority'), ('LS_COLORS', 'rs=0:di=01;34:ln=01;36:mh=00:pi=40;33:so=01;35:do=01;35:bd=40;33;01:cd=40;33;01:or=40;31;01:mi=00:su=37;41:sg=30;43:ca=30;41:tw=30;42:ow=34;42:st=37;44:ex=01;32:*.tar=01;31:*.tgz=01;31:*.arc=01;31:*.arj=01;31:*.taz=01;31:*.lha=01;31:*.lz4=01;31:*.lzh=01;31:*.lzma=01;31:*.tlz=01;31:*.txz=01;31:*.tzo=01;31:*.t7z=01;31:*.zip=01;31:*.z=01;31:*.dz=01;31:*.gz=01;31:*.lrz=01;31:*.lz=01;31:*.lzo=01;31:*.xz=01;31:*.zst=01;31:*.tzst=01;31:*.bz2=01;31:*.bz=01;31:*.tbz=01;31:*.tbz2=01;31:*.tz=01;31:*.deb=01;31:*.rpm=01;31:*.jar=01;31:*.war=01;31:*.ear=01;31:*.sar=01;31:*.rar=01;31:*.alz=01;31:*.ace=01;31:*.zoo=01;31:*.cpio=01;31:*.7z=01;31:*.rz=01;31:*.cab=01;31:*.wim=01;31:*.swm=01;31:*.dwm=01;31:*.esd=01;31:*.jpg=01;35:*.jpeg=01;35:*.mjpg=01;35:*.mjpeg=01;35:*.gif=01;35:*.bmp=01;35:*.pbm=01;35:*.pgm=01;35:*.ppm=01;35:*.tga=01;35:*.xbm=01;35:*.xpm=01;35:*.tif=01;35:*.tiff=01;35:*.png=01;35:*.svg=01;35:*.svgz=01;35:*.mng=01;35:*.pcx=01;35:*.mov=01;35:*.mpg=01;35:*.mpeg=01;35:*.m2v=01;35:*.mkv=01;35:*.webm=01;35:*.webp=01;35:*.ogm=01;35:*.mp4=01;35:*.m4v=01;35:*.mp4v=01;35:*.vob=01;35:*.qt=01;35:*.nuv=01;35:*.wmv=01;35:*.asf=01;35:*.rm=01;35:*.rmvb=01;35:*.flc=01;35:*.avi=01;35:*.fli=01;35:*.flv=01;35:*.gl=01;35:*.dl=01;35:*.xcf=01;35:*.xwd=01;35:*.yuv=01;35:*.cgm=01;35:*.emf=01;35:*.ogv=01;35:*.ogx=01;35:*.aac=00;36:*.au=00;36:*.flac=00;36:*.m4a=00;36:*.mid=00;36:*.midi=00;36:*.mka=00;36:*.mp3=00;36:*.mpc=00;36:*.ogg=00;36:*.ra=00;36:*.wav=00;36:*.oga=00;36:*.opus=00;36:*.spx=00;36:*.xspf=00;36:'), ('SSH_AGENT_LAUNCHER', 'gnome-keyring'), ('SSH_AUTH_SOCK', '/run/user/1000/keyring/ssh'), ('AMENT_PREFIX_PATH', '/home/jsmoon/yax_jeju/install/ublox_gps:/home/jsmoon/yax_jeju/install/ublox_msgs:/home/jsmoon/yax_jeju/install/ublox_serialization:/home/jsmoon/yax_jeju/install/rtcm_msgs:/home/jsmoon/ydlidar_ws/install/ydlidar_ros2_driver:/opt/ros/humble'), ('SHELL', '/bin/bash'), ('LC_NAME', 'ko_KR.UTF-8'), ('TERMINATOR_UUID', 'urn:uuid:df2315a3-6fbc-4574-8f2c-035191f51785'), ('QT_ACCESSIBILITY', '1'), ('GDMSESSION', 'ubuntu-xorg'), ('LESSCLOSE', '/usr/bin/lesspipe %s %s'), ('LC_MEASUREMENT', 'ko_KR.UTF-8'), ('GPG_AGENT_INFO', '/run/user/1000/gnupg/S.gpg-agent:0:1'), ('GJS_DEBUG_OUTPUT', 'stderr'), ('LC_IDENTIFICATION', 'ko_KR.UTF-8'), ('QT_IM_MODULE', 'ibus'), ('PWD', '/home/jsmoon/yax_jeju/build/ublox'), ('LC_ALL', 'en_US.UTF-8'), ('XDG_CONFIG_DIRS', '/etc/xdg/xdg-ubuntu-xorg:/etc/xdg'), ('PYENV_ROOT', '/home/jsmoon/.pyenv'), ('XDG_DATA_DIRS', '/usr/share/ubuntu-xorg:/usr/share/gnome:/usr/local/share/:/usr/share/:/var/lib/snapd/desktop'), ('PYTHONPATH', '/home/jsmoon/yax_jeju/install/ublox_msgs/local/lib/python3.10/dist-packages:/home/jsmoon/yax_jeju/install/rtcm_msgs/local/lib/python3.10/dist-packages:/opt/ros/humble/lib/python3.10/site-packages:/opt/ros/humble/local/lib/python3.10/dist-packages'), ('LC_NUMERIC', 'ko_KR.UTF-8'), ('LC_PAPER', 'ko_KR.UTF-8'), ('COLCON', '1'), ('VTE_VERSION', '6800'), ('CMAKE_PREFIX_PATH', '/home/jsmoon/yax_jeju/install/ublox_gps:/home/jsmoon/yax_jeju/install/ublox_msgs:/home/jsmoon/yax_jeju/install/ublox_serialization:/home/jsmoon/yax_jeju/install/rtcm_msgs:/home/jsmoon/ydlidar_ws/install/ydlidar_ros2_driver:/opt/ros/humble')]), 'shell': False}
[98.998697] (ublox) StdoutLine: {'line': b'-- The C compiler identification is GNU 11.4.0\n'}
[99.026043] (-) TimerEvent: {}
[99.044575] (ublox) StdoutLine: {'line': b'-- The CXX compiler identification is GNU 11.4.0\n'}
[99.051287] (ublox) StdoutLine: {'line': b'-- Detecting C compiler ABI info\n'}
[99.117356] (ublox) StdoutLine: {'line': b'-- Detecting C compiler ABI info - done\n'}
[99.121181] (ublox) StdoutLine: {'line': b'-- Check for working C compiler: /usr/bin/cc - skipped\n'}
[99.121370] (ublox) StdoutLine: {'line': b'-- Detecting C compile features\n'}
[99.121615] (ublox) StdoutLine: {'line': b'-- Detecting C compile features - done\n'}
[99.123375] (ublox) StdoutLine: {'line': b'-- Detecting CXX compiler ABI info\n'}
[99.126086] (-) TimerEvent: {}
[99.190785] (ublox) StdoutLine: {'line': b'-- Detecting CXX compiler ABI info - done\n'}
[99.195318] (ublox) StdoutLine: {'line': b'-- Check for working CXX compiler: /usr/bin/c++ - skipped\n'}
[99.195509] (ublox) StdoutLine: {'line': b'-- Detecting CXX compile features\n'}
[99.195769] (ublox) StdoutLine: {'line': b'-- Detecting CXX compile features - done\n'}
[99.197664] (ublox) StdoutLine: {'line': b'-- Found ament_cmake: 1.3.12 (/opt/ros/humble/share/ament_cmake/cmake)\n'}
[99.226230] (-) TimerEvent: {}
[99.326557] (-) TimerEvent: {}
[99.387774] (my_custom_pkg) Command: {'cmd': ['/usr/bin/python3', '-W', 'ignore:setup.py install is deprecated', '-W', 'ignore:easy_install command is deprecated', 'setup.py', 'develop', '--editable', '--build-directory', '/home/jsmoon/yax_jeju/build/my_custom_pkg/build', '--no-deps', 'symlink_data'], 'cwd': '/home/jsmoon/yax_jeju/build/my_custom_pkg', 'env': {'PYENV_VIRTUALENV_INIT': '1', 'GJS_DEBUG_TOPICS': 'JS ERROR;JS LOG', 'LESSOPEN': '| /usr/bin/lesspipe %s', 'USER': 'jsmoon', 'LC_TIME': 'ko_KR.UTF-8', 'XDG_SESSION_TYPE': 'x11', 'SHLVL': '1', 'LD_LIBRARY_PATH': '/home/jsmoon/yax_jeju/install/ublox_gps/lib:/home/jsmoon/yax_jeju/install/ublox_msgs/lib:/home/jsmoon/yax_jeju/install/rtcm_msgs/lib:/home/jsmoon/yax_jeju/install/interfaces_pkg/lib:/opt/ros/humble/opt/rviz_ogre_vendor/lib:/opt/ros/humble/lib/x86_64-linux-gnu:/opt/ros/humble/lib:/home/jsmoon/Desktop/JSMOON/MLCS/project1/Personalized-Adaptive-Cruise/external/acados/lib', 'ACADOS_SOURCE_DIR': '/home/jsmoon/Desktop/JSMOON/MLCS/project1/Personalized-Adaptive-Cruise/external/acados', 'HOME': '/home/jsmoon', 'OLDPWD': '/home/jsmoon', 'DESKTOP_SESSION': 'ubuntu-xorg', 'PYENV_SHELL': 'bash', 'GIO_LAUNCHED_DESKTOP_FILE': '/usr/share/applications/terminator.desktop', 'ROS_PYTHON_VERSION': '3', 'GNOME_SHELL_SESSION_MODE': 'ubuntu', 'GTK_MODULES': 'gail:atk-bridge', 'LC_MONETARY': 'ko_KR.UTF-8', 'MANAGERPID': '1869', 'SYSTEMD_EXEC_PID': '2431', 'DBUS_SESSION_BUS_ADDRESS': 'unix:path=/run/user/1000/bus', 'COLORTERM': 'truecolor', 'TERMINATOR_DBUS_NAME': 'net.tenshu.Terminator23558193cd9818af7fe4d2c2f5bd9d00f', 'GIO_LAUNCHED_DESKTOP_FILE_PID': '8379', 'COLCON_PREFIX_PATH': '/home/jsmoon/ydlidar_ws/install', 'ROS_DISTRO': 'humble', 'GTK_IM_MODULE': 'ibus', 'LOGNAME': 'jsmoon', 'JOURNAL_STREAM': '8:9861', '_': '/usr/bin/colcon', 'ROS_VERSION': '2', 'XDG_SESSION_CLASS': 'user', 'USERNAME': 'jsmoon', 'TERM': 'xterm-256color', 'GNOME_DESKTOP_SESSION_ID': 'this-is-deprecated', 'ROS_LOCALHOST_ONLY': '0', 'WINDOWPATH': '2', 'PATH': '/opt/ros/humble/bin:/home/jsmoon/.pyenv/plugins/pyenv-virtualenv/shims:/home/jsmoon/.pyenv/shims:/home/jsmoon/.pyenv/bin:/home/jsmoon/.local/bin:/usr/local/sbin:/usr/local/bin:/usr/sbin:/usr/bin:/sbin:/bin:/usr/games:/usr/local/games:/snap/bin:/snap/bin', 'SESSION_MANAGER': 'local/jsmoon-ASUS-TUF-Gaming-A14-FA401UM-FA401UM:@/tmp/.ICE-unix/2384,unix/jsmoon-ASUS-TUF-Gaming-A14-FA401UM-FA401UM:/tmp/.ICE-unix/2384', 'INVOCATION_ID': '59e81587102e428d9dc34d9cf59fdca5', 'XDG_MENU_PREFIX': 'gnome-', 'LC_ADDRESS': 'ko_KR.UTF-8', 'XDG_RUNTIME_DIR': '/run/user/1000', 'DISPLAY': ':1', 'TERMINATOR_DBUS_PATH': '/net/tenshu/Terminator2', 'LANG': 'en_US.UTF-8', 'XDG_CURRENT_DESKTOP': 'ubuntu:GNOME', 'IBUS_DISABLE_SNOOPER': '1', 'LC_TELEPHONE': 'ko_KR.UTF-8', 'XMODIFIERS': '@im=ibus', 'XDG_SESSION_DESKTOP': 'ubuntu-xorg', 'XAUTHORITY': '/run/user/1000/gdm/Xauthority', 'LS_COLORS': 'rs=0:di=01;34:ln=01;36:mh=00:pi=40;33:so=01;35:do=01;35:bd=40;33;01:cd=40;33;01:or=40;31;01:mi=00:su=37;41:sg=30;43:ca=30;41:tw=30;42:ow=34;42:st=37;44:ex=01;32:*.tar=01;31:*.tgz=01;31:*.arc=01;31:*.arj=01;31:*.taz=01;31:*.lha=01;31:*.lz4=01;31:*.lzh=01;31:*.lzma=01;31:*.tlz=01;31:*.txz=01;31:*.tzo=01;31:*.t7z=01;31:*.zip=01;31:*.z=01;31:*.dz=01;31:*.gz=01;31:*.lrz=01;31:*.lz=01;31:*.lzo=01;31:*.xz=01;31:*.zst=01;31:*.tzst=01;31:*.bz2=01;31:*.bz=01;31:*.tbz=01;31:*.tbz2=01;31:*.tz=01;31:*.deb=01;31:*.rpm=01;31:*.jar=01;31:*.war=01;31:*.ear=01;31:*.sar=01;31:*.rar=01;31:*.alz=01;31:*.ace=01;31:*.zoo=01;31:*.cpio=01;31:*.7z=01;31:*.rz=01;31:*.cab=01;31:*.wim=01;31:*.swm=01;31:*.dwm=01;31:*.esd=01;31:*.jpg=01;35:*.jpeg=01;35:*.mjpg=01;35:*.mjpeg=01;35:*.gif=01;35:*.bmp=01;35:*.pbm=01;35:*.pgm=01;35:*.ppm=01;35:*.tga=01;35:*.xbm=01;35:*.xpm=01;35:*.tif=01;35:*.tiff=01;35:*.png=01;35:*.svg=01;35:*.svgz=01;35:*.mng=01;35:*.pcx=01;35:*.mov=01;35:*.mpg=01;35:*.mpeg=01;35:*.m2v=01;35:*.mkv=01;35:*.webm=01;35:*.webp=01;35:*.ogm=01;35:*.mp4=01;35:*.m4v=01;35:*.mp4v=01;35:*.vob=01;35:*.qt=01;35:*.nuv=01;35:*.wmv=01;35:*.asf=01;35:*.rm=01;35:*.rmvb=01;35:*.flc=01;35:*.avi=01;35:*.fli=01;35:*.flv=01;35:*.gl=01;35:*.dl=01;35:*.xcf=01;35:*.xwd=01;35:*.yuv=01;35:*.cgm=01;35:*.emf=01;35:*.ogv=01;35:*.ogx=01;35:*.aac=00;36:*.au=00;36:*.flac=00;36:*.m4a=00;36:*.mid=00;36:*.midi=00;36:*.mka=00;36:*.mp3=00;36:*.mpc=00;36:*.ogg=00;36:*.ra=00;36:*.wav=00;36:*.oga=00;36:*.opus=00;36:*.spx=00;36:*.xspf=00;36:', 'SSH_AGENT_LAUNCHER': 'gnome-keyring', 'SSH_AUTH_SOCK': '/run/user/1000/keyring/ssh', 'AMENT_PREFIX_PATH': '/home/jsmoon/yax_jeju/install/ublox_gps:/home/jsmoon/yax_jeju/install/fix2nmea:/home/jsmoon/yax_jeju/install/ublox_msgs:/home/jsmoon/yax_jeju/install/ydlidar_ros2_driver:/home/jsmoon/yax_jeju/install/ublox_serialization:/home/jsmoon/yax_jeju/install/serial_communication_pkg:/home/jsmoon/yax_jeju/install/rtcm_msgs:/home/jsmoon/yax_jeju/install/interfaces_pkg:/home/jsmoon/yax_jeju/install/decision_making_pkg:/home/jsmoon/yax_jeju/install/camera_perception_pkg:/home/jsmoon/ydlidar_ws/install/ydlidar_ros2_driver:/opt/ros/humble', 'SHELL': '/bin/bash', 'LC_NAME': 'ko_KR.UTF-8', 'TERMINATOR_UUID': 'urn:uuid:df2315a3-6fbc-4574-8f2c-035191f51785', 'QT_ACCESSIBILITY': '1', 'GDMSESSION': 'ubuntu-xorg', 'LESSCLOSE': '/usr/bin/lesspipe %s %s', 'LC_MEASUREMENT': 'ko_KR.UTF-8', 'GPG_AGENT_INFO': '/run/user/1000/gnupg/S.gpg-agent:0:1', 'GJS_DEBUG_OUTPUT': 'stderr', 'LC_IDENTIFICATION': 'ko_KR.UTF-8', 'QT_IM_MODULE': 'ibus', 'PWD': '/home/jsmoon/yax_jeju/build/my_custom_pkg', 'LC_ALL': 'en_US.UTF-8', 'XDG_CONFIG_DIRS': '/etc/xdg/xdg-ubuntu-xorg:/etc/xdg', 'PYENV_ROOT': '/home/jsmoon/.pyenv', 'XDG_DATA_DIRS': '/usr/share/ubuntu-xorg:/usr/share/gnome:/usr/local/share/:/usr/share/:/var/lib/snapd/desktop', 'PYTHONPATH': '/home/jsmoon/yax_jeju/build/my_custom_pkg/prefix_override:/usr/lib/python3/dist-packages/colcon_core/task/python/colcon_distutils_commands:/home/jsmoon/yax_jeju/install/my_custom_pkg/lib/python3.10/site-packages:/home/jsmoon/yax_jeju/install/ublox_msgs/local/lib/python3.10/dist-packages:/home/jsmoon/yax_jeju/build/serial_communication_pkg:/home/jsmoon/yax_jeju/install/serial_communication_pkg/lib/python3.10/site-packages:/home/jsmoon/yax_jeju/install/rtcm_msgs/local/lib/python3.10/dist-packages:/home/jsmoon/yax_jeju/install/interfaces_pkg/local/lib/python3.10/dist-packages:/home/jsmoon/yax_jeju/build/decision_making_pkg:/home/jsmoon/yax_jeju/install/decision_making_pkg/lib/python3.10/site-packages:/home/jsmoon/yax_jeju/build/camera_perception_pkg:/home/jsmoon/yax_jeju/install/camera_perception_pkg/lib/python3.10/site-packages:/opt/ros/humble/lib/python3.10/site-packages:/opt/ros/humble/local/lib/python3.10/dist-packages', 'LC_NUMERIC': 'ko_KR.UTF-8', 'LC_PAPER': 'ko_KR.UTF-8', 'COLCON': '1', 'VTE_VERSION': '6800', 'CMAKE_PREFIX_PATH': '/home/jsmoon/yax_jeju/install/ublox_gps:/home/jsmoon/yax_jeju/install/fix2nmea:/home/jsmoon/yax_jeju/install/ublox_msgs:/home/jsmoon/yax_jeju/install/ydlidar_ros2_driver:/home/jsmoon/yax_jeju/install/ublox_serialization:/home/jsmoon/yax_jeju/install/rtcm_msgs:/home/jsmoon/yax_jeju/install/interfaces_pkg:/home/jsmoon/ydlidar_ws/install/ydlidar_ros2_driver'}, 'shell': False}
[99.426703] (-) TimerEvent: {}
[99.527055] (-) TimerEvent: {}
[99.553047] (my_custom_pkg) StdoutLine: {'line': b'running develop\n'}
[99.627192] (-) TimerEvent: {}
[99.670906] (my_custom_pkg) StdoutLine: {'line': b'running egg_info\n'}
[99.671119] (my_custom_pkg) StdoutLine: {'line': b'creating my_custom_pkg.egg-info\n'}
[99.671235] (my_custom_pkg) StdoutLine: {'line': b'writing my_custom_pkg.egg-info/PKG-INFO\n'}
[99.671342] (my_custom_pkg) StdoutLine: {'line': b'writing dependency_links to my_custom_pkg.egg-info/dependency_links.txt\n'}
[99.671447] (my_custom_pkg) StdoutLine: {'line': b'writing entry points to my_custom_pkg.egg-info/entry_points.txt\n'}
[99.671524] (my_custom_pkg) StdoutLine: {'line': b'writing requirements to my_custom_pkg.egg-info/requires.txt\n'}
[99.671582] (my_custom_pkg) StdoutLine: {'line': b'writing top-level names to my_custom_pkg.egg-info/top_level.txt\n'}
[99.671655] (my_custom_pkg) StdoutLine: {'line': b"writing manifest file 'my_custom_pkg.egg-info/SOURCES.txt'\n"}
[99.672836] (my_custom_pkg) StdoutLine: {'line': b"reading manifest file 'my_custom_pkg.egg-info/SOURCES.txt'\n"}
[99.673210] (my_custom_pkg) StdoutLine: {'line': b"writing manifest file 'my_custom_pkg.egg-info/SOURCES.txt'\n"}
[99.698370] (my_custom_pkg) StdoutLine: {'line': b'running build_ext\n'}
[99.698582] (my_custom_pkg) StdoutLine: {'line': b'Creating /home/jsmoon/yax_jeju/install/my_custom_pkg/lib/python3.10/site-packages/my-custom-pkg.egg-link (link to .)\n'}
[99.698975] (my_custom_pkg) StdoutLine: {'line': b'Installing lane_detection_node script to /home/jsmoon/yax_jeju/install/my_custom_pkg/lib/my_custom_pkg\n'}
[99.699167] (my_custom_pkg) StdoutLine: {'line': b'Installing mission_controller_node script to /home/jsmoon/yax_jeju/install/my_custom_pkg/lib/my_custom_pkg\n'}
[99.699270] (my_custom_pkg) StdoutLine: {'line': b'Installing obstacle_detect_node script to /home/jsmoon/yax_jeju/install/my_custom_pkg/lib/my_custom_pkg\n'}
[99.699356] (my_custom_pkg) StdoutLine: {'line': b'Installing tunnel_nav_node script to /home/jsmoon/yax_jeju/install/my_custom_pkg/lib/my_custom_pkg\n'}
[99.699455] (my_custom_pkg) StdoutLine: {'line': b'Installing waypoint_follower_node script to /home/jsmoon/yax_jeju/install/my_custom_pkg/lib/my_custom_pkg\n'}
[99.699498] (my_custom_pkg) StdoutLine: {'line': b'\n'}
[99.699524] (my_custom_pkg) StdoutLine: {'line': b'Installed /home/jsmoon/yax_jeju/build/my_custom_pkg\n'}
[99.699548] (my_custom_pkg) StdoutLine: {'line': b'running symlink_data\n'}
[99.699575] (my_custom_pkg) StdoutLine: {'line': b'creating /home/jsmoon/yax_jeju/install/my_custom_pkg/share/ament_index\n'}
[99.699601] (my_custom_pkg) StdoutLine: {'line': b'creating /home/jsmoon/yax_jeju/install/my_custom_pkg/share/ament_index/resource_index\n'}
[99.699627] (my_custom_pkg) StdoutLine: {'line': b'creating /home/jsmoon/yax_jeju/install/my_custom_pkg/share/ament_index/resource_index/packages\n'}
[99.699660] (my_custom_pkg) StdoutLine: {'line': b'symbolically linking /home/jsmoon/yax_jeju/build/my_custom_pkg/resource/my_custom_pkg -> /home/jsmoon/yax_jeju/install/my_custom_pkg/share/ament_index/resource_index/packages\n'}
[99.699687] (my_custom_pkg) StdoutLine: {'line': b'symbolically linking /home/jsmoon/yax_jeju/build/my_custom_pkg/package.xml -> /home/jsmoon/yax_jeju/install/my_custom_pkg/share/my_custom_pkg\n'}
[99.699731] (my_custom_pkg) StdoutLine: {'line': b'creating /home/jsmoon/yax_jeju/install/my_custom_pkg/share/my_custom_pkg/config\n'}
[99.699754] (my_custom_pkg) StdoutLine: {'line': b'symbolically linking /home/jsmoon/yax_jeju/build/my_custom_pkg/config/params.yaml -> /home/jsmoon/yax_jeju/install/my_custom_pkg/share/my_custom_pkg/config\n'}
[99.699778] (my_custom_pkg) StdoutLine: {'line': b'creating /home/jsmoon/yax_jeju/install/my_custom_pkg/share/my_custom_pkg/launch\n'}
[99.699800] (my_custom_pkg) StdoutLine: {'line': b'symbolically linking /home/jsmoon/yax_jeju/build/my_custom_pkg/launch/mission_launch.py -> /home/jsmoon/yax_jeju/install/my_custom_pkg/share/my_custom_pkg/launch\n'}
[99.720694] (ublox) StdoutLine: {'line': b'-- Found Python3: /home/jsmoon/.pyenv/shims/python3 (found version "3.10.12") found components: Interpreter \n'}
[99.726958] (my_custom_pkg) CommandEnded: {'returncode': 0}
[99.727727] (-) TimerEvent: {}
[99.731894] (my_custom_pkg) JobEnded: {'identifier': 'my_custom_pkg', 'rc': 0}
[99.732349] (launch_pkg) JobStarted: {'identifier': 'launch_pkg'}
[99.755190] (launch_pkg) JobProgress: {'identifier': 'launch_pkg', 'progress': 'cmake'}
[99.756020] (launch_pkg) Command: {'cmd': ['/usr/bin/cmake', '/home/jsmoon/yax_jeju/src/launch_pkg', '-DAMENT_CMAKE_SYMLINK_INSTALL=1', '-DCMAKE_INSTALL_PREFIX=/home/jsmoon/yax_jeju/install/launch_pkg'], 'cwd': '/home/jsmoon/yax_jeju/build/launch_pkg', 'env': OrderedDict([('PYENV_VIRTUALENV_INIT', '1'), ('GJS_DEBUG_TOPICS', 'JS ERROR;JS LOG'), ('LESSOPEN', '| /usr/bin/lesspipe %s'), ('USER', 'jsmoon'), ('LC_TIME', 'ko_KR.UTF-8'), ('XDG_SESSION_TYPE', 'x11'), ('SHLVL', '1'), ('LD_LIBRARY_PATH', '/home/jsmoon/yax_jeju/install/ublox_gps/lib:/home/jsmoon/yax_jeju/install/ublox_msgs/lib:/home/jsmoon/yax_jeju/install/rtcm_msgs/lib:/home/jsmoon/yax_jeju/install/interfaces_pkg/lib:/opt/ros/humble/opt/rviz_ogre_vendor/lib:/opt/ros/humble/lib/x86_64-linux-gnu:/opt/ros/humble/lib:/home/jsmoon/Desktop/JSMOON/MLCS/project1/Personalized-Adaptive-Cruise/external/acados/lib'), ('ACADOS_SOURCE_DIR', '/home/jsmoon/Desktop/JSMOON/MLCS/project1/Personalized-Adaptive-Cruise/external/acados'), ('HOME', '/home/jsmoon'), ('OLDPWD', '/home/jsmoon'), ('DESKTOP_SESSION', 'ubuntu-xorg'), ('PYENV_SHELL', 'bash'), ('GIO_LAUNCHED_DESKTOP_FILE', '/usr/share/applications/terminator.desktop'), ('ROS_PYTHON_VERSION', '3'), ('GNOME_SHELL_SESSION_MODE', 'ubuntu'), ('GTK_MODULES', 'gail:atk-bridge'), ('LC_MONETARY', 'ko_KR.UTF-8'), ('MANAGERPID', '1869'), ('SYSTEMD_EXEC_PID', '2431'), ('DBUS_SESSION_BUS_ADDRESS', 'unix:path=/run/user/1000/bus'), ('COLORTERM', 'truecolor'), ('TERMINATOR_DBUS_NAME', 'net.tenshu.Terminator23558193cd9818af7fe4d2c2f5bd9d00f'), ('GIO_LAUNCHED_DESKTOP_FILE_PID', '8379'), ('COLCON_PREFIX_PATH', '/home/jsmoon/ydlidar_ws/install'), ('ROS_DISTRO', 'humble'), ('GTK_IM_MODULE', 'ibus'), ('LOGNAME', 'jsmoon'), ('JOURNAL_STREAM', '8:9861'), ('_', '/usr/bin/colcon'), ('ROS_VERSION', '2'), ('XDG_SESSION_CLASS', 'user'), ('USERNAME', 'jsmoon'), ('TERM', 'xterm-256color'), ('GNOME_DESKTOP_SESSION_ID', 'this-is-deprecated'), ('ROS_LOCALHOST_ONLY', '0'), ('WINDOWPATH', '2'), ('PATH', '/opt/ros/humble/bin:/home/jsmoon/.pyenv/plugins/pyenv-virtualenv/shims:/home/jsmoon/.pyenv/shims:/home/jsmoon/.pyenv/bin:/home/jsmoon/.local/bin:/usr/local/sbin:/usr/local/bin:/usr/sbin:/usr/bin:/sbin:/bin:/usr/games:/usr/local/games:/snap/bin:/snap/bin'), ('SESSION_MANAGER', 'local/jsmoon-ASUS-TUF-Gaming-A14-FA401UM-FA401UM:@/tmp/.ICE-unix/2384,unix/jsmoon-ASUS-TUF-Gaming-A14-FA401UM-FA401UM:/tmp/.ICE-unix/2384'), ('INVOCATION_ID', '59e81587102e428d9dc34d9cf59fdca5'), ('XDG_MENU_PREFIX', 'gnome-'), ('LC_ADDRESS', 'ko_KR.UTF-8'), ('XDG_RUNTIME_DIR', '/run/user/1000'), ('DISPLAY', ':1'), ('TERMINATOR_DBUS_PATH', '/net/tenshu/Terminator2'), ('LANG', 'en_US.UTF-8'), ('XDG_CURRENT_DESKTOP', 'ubuntu:GNOME'), ('IBUS_DISABLE_SNOOPER', '1'), ('LC_TELEPHONE', 'ko_KR.UTF-8'), ('XMODIFIERS', '@im=ibus'), ('XDG_SESSION_DESKTOP', 'ubuntu-xorg'), ('XAUTHORITY', '/run/user/1000/gdm/Xauthority'), ('LS_COLORS', 'rs=0:di=01;34:ln=01;36:mh=00:pi=40;33:so=01;35:do=01;35:bd=40;33;01:cd=40;33;01:or=40;31;01:mi=00:su=37;41:sg=30;43:ca=30;41:tw=30;42:ow=34;42:st=37;44:ex=01;32:*.tar=01;31:*.tgz=01;31:*.arc=01;31:*.arj=01;31:*.taz=01;31:*.lha=01;31:*.lz4=01;31:*.lzh=01;31:*.lzma=01;31:*.tlz=01;31:*.txz=01;31:*.tzo=01;31:*.t7z=01;31:*.zip=01;31:*.z=01;31:*.dz=01;31:*.gz=01;31:*.lrz=01;31:*.lz=01;31:*.lzo=01;31:*.xz=01;31:*.zst=01;31:*.tzst=01;31:*.bz2=01;31:*.bz=01;31:*.tbz=01;31:*.tbz2=01;31:*.tz=01;31:*.deb=01;31:*.rpm=01;31:*.jar=01;31:*.war=01;31:*.ear=01;31:*.sar=01;31:*.rar=01;31:*.alz=01;31:*.ace=01;31:*.zoo=01;31:*.cpio=01;31:*.7z=01;31:*.rz=01;31:*.cab=01;31:*.wim=01;31:*.swm=01;31:*.dwm=01;31:*.esd=01;31:*.jpg=01;35:*.jpeg=01;35:*.mjpg=01;35:*.mjpeg=01;35:*.gif=01;35:*.bmp=01;35:*.pbm=01;35:*.pgm=01;35:*.ppm=01;35:*.tga=01;35:*.xbm=01;35:*.xpm=01;35:*.tif=01;35:*.tiff=01;35:*.png=01;35:*.svg=01;35:*.svgz=01;35:*.mng=01;35:*.pcx=01;35:*.mov=01;35:*.mpg=01;35:*.mpeg=01;35:*.m2v=01;35:*.mkv=01;35:*.webm=01;35:*.webp=01;35:*.ogm=01;35:*.mp4=01;35:*.m4v=01;35:*.mp4v=01;35:*.vob=01;35:*.qt=01;35:*.nuv=01;35:*.wmv=01;35:*.asf=01;35:*.rm=01;35:*.rmvb=01;35:*.flc=01;35:*.avi=01;35:*.fli=01;35:*.flv=01;35:*.gl=01;35:*.dl=01;35:*.xcf=01;35:*.xwd=01;35:*.yuv=01;35:*.cgm=01;35:*.emf=01;35:*.ogv=01;35:*.ogx=01;35:*.aac=00;36:*.au=00;36:*.flac=00;36:*.m4a=00;36:*.mid=00;36:*.midi=00;36:*.mka=00;36:*.mp3=00;36:*.mpc=00;36:*.ogg=00;36:*.ra=00;36:*.wav=00;36:*.oga=00;36:*.opus=00;36:*.spx=00;36:*.xspf=00;36:'), ('SSH_AGENT_LAUNCHER', 'gnome-keyring'), ('SSH_AUTH_SOCK', '/run/user/1000/keyring/ssh'), ('AMENT_PREFIX_PATH', '/home/jsmoon/yax_jeju/install/my_custom_pkg:/home/jsmoon/yax_jeju/install/ublox_gps:/home/jsmoon/yax_jeju/install/fix2nmea:/home/jsmoon/yax_jeju/install/ublox_msgs:/home/jsmoon/yax_jeju/install/ydlidar_ros2_driver:/home/jsmoon/yax_jeju/install/ublox_serialization:/home/jsmoon/yax_jeju/install/serial_communication_pkg:/home/jsmoon/yax_jeju/install/rtcm_msgs:/home/jsmoon/yax_jeju/install/ntrip_client:/home/jsmoon/yax_jeju/install/lidar_perception_pkg:/home/jsmoon/yax_jeju/install/interfaces_pkg:/home/jsmoon/yax_jeju/install/decision_making_pkg:/home/jsmoon/yax_jeju/install/camera_perception_pkg:/home/jsmoon/ydlidar_ws/install/ydlidar_ros2_driver:/opt/ros/humble'), ('SHELL', '/bin/bash'), ('LC_NAME', 'ko_KR.UTF-8'), ('TERMINATOR_UUID', 'urn:uuid:df2315a3-6fbc-4574-8f2c-035191f51785'), ('QT_ACCESSIBILITY', '1'), ('GDMSESSION', 'ubuntu-xorg'), ('LESSCLOSE', '/usr/bin/lesspipe %s %s'), ('LC_MEASUREMENT', 'ko_KR.UTF-8'), ('GPG_AGENT_INFO', '/run/user/1000/gnupg/S.gpg-agent:0:1'), ('GJS_DEBUG_OUTPUT', 'stderr'), ('LC_IDENTIFICATION', 'ko_KR.UTF-8'), ('QT_IM_MODULE', 'ibus'), ('PWD', '/home/jsmoon/yax_jeju/build/launch_pkg'), ('LC_ALL', 'en_US.UTF-8'), ('XDG_CONFIG_DIRS', '/etc/xdg/xdg-ubuntu-xorg:/etc/xdg'), ('PYENV_ROOT', '/home/jsmoon/.pyenv'), ('XDG_DATA_DIRS', '/usr/share/ubuntu-xorg:/usr/share/gnome:/usr/local/share/:/usr/share/:/var/lib/snapd/desktop'), ('PYTHONPATH', '/home/jsmoon/yax_jeju/build/my_custom_pkg:/home/jsmoon/yax_jeju/install/my_custom_pkg/lib/python3.10/site-packages:/home/jsmoon/yax_jeju/install/ublox_msgs/local/lib/python3.10/dist-packages:/home/jsmoon/yax_jeju/build/serial_communication_pkg:/home/jsmoon/yax_jeju/install/serial_communication_pkg/lib/python3.10/site-packages:/home/jsmoon/yax_jeju/install/rtcm_msgs/local/lib/python3.10/dist-packages:/home/jsmoon/yax_jeju/build/ntrip_client/src:/home/jsmoon/yax_jeju/install/ntrip_client/lib/python3.10/site-packages:/home/jsmoon/yax_jeju/build/lidar_perception_pkg:/home/jsmoon/yax_jeju/install/lidar_perception_pkg/lib/python3.10/site-packages:/home/jsmoon/yax_jeju/install/interfaces_pkg/local/lib/python3.10/dist-packages:/home/jsmoon/yax_jeju/build/decision_making_pkg:/home/jsmoon/yax_jeju/install/decision_making_pkg/lib/python3.10/site-packages:/home/jsmoon/yax_jeju/build/camera_perception_pkg:/home/jsmoon/yax_jeju/install/camera_perception_pkg/lib/python3.10/site-packages:/opt/ros/humble/lib/python3.10/site-packages:/opt/ros/humble/local/lib/python3.10/dist-packages'), ('LC_NUMERIC', 'ko_KR.UTF-8'), ('LC_PAPER', 'ko_KR.UTF-8'), ('COLCON', '1'), ('VTE_VERSION', '6800'), ('CMAKE_PREFIX_PATH', '/home/jsmoon/yax_jeju/install/ublox_gps:/home/jsmoon/yax_jeju/install/fix2nmea:/home/jsmoon/yax_jeju/install/ublox_msgs:/home/jsmoon/yax_jeju/install/ydlidar_ros2_driver:/home/jsmoon/yax_jeju/install/ublox_serialization:/home/jsmoon/yax_jeju/install/rtcm_msgs:/home/jsmoon/yax_jeju/install/interfaces_pkg:/home/jsmoon/ydlidar_ws/install/ydlidar_ros2_driver:/opt/ros/humble')]), 'shell': False}
[99.805180] (launch_pkg) StdoutLine: {'line': b'-- The C compiler identification is GNU 11.4.0\n'}
[99.821213] (ublox) StdoutLine: {'line': b'-- Override CMake install command with custom implementation using symlinks instead of copying resources\n'}
[99.827863] (-) TimerEvent: {}
[99.850416] (launch_pkg) StdoutLine: {'line': b'-- The CXX compiler identification is GNU 11.4.0\n'}
[99.856263] (launch_pkg) StdoutLine: {'line': b'-- Detecting C compiler ABI info\n'}
[99.916914] (launch_pkg) StdoutLine: {'line': b'-- Detecting C compiler ABI info - done\n'}
[99.922025] (launch_pkg) StdoutLine: {'line': b'-- Check for working C compiler: /usr/bin/cc - skipped\n'}
[99.922333] (launch_pkg) StdoutLine: {'line': b'-- Detecting C compile features\n'}
[99.922474] (launch_pkg) StdoutLine: {'line': b'-- Detecting C compile features - done\n'}
[99.924143] (launch_pkg) StdoutLine: {'line': b'-- Detecting CXX compiler ABI info\n'}
[99.927964] (-) TimerEvent: {}
[99.963647] (ublox) StdoutLine: {'line': b'-- Configuring done\n'}
[99.965437] (ublox) StdoutLine: {'line': b'-- Generating done\n'}
[99.966454] (ublox) StdoutLine: {'line': b'-- Build files have been written to: /home/jsmoon/yax_jeju/build/ublox\n'}
[99.969641] (ublox) CommandEnded: {'returncode': 0}
[99.970277] (ublox) JobProgress: {'identifier': 'ublox', 'progress': 'build'}
[99.970549] (ublox) Command: {'cmd': ['/usr/bin/cmake', '--build', '/home/jsmoon/yax_jeju/build/ublox', '--', '-j16', '-l16'], 'cwd': '/home/jsmoon/yax_jeju/build/ublox', 'env': OrderedDict([('PYENV_VIRTUALENV_INIT', '1'), ('GJS_DEBUG_TOPICS', 'JS ERROR;JS LOG'), ('LESSOPEN', '| /usr/bin/lesspipe %s'), ('USER', 'jsmoon'), ('LC_TIME', 'ko_KR.UTF-8'), ('XDG_SESSION_TYPE', 'x11'), ('SHLVL', '1'), ('LD_LIBRARY_PATH', '/home/jsmoon/yax_jeju/install/ublox_gps/lib:/home/jsmoon/yax_jeju/install/ublox_msgs/lib:/home/jsmoon/yax_jeju/install/rtcm_msgs/lib:/opt/ros/humble/opt/rviz_ogre_vendor/lib:/opt/ros/humble/lib/x86_64-linux-gnu:/opt/ros/humble/lib:/home/jsmoon/Desktop/JSMOON/MLCS/project1/Personalized-Adaptive-Cruise/external/acados/lib'), ('ACADOS_SOURCE_DIR', '/home/jsmoon/Desktop/JSMOON/MLCS/project1/Personalized-Adaptive-Cruise/external/acados'), ('HOME', '/home/jsmoon'), ('OLDPWD', '/home/jsmoon'), ('DESKTOP_SESSION', 'ubuntu-xorg'), ('PYENV_SHELL', 'bash'), ('GIO_LAUNCHED_DESKTOP_FILE', '/usr/share/applications/terminator.desktop'), ('ROS_PYTHON_VERSION', '3'), ('GNOME_SHELL_SESSION_MODE', 'ubuntu'), ('GTK_MODULES', 'gail:atk-bridge'), ('LC_MONETARY', 'ko_KR.UTF-8'), ('MANAGERPID', '1869'), ('SYSTEMD_EXEC_PID', '2431'), ('DBUS_SESSION_BUS_ADDRESS', 'unix:path=/run/user/1000/bus'), ('COLORTERM', 'truecolor'), ('TERMINATOR_DBUS_NAME', 'net.tenshu.Terminator23558193cd9818af7fe4d2c2f5bd9d00f'), ('GIO_LAUNCHED_DESKTOP_FILE_PID', '8379'), ('COLCON_PREFIX_PATH', '/home/jsmoon/ydlidar_ws/install'), ('ROS_DISTRO', 'humble'), ('GTK_IM_MODULE', 'ibus'), ('LOGNAME', 'jsmoon'), ('JOURNAL_STREAM', '8:9861'), ('_', '/usr/bin/colcon'), ('ROS_VERSION', '2'), ('XDG_SESSION_CLASS', 'user'), ('USERNAME', 'jsmoon'), ('TERM', 'xterm-256color'), ('GNOME_DESKTOP_SESSION_ID', 'this-is-deprecated'), ('ROS_LOCALHOST_ONLY', '0'), ('WINDOWPATH', '2'), ('PATH', '/opt/ros/humble/bin:/home/jsmoon/.pyenv/plugins/pyenv-virtualenv/shims:/home/jsmoon/.pyenv/shims:/home/jsmoon/.pyenv/bin:/home/jsmoon/.local/bin:/usr/local/sbin:/usr/local/bin:/usr/sbin:/usr/bin:/sbin:/bin:/usr/games:/usr/local/games:/snap/bin:/snap/bin'), ('SESSION_MANAGER', 'local/jsmoon-ASUS-TUF-Gaming-A14-FA401UM-FA401UM:@/tmp/.ICE-unix/2384,unix/jsmoon-ASUS-TUF-Gaming-A14-FA401UM-FA401UM:/tmp/.ICE-unix/2384'), ('INVOCATION_ID', '59e81587102e428d9dc34d9cf59fdca5'), ('XDG_MENU_PREFIX', 'gnome-'), ('LC_ADDRESS', 'ko_KR.UTF-8'), ('XDG_RUNTIME_DIR', '/run/user/1000'), ('DISPLAY', ':1'), ('TERMINATOR_DBUS_PATH', '/net/tenshu/Terminator2'), ('LANG', 'en_US.UTF-8'), ('XDG_CURRENT_DESKTOP', 'ubuntu:GNOME'), ('IBUS_DISABLE_SNOOPER', '1'), ('LC_TELEPHONE', 'ko_KR.UTF-8'), ('XMODIFIERS', '@im=ibus'), ('XDG_SESSION_DESKTOP', 'ubuntu-xorg'), ('XAUTHORITY', '/run/user/1000/gdm/Xauthority'), ('LS_COLORS', 'rs=0:di=01;34:ln=01;36:mh=00:pi=40;33:so=01;35:do=01;35:bd=40;33;01:cd=40;33;01:or=40;31;01:mi=00:su=37;41:sg=30;43:ca=30;41:tw=30;42:ow=34;42:st=37;44:ex=01;32:*.tar=01;31:*.tgz=01;31:*.arc=01;31:*.arj=01;31:*.taz=01;31:*.lha=01;31:*.lz4=01;31:*.lzh=01;31:*.lzma=01;31:*.tlz=01;31:*.txz=01;31:*.tzo=01;31:*.t7z=01;31:*.zip=01;31:*.z=01;31:*.dz=01;31:*.gz=01;31:*.lrz=01;31:*.lz=01;31:*.lzo=01;31:*.xz=01;31:*.zst=01;31:*.tzst=01;31:*.bz2=01;31:*.bz=01;31:*.tbz=01;31:*.tbz2=01;31:*.tz=01;31:*.deb=01;31:*.rpm=01;31:*.jar=01;31:*.war=01;31:*.ear=01;31:*.sar=01;31:*.rar=01;31:*.alz=01;31:*.ace=01;31:*.zoo=01;31:*.cpio=01;31:*.7z=01;31:*.rz=01;31:*.cab=01;31:*.wim=01;31:*.swm=01;31:*.dwm=01;31:*.esd=01;31:*.jpg=01;35:*.jpeg=01;35:*.mjpg=01;35:*.mjpeg=01;35:*.gif=01;35:*.bmp=01;35:*.pbm=01;35:*.pgm=01;35:*.ppm=01;35:*.tga=01;35:*.xbm=01;35:*.xpm=01;35:*.tif=01;35:*.tiff=01;35:*.png=01;35:*.svg=01;35:*.svgz=01;35:*.mng=01;35:*.pcx=01;35:*.mov=01;35:*.mpg=01;35:*.mpeg=01;35:*.m2v=01;35:*.mkv=01;35:*.webm=01;35:*.webp=01;35:*.ogm=01;35:*.mp4=01;35:*.m4v=01;35:*.mp4v=01;35:*.vob=01;35:*.qt=01;35:*.nuv=01;35:*.wmv=01;35:*.asf=01;35:*.rm=01;35:*.rmvb=01;35:*.flc=01;35:*.avi=01;35:*.fli=01;35:*.flv=01;35:*.gl=01;35:*.dl=01;35:*.xcf=01;35:*.xwd=01;35:*.yuv=01;35:*.cgm=01;35:*.emf=01;35:*.ogv=01;35:*.ogx=01;35:*.aac=00;36:*.au=00;36:*.flac=00;36:*.m4a=00;36:*.mid=00;36:*.midi=00;36:*.mka=00;36:*.mp3=00;36:*.mpc=00;36:*.ogg=00;36:*.ra=00;36:*.wav=00;36:*.oga=00;36:*.opus=00;36:*.spx=00;36:*.xspf=00;36:'), ('SSH_AGENT_LAUNCHER', 'gnome-keyring'), ('SSH_AUTH_SOCK', '/run/user/1000/keyring/ssh'), ('AMENT_PREFIX_PATH', '/home/jsmoon/yax_jeju/install/ublox_gps:/home/jsmoon/yax_jeju/install/ublox_msgs:/home/jsmoon/yax_jeju/install/ublox_serialization:/home/jsmoon/yax_jeju/install/rtcm_msgs:/home/jsmoon/ydlidar_ws/install/ydlidar_ros2_driver:/opt/ros/humble'), ('SHELL', '/bin/bash'), ('LC_NAME', 'ko_KR.UTF-8'), ('TERMINATOR_UUID', 'urn:uuid:df2315a3-6fbc-4574-8f2c-035191f51785'), ('QT_ACCESSIBILITY', '1'), ('GDMSESSION', 'ubuntu-xorg'), ('LESSCLOSE', '/usr/bin/lesspipe %s %s'), ('LC_MEASUREMENT', 'ko_KR.UTF-8'), ('GPG_AGENT_INFO', '/run/user/1000/gnupg/S.gpg-agent:0:1'), ('GJS_DEBUG_OUTPUT', 'stderr'), ('LC_IDENTIFICATION', 'ko_KR.UTF-8'), ('QT_IM_MODULE', 'ibus'), ('PWD', '/home/jsmoon/yax_jeju/build/ublox'), ('LC_ALL', 'en_US.UTF-8'), ('XDG_CONFIG_DIRS', '/etc/xdg/xdg-ubuntu-xorg:/etc/xdg'), ('PYENV_ROOT', '/home/jsmoon/.pyenv'), ('XDG_DATA_DIRS', '/usr/share/ubuntu-xorg:/usr/share/gnome:/usr/local/share/:/usr/share/:/var/lib/snapd/desktop'), ('PYTHONPATH', '/home/jsmoon/yax_jeju/install/ublox_msgs/local/lib/python3.10/dist-packages:/home/jsmoon/yax_jeju/install/rtcm_msgs/local/lib/python3.10/dist-packages:/opt/ros/humble/lib/python3.10/site-packages:/opt/ros/humble/local/lib/python3.10/dist-packages'), ('LC_NUMERIC', 'ko_KR.UTF-8'), ('LC_PAPER', 'ko_KR.UTF-8'), ('COLCON', '1'), ('VTE_VERSION', '6800'), ('CMAKE_PREFIX_PATH', '/home/jsmoon/yax_jeju/install/ublox_gps:/home/jsmoon/yax_jeju/install/ublox_msgs:/home/jsmoon/yax_jeju/install/ublox_serialization:/home/jsmoon/yax_jeju/install/rtcm_msgs:/home/jsmoon/ydlidar_ws/install/ydlidar_ros2_driver:/opt/ros/humble')]), 'shell': False}
[99.997729] (launch_pkg) StdoutLine: {'line': b'-- Detecting CXX compiler ABI info - done\n'}
[100.001781] (launch_pkg) StdoutLine: {'line': b'-- Check for working CXX compiler: /usr/bin/c++ - skipped\n'}
[100.001996] (launch_pkg) StdoutLine: {'line': b'-- Detecting CXX compile features\n'}
[100.002329] (launch_pkg) StdoutLine: {'line': b'-- Detecting CXX compile features - done\n'}
[100.004550] (launch_pkg) StdoutLine: {'line': b'-- Found ament_cmake: 1.3.12 (/opt/ros/humble/share/ament_cmake/cmake)\n'}
[100.007791] (ublox) CommandEnded: {'returncode': 0}
[100.008538] (ublox) JobProgress: {'identifier': 'ublox', 'progress': 'install'}
[100.008823] (ublox) Command: {'cmd': ['/usr/bin/cmake', '--install', '/home/jsmoon/yax_jeju/build/ublox'], 'cwd': '/home/jsmoon/yax_jeju/build/ublox', 'env': OrderedDict([('PYENV_VIRTUALENV_INIT', '1'), ('GJS_DEBUG_TOPICS', 'JS ERROR;JS LOG'), ('LESSOPEN', '| /usr/bin/lesspipe %s'), ('USER', 'jsmoon'), ('LC_TIME', 'ko_KR.UTF-8'), ('XDG_SESSION_TYPE', 'x11'), ('SHLVL', '1'), ('LD_LIBRARY_PATH', '/home/jsmoon/yax_jeju/install/ublox_gps/lib:/home/jsmoon/yax_jeju/install/ublox_msgs/lib:/home/jsmoon/yax_jeju/install/rtcm_msgs/lib:/opt/ros/humble/opt/rviz_ogre_vendor/lib:/opt/ros/humble/lib/x86_64-linux-gnu:/opt/ros/humble/lib:/home/jsmoon/Desktop/JSMOON/MLCS/project1/Personalized-Adaptive-Cruise/external/acados/lib'), ('ACADOS_SOURCE_DIR', '/home/jsmoon/Desktop/JSMOON/MLCS/project1/Personalized-Adaptive-Cruise/external/acados'), ('HOME', '/home/jsmoon'), ('OLDPWD', '/home/jsmoon'), ('DESKTOP_SESSION', 'ubuntu-xorg'), ('PYENV_SHELL', 'bash'), ('GIO_LAUNCHED_DESKTOP_FILE', '/usr/share/applications/terminator.desktop'), ('ROS_PYTHON_VERSION', '3'), ('GNOME_SHELL_SESSION_MODE', 'ubuntu'), ('GTK_MODULES', 'gail:atk-bridge'), ('LC_MONETARY', 'ko_KR.UTF-8'), ('MANAGERPID', '1869'), ('SYSTEMD_EXEC_PID', '2431'), ('DBUS_SESSION_BUS_ADDRESS', 'unix:path=/run/user/1000/bus'), ('COLORTERM', 'truecolor'), ('TERMINATOR_DBUS_NAME', 'net.tenshu.Terminator23558193cd9818af7fe4d2c2f5bd9d00f'), ('GIO_LAUNCHED_DESKTOP_FILE_PID', '8379'), ('COLCON_PREFIX_PATH', '/home/jsmoon/ydlidar_ws/install'), ('ROS_DISTRO', 'humble'), ('GTK_IM_MODULE', 'ibus'), ('LOGNAME', 'jsmoon'), ('JOURNAL_STREAM', '8:9861'), ('_', '/usr/bin/colcon'), ('ROS_VERSION', '2'), ('XDG_SESSION_CLASS', 'user'), ('USERNAME', 'jsmoon'), ('TERM', 'xterm-256color'), ('GNOME_DESKTOP_SESSION_ID', 'this-is-deprecated'), ('ROS_LOCALHOST_ONLY', '0'), ('WINDOWPATH', '2'), ('PATH', '/opt/ros/humble/bin:/home/jsmoon/.pyenv/plugins/pyenv-virtualenv/shims:/home/jsmoon/.pyenv/shims:/home/jsmoon/.pyenv/bin:/home/jsmoon/.local/bin:/usr/local/sbin:/usr/local/bin:/usr/sbin:/usr/bin:/sbin:/bin:/usr/games:/usr/local/games:/snap/bin:/snap/bin'), ('SESSION_MANAGER', 'local/jsmoon-ASUS-TUF-Gaming-A14-FA401UM-FA401UM:@/tmp/.ICE-unix/2384,unix/jsmoon-ASUS-TUF-Gaming-A14-FA401UM-FA401UM:/tmp/.ICE-unix/2384'), ('INVOCATION_ID', '59e81587102e428d9dc34d9cf59fdca5'), ('XDG_MENU_PREFIX', 'gnome-'), ('LC_ADDRESS', 'ko_KR.UTF-8'), ('XDG_RUNTIME_DIR', '/run/user/1000'), ('DISPLAY', ':1'), ('TERMINATOR_DBUS_PATH', '/net/tenshu/Terminator2'), ('LANG', 'en_US.UTF-8'), ('XDG_CURRENT_DESKTOP', 'ubuntu:GNOME'), ('IBUS_DISABLE_SNOOPER', '1'), ('LC_TELEPHONE', 'ko_KR.UTF-8'), ('XMODIFIERS', '@im=ibus'), ('XDG_SESSION_DESKTOP', 'ubuntu-xorg'), ('XAUTHORITY', '/run/user/1000/gdm/Xauthority'), ('LS_COLORS', 'rs=0:di=01;34:ln=01;36:mh=00:pi=40;33:so=01;35:do=01;35:bd=40;33;01:cd=40;33;01:or=40;31;01:mi=00:su=37;41:sg=30;43:ca=30;41:tw=30;42:ow=34;42:st=37;44:ex=01;32:*.tar=01;31:*.tgz=01;31:*.arc=01;31:*.arj=01;31:*.taz=01;31:*.lha=01;31:*.lz4=01;31:*.lzh=01;31:*.lzma=01;31:*.tlz=01;31:*.txz=01;31:*.tzo=01;31:*.t7z=01;31:*.zip=01;31:*.z=01;31:*.dz=01;31:*.gz=01;31:*.lrz=01;31:*.lz=01;31:*.lzo=01;31:*.xz=01;31:*.zst=01;31:*.tzst=01;31:*.bz2=01;31:*.bz=01;31:*.tbz=01;31:*.tbz2=01;31:*.tz=01;31:*.deb=01;31:*.rpm=01;31:*.jar=01;31:*.war=01;31:*.ear=01;31:*.sar=01;31:*.rar=01;31:*.alz=01;31:*.ace=01;31:*.zoo=01;31:*.cpio=01;31:*.7z=01;31:*.rz=01;31:*.cab=01;31:*.wim=01;31:*.swm=01;31:*.dwm=01;31:*.esd=01;31:*.jpg=01;35:*.jpeg=01;35:*.mjpg=01;35:*.mjpeg=01;35:*.gif=01;35:*.bmp=01;35:*.pbm=01;35:*.pgm=01;35:*.ppm=01;35:*.tga=01;35:*.xbm=01;35:*.xpm=01;35:*.tif=01;35:*.tiff=01;35:*.png=01;35:*.svg=01;35:*.svgz=01;35:*.mng=01;35:*.pcx=01;35:*.mov=01;35:*.mpg=01;35:*.mpeg=01;35:*.m2v=01;35:*.mkv=01;35:*.webm=01;35:*.webp=01;35:*.ogm=01;35:*.mp4=01;35:*.m4v=01;35:*.mp4v=01;35:*.vob=01;35:*.qt=01;35:*.nuv=01;35:*.wmv=01;35:*.asf=01;35:*.rm=01;35:*.rmvb=01;35:*.flc=01;35:*.avi=01;35:*.fli=01;35:*.flv=01;35:*.gl=01;35:*.dl=01;35:*.xcf=01;35:*.xwd=01;35:*.yuv=01;35:*.cgm=01;35:*.emf=01;35:*.ogv=01;35:*.ogx=01;35:*.aac=00;36:*.au=00;36:*.flac=00;36:*.m4a=00;36:*.mid=00;36:*.midi=00;36:*.mka=00;36:*.mp3=00;36:*.mpc=00;36:*.ogg=00;36:*.ra=00;36:*.wav=00;36:*.oga=00;36:*.opus=00;36:*.spx=00;36:*.xspf=00;36:'), ('SSH_AGENT_LAUNCHER', 'gnome-keyring'), ('SSH_AUTH_SOCK', '/run/user/1000/keyring/ssh'), ('AMENT_PREFIX_PATH', '/home/jsmoon/yax_jeju/install/ublox_gps:/home/jsmoon/yax_jeju/install/ublox_msgs:/home/jsmoon/yax_jeju/install/ublox_serialization:/home/jsmoon/yax_jeju/install/rtcm_msgs:/home/jsmoon/ydlidar_ws/install/ydlidar_ros2_driver:/opt/ros/humble'), ('SHELL', '/bin/bash'), ('LC_NAME', 'ko_KR.UTF-8'), ('TERMINATOR_UUID', 'urn:uuid:df2315a3-6fbc-4574-8f2c-035191f51785'), ('QT_ACCESSIBILITY', '1'), ('GDMSESSION', 'ubuntu-xorg'), ('LESSCLOSE', '/usr/bin/lesspipe %s %s'), ('LC_MEASUREMENT', 'ko_KR.UTF-8'), ('GPG_AGENT_INFO', '/run/user/1000/gnupg/S.gpg-agent:0:1'), ('GJS_DEBUG_OUTPUT', 'stderr'), ('LC_IDENTIFICATION', 'ko_KR.UTF-8'), ('QT_IM_MODULE', 'ibus'), ('PWD', '/home/jsmoon/yax_jeju/build/ublox'), ('LC_ALL', 'en_US.UTF-8'), ('XDG_CONFIG_DIRS', '/etc/xdg/xdg-ubuntu-xorg:/etc/xdg'), ('PYENV_ROOT', '/home/jsmoon/.pyenv'), ('XDG_DATA_DIRS', '/usr/share/ubuntu-xorg:/usr/share/gnome:/usr/local/share/:/usr/share/:/var/lib/snapd/desktop'), ('PYTHONPATH', '/home/jsmoon/yax_jeju/install/ublox_msgs/local/lib/python3.10/dist-packages:/home/jsmoon/yax_jeju/install/rtcm_msgs/local/lib/python3.10/dist-packages:/opt/ros/humble/lib/python3.10/site-packages:/opt/ros/humble/local/lib/python3.10/dist-packages'), ('LC_NUMERIC', 'ko_KR.UTF-8'), ('LC_PAPER', 'ko_KR.UTF-8'), ('COLCON', '1'), ('VTE_VERSION', '6800'), ('CMAKE_PREFIX_PATH', '/home/jsmoon/yax_jeju/install/ublox_gps:/home/jsmoon/yax_jeju/install/ublox_msgs:/home/jsmoon/yax_jeju/install/ublox_serialization:/home/jsmoon/yax_jeju/install/rtcm_msgs:/home/jsmoon/ydlidar_ws/install/ydlidar_ros2_driver:/opt/ros/humble')]), 'shell': False}
[100.015271] (ublox) StdoutLine: {'line': b'-- Install configuration: ""\n'}
[100.015555] (ublox) StdoutLine: {'line': b'-- Execute custom install script\n'}
[100.015741] (ublox) StdoutLine: {'line': b'-- Symlinking: /home/jsmoon/yax_jeju/install/ublox/share/ament_index/resource_index/package_run_dependencies/ublox\n'}
[100.023431] (ublox) StdoutLine: {'line': b'-- Symlinking: /home/jsmoon/yax_jeju/install/ublox/share/ament_index/resource_index/parent_prefix_path/ublox\n'}
[100.028085] (-) TimerEvent: {}
[100.030910] (ublox) StdoutLine: {'line': b'-- Symlinking: /home/jsmoon/yax_jeju/install/ublox/share/ublox/environment/ament_prefix_path.sh\n'}
[100.040191] (ublox) StdoutLine: {'line': b'-- Symlinking: /home/jsmoon/yax_jeju/install/ublox/share/ublox/environment/ament_prefix_path.dsv\n'}
[100.047152] (ublox) StdoutLine: {'line': b'-- Symlinking: /home/jsmoon/yax_jeju/install/ublox/share/ublox/environment/path.sh\n'}
[100.054518] (ublox) StdoutLine: {'line': b'-- Symlinking: /home/jsmoon/yax_jeju/install/ublox/share/ublox/environment/path.dsv\n'}
[100.063240] (ublox) StdoutLine: {'line': b'-- Symlinking: /home/jsmoon/yax_jeju/install/ublox/share/ublox/local_setup.bash\n'}
[100.069758] (ublox) StdoutLine: {'line': b'-- Symlinking: /home/jsmoon/yax_jeju/install/ublox/share/ublox/local_setup.sh\n'}
[100.076656] (ublox) StdoutLine: {'line': b'-- Symlinking: /home/jsmoon/yax_jeju/install/ublox/share/ublox/local_setup.zsh\n'}
[100.084825] (ublox) StdoutLine: {'line': b'-- Symlinking: /home/jsmoon/yax_jeju/install/ublox/share/ublox/local_setup.dsv\n'}
[100.093119] (ublox) StdoutLine: {'line': b'-- Symlinking: /home/jsmoon/yax_jeju/install/ublox/share/ublox/package.dsv\n'}
[100.100759] (ublox) StdoutLine: {'line': b'-- Symlinking: /home/jsmoon/yax_jeju/install/ublox/share/ament_index/resource_index/packages/ublox\n'}
[100.109095] (ublox) StdoutLine: {'line': b'-- Symlinking: /home/jsmoon/yax_jeju/install/ublox/share/ublox/cmake/ubloxConfig.cmake\n'}
[100.117147] (ublox) StdoutLine: {'line': b'-- Symlinking: /home/jsmoon/yax_jeju/install/ublox/share/ublox/cmake/ubloxConfig-version.cmake\n'}
[100.124267] (ublox) StdoutLine: {'line': b'-- Symlinking: /home/jsmoon/yax_jeju/install/ublox/share/ublox/package.xml\n'}
[100.128197] (-) TimerEvent: {}
[100.133465] (ublox) CommandEnded: {'returncode': 0}
[100.139731] (ublox) JobEnded: {'identifier': 'ublox', 'rc': 0}
[100.228331] (-) TimerEvent: {}
[100.328686] (-) TimerEvent: {}
[100.429061] (-) TimerEvent: {}
[100.529342] (-) TimerEvent: {}
[100.550745] (launch_pkg) StdoutLine: {'line': b'-- Found Python3: /home/jsmoon/.pyenv/shims/python3 (found version "3.10.12") found components: Interpreter \n'}
[100.629509] (-) TimerEvent: {}
[100.661813] (launch_pkg) StdoutLine: {'line': b'-- Override CMake install command with custom implementation using symlinks instead of copying resources\n'}
[100.729658] (-) TimerEvent: {}
[100.809891] (launch_pkg) StdoutLine: {'line': b'-- Configuring done\n'}
[100.811675] (launch_pkg) StdoutLine: {'line': b'-- Generating done\n'}
[100.812629] (launch_pkg) StdoutLine: {'line': b'-- Build files have been written to: /home/jsmoon/yax_jeju/build/launch_pkg\n'}
[100.816105] (launch_pkg) CommandEnded: {'returncode': 0}
[100.817763] (launch_pkg) JobProgress: {'identifier': 'launch_pkg', 'progress': 'build'}
[100.817804] (launch_pkg) Command: {'cmd': ['/usr/bin/cmake', '--build', '/home/jsmoon/yax_jeju/build/launch_pkg', '--', '-j16', '-l16'], 'cwd': '/home/jsmoon/yax_jeju/build/launch_pkg', 'env': OrderedDict([('PYENV_VIRTUALENV_INIT', '1'), ('GJS_DEBUG_TOPICS', 'JS ERROR;JS LOG'), ('LESSOPEN', '| /usr/bin/lesspipe %s'), ('USER', 'jsmoon'), ('LC_TIME', 'ko_KR.UTF-8'), ('XDG_SESSION_TYPE', 'x11'), ('SHLVL', '1'), ('LD_LIBRARY_PATH', '/home/jsmoon/yax_jeju/install/ublox_gps/lib:/home/jsmoon/yax_jeju/install/ublox_msgs/lib:/home/jsmoon/yax_jeju/install/rtcm_msgs/lib:/home/jsmoon/yax_jeju/install/interfaces_pkg/lib:/opt/ros/humble/opt/rviz_ogre_vendor/lib:/opt/ros/humble/lib/x86_64-linux-gnu:/opt/ros/humble/lib:/home/jsmoon/Desktop/JSMOON/MLCS/project1/Personalized-Adaptive-Cruise/external/acados/lib'), ('ACADOS_SOURCE_DIR', '/home/jsmoon/Desktop/JSMOON/MLCS/project1/Personalized-Adaptive-Cruise/external/acados'), ('HOME', '/home/jsmoon'), ('OLDPWD', '/home/jsmoon'), ('DESKTOP_SESSION', 'ubuntu-xorg'), ('PYENV_SHELL', 'bash'), ('GIO_LAUNCHED_DESKTOP_FILE', '/usr/share/applications/terminator.desktop'), ('ROS_PYTHON_VERSION', '3'), ('GNOME_SHELL_SESSION_MODE', 'ubuntu'), ('GTK_MODULES', 'gail:atk-bridge'), ('LC_MONETARY', 'ko_KR.UTF-8'), ('MANAGERPID', '1869'), ('SYSTEMD_EXEC_PID', '2431'), ('DBUS_SESSION_BUS_ADDRESS', 'unix:path=/run/user/1000/bus'), ('COLORTERM', 'truecolor'), ('TERMINATOR_DBUS_NAME', 'net.tenshu.Terminator23558193cd9818af7fe4d2c2f5bd9d00f'), ('GIO_LAUNCHED_DESKTOP_FILE_PID', '8379'), ('COLCON_PREFIX_PATH', '/home/jsmoon/ydlidar_ws/install'), ('ROS_DISTRO', 'humble'), ('GTK_IM_MODULE', 'ibus'), ('LOGNAME', 'jsmoon'), ('JOURNAL_STREAM', '8:9861'), ('_', '/usr/bin/colcon'), ('ROS_VERSION', '2'), ('XDG_SESSION_CLASS', 'user'), ('USERNAME', 'jsmoon'), ('TERM', 'xterm-256color'), ('GNOME_DESKTOP_SESSION_ID', 'this-is-deprecated'), ('ROS_LOCALHOST_ONLY', '0'), ('WINDOWPATH', '2'), ('PATH', '/opt/ros/humble/bin:/home/jsmoon/.pyenv/plugins/pyenv-virtualenv/shims:/home/jsmoon/.pyenv/shims:/home/jsmoon/.pyenv/bin:/home/jsmoon/.local/bin:/usr/local/sbin:/usr/local/bin:/usr/sbin:/usr/bin:/sbin:/bin:/usr/games:/usr/local/games:/snap/bin:/snap/bin'), ('SESSION_MANAGER', 'local/jsmoon-ASUS-TUF-Gaming-A14-FA401UM-FA401UM:@/tmp/.ICE-unix/2384,unix/jsmoon-ASUS-TUF-Gaming-A14-FA401UM-FA401UM:/tmp/.ICE-unix/2384'), ('INVOCATION_ID', '59e81587102e428d9dc34d9cf59fdca5'), ('XDG_MENU_PREFIX', 'gnome-'), ('LC_ADDRESS', 'ko_KR.UTF-8'), ('XDG_RUNTIME_DIR', '/run/user/1000'), ('DISPLAY', ':1'), ('TERMINATOR_DBUS_PATH', '/net/tenshu/Terminator2'), ('LANG', 'en_US.UTF-8'), ('XDG_CURRENT_DESKTOP', 'ubuntu:GNOME'), ('IBUS_DISABLE_SNOOPER', '1'), ('LC_TELEPHONE', 'ko_KR.UTF-8'), ('XMODIFIERS', '@im=ibus'), ('XDG_SESSION_DESKTOP', 'ubuntu-xorg'), ('XAUTHORITY', '/run/user/1000/gdm/Xauthority'), ('LS_COLORS', 'rs=0:di=01;34:ln=01;36:mh=00:pi=40;33:so=01;35:do=01;35:bd=40;33;01:cd=40;33;01:or=40;31;01:mi=00:su=37;41:sg=30;43:ca=30;41:tw=30;42:ow=34;42:st=37;44:ex=01;32:*.tar=01;31:*.tgz=01;31:*.arc=01;31:*.arj=01;31:*.taz=01;31:*.lha=01;31:*.lz4=01;31:*.lzh=01;31:*.lzma=01;31:*.tlz=01;31:*.txz=01;31:*.tzo=01;31:*.t7z=01;31:*.zip=01;31:*.z=01;31:*.dz=01;31:*.gz=01;31:*.lrz=01;31:*.lz=01;31:*.lzo=01;31:*.xz=01;31:*.zst=01;31:*.tzst=01;31:*.bz2=01;31:*.bz=01;31:*.tbz=01;31:*.tbz2=01;31:*.tz=01;31:*.deb=01;31:*.rpm=01;31:*.jar=01;31:*.war=01;31:*.ear=01;31:*.sar=01;31:*.rar=01;31:*.alz=01;31:*.ace=01;31:*.zoo=01;31:*.cpio=01;31:*.7z=01;31:*.rz=01;31:*.cab=01;31:*.wim=01;31:*.swm=01;31:*.dwm=01;31:*.esd=01;31:*.jpg=01;35:*.jpeg=01;35:*.mjpg=01;35:*.mjpeg=01;35:*.gif=01;35:*.bmp=01;35:*.pbm=01;35:*.pgm=01;35:*.ppm=01;35:*.tga=01;35:*.xbm=01;35:*.xpm=01;35:*.tif=01;35:*.tiff=01;35:*.png=01;35:*.svg=01;35:*.svgz=01;35:*.mng=01;35:*.pcx=01;35:*.mov=01;35:*.mpg=01;35:*.mpeg=01;35:*.m2v=01;35:*.mkv=01;35:*.webm=01;35:*.webp=01;35:*.ogm=01;35:*.mp4=01;35:*.m4v=01;35:*.mp4v=01;35:*.vob=01;35:*.qt=01;35:*.nuv=01;35:*.wmv=01;35:*.asf=01;35:*.rm=01;35:*.rmvb=01;35:*.flc=01;35:*.avi=01;35:*.fli=01;35:*.flv=01;35:*.gl=01;35:*.dl=01;35:*.xcf=01;35:*.xwd=01;35:*.yuv=01;35:*.cgm=01;35:*.emf=01;35:*.ogv=01;35:*.ogx=01;35:*.aac=00;36:*.au=00;36:*.flac=00;36:*.m4a=00;36:*.mid=00;36:*.midi=00;36:*.mka=00;36:*.mp3=00;36:*.mpc=00;36:*.ogg=00;36:*.ra=00;36:*.wav=00;36:*.oga=00;36:*.opus=00;36:*.spx=00;36:*.xspf=00;36:'), ('SSH_AGENT_LAUNCHER', 'gnome-keyring'), ('SSH_AUTH_SOCK', '/run/user/1000/keyring/ssh'), ('AMENT_PREFIX_PATH', '/home/jsmoon/yax_jeju/install/my_custom_pkg:/home/jsmoon/yax_jeju/install/ublox_gps:/home/jsmoon/yax_jeju/install/fix2nmea:/home/jsmoon/yax_jeju/install/ublox_msgs:/home/jsmoon/yax_jeju/install/ydlidar_ros2_driver:/home/jsmoon/yax_jeju/install/ublox_serialization:/home/jsmoon/yax_jeju/install/serial_communication_pkg:/home/jsmoon/yax_jeju/install/rtcm_msgs:/home/jsmoon/yax_jeju/install/ntrip_client:/home/jsmoon/yax_jeju/install/lidar_perception_pkg:/home/jsmoon/yax_jeju/install/interfaces_pkg:/home/jsmoon/yax_jeju/install/decision_making_pkg:/home/jsmoon/yax_jeju/install/camera_perception_pkg:/home/jsmoon/ydlidar_ws/install/ydlidar_ros2_driver:/opt/ros/humble'), ('SHELL', '/bin/bash'), ('LC_NAME', 'ko_KR.UTF-8'), ('TERMINATOR_UUID', 'urn:uuid:df2315a3-6fbc-4574-8f2c-035191f51785'), ('QT_ACCESSIBILITY', '1'), ('GDMSESSION', 'ubuntu-xorg'), ('LESSCLOSE', '/usr/bin/lesspipe %s %s'), ('LC_MEASUREMENT', 'ko_KR.UTF-8'), ('GPG_AGENT_INFO', '/run/user/1000/gnupg/S.gpg-agent:0:1'), ('GJS_DEBUG_OUTPUT', 'stderr'), ('LC_IDENTIFICATION', 'ko_KR.UTF-8'), ('QT_IM_MODULE', 'ibus'), ('PWD', '/home/jsmoon/yax_jeju/build/launch_pkg'), ('LC_ALL', 'en_US.UTF-8'), ('XDG_CONFIG_DIRS', '/etc/xdg/xdg-ubuntu-xorg:/etc/xdg'), ('PYENV_ROOT', '/home/jsmoon/.pyenv'), ('XDG_DATA_DIRS', '/usr/share/ubuntu-xorg:/usr/share/gnome:/usr/local/share/:/usr/share/:/var/lib/snapd/desktop'), ('PYTHONPATH', '/home/jsmoon/yax_jeju/build/my_custom_pkg:/home/jsmoon/yax_jeju/install/my_custom_pkg/lib/python3.10/site-packages:/home/jsmoon/yax_jeju/install/ublox_msgs/local/lib/python3.10/dist-packages:/home/jsmoon/yax_jeju/build/serial_communication_pkg:/home/jsmoon/yax_jeju/install/serial_communication_pkg/lib/python3.10/site-packages:/home/jsmoon/yax_jeju/install/rtcm_msgs/local/lib/python3.10/dist-packages:/home/jsmoon/yax_jeju/build/ntrip_client/src:/home/jsmoon/yax_jeju/install/ntrip_client/lib/python3.10/site-packages:/home/jsmoon/yax_jeju/build/lidar_perception_pkg:/home/jsmoon/yax_jeju/install/lidar_perception_pkg/lib/python3.10/site-packages:/home/jsmoon/yax_jeju/install/interfaces_pkg/local/lib/python3.10/dist-packages:/home/jsmoon/yax_jeju/build/decision_making_pkg:/home/jsmoon/yax_jeju/install/decision_making_pkg/lib/python3.10/site-packages:/home/jsmoon/yax_jeju/build/camera_perception_pkg:/home/jsmoon/yax_jeju/install/camera_perception_pkg/lib/python3.10/site-packages:/opt/ros/humble/lib/python3.10/site-packages:/opt/ros/humble/local/lib/python3.10/dist-packages'), ('LC_NUMERIC', 'ko_KR.UTF-8'), ('LC_PAPER', 'ko_KR.UTF-8'), ('COLCON', '1'), ('VTE_VERSION', '6800'), ('CMAKE_PREFIX_PATH', '/home/jsmoon/yax_jeju/install/ublox_gps:/home/jsmoon/yax_jeju/install/fix2nmea:/home/jsmoon/yax_jeju/install/ublox_msgs:/home/jsmoon/yax_jeju/install/ydlidar_ros2_driver:/home/jsmoon/yax_jeju/install/ublox_serialization:/home/jsmoon/yax_jeju/install/rtcm_msgs:/home/jsmoon/yax_jeju/install/interfaces_pkg:/home/jsmoon/ydlidar_ws/install/ydlidar_ros2_driver:/opt/ros/humble')]), 'shell': False}
[100.829769] (-) TimerEvent: {}
[100.851479] (launch_pkg) CommandEnded: {'returncode': 0}
[100.852814] (launch_pkg) JobProgress: {'identifier': 'launch_pkg', 'progress': 'install'}
[100.852831] (launch_pkg) Command: {'cmd': ['/usr/bin/cmake', '--install', '/home/jsmoon/yax_jeju/build/launch_pkg'], 'cwd': '/home/jsmoon/yax_jeju/build/launch_pkg', 'env': OrderedDict([('PYENV_VIRTUALENV_INIT', '1'), ('GJS_DEBUG_TOPICS', 'JS ERROR;JS LOG'), ('LESSOPEN', '| /usr/bin/lesspipe %s'), ('USER', 'jsmoon'), ('LC_TIME', 'ko_KR.UTF-8'), ('XDG_SESSION_TYPE', 'x11'), ('SHLVL', '1'), ('LD_LIBRARY_PATH', '/home/jsmoon/yax_jeju/install/ublox_gps/lib:/home/jsmoon/yax_jeju/install/ublox_msgs/lib:/home/jsmoon/yax_jeju/install/rtcm_msgs/lib:/home/jsmoon/yax_jeju/install/interfaces_pkg/lib:/opt/ros/humble/opt/rviz_ogre_vendor/lib:/opt/ros/humble/lib/x86_64-linux-gnu:/opt/ros/humble/lib:/home/jsmoon/Desktop/JSMOON/MLCS/project1/Personalized-Adaptive-Cruise/external/acados/lib'), ('ACADOS_SOURCE_DIR', '/home/jsmoon/Desktop/JSMOON/MLCS/project1/Personalized-Adaptive-Cruise/external/acados'), ('HOME', '/home/jsmoon'), ('OLDPWD', '/home/jsmoon'), ('DESKTOP_SESSION', 'ubuntu-xorg'), ('PYENV_SHELL', 'bash'), ('GIO_LAUNCHED_DESKTOP_FILE', '/usr/share/applications/terminator.desktop'), ('ROS_PYTHON_VERSION', '3'), ('GNOME_SHELL_SESSION_MODE', 'ubuntu'), ('GTK_MODULES', 'gail:atk-bridge'), ('LC_MONETARY', 'ko_KR.UTF-8'), ('MANAGERPID', '1869'), ('SYSTEMD_EXEC_PID', '2431'), ('DBUS_SESSION_BUS_ADDRESS', 'unix:path=/run/user/1000/bus'), ('COLORTERM', 'truecolor'), ('TERMINATOR_DBUS_NAME', 'net.tenshu.Terminator23558193cd9818af7fe4d2c2f5bd9d00f'), ('GIO_LAUNCHED_DESKTOP_FILE_PID', '8379'), ('COLCON_PREFIX_PATH', '/home/jsmoon/ydlidar_ws/install'), ('ROS_DISTRO', 'humble'), ('GTK_IM_MODULE', 'ibus'), ('LOGNAME', 'jsmoon'), ('JOURNAL_STREAM', '8:9861'), ('_', '/usr/bin/colcon'), ('ROS_VERSION', '2'), ('XDG_SESSION_CLASS', 'user'), ('USERNAME', 'jsmoon'), ('TERM', 'xterm-256color'), ('GNOME_DESKTOP_SESSION_ID', 'this-is-deprecated'), ('ROS_LOCALHOST_ONLY', '0'), ('WINDOWPATH', '2'), ('PATH', '/opt/ros/humble/bin:/home/jsmoon/.pyenv/plugins/pyenv-virtualenv/shims:/home/jsmoon/.pyenv/shims:/home/jsmoon/.pyenv/bin:/home/jsmoon/.local/bin:/usr/local/sbin:/usr/local/bin:/usr/sbin:/usr/bin:/sbin:/bin:/usr/games:/usr/local/games:/snap/bin:/snap/bin'), ('SESSION_MANAGER', 'local/jsmoon-ASUS-TUF-Gaming-A14-FA401UM-FA401UM:@/tmp/.ICE-unix/2384,unix/jsmoon-ASUS-TUF-Gaming-A14-FA401UM-FA401UM:/tmp/.ICE-unix/2384'), ('INVOCATION_ID', '59e81587102e428d9dc34d9cf59fdca5'), ('XDG_MENU_PREFIX', 'gnome-'), ('LC_ADDRESS', 'ko_KR.UTF-8'), ('XDG_RUNTIME_DIR', '/run/user/1000'), ('DISPLAY', ':1'), ('TERMINATOR_DBUS_PATH', '/net/tenshu/Terminator2'), ('LANG', 'en_US.UTF-8'), ('XDG_CURRENT_DESKTOP', 'ubuntu:GNOME'), ('IBUS_DISABLE_SNOOPER', '1'), ('LC_TELEPHONE', 'ko_KR.UTF-8'), ('XMODIFIERS', '@im=ibus'), ('XDG_SESSION_DESKTOP', 'ubuntu-xorg'), ('XAUTHORITY', '/run/user/1000/gdm/Xauthority'), ('LS_COLORS', 'rs=0:di=01;34:ln=01;36:mh=00:pi=40;33:so=01;35:do=01;35:bd=40;33;01:cd=40;33;01:or=40;31;01:mi=00:su=37;41:sg=30;43:ca=30;41:tw=30;42:ow=34;42:st=37;44:ex=01;32:*.tar=01;31:*.tgz=01;31:*.arc=01;31:*.arj=01;31:*.taz=01;31:*.lha=01;31:*.lz4=01;31:*.lzh=01;31:*.lzma=01;31:*.tlz=01;31:*.txz=01;31:*.tzo=01;31:*.t7z=01;31:*.zip=01;31:*.z=01;31:*.dz=01;31:*.gz=01;31:*.lrz=01;31:*.lz=01;31:*.lzo=01;31:*.xz=01;31:*.zst=01;31:*.tzst=01;31:*.bz2=01;31:*.bz=01;31:*.tbz=01;31:*.tbz2=01;31:*.tz=01;31:*.deb=01;31:*.rpm=01;31:*.jar=01;31:*.war=01;31:*.ear=01;31:*.sar=01;31:*.rar=01;31:*.alz=01;31:*.ace=01;31:*.zoo=01;31:*.cpio=01;31:*.7z=01;31:*.rz=01;31:*.cab=01;31:*.wim=01;31:*.swm=01;31:*.dwm=01;31:*.esd=01;31:*.jpg=01;35:*.jpeg=01;35:*.mjpg=01;35:*.mjpeg=01;35:*.gif=01;35:*.bmp=01;35:*.pbm=01;35:*.pgm=01;35:*.ppm=01;35:*.tga=01;35:*.xbm=01;35:*.xpm=01;35:*.tif=01;35:*.tiff=01;35:*.png=01;35:*.svg=01;35:*.svgz=01;35:*.mng=01;35:*.pcx=01;35:*.mov=01;35:*.mpg=01;35:*.mpeg=01;35:*.m2v=01;35:*.mkv=01;35:*.webm=01;35:*.webp=01;35:*.ogm=01;35:*.mp4=01;35:*.m4v=01;35:*.mp4v=01;35:*.vob=01;35:*.qt=01;35:*.nuv=01;35:*.wmv=01;35:*.asf=01;35:*.rm=01;35:*.rmvb=01;35:*.flc=01;35:*.avi=01;35:*.fli=01;35:*.flv=01;35:*.gl=01;35:*.dl=01;35:*.xcf=01;35:*.xwd=01;35:*.yuv=01;35:*.cgm=01;35:*.emf=01;35:*.ogv=01;35:*.ogx=01;35:*.aac=00;36:*.au=00;36:*.flac=00;36:*.m4a=00;36:*.mid=00;36:*.midi=00;36:*.mka=00;36:*.mp3=00;36:*.mpc=00;36:*.ogg=00;36:*.ra=00;36:*.wav=00;36:*.oga=00;36:*.opus=00;36:*.spx=00;36:*.xspf=00;36:'), ('SSH_AGENT_LAUNCHER', 'gnome-keyring'), ('SSH_AUTH_SOCK', '/run/user/1000/keyring/ssh'), ('AMENT_PREFIX_PATH', '/home/jsmoon/yax_jeju/install/my_custom_pkg:/home/jsmoon/yax_jeju/install/ublox_gps:/home/jsmoon/yax_jeju/install/fix2nmea:/home/jsmoon/yax_jeju/install/ublox_msgs:/home/jsmoon/yax_jeju/install/ydlidar_ros2_driver:/home/jsmoon/yax_jeju/install/ublox_serialization:/home/jsmoon/yax_jeju/install/serial_communication_pkg:/home/jsmoon/yax_jeju/install/rtcm_msgs:/home/jsmoon/yax_jeju/install/ntrip_client:/home/jsmoon/yax_jeju/install/lidar_perception_pkg:/home/jsmoon/yax_jeju/install/interfaces_pkg:/home/jsmoon/yax_jeju/install/decision_making_pkg:/home/jsmoon/yax_jeju/install/camera_perception_pkg:/home/jsmoon/ydlidar_ws/install/ydlidar_ros2_driver:/opt/ros/humble'), ('SHELL', '/bin/bash'), ('LC_NAME', 'ko_KR.UTF-8'), ('TERMINATOR_UUID', 'urn:uuid:df2315a3-6fbc-4574-8f2c-035191f51785'), ('QT_ACCESSIBILITY', '1'), ('GDMSESSION', 'ubuntu-xorg'), ('LESSCLOSE', '/usr/bin/lesspipe %s %s'), ('LC_MEASUREMENT', 'ko_KR.UTF-8'), ('GPG_AGENT_INFO', '/run/user/1000/gnupg/S.gpg-agent:0:1'), ('GJS_DEBUG_OUTPUT', 'stderr'), ('LC_IDENTIFICATION', 'ko_KR.UTF-8'), ('QT_IM_MODULE', 'ibus'), ('PWD', '/home/jsmoon/yax_jeju/build/launch_pkg'), ('LC_ALL', 'en_US.UTF-8'), ('XDG_CONFIG_DIRS', '/etc/xdg/xdg-ubuntu-xorg:/etc/xdg'), ('PYENV_ROOT', '/home/jsmoon/.pyenv'), ('XDG_DATA_DIRS', '/usr/share/ubuntu-xorg:/usr/share/gnome:/usr/local/share/:/usr/share/:/var/lib/snapd/desktop'), ('PYTHONPATH', '/home/jsmoon/yax_jeju/build/my_custom_pkg:/home/jsmoon/yax_jeju/install/my_custom_pkg/lib/python3.10/site-packages:/home/jsmoon/yax_jeju/install/ublox_msgs/local/lib/python3.10/dist-packages:/home/jsmoon/yax_jeju/build/serial_communication_pkg:/home/jsmoon/yax_jeju/install/serial_communication_pkg/lib/python3.10/site-packages:/home/jsmoon/yax_jeju/install/rtcm_msgs/local/lib/python3.10/dist-packages:/home/jsmoon/yax_jeju/build/ntrip_client/src:/home/jsmoon/yax_jeju/install/ntrip_client/lib/python3.10/site-packages:/home/jsmoon/yax_jeju/build/lidar_perception_pkg:/home/jsmoon/yax_jeju/install/lidar_perception_pkg/lib/python3.10/site-packages:/home/jsmoon/yax_jeju/install/interfaces_pkg/local/lib/python3.10/dist-packages:/home/jsmoon/yax_jeju/build/decision_making_pkg:/home/jsmoon/yax_jeju/install/decision_making_pkg/lib/python3.10/site-packages:/home/jsmoon/yax_jeju/build/camera_perception_pkg:/home/jsmoon/yax_jeju/install/camera_perception_pkg/lib/python3.10/site-packages:/opt/ros/humble/lib/python3.10/site-packages:/opt/ros/humble/local/lib/python3.10/dist-packages'), ('LC_NUMERIC', 'ko_KR.UTF-8'), ('LC_PAPER', 'ko_KR.UTF-8'), ('COLCON', '1'), ('VTE_VERSION', '6800'), ('CMAKE_PREFIX_PATH', '/home/jsmoon/yax_jeju/install/ublox_gps:/home/jsmoon/yax_jeju/install/fix2nmea:/home/jsmoon/yax_jeju/install/ublox_msgs:/home/jsmoon/yax_jeju/install/ydlidar_ros2_driver:/home/jsmoon/yax_jeju/install/ublox_serialization:/home/jsmoon/yax_jeju/install/rtcm_msgs:/home/jsmoon/yax_jeju/install/interfaces_pkg:/home/jsmoon/ydlidar_ws/install/ydlidar_ros2_driver:/opt/ros/humble')]), 'shell': False}
[100.859796] (launch_pkg) StdoutLine: {'line': b'-- Install configuration: ""\n'}
[100.860138] (launch_pkg) StdoutLine: {'line': b'-- Execute custom install script\n'}
[100.860567] (launch_pkg) StdoutLine: {'line': b'-- Symlinking: /home/jsmoon/yax_jeju/install/launch_pkg/share/launch_pkg/launch/2026ev_launch.py\n'}
[100.867927] (launch_pkg) StdoutLine: {'line': b'-- Symlinking: /home/jsmoon/yax_jeju/install/launch_pkg/share/launch_pkg/launch/full_launch.py\n'}
[100.874191] (launch_pkg) StdoutLine: {'line': b'-- Symlinking: /home/jsmoon/yax_jeju/install/launch_pkg/share/launch_pkg/launch/full_launch12.py\n'}
[100.880912] (launch_pkg) StdoutLine: {'line': b'-- Symlinking: /home/jsmoon/yax_jeju/install/launch_pkg/share/launch_pkg/launch/gps_visualize.launch.py\n'}
[100.887954] (launch_pkg) StdoutLine: {'line': b'-- Symlinking: /home/jsmoon/yax_jeju/install/launch_pkg/share/launch_pkg/launch/hs.py\n'}
[100.895679] (launch_pkg) StdoutLine: {'line': b'-- Symlinking: /home/jsmoon/yax_jeju/install/launch_pkg/share/launch_pkg/launch/main.launch.py\n'}
[100.904049] (launch_pkg) StdoutLine: {'line': b'-- Symlinking: /home/jsmoon/yax_jeju/install/launch_pkg/share/launch_pkg/launch/main_merged_lane.py\n'}
[100.911535] (launch_pkg) StdoutLine: {'line': b'-- Symlinking: /home/jsmoon/yax_jeju/install/launch_pkg/share/launch_pkg/launch/main_original.py\n'}
[100.920121] (launch_pkg) StdoutLine: {'line': b'-- Symlinking: /home/jsmoon/yax_jeju/install/launch_pkg/share/launch_pkg/launch/main_robust.py\n'}
[100.928194] (launch_pkg) StdoutLine: {'line': b'-- Symlinking: /home/jsmoon/yax_jeju/install/launch_pkg/share/launch_pkg/launch/video_lane_detection.py\n'}
[100.929845] (-) TimerEvent: {}
[100.936503] (launch_pkg) StdoutLine: {'line': b'-- Symlinking: /home/jsmoon/yax_jeju/install/launch_pkg/share/ament_index/resource_index/package_run_dependencies/launch_pkg\n'}
[100.943651] (launch_pkg) StdoutLine: {'line': b'-- Symlinking: /home/jsmoon/yax_jeju/install/launch_pkg/share/ament_index/resource_index/parent_prefix_path/launch_pkg\n'}
[100.952336] (launch_pkg) StdoutLine: {'line': b'-- Symlinking: /home/jsmoon/yax_jeju/install/launch_pkg/share/launch_pkg/environment/ament_prefix_path.sh\n'}
[100.961044] (launch_pkg) StdoutLine: {'line': b'-- Symlinking: /home/jsmoon/yax_jeju/install/launch_pkg/share/launch_pkg/environment/ament_prefix_path.dsv\n'}
[100.969193] (launch_pkg) StdoutLine: {'line': b'-- Symlinking: /home/jsmoon/yax_jeju/install/launch_pkg/share/launch_pkg/environment/path.sh\n'}
[100.976252] (launch_pkg) StdoutLine: {'line': b'-- Symlinking: /home/jsmoon/yax_jeju/install/launch_pkg/share/launch_pkg/environment/path.dsv\n'}
[100.984105] (launch_pkg) StdoutLine: {'line': b'-- Symlinking: /home/jsmoon/yax_jeju/install/launch_pkg/share/launch_pkg/local_setup.bash\n'}
[100.990859] (launch_pkg) StdoutLine: {'line': b'-- Symlinking: /home/jsmoon/yax_jeju/install/launch_pkg/share/launch_pkg/local_setup.sh\n'}
[100.998026] (launch_pkg) StdoutLine: {'line': b'-- Symlinking: /home/jsmoon/yax_jeju/install/launch_pkg/share/launch_pkg/local_setup.zsh\n'}
[101.005653] (launch_pkg) StdoutLine: {'line': b'-- Symlinking: /home/jsmoon/yax_jeju/install/launch_pkg/share/launch_pkg/local_setup.dsv\n'}
[101.013866] (launch_pkg) StdoutLine: {'line': b'-- Symlinking: /home/jsmoon/yax_jeju/install/launch_pkg/share/launch_pkg/package.dsv\n'}
[101.020893] (launch_pkg) StdoutLine: {'line': b'-- Symlinking: /home/jsmoon/yax_jeju/install/launch_pkg/share/ament_index/resource_index/packages/launch_pkg\n'}
[101.027319] (launch_pkg) StdoutLine: {'line': b'-- Symlinking: /home/jsmoon/yax_jeju/install/launch_pkg/share/launch_pkg/cmake/launch_pkgConfig.cmake\n'}
[101.029960] (-) TimerEvent: {}
[101.035126] (launch_pkg) StdoutLine: {'line': b'-- Symlinking: /home/jsmoon/yax_jeju/install/launch_pkg/share/launch_pkg/cmake/launch_pkgConfig-version.cmake\n'}
[101.042308] (launch_pkg) StdoutLine: {'line': b'-- Symlinking: /home/jsmoon/yax_jeju/install/launch_pkg/share/launch_pkg/package.xml\n'}
[101.051552] (launch_pkg) CommandEnded: {'returncode': 0}
[101.059668] (launch_pkg) JobEnded: {'identifier': 'launch_pkg', 'rc': 0}
[101.060199] (-) EventReactorShutdown: {}
