[0.144s] [34mcolcon[0m [1;30mDEBUG[0m [32mCommand line arguments: ['/usr/bin/colcon', 'build', '--symlink-install'][0m
[0.144s] [34mcolcon[0m [1;30mDEBUG[0m [32mParsed command line arguments: Namespace(log_base=None, log_level=None, verb_name='build', build_base='build', install_base='install', merge_install=False, symlink_install=True, test_result_base=None, continue_on_error=False, executor='parallel', parallel_workers=16, event_handlers=None, ignore_user_meta=False, metas=['./colcon.meta'], base_paths=['.'], packages_ignore=None, packages_ignore_regex=None, paths=None, packages_up_to=None, packages_up_to_regex=None, packages_above=None, packages_above_and_dependencies=None, packages_above_depth=None, packages_select_by_dep=None, packages_skip_by_dep=None, packages_skip_up_to=None, packages_select_build_failed=False, packages_skip_build_finished=False, packages_select_test_failures=False, packages_skip_test_passed=False, packages_select=None, packages_skip=None, packages_select_regex=None, packages_skip_regex=None, packages_start=None, packages_end=None, allow_overriding=[], cmake_args=None, cmake_target=None, cmake_target_skip_unavailable=False, cmake_clean_cache=False, cmake_clean_first=False, cmake_force_configure=False, ament_cmake_args=None, catkin_cmake_args=None, catkin_skip_building_tests=False, mixin_files=None, mixin=None, verb_parser=<colcon_mixin.mixin.mixin_argument.MixinArgumentDecorator object at 0x7699455374f0>, verb_extension=<colcon_core.verb.build.BuildVerb object at 0x769945536b30>, main=<bound method BuildVerb.main of <colcon_core.verb.build.BuildVerb object at 0x769945536b30>>, mixin_verb=('build',))[0m
[0.344s] [34mcolcon.colcon_core.package_discovery[0m [1;30mLevel 1[0m discover_packages(colcon_meta) check parameters
[0.344s] [34mcolcon.colcon_core.package_discovery[0m [1;30mLevel 1[0m discover_packages(recursive) check parameters
[0.344s] [34mcolcon.colcon_core.package_discovery[0m [1;30mLevel 1[0m discover_packages(ignore) check parameters
[0.344s] [34mcolcon.colcon_core.package_discovery[0m [1;30mLevel 1[0m discover_packages(path) check parameters
[0.344s] [34mcolcon.colcon_core.package_discovery[0m [1;30mLevel 1[0m discover_packages(colcon_meta) discover
[0.344s] [34mcolcon.colcon_core.package_discovery[0m [1;30mLevel 1[0m discover_packages(recursive) discover
[0.344s] [34mcolcon.colcon_core.package_discovery[0m [1;30mINFO[0m Crawling recursively for packages in '/home/jsmoon/yax_jeju'
[0.344s] [34mcolcon.colcon_core.package_identification[0m [1;30mLevel 1[0m _identify(.) by extensions ['ignore', 'ignore_ament_install']
[0.345s] [34mcolcon.colcon_core.package_identification[0m [1;30mLevel 1[0m _identify(.) by extension 'ignore'
[0.345s] [34mcolcon.colcon_core.package_identification[0m [1;30mLevel 1[0m _identify(.) by extension 'ignore_ament_install'
[0.345s] [34mcolcon.colcon_core.package_identification[0m [1;30mLevel 1[0m _identify(.) by extensions ['colcon_pkg']
[0.345s] [34mcolcon.colcon_core.package_identification[0m [1;30mLevel 1[0m _identify(.) by extension 'colcon_pkg'
[0.345s] [34mcolcon.colcon_core.package_identification[0m [1;30mLevel 1[0m _identify(.) by extensions ['colcon_meta']
[0.345s] [34mcolcon.colcon_core.package_identification[0m [1;30mLevel 1[0m _identify(.) by extension 'colcon_meta'
[0.345s] [34mcolcon.colcon_core.package_identification[0m [1;30mLevel 1[0m _identify(.) by extensions ['ros']
[0.345s] [34mcolcon.colcon_core.package_identification[0m [1;30mLevel 1[0m _identify(.) by extension 'ros'
[0.388s] [34mcolcon.colcon_core.package_identification[0m [1;30mLevel 1[0m _identify(.) by extensions ['cmake', 'python']
[0.388s] [34mcolcon.colcon_core.package_identification[0m [1;30mLevel 1[0m _identify(.) by extension 'cmake'
[0.388s] [34mcolcon.colcon_core.package_identification[0m [1;30mLevel 1[0m _identify(.) by extension 'python'
[0.388s] [34mcolcon.colcon_core.package_identification[0m [1;30mLevel 1[0m _identify(.) by extensions ['python_setup_py']
[0.388s] [34mcolcon.colcon_core.package_identification[0m [1;30mLevel 1[0m _identify(.) by extension 'python_setup_py'
[0.388s] [34mcolcon.colcon_core.package_identification[0m [1;30mLevel 1[0m _identify(build) by extensions ['ignore', 'ignore_ament_install']
[0.388s] [34mcolcon.colcon_core.package_identification[0m [1;30mLevel 1[0m _identify(build) by extension 'ignore'
[0.388s] [34mcolcon.colcon_core.package_identification[0m [1;30mLevel 1[0m _identify(build) ignored
[0.389s] [34mcolcon.colcon_core.package_identification[0m [1;30mLevel 1[0m _identify(install) by extensions ['ignore', 'ignore_ament_install']
[0.389s] [34mcolcon.colcon_core.package_identification[0m [1;30mLevel 1[0m _identify(install) by extension 'ignore'
[0.389s] [34mcolcon.colcon_core.package_identification[0m [1;30mLevel 1[0m _identify(install) ignored
[0.389s] [34mcolcon.colcon_core.package_identification[0m [1;30mLevel 1[0m _identify(log) by extensions ['ignore', 'ignore_ament_install']
[0.389s] [34mcolcon.colcon_core.package_identification[0m [1;30mLevel 1[0m _identify(log) by extension 'ignore'
[0.389s] [34mcolcon.colcon_core.package_identification[0m [1;30mLevel 1[0m _identify(log) ignored
[0.389s] [34mcolcon.colcon_core.package_identification[0m [1;30mLevel 1[0m _identify(src) by extensions ['ignore', 'ignore_ament_install']
[0.389s] [34mcolcon.colcon_core.package_identification[0m [1;30mLevel 1[0m _identify(src) by extension 'ignore'
[0.389s] [34mcolcon.colcon_core.package_identification[0m [1;30mLevel 1[0m _identify(src) by extension 'ignore_ament_install'
[0.389s] [34mcolcon.colcon_core.package_identification[0m [1;30mLevel 1[0m _identify(src) by extensions ['colcon_pkg']
[0.389s] [34mcolcon.colcon_core.package_identification[0m [1;30mLevel 1[0m _identify(src) by extension 'colcon_pkg'
[0.389s] [34mcolcon.colcon_core.package_identification[0m [1;30mLevel 1[0m _identify(src) by extensions ['colcon_meta']
[0.389s] [34mcolcon.colcon_core.package_identification[0m [1;30mLevel 1[0m _identify(src) by extension 'colcon_meta'
[0.389s] [34mcolcon.colcon_core.package_identification[0m [1;30mLevel 1[0m _identify(src) by extensions ['ros']
[0.389s] [34mcolcon.colcon_core.package_identification[0m [1;30mLevel 1[0m _identify(src) by extension 'ros'
[0.389s] [34mcolcon.colcon_core.package_identification[0m [1;30mLevel 1[0m _identify(src) by extensions ['cmake', 'python']
[0.389s] [34mcolcon.colcon_core.package_identification[0m [1;30mLevel 1[0m _identify(src) by extension 'cmake'
[0.389s] [34mcolcon.colcon_core.package_identification[0m [1;30mLevel 1[0m _identify(src) by extension 'python'
[0.389s] [34mcolcon.colcon_core.package_identification[0m [1;30mLevel 1[0m _identify(src) by extensions ['python_setup_py']
[0.389s] [34mcolcon.colcon_core.package_identification[0m [1;30mLevel 1[0m _identify(src) by extension 'python_setup_py'
[0.389s] [34mcolcon.colcon_core.package_identification[0m [1;30mLevel 1[0m _identify(src/RTK_GPS_NTRIP) by extensions ['ignore', 'ignore_ament_install']
[0.389s] [34mcolcon.colcon_core.package_identification[0m [1;30mLevel 1[0m _identify(src/RTK_GPS_NTRIP) by extension 'ignore'
[0.389s] [34mcolcon.colcon_core.package_identification[0m [1;30mLevel 1[0m _identify(src/RTK_GPS_NTRIP) by extension 'ignore_ament_install'
[0.389s] [34mcolcon.colcon_core.package_identification[0m [1;30mLevel 1[0m _identify(src/RTK_GPS_NTRIP) by extensions ['colcon_pkg']
[0.389s] [34mcolcon.colcon_core.package_identification[0m [1;30mLevel 1[0m _identify(src/RTK_GPS_NTRIP) by extension 'colcon_pkg'
[0.389s] [34mcolcon.colcon_core.package_identification[0m [1;30mLevel 1[0m _identify(src/RTK_GPS_NTRIP) by extensions ['colcon_meta']
[0.389s] [34mcolcon.colcon_core.package_identification[0m [1;30mLevel 1[0m _identify(src/RTK_GPS_NTRIP) by extension 'colcon_meta'
[0.389s] [34mcolcon.colcon_core.package_identification[0m [1;30mLevel 1[0m _identify(src/RTK_GPS_NTRIP) by extensions ['ros']
[0.389s] [34mcolcon.colcon_core.package_identification[0m [1;30mLevel 1[0m _identify(src/RTK_GPS_NTRIP) by extension 'ros'
[0.389s] [34mcolcon.colcon_core.package_identification[0m [1;30mLevel 1[0m _identify(src/RTK_GPS_NTRIP) by extensions ['cmake', 'python']
[0.389s] [34mcolcon.colcon_core.package_identification[0m [1;30mLevel 1[0m _identify(src/RTK_GPS_NTRIP) by extension 'cmake'
[0.389s] [34mcolcon.colcon_core.package_identification[0m [1;30mLevel 1[0m _identify(src/RTK_GPS_NTRIP) by extension 'python'
[0.389s] [34mcolcon.colcon_core.package_identification[0m [1;30mLevel 1[0m _identify(src/RTK_GPS_NTRIP) by extensions ['python_setup_py']
[0.389s] [34mcolcon.colcon_core.package_identification[0m [1;30mLevel 1[0m _identify(src/RTK_GPS_NTRIP) by extension 'python_setup_py'
[0.389s] [34mcolcon.colcon_core.package_identification[0m [1;30mLevel 1[0m _identify(src/RTK_GPS_NTRIP/fix2nmea) by extensions ['ignore', 'ignore_ament_install']
[0.389s] [34mcolcon.colcon_core.package_identification[0m [1;30mLevel 1[0m _identify(src/RTK_GPS_NTRIP/fix2nmea) by extension 'ignore'
[0.389s] [34mcolcon.colcon_core.package_identification[0m [1;30mLevel 1[0m _identify(src/RTK_GPS_NTRIP/fix2nmea) by extension 'ignore_ament_install'
[0.389s] [34mcolcon.colcon_core.package_identification[0m [1;30mLevel 1[0m _identify(src/RTK_GPS_NTRIP/fix2nmea) by extensions ['colcon_pkg']
[0.389s] [34mcolcon.colcon_core.package_identification[0m [1;30mLevel 1[0m _identify(src/RTK_GPS_NTRIP/fix2nmea) by extension 'colcon_pkg'
[0.389s] [34mcolcon.colcon_core.package_identification[0m [1;30mLevel 1[0m _identify(src/RTK_GPS_NTRIP/fix2nmea) by extensions ['colcon_meta']
[0.389s] [34mcolcon.colcon_core.package_identification[0m [1;30mLevel 1[0m _identify(src/RTK_GPS_NTRIP/fix2nmea) by extension 'colcon_meta'
[0.389s] [34mcolcon.colcon_core.package_identification[0m [1;30mLevel 1[0m _identify(src/RTK_GPS_NTRIP/fix2nmea) by extensions ['ros']
[0.389s] [34mcolcon.colcon_core.package_identification[0m [1;30mLevel 1[0m _identify(src/RTK_GPS_NTRIP/fix2nmea) by extension 'ros'
[0.392s] [34mcolcon.colcon_core.package_identification[0m [1;30mDEBUG[0m [32mPackage 'src/RTK_GPS_NTRIP/fix2nmea' with type 'ros.ament_cmake' and name 'fix2nmea'[0m
[0.392s] [34mcolcon.colcon_core.package_identification[0m [1;30mLevel 1[0m _identify(src/RTK_GPS_NTRIP/ntrip_client) by extensions ['ignore', 'ignore_ament_install']
[0.392s] [34mcolcon.colcon_core.package_identification[0m [1;30mLevel 1[0m _identify(src/RTK_GPS_NTRIP/ntrip_client) by extension 'ignore'
[0.392s] [34mcolcon.colcon_core.package_identification[0m [1;30mLevel 1[0m _identify(src/RTK_GPS_NTRIP/ntrip_client) by extension 'ignore_ament_install'
[0.392s] [34mcolcon.colcon_core.package_identification[0m [1;30mLevel 1[0m _identify(src/RTK_GPS_NTRIP/ntrip_client) by extensions ['colcon_pkg']
[0.392s] [34mcolcon.colcon_core.package_identification[0m [1;30mLevel 1[0m _identify(src/RTK_GPS_NTRIP/ntrip_client) by extension 'colcon_pkg'
[0.392s] [34mcolcon.colcon_core.package_identification[0m [1;30mLevel 1[0m _identify(src/RTK_GPS_NTRIP/ntrip_client) by extensions ['colcon_meta']
[0.392s] [34mcolcon.colcon_core.package_identification[0m [1;30mLevel 1[0m _identify(src/RTK_GPS_NTRIP/ntrip_client) by extension 'colcon_meta'
[0.392s] [34mcolcon.colcon_core.package_identification[0m [1;30mLevel 1[0m _identify(src/RTK_GPS_NTRIP/ntrip_client) by extensions ['ros']
[0.392s] [34mcolcon.colcon_core.package_identification[0m [1;30mLevel 1[0m _identify(src/RTK_GPS_NTRIP/ntrip_client) by extension 'ros'
[0.392s] [34mcolcon.colcon_core.package_identification[0m [1;30mDEBUG[0m [32mPackage 'src/RTK_GPS_NTRIP/ntrip_client' with type 'ros.ament_python' and name 'ntrip_client'[0m
[0.392s] [34mcolcon.colcon_core.package_identification[0m [1;30mLevel 1[0m _identify(src/RTK_GPS_NTRIP/rtcm_msgs) by extensions ['ignore', 'ignore_ament_install']
[0.392s] [34mcolcon.colcon_core.package_identification[0m [1;30mLevel 1[0m _identify(src/RTK_GPS_NTRIP/rtcm_msgs) by extension 'ignore'
[0.392s] [34mcolcon.colcon_core.package_identification[0m [1;30mLevel 1[0m _identify(src/RTK_GPS_NTRIP/rtcm_msgs) by extension 'ignore_ament_install'
[0.392s] [34mcolcon.colcon_core.package_identification[0m [1;30mLevel 1[0m _identify(src/RTK_GPS_NTRIP/rtcm_msgs) by extensions ['colcon_pkg']
[0.392s] [34mcolcon.colcon_core.package_identification[0m [1;30mLevel 1[0m _identify(src/RTK_GPS_NTRIP/rtcm_msgs) by extension 'colcon_pkg'
[0.393s] [34mcolcon.colcon_core.package_identification[0m [1;30mLevel 1[0m _identify(src/RTK_GPS_NTRIP/rtcm_msgs) by extensions ['colcon_meta']
[0.393s] [34mcolcon.colcon_core.package_identification[0m [1;30mLevel 1[0m _identify(src/RTK_GPS_NTRIP/rtcm_msgs) by extension 'colcon_meta'
[0.393s] [34mcolcon.colcon_core.package_identification[0m [1;30mLevel 1[0m _identify(src/RTK_GPS_NTRIP/rtcm_msgs) by extensions ['ros']
[0.393s] [34mcolcon.colcon_core.package_identification[0m [1;30mLevel 1[0m _identify(src/RTK_GPS_NTRIP/rtcm_msgs) by extension 'ros'
[0.396s] [34mcolcon.colcon_core.package_identification[0m [1;30mDEBUG[0m [32mPackage 'src/RTK_GPS_NTRIP/rtcm_msgs' with type 'ros.ament_cmake' and name 'rtcm_msgs'[0m
[0.396s] [34mcolcon.colcon_core.package_identification[0m [1;30mLevel 1[0m _identify(src/RTK_GPS_NTRIP/ublox) by extensions ['ignore', 'ignore_ament_install']
[0.396s] [34mcolcon.colcon_core.package_identification[0m [1;30mLevel 1[0m _identify(src/RTK_GPS_NTRIP/ublox) by extension 'ignore'
[0.396s] [34mcolcon.colcon_core.package_identification[0m [1;30mLevel 1[0m _identify(src/RTK_GPS_NTRIP/ublox) by extension 'ignore_ament_install'
[0.396s] [34mcolcon.colcon_core.package_identification[0m [1;30mLevel 1[0m _identify(src/RTK_GPS_NTRIP/ublox) by extensions ['colcon_pkg']
[0.396s] [34mcolcon.colcon_core.package_identification[0m [1;30mLevel 1[0m _identify(src/RTK_GPS_NTRIP/ublox) by extension 'colcon_pkg'
[0.396s] [34mcolcon.colcon_core.package_identification[0m [1;30mLevel 1[0m _identify(src/RTK_GPS_NTRIP/ublox) by extensions ['colcon_meta']
[0.396s] [34mcolcon.colcon_core.package_identification[0m [1;30mLevel 1[0m _identify(src/RTK_GPS_NTRIP/ublox) by extension 'colcon_meta'
[0.396s] [34mcolcon.colcon_core.package_identification[0m [1;30mLevel 1[0m _identify(src/RTK_GPS_NTRIP/ublox) by extensions ['ros']
[0.396s] [34mcolcon.colcon_core.package_identification[0m [1;30mLevel 1[0m _identify(src/RTK_GPS_NTRIP/ublox) by extension 'ros'
[0.396s] [34mcolcon.colcon_core.package_identification[0m [1;30mDEBUG[0m [32mPackage 'src/RTK_GPS_NTRIP/ublox' with type 'ros.ament_cmake' and name 'ublox'[0m
[0.396s] [34mcolcon.colcon_core.package_identification[0m [1;30mLevel 1[0m _identify(src/RTK_GPS_NTRIP/ublox_gps) by extensions ['ignore', 'ignore_ament_install']
[0.396s] [34mcolcon.colcon_core.package_identification[0m [1;30mLevel 1[0m _identify(src/RTK_GPS_NTRIP/ublox_gps) by extension 'ignore'
[0.396s] [34mcolcon.colcon_core.package_identification[0m [1;30mLevel 1[0m _identify(src/RTK_GPS_NTRIP/ublox_gps) by extension 'ignore_ament_install'
[0.396s] [34mcolcon.colcon_core.package_identification[0m [1;30mLevel 1[0m _identify(src/RTK_GPS_NTRIP/ublox_gps) by extensions ['colcon_pkg']
[0.396s] [34mcolcon.colcon_core.package_identification[0m [1;30mLevel 1[0m _identify(src/RTK_GPS_NTRIP/ublox_gps) by extension 'colcon_pkg'
[0.396s] [34mcolcon.colcon_core.package_identification[0m [1;30mLevel 1[0m _identify(src/RTK_GPS_NTRIP/ublox_gps) by extensions ['colcon_meta']
[0.396s] [34mcolcon.colcon_core.package_identification[0m [1;30mLevel 1[0m _identify(src/RTK_GPS_NTRIP/ublox_gps) by extension 'colcon_meta'
[0.396s] [34mcolcon.colcon_core.package_identification[0m [1;30mLevel 1[0m _identify(src/RTK_GPS_NTRIP/ublox_gps) by extensions ['ros']
[0.396s] [34mcolcon.colcon_core.package_identification[0m [1;30mLevel 1[0m _identify(src/RTK_GPS_NTRIP/ublox_gps) by extension 'ros'
[0.397s] [34mcolcon.colcon_core.package_identification[0m [1;30mDEBUG[0m [32mPackage 'src/RTK_GPS_NTRIP/ublox_gps' with type 'ros.ament_cmake' and name 'ublox_gps'[0m
[0.397s] [34mcolcon.colcon_core.package_identification[0m [1;30mLevel 1[0m _identify(src/RTK_GPS_NTRIP/ublox_msgs) by extensions ['ignore', 'ignore_ament_install']
[0.397s] [34mcolcon.colcon_core.package_identification[0m [1;30mLevel 1[0m _identify(src/RTK_GPS_NTRIP/ublox_msgs) by extension 'ignore'
[0.397s] [34mcolcon.colcon_core.package_identification[0m [1;30mLevel 1[0m _identify(src/RTK_GPS_NTRIP/ublox_msgs) by extension 'ignore_ament_install'
[0.397s] [34mcolcon.colcon_core.package_identification[0m [1;30mLevel 1[0m _identify(src/RTK_GPS_NTRIP/ublox_msgs) by extensions ['colcon_pkg']
[0.397s] [34mcolcon.colcon_core.package_identification[0m [1;30mLevel 1[0m _identify(src/RTK_GPS_NTRIP/ublox_msgs) by extension 'colcon_pkg'
[0.397s] [34mcolcon.colcon_core.package_identification[0m [1;30mLevel 1[0m _identify(src/RTK_GPS_NTRIP/ublox_msgs) by extensions ['colcon_meta']
[0.397s] [34mcolcon.colcon_core.package_identification[0m [1;30mLevel 1[0m _identify(src/RTK_GPS_NTRIP/ublox_msgs) by extension 'colcon_meta'
[0.397s] [34mcolcon.colcon_core.package_identification[0m [1;30mLevel 1[0m _identify(src/RTK_GPS_NTRIP/ublox_msgs) by extensions ['ros']
[0.397s] [34mcolcon.colcon_core.package_identification[0m [1;30mLevel 1[0m _identify(src/RTK_GPS_NTRIP/ublox_msgs) by extension 'ros'
[0.398s] [34mcolcon.colcon_core.package_identification[0m [1;30mDEBUG[0m [32mPackage 'src/RTK_GPS_NTRIP/ublox_msgs' with type 'ros.ament_cmake' and name 'ublox_msgs'[0m
[0.398s] [34mcolcon.colcon_core.package_identification[0m [1;30mLevel 1[0m _identify(src/RTK_GPS_NTRIP/ublox_serialization) by extensions ['ignore', 'ignore_ament_install']
[0.398s] [34mcolcon.colcon_core.package_identification[0m [1;30mLevel 1[0m _identify(src/RTK_GPS_NTRIP/ublox_serialization) by extension 'ignore'
[0.398s] [34mcolcon.colcon_core.package_identification[0m [1;30mLevel 1[0m _identify(src/RTK_GPS_NTRIP/ublox_serialization) by extension 'ignore_ament_install'
[0.398s] [34mcolcon.colcon_core.package_identification[0m [1;30mLevel 1[0m _identify(src/RTK_GPS_NTRIP/ublox_serialization) by extensions ['colcon_pkg']
[0.398s] [34mcolcon.colcon_core.package_identification[0m [1;30mLevel 1[0m _identify(src/RTK_GPS_NTRIP/ublox_serialization) by extension 'colcon_pkg'
[0.398s] [34mcolcon.colcon_core.package_identification[0m [1;30mLevel 1[0m _identify(src/RTK_GPS_NTRIP/ublox_serialization) by extensions ['colcon_meta']
[0.398s] [34mcolcon.colcon_core.package_identification[0m [1;30mLevel 1[0m _identify(src/RTK_GPS_NTRIP/ublox_serialization) by extension 'colcon_meta'
[0.398s] [34mcolcon.colcon_core.package_identification[0m [1;30mLevel 1[0m _identify(src/RTK_GPS_NTRIP/ublox_serialization) by extensions ['ros']
[0.398s] [34mcolcon.colcon_core.package_identification[0m [1;30mLevel 1[0m _identify(src/RTK_GPS_NTRIP/ublox_serialization) by extension 'ros'
[0.398s] [34mcolcon.colcon_core.package_identification[0m [1;30mDEBUG[0m [32mPackage 'src/RTK_GPS_NTRIP/ublox_serialization' with type 'ros.ament_cmake' and name 'ublox_serialization'[0m
[0.398s] [34mcolcon.colcon_core.package_identification[0m [1;30mLevel 1[0m _identify(src/UTM_conversion) by extensions ['ignore', 'ignore_ament_install']
[0.398s] [34mcolcon.colcon_core.package_identification[0m [1;30mLevel 1[0m _identify(src/UTM_conversion) by extension 'ignore'
[0.398s] [34mcolcon.colcon_core.package_identification[0m [1;30mLevel 1[0m _identify(src/UTM_conversion) by extension 'ignore_ament_install'
[0.398s] [34mcolcon.colcon_core.package_identification[0m [1;30mLevel 1[0m _identify(src/UTM_conversion) by extensions ['colcon_pkg']
[0.398s] [34mcolcon.colcon_core.package_identification[0m [1;30mLevel 1[0m _identify(src/UTM_conversion) by extension 'colcon_pkg'
[0.398s] [34mcolcon.colcon_core.package_identification[0m [1;30mLevel 1[0m _identify(src/UTM_conversion) by extensions ['colcon_meta']
[0.398s] [34mcolcon.colcon_core.package_identification[0m [1;30mLevel 1[0m _identify(src/UTM_conversion) by extension 'colcon_meta'
[0.398s] [34mcolcon.colcon_core.package_identification[0m [1;30mLevel 1[0m _identify(src/UTM_conversion) by extensions ['ros']
[0.398s] [34mcolcon.colcon_core.package_identification[0m [1;30mLevel 1[0m _identify(src/UTM_conversion) by extension 'ros'
[0.399s] [34mcolcon.colcon_core.package_identification[0m [1;30mLevel 1[0m _identify(src/UTM_conversion) by extensions ['cmake', 'python']
[0.399s] [34mcolcon.colcon_core.package_identification[0m [1;30mLevel 1[0m _identify(src/UTM_conversion) by extension 'cmake'
[0.399s] [34mcolcon.colcon_core.package_identification[0m [1;30mLevel 1[0m _identify(src/UTM_conversion) by extension 'python'
[0.399s] [34mcolcon.colcon_core.package_identification[0m [1;30mLevel 1[0m _identify(src/UTM_conversion) by extensions ['python_setup_py']
[0.399s] [34mcolcon.colcon_core.package_identification[0m [1;30mLevel 1[0m _identify(src/UTM_conversion) by extension 'python_setup_py'
[0.399s] [34mcolcon.colcon_core.package_identification[0m [1;30mLevel 1[0m _identify(src/UTM_conversion/src) by extensions ['ignore', 'ignore_ament_install']
[0.399s] [34mcolcon.colcon_core.package_identification[0m [1;30mLevel 1[0m _identify(src/UTM_conversion/src) by extension 'ignore'
[0.399s] [34mcolcon.colcon_core.package_identification[0m [1;30mLevel 1[0m _identify(src/UTM_conversion/src) by extension 'ignore_ament_install'
[0.399s] [34mcolcon.colcon_core.package_identification[0m [1;30mLevel 1[0m _identify(src/UTM_conversion/src) by extensions ['colcon_pkg']
[0.399s] [34mcolcon.colcon_core.package_identification[0m [1;30mLevel 1[0m _identify(src/UTM_conversion/src) by extension 'colcon_pkg'
[0.399s] [34mcolcon.colcon_core.package_identification[0m [1;30mLevel 1[0m _identify(src/UTM_conversion/src) by extensions ['colcon_meta']
[0.399s] [34mcolcon.colcon_core.package_identification[0m [1;30mLevel 1[0m _identify(src/UTM_conversion/src) by extension 'colcon_meta'
[0.399s] [34mcolcon.colcon_core.package_identification[0m [1;30mLevel 1[0m _identify(src/UTM_conversion/src) by extensions ['ros']
[0.399s] [34mcolcon.colcon_core.package_identification[0m [1;30mLevel 1[0m _identify(src/UTM_conversion/src) by extension 'ros'
[0.399s] [34mcolcon.colcon_core.package_identification[0m [1;30mLevel 1[0m _identify(src/UTM_conversion/src) by extensions ['cmake', 'python']
[0.399s] [34mcolcon.colcon_core.package_identification[0m [1;30mLevel 1[0m _identify(src/UTM_conversion/src) by extension 'cmake'
[0.399s] [34mcolcon.colcon_core.package_identification[0m [1;30mLevel 1[0m _identify(src/UTM_conversion/src) by extension 'python'
[0.399s] [34mcolcon.colcon_core.package_identification[0m [1;30mLevel 1[0m _identify(src/UTM_conversion/src) by extensions ['python_setup_py']
[0.399s] [34mcolcon.colcon_core.package_identification[0m [1;30mLevel 1[0m _identify(src/UTM_conversion/src) by extension 'python_setup_py'
[0.399s] [34mcolcon.colcon_core.package_identification[0m [1;30mLevel 1[0m _identify(src/UTM_conversion/src/latlong_utm) by extensions ['ignore', 'ignore_ament_install']
[0.399s] [34mcolcon.colcon_core.package_identification[0m [1;30mLevel 1[0m _identify(src/UTM_conversion/src/latlong_utm) by extension 'ignore'
[0.399s] [34mcolcon.colcon_core.package_identification[0m [1;30mLevel 1[0m _identify(src/UTM_conversion/src/latlong_utm) by extension 'ignore_ament_install'
[0.399s] [34mcolcon.colcon_core.package_identification[0m [1;30mLevel 1[0m _identify(src/UTM_conversion/src/latlong_utm) by extensions ['colcon_pkg']
[0.399s] [34mcolcon.colcon_core.package_identification[0m [1;30mLevel 1[0m _identify(src/UTM_conversion/src/latlong_utm) by extension 'colcon_pkg'
[0.399s] [34mcolcon.colcon_core.package_identification[0m [1;30mLevel 1[0m _identify(src/UTM_conversion/src/latlong_utm) by extensions ['colcon_meta']
[0.399s] [34mcolcon.colcon_core.package_identification[0m [1;30mLevel 1[0m _identify(src/UTM_conversion/src/latlong_utm) by extension 'colcon_meta'
[0.399s] [34mcolcon.colcon_core.package_identification[0m [1;30mLevel 1[0m _identify(src/UTM_conversion/src/latlong_utm) by extensions ['ros']
[0.399s] [34mcolcon.colcon_core.package_identification[0m [1;30mLevel 1[0m _identify(src/UTM_conversion/src/latlong_utm) by extension 'ros'
[0.399s] [34mcolcon.colcon_core.package_identification[0m [1;30mDEBUG[0m [32mPackage 'src/UTM_conversion/src/latlong_utm' with type 'ros.ament_python' and name 'latlong_utm'[0m
[0.399s] [34mcolcon.colcon_core.package_identification[0m [1;30mLevel 1[0m _identify(src/camera_perception_pkg) by extensions ['ignore', 'ignore_ament_install']
[0.399s] [34mcolcon.colcon_core.package_identification[0m [1;30mLevel 1[0m _identify(src/camera_perception_pkg) by extension 'ignore'
[0.399s] [34mcolcon.colcon_core.package_identification[0m [1;30mLevel 1[0m _identify(src/camera_perception_pkg) by extension 'ignore_ament_install'
[0.399s] [34mcolcon.colcon_core.package_identification[0m [1;30mLevel 1[0m _identify(src/camera_perception_pkg) by extensions ['colcon_pkg']
[0.399s] [34mcolcon.colcon_core.package_identification[0m [1;30mLevel 1[0m _identify(src/camera_perception_pkg) by extension 'colcon_pkg'
[0.399s] [34mcolcon.colcon_core.package_identification[0m [1;30mLevel 1[0m _identify(src/camera_perception_pkg) by extensions ['colcon_meta']
[0.400s] [34mcolcon.colcon_core.package_identification[0m [1;30mLevel 1[0m _identify(src/camera_perception_pkg) by extension 'colcon_meta'
[0.400s] [34mcolcon.colcon_core.package_identification[0m [1;30mLevel 1[0m _identify(src/camera_perception_pkg) by extensions ['ros']
[0.400s] [34mcolcon.colcon_core.package_identification[0m [1;30mLevel 1[0m _identify(src/camera_perception_pkg) by extension 'ros'
[0.400s] [34mcolcon.colcon_core.package_identification[0m [1;30mDEBUG[0m [32mPackage 'src/camera_perception_pkg' with type 'ros.ament_python' and name 'camera_perception_pkg'[0m
[0.400s] [34mcolcon.colcon_core.package_identification[0m [1;30mLevel 1[0m _identify(src/control) by extensions ['ignore', 'ignore_ament_install']
[0.400s] [34mcolcon.colcon_core.package_identification[0m [1;30mLevel 1[0m _identify(src/control) by extension 'ignore'
[0.400s] [34mcolcon.colcon_core.package_identification[0m [1;30mLevel 1[0m _identify(src/control) by extension 'ignore_ament_install'
[0.400s] [34mcolcon.colcon_core.package_identification[0m [1;30mLevel 1[0m _identify(src/control) by extensions ['colcon_pkg']
[0.400s] [34mcolcon.colcon_core.package_identification[0m [1;30mLevel 1[0m _identify(src/control) by extension 'colcon_pkg'
[0.400s] [34mcolcon.colcon_core.package_identification[0m [1;30mLevel 1[0m _identify(src/control) by extensions ['colcon_meta']
[0.400s] [34mcolcon.colcon_core.package_identification[0m [1;30mLevel 1[0m _identify(src/control) by extension 'colcon_meta'
[0.400s] [34mcolcon.colcon_core.package_identification[0m [1;30mLevel 1[0m _identify(src/control) by extensions ['ros']
[0.400s] [34mcolcon.colcon_core.package_identification[0m [1;30mLevel 1[0m _identify(src/control) by extension 'ros'
[0.400s] [34mcolcon.colcon_core.package_identification[0m [1;30mLevel 1[0m _identify(src/control) by extensions ['cmake', 'python']
[0.400s] [34mcolcon.colcon_core.package_identification[0m [1;30mLevel 1[0m _identify(src/control) by extension 'cmake'
[0.400s] [34mcolcon.colcon_core.package_identification[0m [1;30mLevel 1[0m _identify(src/control) by extension 'python'
[0.400s] [34mcolcon.colcon_core.package_identification[0m [1;30mLevel 1[0m _identify(src/control) by extensions ['python_setup_py']
[0.400s] [34mcolcon.colcon_core.package_identification[0m [1;30mLevel 1[0m _identify(src/control) by extension 'python_setup_py'
[0.400s] [34mcolcon.colcon_core.package_identification[0m [1;30mLevel 1[0m _identify(src/control/check_variable_resistor) by extensions ['ignore', 'ignore_ament_install']
[0.400s] [34mcolcon.colcon_core.package_identification[0m [1;30mLevel 1[0m _identify(src/control/check_variable_resistor) by extension 'ignore'
[0.400s] [34mcolcon.colcon_core.package_identification[0m [1;30mLevel 1[0m _identify(src/control/check_variable_resistor) by extension 'ignore_ament_install'
[0.400s] [34mcolcon.colcon_core.package_identification[0m [1;30mLevel 1[0m _identify(src/control/check_variable_resistor) by extensions ['colcon_pkg']
[0.400s] [34mcolcon.colcon_core.package_identification[0m [1;30mLevel 1[0m _identify(src/control/check_variable_resistor) by extension 'colcon_pkg'
[0.400s] [34mcolcon.colcon_core.package_identification[0m [1;30mLevel 1[0m _identify(src/control/check_variable_resistor) by extensions ['colcon_meta']
[0.400s] [34mcolcon.colcon_core.package_identification[0m [1;30mLevel 1[0m _identify(src/control/check_variable_resistor) by extension 'colcon_meta'
[0.400s] [34mcolcon.colcon_core.package_identification[0m [1;30mLevel 1[0m _identify(src/control/check_variable_resistor) by extensions ['ros']
[0.400s] [34mcolcon.colcon_core.package_identification[0m [1;30mLevel 1[0m _identify(src/control/check_variable_resistor) by extension 'ros'
[0.400s] [34mcolcon.colcon_core.package_identification[0m [1;30mLevel 1[0m _identify(src/control/check_variable_resistor) by extensions ['cmake', 'python']
[0.400s] [34mcolcon.colcon_core.package_identification[0m [1;30mLevel 1[0m _identify(src/control/check_variable_resistor) by extension 'cmake'
[0.400s] [34mcolcon.colcon_core.package_identification[0m [1;30mLevel 1[0m _identify(src/control/check_variable_resistor) by extension 'python'
[0.400s] [34mcolcon.colcon_core.package_identification[0m [1;30mLevel 1[0m _identify(src/control/check_variable_resistor) by extensions ['python_setup_py']
[0.400s] [34mcolcon.colcon_core.package_identification[0m [1;30mLevel 1[0m _identify(src/control/check_variable_resistor) by extension 'python_setup_py'
[0.401s] [34mcolcon.colcon_core.package_identification[0m [1;30mLevel 1[0m _identify(src/control/driving) by extensions ['ignore', 'ignore_ament_install']
[0.401s] [34mcolcon.colcon_core.package_identification[0m [1;30mLevel 1[0m _identify(src/control/driving) by extension 'ignore'
[0.401s] [34mcolcon.colcon_core.package_identification[0m [1;30mLevel 1[0m _identify(src/control/driving) by extension 'ignore_ament_install'
[0.401s] [34mcolcon.colcon_core.package_identification[0m [1;30mLevel 1[0m _identify(src/control/driving) by extensions ['colcon_pkg']
[0.401s] [34mcolcon.colcon_core.package_identification[0m [1;30mLevel 1[0m _identify(src/control/driving) by extension 'colcon_pkg'
[0.401s] [34mcolcon.colcon_core.package_identification[0m [1;30mLevel 1[0m _identify(src/control/driving) by extensions ['colcon_meta']
[0.401s] [34mcolcon.colcon_core.package_identification[0m [1;30mLevel 1[0m _identify(src/control/driving) by extension 'colcon_meta'
[0.401s] [34mcolcon.colcon_core.package_identification[0m [1;30mLevel 1[0m _identify(src/control/driving) by extensions ['ros']
[0.401s] [34mcolcon.colcon_core.package_identification[0m [1;30mLevel 1[0m _identify(src/control/driving) by extension 'ros'
[0.401s] [34mcolcon.colcon_core.package_identification[0m [1;30mLevel 1[0m _identify(src/control/driving) by extensions ['cmake', 'python']
[0.401s] [34mcolcon.colcon_core.package_identification[0m [1;30mLevel 1[0m _identify(src/control/driving) by extension 'cmake'
[0.401s] [34mcolcon.colcon_core.package_identification[0m [1;30mLevel 1[0m _identify(src/control/driving) by extension 'python'
[0.401s] [34mcolcon.colcon_core.package_identification[0m [1;30mLevel 1[0m _identify(src/control/driving) by extensions ['python_setup_py']
[0.401s] [34mcolcon.colcon_core.package_identification[0m [1;30mLevel 1[0m _identify(src/control/driving) by extension 'python_setup_py'
[0.401s] [34mcolcon.colcon_core.package_identification[0m [1;30mLevel 1[0m _identify(src/control/motor_test) by extensions ['ignore', 'ignore_ament_install']
[0.401s] [34mcolcon.colcon_core.package_identification[0m [1;30mLevel 1[0m _identify(src/control/motor_test) by extension 'ignore'
[0.401s] [34mcolcon.colcon_core.package_identification[0m [1;30mLevel 1[0m _identify(src/control/motor_test) by extension 'ignore_ament_install'
[0.401s] [34mcolcon.colcon_core.package_identification[0m [1;30mLevel 1[0m _identify(src/control/motor_test) by extensions ['colcon_pkg']
[0.401s] [34mcolcon.colcon_core.package_identification[0m [1;30mLevel 1[0m _identify(src/control/motor_test) by extension 'colcon_pkg'
[0.401s] [34mcolcon.colcon_core.package_identification[0m [1;30mLevel 1[0m _identify(src/control/motor_test) by extensions ['colcon_meta']
[0.401s] [34mcolcon.colcon_core.package_identification[0m [1;30mLevel 1[0m _identify(src/control/motor_test) by extension 'colcon_meta'
[0.401s] [34mcolcon.colcon_core.package_identification[0m [1;30mLevel 1[0m _identify(src/control/motor_test) by extensions ['ros']
[0.401s] [34mcolcon.colcon_core.package_identification[0m [1;30mLevel 1[0m _identify(src/control/motor_test) by extension 'ros'
[0.401s] [34mcolcon.colcon_core.package_identification[0m [1;30mLevel 1[0m _identify(src/control/motor_test) by extensions ['cmake', 'python']
[0.401s] [34mcolcon.colcon_core.package_identification[0m [1;30mLevel 1[0m _identify(src/control/motor_test) by extension 'cmake'
[0.401s] [34mcolcon.colcon_core.package_identification[0m [1;30mLevel 1[0m _identify(src/control/motor_test) by extension 'python'
[0.401s] [34mcolcon.colcon_core.package_identification[0m [1;30mLevel 1[0m _identify(src/control/motor_test) by extensions ['python_setup_py']
[0.401s] [34mcolcon.colcon_core.package_identification[0m [1;30mLevel 1[0m _identify(src/control/motor_test) by extension 'python_setup_py'
[0.401s] [34mcolcon.colcon_core.package_identification[0m [1;30mLevel 1[0m _identify(src/control/ultrasonic) by extensions ['ignore', 'ignore_ament_install']
[0.401s] [34mcolcon.colcon_core.package_identification[0m [1;30mLevel 1[0m _identify(src/control/ultrasonic) by extension 'ignore'
[0.401s] [34mcolcon.colcon_core.package_identification[0m [1;30mLevel 1[0m _identify(src/control/ultrasonic) by extension 'ignore_ament_install'
[0.401s] [34mcolcon.colcon_core.package_identification[0m [1;30mLevel 1[0m _identify(src/control/ultrasonic) by extensions ['colcon_pkg']
[0.401s] [34mcolcon.colcon_core.package_identification[0m [1;30mLevel 1[0m _identify(src/control/ultrasonic) by extension 'colcon_pkg'
[0.401s] [34mcolcon.colcon_core.package_identification[0m [1;30mLevel 1[0m _identify(src/control/ultrasonic) by extensions ['colcon_meta']
[0.401s] [34mcolcon.colcon_core.package_identification[0m [1;30mLevel 1[0m _identify(src/control/ultrasonic) by extension 'colcon_meta'
[0.401s] [34mcolcon.colcon_core.package_identification[0m [1;30mLevel 1[0m _identify(src/control/ultrasonic) by extensions ['ros']
[0.401s] [34mcolcon.colcon_core.package_identification[0m [1;30mLevel 1[0m _identify(src/control/ultrasonic) by extension 'ros'
[0.401s] [34mcolcon.colcon_core.package_identification[0m [1;30mLevel 1[0m _identify(src/control/ultrasonic) by extensions ['cmake', 'python']
[0.401s] [34mcolcon.colcon_core.package_identification[0m [1;30mLevel 1[0m _identify(src/control/ultrasonic) by extension 'cmake'
[0.401s] [34mcolcon.colcon_core.package_identification[0m [1;30mLevel 1[0m _identify(src/control/ultrasonic) by extension 'python'
[0.401s] [34mcolcon.colcon_core.package_identification[0m [1;30mLevel 1[0m _identify(src/control/ultrasonic) by extensions ['python_setup_py']
[0.401s] [34mcolcon.colcon_core.package_identification[0m [1;30mLevel 1[0m _identify(src/control/ultrasonic) by extension 'python_setup_py'
[0.401s] [34mcolcon.colcon_core.package_identification[0m [1;30mLevel 1[0m _identify(src/data_collection) by extensions ['ignore', 'ignore_ament_install']
[0.401s] [34mcolcon.colcon_core.package_identification[0m [1;30mLevel 1[0m _identify(src/data_collection) by extension 'ignore'
[0.401s] [34mcolcon.colcon_core.package_identification[0m [1;30mLevel 1[0m _identify(src/data_collection) by extension 'ignore_ament_install'
[0.401s] [34mcolcon.colcon_core.package_identification[0m [1;30mLevel 1[0m _identify(src/data_collection) by extensions ['colcon_pkg']
[0.401s] [34mcolcon.colcon_core.package_identification[0m [1;30mLevel 1[0m _identify(src/data_collection) by extension 'colcon_pkg'
[0.401s] [34mcolcon.colcon_core.package_identification[0m [1;30mLevel 1[0m _identify(src/data_collection) by extensions ['colcon_meta']
[0.401s] [34mcolcon.colcon_core.package_identification[0m [1;30mLevel 1[0m _identify(src/data_collection) by extension 'colcon_meta'
[0.401s] [34mcolcon.colcon_core.package_identification[0m [1;30mLevel 1[0m _identify(src/data_collection) by extensions ['ros']
[0.401s] [34mcolcon.colcon_core.package_identification[0m [1;30mLevel 1[0m _identify(src/data_collection) by extension 'ros'
[0.402s] [34mcolcon.colcon_core.package_identification[0m [1;30mLevel 1[0m _identify(src/data_collection) by extensions ['cmake', 'python']
[0.402s] [34mcolcon.colcon_core.package_identification[0m [1;30mLevel 1[0m _identify(src/data_collection) by extension 'cmake'
[0.402s] [34mcolcon.colcon_core.package_identification[0m [1;30mLevel 1[0m _identify(src/data_collection) by extension 'python'
[0.402s] [34mcolcon.colcon_core.package_identification[0m [1;30mLevel 1[0m _identify(src/data_collection) by extensions ['python_setup_py']
[0.402s] [34mcolcon.colcon_core.package_identification[0m [1;30mLevel 1[0m _identify(src/data_collection) by extension 'python_setup_py'
[0.402s] [34mcolcon.colcon_core.package_identification[0m [1;30mLevel 1[0m _identify(src/debug_pkg) by extensions ['ignore', 'ignore_ament_install']
[0.402s] [34mcolcon.colcon_core.package_identification[0m [1;30mLevel 1[0m _identify(src/debug_pkg) by extension 'ignore'
[0.402s] [34mcolcon.colcon_core.package_identification[0m [1;30mLevel 1[0m _identify(src/debug_pkg) by extension 'ignore_ament_install'
[0.402s] [34mcolcon.colcon_core.package_identification[0m [1;30mLevel 1[0m _identify(src/debug_pkg) by extensions ['colcon_pkg']
[0.402s] [34mcolcon.colcon_core.package_identification[0m [1;30mLevel 1[0m _identify(src/debug_pkg) by extension 'colcon_pkg'
[0.402s] [34mcolcon.colcon_core.package_identification[0m [1;30mLevel 1[0m _identify(src/debug_pkg) by extensions ['colcon_meta']
[0.402s] [34mcolcon.colcon_core.package_identification[0m [1;30mLevel 1[0m _identify(src/debug_pkg) by extension 'colcon_meta'
[0.402s] [34mcolcon.colcon_core.package_identification[0m [1;30mLevel 1[0m _identify(src/debug_pkg) by extensions ['ros']
[0.402s] [34mcolcon.colcon_core.package_identification[0m [1;30mLevel 1[0m _identify(src/debug_pkg) by extension 'ros'
[0.402s] [34mcolcon.colcon_core.package_identification[0m [1;30mDEBUG[0m [32mPackage 'src/debug_pkg' with type 'ros.ament_python' and name 'debug_pkg'[0m
[0.402s] [34mcolcon.colcon_core.package_identification[0m [1;30mLevel 1[0m _identify(src/decision_making_pkg) by extensions ['ignore', 'ignore_ament_install']
[0.402s] [34mcolcon.colcon_core.package_identification[0m [1;30mLevel 1[0m _identify(src/decision_making_pkg) by extension 'ignore'
[0.402s] [34mcolcon.colcon_core.package_identification[0m [1;30mLevel 1[0m _identify(src/decision_making_pkg) by extension 'ignore_ament_install'
[0.402s] [34mcolcon.colcon_core.package_identification[0m [1;30mLevel 1[0m _identify(src/decision_making_pkg) by extensions ['colcon_pkg']
[0.402s] [34mcolcon.colcon_core.package_identification[0m [1;30mLevel 1[0m _identify(src/decision_making_pkg) by extension 'colcon_pkg'
[0.402s] [34mcolcon.colcon_core.package_identification[0m [1;30mLevel 1[0m _identify(src/decision_making_pkg) by extensions ['colcon_meta']
[0.402s] [34mcolcon.colcon_core.package_identification[0m [1;30mLevel 1[0m _identify(src/decision_making_pkg) by extension 'colcon_meta'
[0.402s] [34mcolcon.colcon_core.package_identification[0m [1;30mLevel 1[0m _identify(src/decision_making_pkg) by extensions ['ros']
[0.402s] [34mcolcon.colcon_core.package_identification[0m [1;30mLevel 1[0m _identify(src/decision_making_pkg) by extension 'ros'
[0.403s] [34mcolcon.colcon_core.package_identification[0m [1;30mDEBUG[0m [32mPackage 'src/decision_making_pkg' with type 'ros.ament_python' and name 'decision_making_pkg'[0m
[0.403s] [34mcolcon.colcon_core.package_identification[0m [1;30mLevel 1[0m _identify(src/interfaces_pkg) by extensions ['ignore', 'ignore_ament_install']
[0.403s] [34mcolcon.colcon_core.package_identification[0m [1;30mLevel 1[0m _identify(src/interfaces_pkg) by extension 'ignore'
[0.403s] [34mcolcon.colcon_core.package_identification[0m [1;30mLevel 1[0m _identify(src/interfaces_pkg) by extension 'ignore_ament_install'
[0.403s] [34mcolcon.colcon_core.package_identification[0m [1;30mLevel 1[0m _identify(src/interfaces_pkg) by extensions ['colcon_pkg']
[0.403s] [34mcolcon.colcon_core.package_identification[0m [1;30mLevel 1[0m _identify(src/interfaces_pkg) by extension 'colcon_pkg'
[0.403s] [34mcolcon.colcon_core.package_identification[0m [1;30mLevel 1[0m _identify(src/interfaces_pkg) by extensions ['colcon_meta']
[0.403s] [34mcolcon.colcon_core.package_identification[0m [1;30mLevel 1[0m _identify(src/interfaces_pkg) by extension 'colcon_meta'
[0.403s] [34mcolcon.colcon_core.package_identification[0m [1;30mLevel 1[0m _identify(src/interfaces_pkg) by extensions ['ros']
[0.403s] [34mcolcon.colcon_core.package_identification[0m [1;30mLevel 1[0m _identify(src/interfaces_pkg) by extension 'ros'
[0.403s] [34mcolcon.colcon_core.package_identification[0m [1;30mDEBUG[0m [32mPackage 'src/interfaces_pkg' with type 'ros.ament_cmake' and name 'interfaces_pkg'[0m
[0.403s] [34mcolcon.colcon_core.package_identification[0m [1;30mLevel 1[0m _identify(src/launch_pkg) by extensions ['ignore', 'ignore_ament_install']
[0.404s] [34mcolcon.colcon_core.package_identification[0m [1;30mLevel 1[0m _identify(src/launch_pkg) by extension 'ignore'
[0.404s] [34mcolcon.colcon_core.package_identification[0m [1;30mLevel 1[0m _identify(src/launch_pkg) by extension 'ignore_ament_install'
[0.404s] [34mcolcon.colcon_core.package_identification[0m [1;30mLevel 1[0m _identify(src/launch_pkg) by extensions ['colcon_pkg']
[0.404s] [34mcolcon.colcon_core.package_identification[0m [1;30mLevel 1[0m _identify(src/launch_pkg) by extension 'colcon_pkg'
[0.404s] [34mcolcon.colcon_core.package_identification[0m [1;30mLevel 1[0m _identify(src/launch_pkg) by extensions ['colcon_meta']
[0.404s] [34mcolcon.colcon_core.package_identification[0m [1;30mLevel 1[0m _identify(src/launch_pkg) by extension 'colcon_meta'
[0.404s] [34mcolcon.colcon_core.package_identification[0m [1;30mLevel 1[0m _identify(src/launch_pkg) by extensions ['ros']
[0.404s] [34mcolcon.colcon_core.package_identification[0m [1;30mLevel 1[0m _identify(src/launch_pkg) by extension 'ros'
[0.404s] [34mcolcon.colcon_core.package_identification[0m [1;30mDEBUG[0m [32mPackage 'src/launch_pkg' with type 'ros.ament_cmake' and name 'launch_pkg'[0m
[0.404s] [34mcolcon.colcon_core.package_identification[0m [1;30mLevel 1[0m _identify(src/lidar_perception_pkg) by extensions ['ignore', 'ignore_ament_install']
[0.404s] [34mcolcon.colcon_core.package_identification[0m [1;30mLevel 1[0m _identify(src/lidar_perception_pkg) by extension 'ignore'
[0.404s] [34mcolcon.colcon_core.package_identification[0m [1;30mLevel 1[0m _identify(src/lidar_perception_pkg) by extension 'ignore_ament_install'
[0.404s] [34mcolcon.colcon_core.package_identification[0m [1;30mLevel 1[0m _identify(src/lidar_perception_pkg) by extensions ['colcon_pkg']
[0.404s] [34mcolcon.colcon_core.package_identification[0m [1;30mLevel 1[0m _identify(src/lidar_perception_pkg) by extension 'colcon_pkg'
[0.404s] [34mcolcon.colcon_core.package_identification[0m [1;30mLevel 1[0m _identify(src/lidar_perception_pkg) by extensions ['colcon_meta']
[0.404s] [34mcolcon.colcon_core.package_identification[0m [1;30mLevel 1[0m _identify(src/lidar_perception_pkg) by extension 'colcon_meta'
[0.404s] [34mcolcon.colcon_core.package_identification[0m [1;30mLevel 1[0m _identify(src/lidar_perception_pkg) by extensions ['ros']
[0.404s] [34mcolcon.colcon_core.package_identification[0m [1;30mLevel 1[0m _identify(src/lidar_perception_pkg) by extension 'ros'
[0.404s] [34mcolcon.colcon_core.package_identification[0m [1;30mDEBUG[0m [32mPackage 'src/lidar_perception_pkg' with type 'ros.ament_python' and name 'lidar_perception_pkg'[0m
[0.404s] [34mcolcon.colcon_core.package_identification[0m [1;30mLevel 1[0m _identify(src/my_custom_pkg) by extensions ['ignore', 'ignore_ament_install']
[0.404s] [34mcolcon.colcon_core.package_identification[0m [1;30mLevel 1[0m _identify(src/my_custom_pkg) by extension 'ignore'
[0.404s] [34mcolcon.colcon_core.package_identification[0m [1;30mLevel 1[0m _identify(src/my_custom_pkg) by extension 'ignore_ament_install'
[0.405s] [34mcolcon.colcon_core.package_identification[0m [1;30mLevel 1[0m _identify(src/my_custom_pkg) by extensions ['colcon_pkg']
[0.405s] [34mcolcon.colcon_core.package_identification[0m [1;30mLevel 1[0m _identify(src/my_custom_pkg) by extension 'colcon_pkg'
[0.405s] [34mcolcon.colcon_core.package_identification[0m [1;30mLevel 1[0m _identify(src/my_custom_pkg) by extensions ['colcon_meta']
[0.405s] [34mcolcon.colcon_core.package_identification[0m [1;30mLevel 1[0m _identify(src/my_custom_pkg) by extension 'colcon_meta'
[0.405s] [34mcolcon.colcon_core.package_identification[0m [1;30mLevel 1[0m _identify(src/my_custom_pkg) by extensions ['ros']
[0.405s] [34mcolcon.colcon_core.package_identification[0m [1;30mLevel 1[0m _identify(src/my_custom_pkg) by extension 'ros'
[0.405s] [34mcolcon.colcon_core.package_identification[0m [1;30mDEBUG[0m [32mPackage 'src/my_custom_pkg' with type 'ros.ament_python' and name 'my_custom_pkg'[0m
[0.405s] [34mcolcon.colcon_core.package_identification[0m [1;30mLevel 1[0m _identify(src/serial_communication_pkg) by extensions ['ignore', 'ignore_ament_install']
[0.405s] [34mcolcon.colcon_core.package_identification[0m [1;30mLevel 1[0m _identify(src/serial_communication_pkg) by extension 'ignore'
[0.405s] [34mcolcon.colcon_core.package_identification[0m [1;30mLevel 1[0m _identify(src/serial_communication_pkg) by extension 'ignore_ament_install'
[0.405s] [34mcolcon.colcon_core.package_identification[0m [1;30mLevel 1[0m _identify(src/serial_communication_pkg) by extensions ['colcon_pkg']
[0.405s] [34mcolcon.colcon_core.package_identification[0m [1;30mLevel 1[0m _identify(src/serial_communication_pkg) by extension 'colcon_pkg'
[0.405s] [34mcolcon.colcon_core.package_identification[0m [1;30mLevel 1[0m _identify(src/serial_communication_pkg) by extensions ['colcon_meta']
[0.405s] [34mcolcon.colcon_core.package_identification[0m [1;30mLevel 1[0m _identify(src/serial_communication_pkg) by extension 'colcon_meta'
[0.405s] [34mcolcon.colcon_core.package_identification[0m [1;30mLevel 1[0m _identify(src/serial_communication_pkg) by extensions ['ros']
[0.405s] [34mcolcon.colcon_core.package_identification[0m [1;30mLevel 1[0m _identify(src/serial_communication_pkg) by extension 'ros'
[0.406s] [34mcolcon.colcon_core.package_identification[0m [1;30mDEBUG[0m [32mPackage 'src/serial_communication_pkg' with type 'ros.ament_python' and name 'serial_communication_pkg'[0m
[0.406s] [34mcolcon.colcon_core.package_identification[0m [1;30mLevel 1[0m _identify(src/ydlidar_ros2_driver) by extensions ['ignore', 'ignore_ament_install']
[0.406s] [34mcolcon.colcon_core.package_identification[0m [1;30mLevel 1[0m _identify(src/ydlidar_ros2_driver) by extension 'ignore'
[0.406s] [34mcolcon.colcon_core.package_identification[0m [1;30mLevel 1[0m _identify(src/ydlidar_ros2_driver) by extension 'ignore_ament_install'
[0.406s] [34mcolcon.colcon_core.package_identification[0m [1;30mLevel 1[0m _identify(src/ydlidar_ros2_driver) by extensions ['colcon_pkg']
[0.406s] [34mcolcon.colcon_core.package_identification[0m [1;30mLevel 1[0m _identify(src/ydlidar_ros2_driver) by extension 'colcon_pkg'
[0.406s] [34mcolcon.colcon_core.package_identification[0m [1;30mLevel 1[0m _identify(src/ydlidar_ros2_driver) by extensions ['colcon_meta']
[0.406s] [34mcolcon.colcon_core.package_identification[0m [1;30mLevel 1[0m _identify(src/ydlidar_ros2_driver) by extension 'colcon_meta'
[0.406s] [34mcolcon.colcon_core.package_identification[0m [1;30mLevel 1[0m _identify(src/ydlidar_ros2_driver) by extensions ['ros']
[0.406s] [34mcolcon.colcon_core.package_identification[0m [1;30mLevel 1[0m _identify(src/ydlidar_ros2_driver) by extension 'ros'
[0.406s] [34mcolcon.colcon_core.package_identification[0m [1;30mDEBUG[0m [32mPackage 'src/ydlidar_ros2_driver' with type 'ros.ament_cmake' and name 'ydlidar_ros2_driver'[0m
[0.406s] [34mcolcon.colcon_core.package_discovery[0m [1;30mLevel 1[0m discover_packages(recursive) using defaults
[0.406s] [34mcolcon.colcon_core.package_discovery[0m [1;30mLevel 1[0m discover_packages(ignore) discover
[0.406s] [34mcolcon.colcon_core.package_discovery[0m [1;30mLevel 1[0m discover_packages(ignore) using defaults
[0.406s] [34mcolcon.colcon_core.package_discovery[0m [1;30mLevel 1[0m discover_packages(path) discover
[0.406s] [34mcolcon.colcon_core.package_discovery[0m [1;30mLevel 1[0m discover_packages(path) using defaults
[0.433s] [34mcolcon.colcon_core.package_discovery[0m [1;30mLevel 1[0m discover_packages(prefix_path) check parameters
[0.433s] [34mcolcon.colcon_core.package_discovery[0m [1;30mLevel 1[0m discover_packages(prefix_path) discover
[0.435s] [34mcolcon.colcon_installed_package_information.package_discovery[0m [1;30mDEBUG[0m [32mFound 1 installed packages in /home/jsmoon/ydlidar_ws/install[0m
[0.436s] [34mcolcon.colcon_installed_package_information.package_discovery[0m [1;30mDEBUG[0m [32mFound 275 installed packages in /opt/ros/humble[0m
[0.437s] [34mcolcon.colcon_core.package_discovery[0m [1;30mLevel 1[0m discover_packages(prefix_path) using defaults
[0.459s] [34mcolcon.colcon_core.verb[0m [1;30mLevel 5[0m set package 'camera_perception_pkg' build argument 'cmake_args' from command line to 'None'
[0.459s] [34mcolcon.colcon_core.verb[0m [1;30mLevel 5[0m set package 'camera_perception_pkg' build argument 'cmake_target' from command line to 'None'
[0.459s] [34mcolcon.colcon_core.verb[0m [1;30mLevel 5[0m set package 'camera_perception_pkg' build argument 'cmake_target_skip_unavailable' from command line to 'False'
[0.459s] [34mcolcon.colcon_core.verb[0m [1;30mLevel 5[0m set package 'camera_perception_pkg' build argument 'cmake_clean_cache' from command line to 'False'
[0.459s] [34mcolcon.colcon_core.verb[0m [1;30mLevel 5[0m set package 'camera_perception_pkg' build argument 'cmake_clean_first' from command line to 'False'
[0.459s] [34mcolcon.colcon_core.verb[0m [1;30mLevel 5[0m set package 'camera_perception_pkg' build argument 'cmake_force_configure' from command line to 'False'
[0.459s] [34mcolcon.colcon_core.verb[0m [1;30mLevel 5[0m set package 'camera_perception_pkg' build argument 'ament_cmake_args' from command line to 'None'
[0.459s] [34mcolcon.colcon_core.verb[0m [1;30mLevel 5[0m set package 'camera_perception_pkg' build argument 'catkin_cmake_args' from command line to 'None'
[0.459s] [34mcolcon.colcon_core.verb[0m [1;30mLevel 5[0m set package 'camera_perception_pkg' build argument 'catkin_skip_building_tests' from command line to 'False'
[0.459s] [34mcolcon.colcon_core.verb[0m [1;30mDEBUG[0m [32mBuilding package 'camera_perception_pkg' with the following arguments: {'ament_cmake_args': None, 'build_base': '/home/jsmoon/yax_jeju/build/camera_perception_pkg', 'catkin_cmake_args': None, 'catkin_skip_building_tests': False, 'cmake_args': None, 'cmake_clean_cache': False, 'cmake_clean_first': False, 'cmake_force_configure': False, 'cmake_target': None, 'cmake_target_skip_unavailable': False, 'install_base': '/home/jsmoon/yax_jeju/install/camera_perception_pkg', 'merge_install': False, 'path': '/home/jsmoon/yax_jeju/src/camera_perception_pkg', 'symlink_install': True, 'test_result_base': None}[0m
[0.459s] [34mcolcon.colcon_core.verb[0m [1;30mLevel 5[0m set package 'debug_pkg' build argument 'cmake_args' from command line to 'None'
[0.459s] [34mcolcon.colcon_core.verb[0m [1;30mLevel 5[0m set package 'debug_pkg' build argument 'cmake_target' from command line to 'None'
[0.459s] [34mcolcon.colcon_core.verb[0m [1;30mLevel 5[0m set package 'debug_pkg' build argument 'cmake_target_skip_unavailable' from command line to 'False'
[0.459s] [34mcolcon.colcon_core.verb[0m [1;30mLevel 5[0m set package 'debug_pkg' build argument 'cmake_clean_cache' from command line to 'False'
[0.459s] [34mcolcon.colcon_core.verb[0m [1;30mLevel 5[0m set package 'debug_pkg' build argument 'cmake_clean_first' from command line to 'False'
[0.459s] [34mcolcon.colcon_core.verb[0m [1;30mLevel 5[0m set package 'debug_pkg' build argument 'cmake_force_configure' from command line to 'False'
[0.459s] [34mcolcon.colcon_core.verb[0m [1;30mLevel 5[0m set package 'debug_pkg' build argument 'ament_cmake_args' from command line to 'None'
[0.459s] [34mcolcon.colcon_core.verb[0m [1;30mLevel 5[0m set package 'debug_pkg' build argument 'catkin_cmake_args' from command line to 'None'
[0.459s] [34mcolcon.colcon_core.verb[0m [1;30mLevel 5[0m set package 'debug_pkg' build argument 'catkin_skip_building_tests' from command line to 'False'
[0.459s] [34mcolcon.colcon_core.verb[0m [1;30mDEBUG[0m [32mBuilding package 'debug_pkg' with the following arguments: {'ament_cmake_args': None, 'build_base': '/home/jsmoon/yax_jeju/build/debug_pkg', 'catkin_cmake_args': None, 'catkin_skip_building_tests': False, 'cmake_args': None, 'cmake_clean_cache': False, 'cmake_clean_first': False, 'cmake_force_configure': False, 'cmake_target': None, 'cmake_target_skip_unavailable': False, 'install_base': '/home/jsmoon/yax_jeju/install/debug_pkg', 'merge_install': False, 'path': '/home/jsmoon/yax_jeju/src/debug_pkg', 'symlink_install': True, 'test_result_base': None}[0m
[0.460s] [34mcolcon.colcon_core.verb[0m [1;30mLevel 5[0m set package 'decision_making_pkg' build argument 'cmake_args' from command line to 'None'
[0.460s] [34mcolcon.colcon_core.verb[0m [1;30mLevel 5[0m set package 'decision_making_pkg' build argument 'cmake_target' from command line to 'None'
[0.460s] [34mcolcon.colcon_core.verb[0m [1;30mLevel 5[0m set package 'decision_making_pkg' build argument 'cmake_target_skip_unavailable' from command line to 'False'
[0.460s] [34mcolcon.colcon_core.verb[0m [1;30mLevel 5[0m set package 'decision_making_pkg' build argument 'cmake_clean_cache' from command line to 'False'
[0.460s] [34mcolcon.colcon_core.verb[0m [1;30mLevel 5[0m set package 'decision_making_pkg' build argument 'cmake_clean_first' from command line to 'False'
[0.460s] [34mcolcon.colcon_core.verb[0m [1;30mLevel 5[0m set package 'decision_making_pkg' build argument 'cmake_force_configure' from command line to 'False'
[0.460s] [34mcolcon.colcon_core.verb[0m [1;30mLevel 5[0m set package 'decision_making_pkg' build argument 'ament_cmake_args' from command line to 'None'
[0.460s] [34mcolcon.colcon_core.verb[0m [1;30mLevel 5[0m set package 'decision_making_pkg' build argument 'catkin_cmake_args' from command line to 'None'
[0.460s] [34mcolcon.colcon_core.verb[0m [1;30mLevel 5[0m set package 'decision_making_pkg' build argument 'catkin_skip_building_tests' from command line to 'False'
[0.460s] [34mcolcon.colcon_core.verb[0m [1;30mDEBUG[0m [32mBuilding package 'decision_making_pkg' with the following arguments: {'ament_cmake_args': None, 'build_base': '/home/jsmoon/yax_jeju/build/decision_making_pkg', 'catkin_cmake_args': None, 'catkin_skip_building_tests': False, 'cmake_args': None, 'cmake_clean_cache': False, 'cmake_clean_first': False, 'cmake_force_configure': False, 'cmake_target': None, 'cmake_target_skip_unavailable': False, 'install_base': '/home/jsmoon/yax_jeju/install/decision_making_pkg', 'merge_install': False, 'path': '/home/jsmoon/yax_jeju/src/decision_making_pkg', 'symlink_install': True, 'test_result_base': None}[0m
[0.460s] [34mcolcon.colcon_core.verb[0m [1;30mLevel 5[0m set package 'interfaces_pkg' build argument 'cmake_args' from command line to 'None'
[0.460s] [34mcolcon.colcon_core.verb[0m [1;30mLevel 5[0m set package 'interfaces_pkg' build argument 'cmake_target' from command line to 'None'
[0.460s] [34mcolcon.colcon_core.verb[0m [1;30mLevel 5[0m set package 'interfaces_pkg' build argument 'cmake_target_skip_unavailable' from command line to 'False'
[0.460s] [34mcolcon.colcon_core.verb[0m [1;30mLevel 5[0m set package 'interfaces_pkg' build argument 'cmake_clean_cache' from command line to 'False'
[0.460s] [34mcolcon.colcon_core.verb[0m [1;30mLevel 5[0m set package 'interfaces_pkg' build argument 'cmake_clean_first' from command line to 'False'
[0.460s] [34mcolcon.colcon_core.verb[0m [1;30mLevel 5[0m set package 'interfaces_pkg' build argument 'cmake_force_configure' from command line to 'False'
[0.460s] [34mcolcon.colcon_core.verb[0m [1;30mLevel 5[0m set package 'interfaces_pkg' build argument 'ament_cmake_args' from command line to 'None'
[0.460s] [34mcolcon.colcon_core.verb[0m [1;30mLevel 5[0m set package 'interfaces_pkg' build argument 'catkin_cmake_args' from command line to 'None'
[0.460s] [34mcolcon.colcon_core.verb[0m [1;30mLevel 5[0m set package 'interfaces_pkg' build argument 'catkin_skip_building_tests' from command line to 'False'
[0.460s] [34mcolcon.colcon_core.verb[0m [1;30mDEBUG[0m [32mBuilding package 'interfaces_pkg' with the following arguments: {'ament_cmake_args': None, 'build_base': '/home/jsmoon/yax_jeju/build/interfaces_pkg', 'catkin_cmake_args': None, 'catkin_skip_building_tests': False, 'cmake_args': None, 'cmake_clean_cache': False, 'cmake_clean_first': False, 'cmake_force_configure': False, 'cmake_target': None, 'cmake_target_skip_unavailable': False, 'install_base': '/home/jsmoon/yax_jeju/install/interfaces_pkg', 'merge_install': False, 'path': '/home/jsmoon/yax_jeju/src/interfaces_pkg', 'symlink_install': True, 'test_result_base': None}[0m
[0.460s] [34mcolcon.colcon_core.verb[0m [1;30mLevel 5[0m set package 'latlong_utm' build argument 'cmake_args' from command line to 'None'
[0.460s] [34mcolcon.colcon_core.verb[0m [1;30mLevel 5[0m set package 'latlong_utm' build argument 'cmake_target' from command line to 'None'
[0.460s] [34mcolcon.colcon_core.verb[0m [1;30mLevel 5[0m set package 'latlong_utm' build argument 'cmake_target_skip_unavailable' from command line to 'False'
[0.460s] [34mcolcon.colcon_core.verb[0m [1;30mLevel 5[0m set package 'latlong_utm' build argument 'cmake_clean_cache' from command line to 'False'
[0.460s] [34mcolcon.colcon_core.verb[0m [1;30mLevel 5[0m set package 'latlong_utm' build argument 'cmake_clean_first' from command line to 'False'
[0.460s] [34mcolcon.colcon_core.verb[0m [1;30mLevel 5[0m set package 'latlong_utm' build argument 'cmake_force_configure' from command line to 'False'
[0.460s] [34mcolcon.colcon_core.verb[0m [1;30mLevel 5[0m set package 'latlong_utm' build argument 'ament_cmake_args' from command line to 'None'
[0.460s] [34mcolcon.colcon_core.verb[0m [1;30mLevel 5[0m set package 'latlong_utm' build argument 'catkin_cmake_args' from command line to 'None'
[0.460s] [34mcolcon.colcon_core.verb[0m [1;30mLevel 5[0m set package 'latlong_utm' build argument 'catkin_skip_building_tests' from command line to 'False'
[0.460s] [34mcolcon.colcon_core.verb[0m [1;30mDEBUG[0m [32mBuilding package 'latlong_utm' with the following arguments: {'ament_cmake_args': None, 'build_base': '/home/jsmoon/yax_jeju/build/latlong_utm', 'catkin_cmake_args': None, 'catkin_skip_building_tests': False, 'cmake_args': None, 'cmake_clean_cache': False, 'cmake_clean_first': False, 'cmake_force_configure': False, 'cmake_target': None, 'cmake_target_skip_unavailable': False, 'install_base': '/home/jsmoon/yax_jeju/install/latlong_utm', 'merge_install': False, 'path': '/home/jsmoon/yax_jeju/src/UTM_conversion/src/latlong_utm', 'symlink_install': True, 'test_result_base': None}[0m
[0.460s] [34mcolcon.colcon_core.verb[0m [1;30mLevel 5[0m set package 'lidar_perception_pkg' build argument 'cmake_args' from command line to 'None'
[0.460s] [34mcolcon.colcon_core.verb[0m [1;30mLevel 5[0m set package 'lidar_perception_pkg' build argument 'cmake_target' from command line to 'None'
[0.460s] [34mcolcon.colcon_core.verb[0m [1;30mLevel 5[0m set package 'lidar_perception_pkg' build argument 'cmake_target_skip_unavailable' from command line to 'False'
[0.460s] [34mcolcon.colcon_core.verb[0m [1;30mLevel 5[0m set package 'lidar_perception_pkg' build argument 'cmake_clean_cache' from command line to 'False'
[0.460s] [34mcolcon.colcon_core.verb[0m [1;30mLevel 5[0m set package 'lidar_perception_pkg' build argument 'cmake_clean_first' from command line to 'False'
[0.460s] [34mcolcon.colcon_core.verb[0m [1;30mLevel 5[0m set package 'lidar_perception_pkg' build argument 'cmake_force_configure' from command line to 'False'
[0.460s] [34mcolcon.colcon_core.verb[0m [1;30mLevel 5[0m set package 'lidar_perception_pkg' build argument 'ament_cmake_args' from command line to 'None'
[0.460s] [34mcolcon.colcon_core.verb[0m [1;30mLevel 5[0m set package 'lidar_perception_pkg' build argument 'catkin_cmake_args' from command line to 'None'
[0.460s] [34mcolcon.colcon_core.verb[0m [1;30mLevel 5[0m set package 'lidar_perception_pkg' build argument 'catkin_skip_building_tests' from command line to 'False'
[0.460s] [34mcolcon.colcon_core.verb[0m [1;30mDEBUG[0m [32mBuilding package 'lidar_perception_pkg' with the following arguments: {'ament_cmake_args': None, 'build_base': '/home/jsmoon/yax_jeju/build/lidar_perception_pkg', 'catkin_cmake_args': None, 'catkin_skip_building_tests': False, 'cmake_args': None, 'cmake_clean_cache': False, 'cmake_clean_first': False, 'cmake_force_configure': False, 'cmake_target': None, 'cmake_target_skip_unavailable': False, 'install_base': '/home/jsmoon/yax_jeju/install/lidar_perception_pkg', 'merge_install': False, 'path': '/home/jsmoon/yax_jeju/src/lidar_perception_pkg', 'symlink_install': True, 'test_result_base': None}[0m
[0.461s] [34mcolcon.colcon_core.verb[0m [1;30mLevel 5[0m set package 'ntrip_client' build argument 'cmake_args' from command line to 'None'
[0.461s] [34mcolcon.colcon_core.verb[0m [1;30mLevel 5[0m set package 'ntrip_client' build argument 'cmake_target' from command line to 'None'
[0.461s] [34mcolcon.colcon_core.verb[0m [1;30mLevel 5[0m set package 'ntrip_client' build argument 'cmake_target_skip_unavailable' from command line to 'False'
[0.461s] [34mcolcon.colcon_core.verb[0m [1;30mLevel 5[0m set package 'ntrip_client' build argument 'cmake_clean_cache' from command line to 'False'
[0.461s] [34mcolcon.colcon_core.verb[0m [1;30mLevel 5[0m set package 'ntrip_client' build argument 'cmake_clean_first' from command line to 'False'
[0.461s] [34mcolcon.colcon_core.verb[0m [1;30mLevel 5[0m set package 'ntrip_client' build argument 'cmake_force_configure' from command line to 'False'
[0.461s] [34mcolcon.colcon_core.verb[0m [1;30mLevel 5[0m set package 'ntrip_client' build argument 'ament_cmake_args' from command line to 'None'
[0.461s] [34mcolcon.colcon_core.verb[0m [1;30mLevel 5[0m set package 'ntrip_client' build argument 'catkin_cmake_args' from command line to 'None'
[0.461s] [34mcolcon.colcon_core.verb[0m [1;30mLevel 5[0m set package 'ntrip_client' build argument 'catkin_skip_building_tests' from command line to 'False'
[0.461s] [34mcolcon.colcon_core.verb[0m [1;30mDEBUG[0m [32mBuilding package 'ntrip_client' with the following arguments: {'ament_cmake_args': None, 'build_base': '/home/jsmoon/yax_jeju/build/ntrip_client', 'catkin_cmake_args': None, 'catkin_skip_building_tests': False, 'cmake_args': None, 'cmake_clean_cache': False, 'cmake_clean_first': False, 'cmake_force_configure': False, 'cmake_target': None, 'cmake_target_skip_unavailable': False, 'install_base': '/home/jsmoon/yax_jeju/install/ntrip_client', 'merge_install': False, 'path': '/home/jsmoon/yax_jeju/src/RTK_GPS_NTRIP/ntrip_client', 'symlink_install': True, 'test_result_base': None}[0m
[0.461s] [34mcolcon.colcon_core.verb[0m [1;30mLevel 5[0m set package 'rtcm_msgs' build argument 'cmake_args' from command line to 'None'
[0.461s] [34mcolcon.colcon_core.verb[0m [1;30mLevel 5[0m set package 'rtcm_msgs' build argument 'cmake_target' from command line to 'None'
[0.461s] [34mcolcon.colcon_core.verb[0m [1;30mLevel 5[0m set package 'rtcm_msgs' build argument 'cmake_target_skip_unavailable' from command line to 'False'
[0.461s] [34mcolcon.colcon_core.verb[0m [1;30mLevel 5[0m set package 'rtcm_msgs' build argument 'cmake_clean_cache' from command line to 'False'
[0.461s] [34mcolcon.colcon_core.verb[0m [1;30mLevel 5[0m set package 'rtcm_msgs' build argument 'cmake_clean_first' from command line to 'False'
[0.461s] [34mcolcon.colcon_core.verb[0m [1;30mLevel 5[0m set package 'rtcm_msgs' build argument 'cmake_force_configure' from command line to 'False'
[0.461s] [34mcolcon.colcon_core.verb[0m [1;30mLevel 5[0m set package 'rtcm_msgs' build argument 'ament_cmake_args' from command line to 'None'
[0.461s] [34mcolcon.colcon_core.verb[0m [1;30mLevel 5[0m set package 'rtcm_msgs' build argument 'catkin_cmake_args' from command line to 'None'
[0.461s] [34mcolcon.colcon_core.verb[0m [1;30mLevel 5[0m set package 'rtcm_msgs' build argument 'catkin_skip_building_tests' from command line to 'False'
[0.461s] [34mcolcon.colcon_core.verb[0m [1;30mDEBUG[0m [32mBuilding package 'rtcm_msgs' with the following arguments: {'ament_cmake_args': None, 'build_base': '/home/jsmoon/yax_jeju/build/rtcm_msgs', 'catkin_cmake_args': None, 'catkin_skip_building_tests': False, 'cmake_args': None, 'cmake_clean_cache': False, 'cmake_clean_first': False, 'cmake_force_configure': False, 'cmake_target': None, 'cmake_target_skip_unavailable': False, 'install_base': '/home/jsmoon/yax_jeju/install/rtcm_msgs', 'merge_install': False, 'path': '/home/jsmoon/yax_jeju/src/RTK_GPS_NTRIP/rtcm_msgs', 'symlink_install': True, 'test_result_base': None}[0m
[0.461s] [34mcolcon.colcon_core.verb[0m [1;30mLevel 5[0m set package 'serial_communication_pkg' build argument 'cmake_args' from command line to 'None'
[0.461s] [34mcolcon.colcon_core.verb[0m [1;30mLevel 5[0m set package 'serial_communication_pkg' build argument 'cmake_target' from command line to 'None'
[0.461s] [34mcolcon.colcon_core.verb[0m [1;30mLevel 5[0m set package 'serial_communication_pkg' build argument 'cmake_target_skip_unavailable' from command line to 'False'
[0.461s] [34mcolcon.colcon_core.verb[0m [1;30mLevel 5[0m set package 'serial_communication_pkg' build argument 'cmake_clean_cache' from command line to 'False'
[0.461s] [34mcolcon.colcon_core.verb[0m [1;30mLevel 5[0m set package 'serial_communication_pkg' build argument 'cmake_clean_first' from command line to 'False'
[0.461s] [34mcolcon.colcon_core.verb[0m [1;30mLevel 5[0m set package 'serial_communication_pkg' build argument 'cmake_force_configure' from command line to 'False'
[0.461s] [34mcolcon.colcon_core.verb[0m [1;30mLevel 5[0m set package 'serial_communication_pkg' build argument 'ament_cmake_args' from command line to 'None'
[0.461s] [34mcolcon.colcon_core.verb[0m [1;30mLevel 5[0m set package 'serial_communication_pkg' build argument 'catkin_cmake_args' from command line to 'None'
[0.461s] [34mcolcon.colcon_core.verb[0m [1;30mLevel 5[0m set package 'serial_communication_pkg' build argument 'catkin_skip_building_tests' from command line to 'False'
[0.461s] [34mcolcon.colcon_core.verb[0m [1;30mDEBUG[0m [32mBuilding package 'serial_communication_pkg' with the following arguments: {'ament_cmake_args': None, 'build_base': '/home/jsmoon/yax_jeju/build/serial_communication_pkg', 'catkin_cmake_args': None, 'catkin_skip_building_tests': False, 'cmake_args': None, 'cmake_clean_cache': False, 'cmake_clean_first': False, 'cmake_force_configure': False, 'cmake_target': None, 'cmake_target_skip_unavailable': False, 'install_base': '/home/jsmoon/yax_jeju/install/serial_communication_pkg', 'merge_install': False, 'path': '/home/jsmoon/yax_jeju/src/serial_communication_pkg', 'symlink_install': True, 'test_result_base': None}[0m
[0.461s] [34mcolcon.colcon_core.verb[0m [1;30mLevel 5[0m set package 'ublox_serialization' build argument 'cmake_args' from command line to 'None'
[0.461s] [34mcolcon.colcon_core.verb[0m [1;30mLevel 5[0m set package 'ublox_serialization' build argument 'cmake_target' from command line to 'None'
[0.461s] [34mcolcon.colcon_core.verb[0m [1;30mLevel 5[0m set package 'ublox_serialization' build argument 'cmake_target_skip_unavailable' from command line to 'False'
[0.461s] [34mcolcon.colcon_core.verb[0m [1;30mLevel 5[0m set package 'ublox_serialization' build argument 'cmake_clean_cache' from command line to 'False'
[0.461s] [34mcolcon.colcon_core.verb[0m [1;30mLevel 5[0m set package 'ublox_serialization' build argument 'cmake_clean_first' from command line to 'False'
[0.461s] [34mcolcon.colcon_core.verb[0m [1;30mLevel 5[0m set package 'ublox_serialization' build argument 'cmake_force_configure' from command line to 'False'
[0.461s] [34mcolcon.colcon_core.verb[0m [1;30mLevel 5[0m set package 'ublox_serialization' build argument 'ament_cmake_args' from command line to 'None'
[0.461s] [34mcolcon.colcon_core.verb[0m [1;30mLevel 5[0m set package 'ublox_serialization' build argument 'catkin_cmake_args' from command line to 'None'
[0.461s] [34mcolcon.colcon_core.verb[0m [1;30mLevel 5[0m set package 'ublox_serialization' build argument 'catkin_skip_building_tests' from command line to 'False'
[0.461s] [34mcolcon.colcon_core.verb[0m [1;30mDEBUG[0m [32mBuilding package 'ublox_serialization' with the following arguments: {'ament_cmake_args': None, 'build_base': '/home/jsmoon/yax_jeju/build/ublox_serialization', 'catkin_cmake_args': None, 'catkin_skip_building_tests': False, 'cmake_args': None, 'cmake_clean_cache': False, 'cmake_clean_first': False, 'cmake_force_configure': False, 'cmake_target': None, 'cmake_target_skip_unavailable': False, 'install_base': '/home/jsmoon/yax_jeju/install/ublox_serialization', 'merge_install': False, 'path': '/home/jsmoon/yax_jeju/src/RTK_GPS_NTRIP/ublox_serialization', 'symlink_install': True, 'test_result_base': None}[0m
[0.462s] [34mcolcon.colcon_core.verb[0m [1;30mLevel 5[0m set package 'ydlidar_ros2_driver' build argument 'cmake_args' from command line to 'None'
[0.462s] [34mcolcon.colcon_core.verb[0m [1;30mLevel 5[0m set package 'ydlidar_ros2_driver' build argument 'cmake_target' from command line to 'None'
[0.462s] [34mcolcon.colcon_core.verb[0m [1;30mLevel 5[0m set package 'ydlidar_ros2_driver' build argument 'cmake_target_skip_unavailable' from command line to 'False'
[0.462s] [34mcolcon.colcon_core.verb[0m [1;30mLevel 5[0m set package 'ydlidar_ros2_driver' build argument 'cmake_clean_cache' from command line to 'False'
[0.462s] [34mcolcon.colcon_core.verb[0m [1;30mLevel 5[0m set package 'ydlidar_ros2_driver' build argument 'cmake_clean_first' from command line to 'False'
[0.462s] [34mcolcon.colcon_core.verb[0m [1;30mLevel 5[0m set package 'ydlidar_ros2_driver' build argument 'cmake_force_configure' from command line to 'False'
[0.462s] [34mcolcon.colcon_core.verb[0m [1;30mLevel 5[0m set package 'ydlidar_ros2_driver' build argument 'ament_cmake_args' from command line to 'None'
[0.462s] [34mcolcon.colcon_core.verb[0m [1;30mLevel 5[0m set package 'ydlidar_ros2_driver' build argument 'catkin_cmake_args' from command line to 'None'
[0.462s] [34mcolcon.colcon_core.verb[0m [1;30mLevel 5[0m set package 'ydlidar_ros2_driver' build argument 'catkin_skip_building_tests' from command line to 'False'
[0.462s] [34mcolcon.colcon_core.verb[0m [1;30mDEBUG[0m [32mBuilding package 'ydlidar_ros2_driver' with the following arguments: {'ament_cmake_args': None, 'build_base': '/home/jsmoon/yax_jeju/build/ydlidar_ros2_driver', 'catkin_cmake_args': None, 'catkin_skip_building_tests': False, 'cmake_args': None, 'cmake_clean_cache': False, 'cmake_clean_first': False, 'cmake_force_configure': False, 'cmake_target': None, 'cmake_target_skip_unavailable': False, 'install_base': '/home/jsmoon/yax_jeju/install/ydlidar_ros2_driver', 'merge_install': False, 'path': '/home/jsmoon/yax_jeju/src/ydlidar_ros2_driver', 'symlink_install': True, 'test_result_base': None}[0m
[0.462s] [34mcolcon.colcon_core.verb[0m [1;30mLevel 5[0m set package 'ublox_msgs' build argument 'cmake_args' from command line to 'None'
[0.462s] [34mcolcon.colcon_core.verb[0m [1;30mLevel 5[0m set package 'ublox_msgs' build argument 'cmake_target' from command line to 'None'
[0.462s] [34mcolcon.colcon_core.verb[0m [1;30mLevel 5[0m set package 'ublox_msgs' build argument 'cmake_target_skip_unavailable' from command line to 'False'
[0.462s] [34mcolcon.colcon_core.verb[0m [1;30mLevel 5[0m set package 'ublox_msgs' build argument 'cmake_clean_cache' from command line to 'False'
[0.462s] [34mcolcon.colcon_core.verb[0m [1;30mLevel 5[0m set package 'ublox_msgs' build argument 'cmake_clean_first' from command line to 'False'
[0.462s] [34mcolcon.colcon_core.verb[0m [1;30mLevel 5[0m set package 'ublox_msgs' build argument 'cmake_force_configure' from command line to 'False'
[0.462s] [34mcolcon.colcon_core.verb[0m [1;30mLevel 5[0m set package 'ublox_msgs' build argument 'ament_cmake_args' from command line to 'None'
[0.462s] [34mcolcon.colcon_core.verb[0m [1;30mLevel 5[0m set package 'ublox_msgs' build argument 'catkin_cmake_args' from command line to 'None'
[0.462s] [34mcolcon.colcon_core.verb[0m [1;30mLevel 5[0m set package 'ublox_msgs' build argument 'catkin_skip_building_tests' from command line to 'False'
[0.462s] [34mcolcon.colcon_core.verb[0m [1;30mDEBUG[0m [32mBuilding package 'ublox_msgs' with the following arguments: {'ament_cmake_args': None, 'build_base': '/home/jsmoon/yax_jeju/build/ublox_msgs', 'catkin_cmake_args': None, 'catkin_skip_building_tests': False, 'cmake_args': None, 'cmake_clean_cache': False, 'cmake_clean_first': False, 'cmake_force_configure': False, 'cmake_target': None, 'cmake_target_skip_unavailable': False, 'install_base': '/home/jsmoon/yax_jeju/install/ublox_msgs', 'merge_install': False, 'path': '/home/jsmoon/yax_jeju/src/RTK_GPS_NTRIP/ublox_msgs', 'symlink_install': True, 'test_result_base': None}[0m
[0.462s] [34mcolcon.colcon_core.verb[0m [1;30mLevel 5[0m set package 'fix2nmea' build argument 'cmake_args' from command line to 'None'
[0.462s] [34mcolcon.colcon_core.verb[0m [1;30mLevel 5[0m set package 'fix2nmea' build argument 'cmake_target' from command line to 'None'
[0.462s] [34mcolcon.colcon_core.verb[0m [1;30mLevel 5[0m set package 'fix2nmea' build argument 'cmake_target_skip_unavailable' from command line to 'False'
[0.462s] [34mcolcon.colcon_core.verb[0m [1;30mLevel 5[0m set package 'fix2nmea' build argument 'cmake_clean_cache' from command line to 'False'
[0.462s] [34mcolcon.colcon_core.verb[0m [1;30mLevel 5[0m set package 'fix2nmea' build argument 'cmake_clean_first' from command line to 'False'
[0.462s] [34mcolcon.colcon_core.verb[0m [1;30mLevel 5[0m set package 'fix2nmea' build argument 'cmake_force_configure' from command line to 'False'
[0.462s] [34mcolcon.colcon_core.verb[0m [1;30mLevel 5[0m set package 'fix2nmea' build argument 'ament_cmake_args' from command line to 'None'
[0.462s] [34mcolcon.colcon_core.verb[0m [1;30mLevel 5[0m set package 'fix2nmea' build argument 'catkin_cmake_args' from command line to 'None'
[0.462s] [34mcolcon.colcon_core.verb[0m [1;30mLevel 5[0m set package 'fix2nmea' build argument 'catkin_skip_building_tests' from command line to 'False'
[0.462s] [34mcolcon.colcon_core.verb[0m [1;30mDEBUG[0m [32mBuilding package 'fix2nmea' with the following arguments: {'ament_cmake_args': None, 'build_base': '/home/jsmoon/yax_jeju/build/fix2nmea', 'catkin_cmake_args': None, 'catkin_skip_building_tests': False, 'cmake_args': None, 'cmake_clean_cache': False, 'cmake_clean_first': False, 'cmake_force_configure': False, 'cmake_target': None, 'cmake_target_skip_unavailable': False, 'install_base': '/home/jsmoon/yax_jeju/install/fix2nmea', 'merge_install': False, 'path': '/home/jsmoon/yax_jeju/src/RTK_GPS_NTRIP/fix2nmea', 'symlink_install': True, 'test_result_base': None}[0m
[0.462s] [34mcolcon.colcon_core.verb[0m [1;30mLevel 5[0m set package 'ublox_gps' build argument 'cmake_args' from command line to 'None'
[0.462s] [34mcolcon.colcon_core.verb[0m [1;30mLevel 5[0m set package 'ublox_gps' build argument 'cmake_target' from command line to 'None'
[0.462s] [34mcolcon.colcon_core.verb[0m [1;30mLevel 5[0m set package 'ublox_gps' build argument 'cmake_target_skip_unavailable' from command line to 'False'
[0.462s] [34mcolcon.colcon_core.verb[0m [1;30mLevel 5[0m set package 'ublox_gps' build argument 'cmake_clean_cache' from command line to 'False'
[0.462s] [34mcolcon.colcon_core.verb[0m [1;30mLevel 5[0m set package 'ublox_gps' build argument 'cmake_clean_first' from command line to 'False'
[0.462s] [34mcolcon.colcon_core.verb[0m [1;30mLevel 5[0m set package 'ublox_gps' build argument 'cmake_force_configure' from command line to 'False'
[0.462s] [34mcolcon.colcon_core.verb[0m [1;30mLevel 5[0m set package 'ublox_gps' build argument 'ament_cmake_args' from command line to 'None'
[0.462s] [34mcolcon.colcon_core.verb[0m [1;30mLevel 5[0m set package 'ublox_gps' build argument 'catkin_cmake_args' from command line to 'None'
[0.462s] [34mcolcon.colcon_core.verb[0m [1;30mLevel 5[0m set package 'ublox_gps' build argument 'catkin_skip_building_tests' from command line to 'False'
[0.462s] [34mcolcon.colcon_core.verb[0m [1;30mDEBUG[0m [32mBuilding package 'ublox_gps' with the following arguments: {'ament_cmake_args': None, 'build_base': '/home/jsmoon/yax_jeju/build/ublox_gps', 'catkin_cmake_args': None, 'catkin_skip_building_tests': False, 'cmake_args': None, 'cmake_clean_cache': False, 'cmake_clean_first': False, 'cmake_force_configure': False, 'cmake_target': None, 'cmake_target_skip_unavailable': False, 'install_base': '/home/jsmoon/yax_jeju/install/ublox_gps', 'merge_install': False, 'path': '/home/jsmoon/yax_jeju/src/RTK_GPS_NTRIP/ublox_gps', 'symlink_install': True, 'test_result_base': None}[0m
[0.463s] [34mcolcon.colcon_core.verb[0m [1;30mLevel 5[0m set package 'my_custom_pkg' build argument 'cmake_args' from command line to 'None'
[0.463s] [34mcolcon.colcon_core.verb[0m [1;30mLevel 5[0m set package 'my_custom_pkg' build argument 'cmake_target' from command line to 'None'
[0.463s] [34mcolcon.colcon_core.verb[0m [1;30mLevel 5[0m set package 'my_custom_pkg' build argument 'cmake_target_skip_unavailable' from command line to 'False'
[0.463s] [34mcolcon.colcon_core.verb[0m [1;30mLevel 5[0m set package 'my_custom_pkg' build argument 'cmake_clean_cache' from command line to 'False'
[0.463s] [34mcolcon.colcon_core.verb[0m [1;30mLevel 5[0m set package 'my_custom_pkg' build argument 'cmake_clean_first' from command line to 'False'
[0.463s] [34mcolcon.colcon_core.verb[0m [1;30mLevel 5[0m set package 'my_custom_pkg' build argument 'cmake_force_configure' from command line to 'False'
[0.463s] [34mcolcon.colcon_core.verb[0m [1;30mLevel 5[0m set package 'my_custom_pkg' build argument 'ament_cmake_args' from command line to 'None'
[0.463s] [34mcolcon.colcon_core.verb[0m [1;30mLevel 5[0m set package 'my_custom_pkg' build argument 'catkin_cmake_args' from command line to 'None'
[0.463s] [34mcolcon.colcon_core.verb[0m [1;30mLevel 5[0m set package 'my_custom_pkg' build argument 'catkin_skip_building_tests' from command line to 'False'
[0.463s] [34mcolcon.colcon_core.verb[0m [1;30mDEBUG[0m [32mBuilding package 'my_custom_pkg' with the following arguments: {'ament_cmake_args': None, 'build_base': '/home/jsmoon/yax_jeju/build/my_custom_pkg', 'catkin_cmake_args': None, 'catkin_skip_building_tests': False, 'cmake_args': None, 'cmake_clean_cache': False, 'cmake_clean_first': False, 'cmake_force_configure': False, 'cmake_target': None, 'cmake_target_skip_unavailable': False, 'install_base': '/home/jsmoon/yax_jeju/install/my_custom_pkg', 'merge_install': False, 'path': '/home/jsmoon/yax_jeju/src/my_custom_pkg', 'symlink_install': True, 'test_result_base': None}[0m
[0.463s] [34mcolcon.colcon_core.verb[0m [1;30mLevel 5[0m set package 'ublox' build argument 'cmake_args' from command line to 'None'
[0.463s] [34mcolcon.colcon_core.verb[0m [1;30mLevel 5[0m set package 'ublox' build argument 'cmake_target' from command line to 'None'
[0.463s] [34mcolcon.colcon_core.verb[0m [1;30mLevel 5[0m set package 'ublox' build argument 'cmake_target_skip_unavailable' from command line to 'False'
[0.463s] [34mcolcon.colcon_core.verb[0m [1;30mLevel 5[0m set package 'ublox' build argument 'cmake_clean_cache' from command line to 'False'
[0.463s] [34mcolcon.colcon_core.verb[0m [1;30mLevel 5[0m set package 'ublox' build argument 'cmake_clean_first' from command line to 'False'
[0.463s] [34mcolcon.colcon_core.verb[0m [1;30mLevel 5[0m set package 'ublox' build argument 'cmake_force_configure' from command line to 'False'
[0.463s] [34mcolcon.colcon_core.verb[0m [1;30mLevel 5[0m set package 'ublox' build argument 'ament_cmake_args' from command line to 'None'
[0.463s] [34mcolcon.colcon_core.verb[0m [1;30mLevel 5[0m set package 'ublox' build argument 'catkin_cmake_args' from command line to 'None'
[0.463s] [34mcolcon.colcon_core.verb[0m [1;30mLevel 5[0m set package 'ublox' build argument 'catkin_skip_building_tests' from command line to 'False'
[0.463s] [34mcolcon.colcon_core.verb[0m [1;30mDEBUG[0m [32mBuilding package 'ublox' with the following arguments: {'ament_cmake_args': None, 'build_base': '/home/jsmoon/yax_jeju/build/ublox', 'catkin_cmake_args': None, 'catkin_skip_building_tests': False, 'cmake_args': None, 'cmake_clean_cache': False, 'cmake_clean_first': False, 'cmake_force_configure': False, 'cmake_target': None, 'cmake_target_skip_unavailable': False, 'install_base': '/home/jsmoon/yax_jeju/install/ublox', 'merge_install': False, 'path': '/home/jsmoon/yax_jeju/src/RTK_GPS_NTRIP/ublox', 'symlink_install': True, 'test_result_base': None}[0m
[0.463s] [34mcolcon.colcon_core.verb[0m [1;30mLevel 5[0m set package 'launch_pkg' build argument 'cmake_args' from command line to 'None'
[0.463s] [34mcolcon.colcon_core.verb[0m [1;30mLevel 5[0m set package 'launch_pkg' build argument 'cmake_target' from command line to 'None'
[0.463s] [34mcolcon.colcon_core.verb[0m [1;30mLevel 5[0m set package 'launch_pkg' build argument 'cmake_target_skip_unavailable' from command line to 'False'
[0.463s] [34mcolcon.colcon_core.verb[0m [1;30mLevel 5[0m set package 'launch_pkg' build argument 'cmake_clean_cache' from command line to 'False'
[0.463s] [34mcolcon.colcon_core.verb[0m [1;30mLevel 5[0m set package 'launch_pkg' build argument 'cmake_clean_first' from command line to 'False'
[0.463s] [34mcolcon.colcon_core.verb[0m [1;30mLevel 5[0m set package 'launch_pkg' build argument 'cmake_force_configure' from command line to 'False'
[0.463s] [34mcolcon.colcon_core.verb[0m [1;30mLevel 5[0m set package 'launch_pkg' build argument 'ament_cmake_args' from command line to 'None'
[0.463s] [34mcolcon.colcon_core.verb[0m [1;30mLevel 5[0m set package 'launch_pkg' build argument 'catkin_cmake_args' from command line to 'None'
[0.463s] [34mcolcon.colcon_core.verb[0m [1;30mLevel 5[0m set package 'launch_pkg' build argument 'catkin_skip_building_tests' from command line to 'False'
[0.463s] [34mcolcon.colcon_core.verb[0m [1;30mDEBUG[0m [32mBuilding package 'launch_pkg' with the following arguments: {'ament_cmake_args': None, 'build_base': '/home/jsmoon/yax_jeju/build/launch_pkg', 'catkin_cmake_args': None, 'catkin_skip_building_tests': False, 'cmake_args': None, 'cmake_clean_cache': False, 'cmake_clean_first': False, 'cmake_force_configure': False, 'cmake_target': None, 'cmake_target_skip_unavailable': False, 'install_base': '/home/jsmoon/yax_jeju/install/launch_pkg', 'merge_install': False, 'path': '/home/jsmoon/yax_jeju/src/launch_pkg', 'symlink_install': True, 'test_result_base': None}[0m
[0.463s] [34mcolcon.colcon_core.executor[0m [1;30mINFO[0m Executing jobs using 'parallel' executor
[0.464s] [34mcolcon.colcon_parallel_executor.executor.parallel[0m [1;30mDEBUG[0m [32mrun_until_complete[0m
[0.465s] [34mcolcon.colcon_ros.task.ament_cmake.build[0m [1;30mINFO[0m Building ROS package in '/home/jsmoon/yax_jeju/src/RTK_GPS_NTRIP/ublox_serialization' with build type 'ament_cmake'
[0.465s] [34mcolcon.colcon_cmake.task.cmake.build[0m [1;30mINFO[0m Building CMake package in '/home/jsmoon/yax_jeju/src/RTK_GPS_NTRIP/ublox_serialization'
[0.468s] [34mcolcon.colcon_core.plugin_system[0m [1;30mINFO[0m Skipping extension 'colcon_core.shell.bat': Not used on non-Windows systems
[0.468s] [34mcolcon.colcon_core.shell[0m [1;30mINFO[0m Skip shell extension 'powershell' for command environment: Not usable outside of PowerShell
[0.468s] [34mcolcon.colcon_core.shell[0m [1;30mDEBUG[0m [32mSkip shell extension 'dsv' for command environment[0m
[0.471s] [34mcolcon.colcon_ros.task.ament_cmake.build[0m [1;30mINFO[0m Building ROS package in '/home/jsmoon/yax_jeju/src/RTK_GPS_NTRIP/rtcm_msgs' with build type 'ament_cmake'
[0.471s] [34mcolcon.colcon_cmake.task.cmake.build[0m [1;30mINFO[0m Building CMake package in '/home/jsmoon/yax_jeju/src/RTK_GPS_NTRIP/rtcm_msgs'
[0.471s] [34mcolcon.colcon_core.shell[0m [1;30mINFO[0m Skip shell extension 'powershell' for command environment: Not usable outside of PowerShell
[0.471s] [34mcolcon.colcon_core.shell[0m [1;30mDEBUG[0m [32mSkip shell extension 'dsv' for command environment[0m
[0.473s] [34mcolcon.colcon_ros.task.ament_python.build[0m [1;30mINFO[0m Building ROS package in '/home/jsmoon/yax_jeju/src/camera_perception_pkg' with build type 'ament_python'
[0.473s] [34mcolcon.colcon_core.shell[0m [1;30mLevel 1[0m create_environment_hook('camera_perception_pkg', 'ament_prefix_path')
[0.473s] [34mcolcon.colcon_core.shell[0m [1;30mINFO[0m Creating environment hook '/home/jsmoon/yax_jeju/install/camera_perception_pkg/share/camera_perception_pkg/hook/ament_prefix_path.ps1'
[0.474s] [34mcolcon.colcon_core.shell[0m [1;30mINFO[0m Creating environment descriptor '/home/jsmoon/yax_jeju/install/camera_perception_pkg/share/camera_perception_pkg/hook/ament_prefix_path.dsv'
[0.474s] [34mcolcon.colcon_core.shell[0m [1;30mINFO[0m Creating environment hook '/home/jsmoon/yax_jeju/install/camera_perception_pkg/share/camera_perception_pkg/hook/ament_prefix_path.sh'
[0.475s] [34mcolcon.colcon_core.shell[0m [1;30mINFO[0m Skip shell extension 'powershell' for command environment: Not usable outside of PowerShell
[0.475s] [34mcolcon.colcon_core.shell[0m [1;30mDEBUG[0m [32mSkip shell extension 'dsv' for command environment[0m
[0.477s] [34mcolcon.colcon_ros.task.ament_python.build[0m [1;30mINFO[0m Building ROS package in '/home/jsmoon/yax_jeju/src/decision_making_pkg' with build type 'ament_python'
[0.477s] [34mcolcon.colcon_core.shell[0m [1;30mLevel 1[0m create_environment_hook('decision_making_pkg', 'ament_prefix_path')
[0.477s] [34mcolcon.colcon_core.shell[0m [1;30mINFO[0m Creating environment hook '/home/jsmoon/yax_jeju/install/decision_making_pkg/share/decision_making_pkg/hook/ament_prefix_path.ps1'
[0.478s] [34mcolcon.colcon_core.shell[0m [1;30mINFO[0m Creating environment descriptor '/home/jsmoon/yax_jeju/install/decision_making_pkg/share/decision_making_pkg/hook/ament_prefix_path.dsv'
[0.478s] [34mcolcon.colcon_core.shell[0m [1;30mINFO[0m Creating environment hook '/home/jsmoon/yax_jeju/install/decision_making_pkg/share/decision_making_pkg/hook/ament_prefix_path.sh'
[0.478s] [34mcolcon.colcon_core.shell[0m [1;30mINFO[0m Skip shell extension 'powershell' for command environment: Not usable outside of PowerShell
[0.478s] [34mcolcon.colcon_core.shell[0m [1;30mDEBUG[0m [32mSkip shell extension 'dsv' for command environment[0m
[0.483s] [34mcolcon.colcon_ros.task.ament_cmake.build[0m [1;30mINFO[0m Building ROS package in '/home/jsmoon/yax_jeju/src/interfaces_pkg' with build type 'ament_cmake'
[0.483s] [34mcolcon.colcon_cmake.task.cmake.build[0m [1;30mINFO[0m Building CMake package in '/home/jsmoon/yax_jeju/src/interfaces_pkg'
[0.483s] [34mcolcon.colcon_core.shell[0m [1;30mINFO[0m Skip shell extension 'powershell' for command environment: Not usable outside of PowerShell
[0.483s] [34mcolcon.colcon_core.shell[0m [1;30mDEBUG[0m [32mSkip shell extension 'dsv' for command environment[0m
[0.485s] [34mcolcon.colcon_ros.task.ament_python.build[0m [1;30mINFO[0m Building ROS package in '/home/jsmoon/yax_jeju/src/serial_communication_pkg' with build type 'ament_python'
[0.485s] [34mcolcon.colcon_core.shell[0m [1;30mLevel 1[0m create_environment_hook('serial_communication_pkg', 'ament_prefix_path')
[0.486s] [34mcolcon.colcon_core.shell[0m [1;30mINFO[0m Creating environment hook '/home/jsmoon/yax_jeju/install/serial_communication_pkg/share/serial_communication_pkg/hook/ament_prefix_path.ps1'
[0.486s] [34mcolcon.colcon_core.shell[0m [1;30mINFO[0m Creating environment descriptor '/home/jsmoon/yax_jeju/install/serial_communication_pkg/share/serial_communication_pkg/hook/ament_prefix_path.dsv'
[0.486s] [34mcolcon.colcon_core.shell[0m [1;30mINFO[0m Creating environment hook '/home/jsmoon/yax_jeju/install/serial_communication_pkg/share/serial_communication_pkg/hook/ament_prefix_path.sh'
[0.487s] [34mcolcon.colcon_core.shell[0m [1;30mINFO[0m Skip shell extension 'powershell' for command environment: Not usable outside of PowerShell
[0.487s] [34mcolcon.colcon_core.shell[0m [1;30mDEBUG[0m [32mSkip shell extension 'dsv' for command environment[0m
[0.489s] [34mcolcon.colcon_ros.task.ament_cmake.build[0m [1;30mINFO[0m Building ROS package in '/home/jsmoon/yax_jeju/src/ydlidar_ros2_driver' with build type 'ament_cmake'
[0.489s] [34mcolcon.colcon_cmake.task.cmake.build[0m [1;30mINFO[0m Building CMake package in '/home/jsmoon/yax_jeju/src/ydlidar_ros2_driver'
[0.489s] [34mcolcon.colcon_core.shell[0m [1;30mINFO[0m Skip shell extension 'powershell' for command environment: Not usable outside of PowerShell
[0.489s] [34mcolcon.colcon_core.shell[0m [1;30mDEBUG[0m [32mSkip shell extension 'dsv' for command environment[0m
[0.491s] [34mcolcon.colcon_ros.task.ament_python.build[0m [1;30mINFO[0m Building ROS package in '/home/jsmoon/yax_jeju/src/lidar_perception_pkg' with build type 'ament_python'
[0.491s] [34mcolcon.colcon_core.shell[0m [1;30mLevel 1[0m create_environment_hook('lidar_perception_pkg', 'ament_prefix_path')
[0.491s] [34mcolcon.colcon_core.shell[0m [1;30mINFO[0m Creating environment hook '/home/jsmoon/yax_jeju/install/lidar_perception_pkg/share/lidar_perception_pkg/hook/ament_prefix_path.ps1'
[0.492s] [34mcolcon.colcon_core.shell[0m [1;30mINFO[0m Creating environment descriptor '/home/jsmoon/yax_jeju/install/lidar_perception_pkg/share/lidar_perception_pkg/hook/ament_prefix_path.dsv'
[0.492s] [34mcolcon.colcon_core.shell[0m [1;30mINFO[0m Creating environment hook '/home/jsmoon/yax_jeju/install/lidar_perception_pkg/share/lidar_perception_pkg/hook/ament_prefix_path.sh'
[0.492s] [34mcolcon.colcon_core.shell[0m [1;30mINFO[0m Skip shell extension 'powershell' for command environment: Not usable outside of PowerShell
[0.492s] [34mcolcon.colcon_core.shell[0m [1;30mDEBUG[0m [32mSkip shell extension 'dsv' for command environment[0m
[0.494s] [34mcolcon.colcon_ros.task.ament_python.build[0m [1;30mINFO[0m Building ROS package in '/home/jsmoon/yax_jeju/src/RTK_GPS_NTRIP/ntrip_client' with build type 'ament_python'
[0.495s] [34mcolcon.colcon_core.shell[0m [1;30mLevel 1[0m create_environment_hook('ntrip_client', 'ament_prefix_path')
[0.495s] [34mcolcon.colcon_core.shell[0m [1;30mINFO[0m Creating environment hook '/home/jsmoon/yax_jeju/install/ntrip_client/share/ntrip_client/hook/ament_prefix_path.ps1'
[0.495s] [34mcolcon.colcon_core.shell[0m [1;30mINFO[0m Creating environment descriptor '/home/jsmoon/yax_jeju/install/ntrip_client/share/ntrip_client/hook/ament_prefix_path.dsv'
[0.495s] [34mcolcon.colcon_core.shell[0m [1;30mINFO[0m Creating environment hook '/home/jsmoon/yax_jeju/install/ntrip_client/share/ntrip_client/hook/ament_prefix_path.sh'
[0.496s] [34mcolcon.colcon_core.shell[0m [1;30mINFO[0m Skip shell extension 'powershell' for command environment: Not usable outside of PowerShell
[0.496s] [34mcolcon.colcon_core.shell[0m [1;30mDEBUG[0m [32mSkip shell extension 'dsv' for command environment[0m
[0.497s] [34mcolcon.colcon_ros.task.ament_python.build[0m [1;30mINFO[0m Building ROS package in '/home/jsmoon/yax_jeju/src/debug_pkg' with build type 'ament_python'
[0.497s] [34mcolcon.colcon_core.shell[0m [1;30mLevel 1[0m create_environment_hook('debug_pkg', 'ament_prefix_path')
[0.498s] [34mcolcon.colcon_core.shell[0m [1;30mINFO[0m Creating environment hook '/home/jsmoon/yax_jeju/install/debug_pkg/share/debug_pkg/hook/ament_prefix_path.ps1'
[0.498s] [34mcolcon.colcon_core.shell[0m [1;30mINFO[0m Creating environment descriptor '/home/jsmoon/yax_jeju/install/debug_pkg/share/debug_pkg/hook/ament_prefix_path.dsv'
[0.498s] [34mcolcon.colcon_core.shell[0m [1;30mINFO[0m Creating environment hook '/home/jsmoon/yax_jeju/install/debug_pkg/share/debug_pkg/hook/ament_prefix_path.sh'
[0.498s] [34mcolcon.colcon_core.shell[0m [1;30mINFO[0m Skip shell extension 'powershell' for command environment: Not usable outside of PowerShell
[0.498s] [34mcolcon.colcon_core.shell[0m [1;30mDEBUG[0m [32mSkip shell extension 'dsv' for command environment[0m
[0.500s] [34mcolcon.colcon_ros.task.ament_python.build[0m [1;30mINFO[0m Building ROS package in '/home/jsmoon/yax_jeju/src/UTM_conversion/src/latlong_utm' with build type 'ament_python'
[0.500s] [34mcolcon.colcon_core.shell[0m [1;30mLevel 1[0m create_environment_hook('latlong_utm', 'ament_prefix_path')
[0.500s] [34mcolcon.colcon_core.shell[0m [1;30mINFO[0m Creating environment hook '/home/jsmoon/yax_jeju/install/latlong_utm/share/latlong_utm/hook/ament_prefix_path.ps1'
[0.501s] [34mcolcon.colcon_core.shell[0m [1;30mINFO[0m Creating environment descriptor '/home/jsmoon/yax_jeju/install/latlong_utm/share/latlong_utm/hook/ament_prefix_path.dsv'
[0.501s] [34mcolcon.colcon_core.shell[0m [1;30mINFO[0m Creating environment hook '/home/jsmoon/yax_jeju/install/latlong_utm/share/latlong_utm/hook/ament_prefix_path.sh'
[0.501s] [34mcolcon.colcon_core.shell[0m [1;30mINFO[0m Skip shell extension 'powershell' for command environment: Not usable outside of PowerShell
[0.501s] [34mcolcon.colcon_core.shell[0m [1;30mDEBUG[0m [32mSkip shell extension 'dsv' for command environment[0m
[0.507s] [34mcolcon.colcon_core.event_handler.log_command[0m [1;30mDEBUG[0m [32mInvoking command in '/home/jsmoon/yax_jeju/build/ublox_serialization': CMAKE_PREFIX_PATH=${CMAKE_PREFIX_PATH}:/opt/ros/humble /usr/bin/cmake /home/jsmoon/yax_jeju/src/RTK_GPS_NTRIP/ublox_serialization -DAMENT_CMAKE_SYMLINK_INSTALL=1 -DCMAKE_INSTALL_PREFIX=/home/jsmoon/yax_jeju/install/ublox_serialization[0m
[0.511s] [34mcolcon.colcon_core.event_handler.log_command[0m [1;30mDEBUG[0m [32mInvoking command in '/home/jsmoon/yax_jeju/build/rtcm_msgs': CMAKE_PREFIX_PATH=${CMAKE_PREFIX_PATH}:/opt/ros/humble /usr/bin/cmake /home/jsmoon/yax_jeju/src/RTK_GPS_NTRIP/rtcm_msgs -DAMENT_CMAKE_SYMLINK_INSTALL=1 -DCMAKE_INSTALL_PREFIX=/home/jsmoon/yax_jeju/install/rtcm_msgs[0m
[0.711s] [34mcolcon.colcon_core.task.python.build[0m [1;30mINFO[0m Building Python package in '/home/jsmoon/yax_jeju/src/camera_perception_pkg'
[0.712s] [34mcolcon.colcon_core.shell[0m [1;30mINFO[0m Skip shell extension 'powershell' for command environment: Not usable outside of PowerShell
[0.712s] [34mcolcon.colcon_core.shell[0m [1;30mDEBUG[0m [32mSkip shell extension 'dsv' for command environment[0m
[0.926s] [34mcolcon.colcon_core.task.python.build[0m [1;30mINFO[0m Building Python package in '/home/jsmoon/yax_jeju/src/decision_making_pkg'
[0.926s] [34mcolcon.colcon_core.shell[0m [1;30mINFO[0m Skip shell extension 'powershell' for command environment: Not usable outside of PowerShell
[0.926s] [34mcolcon.colcon_core.shell[0m [1;30mDEBUG[0m [32mSkip shell extension 'dsv' for command environment[0m
[0.931s] [34mcolcon.colcon_core.event_handler.log_command[0m [1;30mDEBUG[0m [32mInvoking command in '/home/jsmoon/yax_jeju/build/interfaces_pkg': CMAKE_PREFIX_PATH=${CMAKE_PREFIX_PATH}:/opt/ros/humble /usr/bin/cmake /home/jsmoon/yax_jeju/src/interfaces_pkg -DAMENT_CMAKE_SYMLINK_INSTALL=1 -DCMAKE_INSTALL_PREFIX=/home/jsmoon/yax_jeju/install/interfaces_pkg[0m
[1.161s] [34mcolcon.colcon_core.task.python.build[0m [1;30mINFO[0m Building Python package in '/home/jsmoon/yax_jeju/src/serial_communication_pkg'
[1.162s] [34mcolcon.colcon_core.shell[0m [1;30mINFO[0m Skip shell extension 'powershell' for command environment: Not usable outside of PowerShell
[1.162s] [34mcolcon.colcon_core.shell[0m [1;30mDEBUG[0m [32mSkip shell extension 'dsv' for command environment[0m
[1.167s] [34mcolcon.colcon_core.event_handler.log_command[0m [1;30mDEBUG[0m [32mInvoking command in '/home/jsmoon/yax_jeju/build/ydlidar_ros2_driver': CMAKE_PREFIX_PATH=${CMAKE_PREFIX_PATH}:/opt/ros/humble /usr/bin/cmake /home/jsmoon/yax_jeju/src/ydlidar_ros2_driver -DAMENT_CMAKE_SYMLINK_INSTALL=1 -DCMAKE_INSTALL_PREFIX=/home/jsmoon/yax_jeju/install/ydlidar_ros2_driver[0m
[1.406s] [34mcolcon.colcon_core.task.python.build[0m [1;30mINFO[0m Building Python package in '/home/jsmoon/yax_jeju/src/lidar_perception_pkg'
[1.407s] [34mcolcon.colcon_core.shell[0m [1;30mINFO[0m Skip shell extension 'powershell' for command environment: Not usable outside of PowerShell
[1.407s] [34mcolcon.colcon_core.shell[0m [1;30mDEBUG[0m [32mSkip shell extension 'dsv' for command environment[0m
[1.645s] [34mcolcon.colcon_core.task.python.build[0m [1;30mINFO[0m Building Python package in '/home/jsmoon/yax_jeju/src/RTK_GPS_NTRIP/ntrip_client'
[1.645s] [34mcolcon.colcon_core.shell[0m [1;30mINFO[0m Skip shell extension 'powershell' for command environment: Not usable outside of PowerShell
[1.645s] [34mcolcon.colcon_core.shell[0m [1;30mDEBUG[0m [32mSkip shell extension 'dsv' for command environment[0m
[1.848s] [34mcolcon.colcon_core.task.python.build[0m [1;30mINFO[0m Building Python package in '/home/jsmoon/yax_jeju/src/debug_pkg'
[1.848s] [34mcolcon.colcon_core.shell[0m [1;30mINFO[0m Skip shell extension 'powershell' for command environment: Not usable outside of PowerShell
[1.848s] [34mcolcon.colcon_core.shell[0m [1;30mDEBUG[0m [32mSkip shell extension 'dsv' for command environment[0m
[2.076s] [34mcolcon.colcon_core.task.python.build[0m [1;30mINFO[0m Building Python package in '/home/jsmoon/yax_jeju/src/UTM_conversion/src/latlong_utm'
[2.076s] [34mcolcon.colcon_core.shell[0m [1;30mINFO[0m Skip shell extension 'powershell' for command environment: Not usable outside of PowerShell
[2.077s] [34mcolcon.colcon_core.shell[0m [1;30mDEBUG[0m [32mSkip shell extension 'dsv' for command environment[0m
[2.084s] [34mcolcon.colcon_core.event_handler.log_command[0m [1;30mDEBUG[0m [32mInvoked command in '/home/jsmoon/yax_jeju/build/ublox_serialization' returned '0': CMAKE_PREFIX_PATH=${CMAKE_PREFIX_PATH}:/opt/ros/humble /usr/bin/cmake /home/jsmoon/yax_jeju/src/RTK_GPS_NTRIP/ublox_serialization -DAMENT_CMAKE_SYMLINK_INSTALL=1 -DCMAKE_INSTALL_PREFIX=/home/jsmoon/yax_jeju/install/ublox_serialization[0m
[2.085s] [34mcolcon.colcon_core.event_handler.log_command[0m [1;30mDEBUG[0m [32mInvoking command in '/home/jsmoon/yax_jeju/build/ublox_serialization': CMAKE_PREFIX_PATH=${CMAKE_PREFIX_PATH}:/opt/ros/humble /usr/bin/cmake --build /home/jsmoon/yax_jeju/build/ublox_serialization -- -j16 -l16[0m
[2.137s] [34mcolcon.colcon_core.event_handler.log_command[0m [1;30mDEBUG[0m [32mInvoked command in '/home/jsmoon/yax_jeju/build/ublox_serialization' returned '0': CMAKE_PREFIX_PATH=${CMAKE_PREFIX_PATH}:/opt/ros/humble /usr/bin/cmake --build /home/jsmoon/yax_jeju/build/ublox_serialization -- -j16 -l16[0m
[2.155s] [34mcolcon.colcon_core.event_handler.log_command[0m [1;30mDEBUG[0m [32mInvoking command in '/home/jsmoon/yax_jeju/build/ublox_serialization': CMAKE_PREFIX_PATH=${CMAKE_PREFIX_PATH}:/opt/ros/humble /usr/bin/cmake --install /home/jsmoon/yax_jeju/build/ublox_serialization[0m
[2.443s] [34mcolcon.colcon_core.environment[0m [1;30mLevel 1[0m create_environment_scripts_only(ublox_serialization)
[2.445s] [34mcolcon.colcon_core.event_handler.log_command[0m [1;30mDEBUG[0m [32mInvoked command in '/home/jsmoon/yax_jeju/build/ublox_serialization' returned '0': CMAKE_PREFIX_PATH=${CMAKE_PREFIX_PATH}:/opt/ros/humble /usr/bin/cmake --install /home/jsmoon/yax_jeju/build/ublox_serialization[0m
[2.450s] [34mcolcon.colcon_core.environment[0m [1;30mLevel 1[0m checking '/home/jsmoon/yax_jeju/install/ublox_serialization' for CMake module files
[2.450s] [34mcolcon.colcon_core.environment[0m [1;30mLevel 1[0m checking '/home/jsmoon/yax_jeju/install/ublox_serialization' for CMake config files
[2.451s] [34mcolcon.colcon_core.shell[0m [1;30mLevel 1[0m create_environment_hook('ublox_serialization', 'cmake_prefix_path')
[2.452s] [34mcolcon.colcon_core.shell[0m [1;30mINFO[0m Creating environment hook '/home/jsmoon/yax_jeju/install/ublox_serialization/share/ublox_serialization/hook/cmake_prefix_path.ps1'
[2.453s] [34mcolcon.colcon_core.shell[0m [1;30mINFO[0m Creating environment descriptor '/home/jsmoon/yax_jeju/install/ublox_serialization/share/ublox_serialization/hook/cmake_prefix_path.dsv'
[2.453s] [34mcolcon.colcon_core.shell[0m [1;30mINFO[0m Creating environment hook '/home/jsmoon/yax_jeju/install/ublox_serialization/share/ublox_serialization/hook/cmake_prefix_path.sh'
[2.454s] [34mcolcon.colcon_core.environment[0m [1;30mLevel 1[0m checking '/home/jsmoon/yax_jeju/install/ublox_serialization/bin'
[2.454s] [34mcolcon.colcon_core.environment[0m [1;30mLevel 1[0m checking '/home/jsmoon/yax_jeju/install/ublox_serialization/lib/pkgconfig/ublox_serialization.pc'
[2.454s] [34mcolcon.colcon_core.environment[0m [1;30mLevel 1[0m checking '/home/jsmoon/yax_jeju/install/ublox_serialization/lib/python3.10/site-packages'
[2.454s] [34mcolcon.colcon_core.environment[0m [1;30mLevel 1[0m checking '/home/jsmoon/yax_jeju/install/ublox_serialization/bin'
[2.455s] [34mcolcon.colcon_core.shell[0m [1;30mINFO[0m Creating package script '/home/jsmoon/yax_jeju/install/ublox_serialization/share/ublox_serialization/package.ps1'
[2.456s] [34mcolcon.colcon_core.shell[0m [1;30mINFO[0m Creating package descriptor '/home/jsmoon/yax_jeju/install/ublox_serialization/share/ublox_serialization/package.dsv'
[2.457s] [34mcolcon.colcon_core.shell[0m [1;30mINFO[0m Creating package script '/home/jsmoon/yax_jeju/install/ublox_serialization/share/ublox_serialization/package.sh'
[2.457s] [34mcolcon.colcon_core.shell[0m [1;30mINFO[0m Creating package script '/home/jsmoon/yax_jeju/install/ublox_serialization/share/ublox_serialization/package.bash'
[2.458s] [34mcolcon.colcon_core.shell[0m [1;30mINFO[0m Creating package script '/home/jsmoon/yax_jeju/install/ublox_serialization/share/ublox_serialization/package.zsh'
[2.459s] [34mcolcon.colcon_core.environment[0m [1;30mLevel 1[0m create_file_with_runtime_dependencies(/home/jsmoon/yax_jeju/install/ublox_serialization/share/colcon-core/packages/ublox_serialization)
[2.460s] [34mcolcon.colcon_core.environment[0m [1;30mLevel 1[0m create_environment_scripts_only(ublox_serialization)
[2.460s] [34mcolcon.colcon_core.environment[0m [1;30mLevel 1[0m checking '/home/jsmoon/yax_jeju/install/ublox_serialization' for CMake module files
[2.460s] [34mcolcon.colcon_core.environment[0m [1;30mLevel 1[0m checking '/home/jsmoon/yax_jeju/install/ublox_serialization' for CMake config files
[2.461s] [34mcolcon.colcon_core.shell[0m [1;30mLevel 1[0m create_environment_hook('ublox_serialization', 'cmake_prefix_path')
[2.461s] [34mcolcon.colcon_core.shell[0m [1;30mINFO[0m Creating environment hook '/home/jsmoon/yax_jeju/install/ublox_serialization/share/ublox_serialization/hook/cmake_prefix_path.ps1'
[2.461s] [34mcolcon.colcon_core.shell[0m [1;30mINFO[0m Creating environment descriptor '/home/jsmoon/yax_jeju/install/ublox_serialization/share/ublox_serialization/hook/cmake_prefix_path.dsv'
[2.462s] [34mcolcon.colcon_core.shell[0m [1;30mINFO[0m Creating environment hook '/home/jsmoon/yax_jeju/install/ublox_serialization/share/ublox_serialization/hook/cmake_prefix_path.sh'
[2.462s] [34mcolcon.colcon_core.environment[0m [1;30mLevel 1[0m checking '/home/jsmoon/yax_jeju/install/ublox_serialization/bin'
[2.462s] [34mcolcon.colcon_core.environment[0m [1;30mLevel 1[0m checking '/home/jsmoon/yax_jeju/install/ublox_serialization/lib/pkgconfig/ublox_serialization.pc'
[2.463s] [34mcolcon.colcon_core.environment[0m [1;30mLevel 1[0m checking '/home/jsmoon/yax_jeju/install/ublox_serialization/lib/python3.10/site-packages'
[2.463s] [34mcolcon.colcon_core.environment[0m [1;30mLevel 1[0m checking '/home/jsmoon/yax_jeju/install/ublox_serialization/bin'
[2.463s] [34mcolcon.colcon_core.shell[0m [1;30mINFO[0m Creating package script '/home/jsmoon/yax_jeju/install/ublox_serialization/share/ublox_serialization/package.ps1'
[2.464s] [34mcolcon.colcon_core.shell[0m [1;30mINFO[0m Creating package descriptor '/home/jsmoon/yax_jeju/install/ublox_serialization/share/ublox_serialization/package.dsv'
[2.465s] [34mcolcon.colcon_core.shell[0m [1;30mINFO[0m Creating package script '/home/jsmoon/yax_jeju/install/ublox_serialization/share/ublox_serialization/package.sh'
[2.465s] [34mcolcon.colcon_core.shell[0m [1;30mINFO[0m Creating package script '/home/jsmoon/yax_jeju/install/ublox_serialization/share/ublox_serialization/package.bash'
[2.465s] [34mcolcon.colcon_core.shell[0m [1;30mINFO[0m Creating package script '/home/jsmoon/yax_jeju/install/ublox_serialization/share/ublox_serialization/package.zsh'
[2.466s] [34mcolcon.colcon_core.environment[0m [1;30mLevel 1[0m create_file_with_runtime_dependencies(/home/jsmoon/yax_jeju/install/ublox_serialization/share/colcon-core/packages/ublox_serialization)
[2.466s] [34mcolcon.colcon_ros.task.ament_cmake.build[0m [1;30mINFO[0m Building ROS package in '/home/jsmoon/yax_jeju/src/RTK_GPS_NTRIP/ublox_msgs' with build type 'ament_cmake'
[2.467s] [34mcolcon.colcon_cmake.task.cmake.build[0m [1;30mINFO[0m Building CMake package in '/home/jsmoon/yax_jeju/src/RTK_GPS_NTRIP/ublox_msgs'
[2.467s] [34mcolcon.colcon_core.shell[0m [1;30mINFO[0m Skip shell extension 'powershell' for command environment: Not usable outside of PowerShell
[2.467s] [34mcolcon.colcon_core.shell[0m [1;30mDEBUG[0m [32mSkip shell extension 'dsv' for command environment[0m
[2.476s] [34mcolcon.colcon_core.event_handler.log_command[0m [1;30mDEBUG[0m [32mInvoking command in '/home/jsmoon/yax_jeju/build/ublox_msgs': AMENT_PREFIX_PATH=/home/jsmoon/yax_jeju/install/ublox_serialization:${AMENT_PREFIX_PATH} CMAKE_PREFIX_PATH=/home/jsmoon/yax_jeju/install/ublox_serialization:/home/jsmoon/ydlidar_ws/install/ydlidar_ros2_driver:/opt/ros/humble /usr/bin/cmake /home/jsmoon/yax_jeju/src/RTK_GPS_NTRIP/ublox_msgs -DAMENT_CMAKE_SYMLINK_INSTALL=1 -DCMAKE_INSTALL_PREFIX=/home/jsmoon/yax_jeju/install/ublox_msgs[0m
[2.677s] [34mcolcon.colcon_core.event_handler.log_command[0m [1;30mDEBUG[0m [32mInvoking command in '/home/jsmoon/yax_jeju/build/camera_perception_pkg': PYTHONPATH=/home/jsmoon/yax_jeju/build/camera_perception_pkg/prefix_override:/usr/lib/python3/dist-packages/colcon_core/task/python/colcon_distutils_commands:/home/jsmoon/yax_jeju/install/camera_perception_pkg/lib/python3.10/site-packages:${PYTHONPATH} /usr/bin/python3 -W ignore:setup.py install is deprecated -W ignore:easy_install command is deprecated setup.py develop --editable --build-directory /home/jsmoon/yax_jeju/build/camera_perception_pkg/build --no-deps symlink_data[0m
[2.683s] [34mcolcon.colcon_core.event_handler.log_command[0m [1;30mDEBUG[0m [32mInvoking command in '/home/jsmoon/yax_jeju/build/debug_pkg': PYTHONPATH=/home/jsmoon/yax_jeju/build/debug_pkg/prefix_override:/usr/lib/python3/dist-packages/colcon_core/task/python/colcon_distutils_commands:/home/jsmoon/yax_jeju/install/debug_pkg/lib/python3.10/site-packages:${PYTHONPATH} /usr/bin/python3 -W ignore:setup.py install is deprecated -W ignore:easy_install command is deprecated setup.py develop --editable --build-directory /home/jsmoon/yax_jeju/build/debug_pkg/build --no-deps symlink_data[0m
[2.686s] [34mcolcon.colcon_core.event_handler.log_command[0m [1;30mDEBUG[0m [32mInvoking command in '/home/jsmoon/yax_jeju/build/ntrip_client': PYTHONPATH=/home/jsmoon/yax_jeju/build/ntrip_client/prefix_override:/usr/lib/python3/dist-packages/colcon_core/task/python/colcon_distutils_commands:/home/jsmoon/yax_jeju/install/ntrip_client/lib/python3.10/site-packages:${PYTHONPATH} /usr/bin/python3 -W ignore:setup.py install is deprecated -W ignore:easy_install command is deprecated setup.py develop --editable --build-directory /home/jsmoon/yax_jeju/build/ntrip_client/build --no-deps symlink_data[0m
[2.707s] [34mcolcon.colcon_core.event_handler.log_command[0m [1;30mDEBUG[0m [32mInvoking command in '/home/jsmoon/yax_jeju/build/decision_making_pkg': PYTHONPATH=/home/jsmoon/yax_jeju/build/decision_making_pkg/prefix_override:/usr/lib/python3/dist-packages/colcon_core/task/python/colcon_distutils_commands:/home/jsmoon/yax_jeju/install/decision_making_pkg/lib/python3.10/site-packages:${PYTHONPATH} /usr/bin/python3 -W ignore:setup.py install is deprecated -W ignore:easy_install command is deprecated setup.py develop --editable --build-directory /home/jsmoon/yax_jeju/build/decision_making_pkg/build --no-deps symlink_data[0m
[2.711s] [34mcolcon.colcon_core.event_handler.log_command[0m [1;30mDEBUG[0m [32mInvoking command in '/home/jsmoon/yax_jeju/build/serial_communication_pkg': PYTHONPATH=/home/jsmoon/yax_jeju/build/serial_communication_pkg/prefix_override:/usr/lib/python3/dist-packages/colcon_core/task/python/colcon_distutils_commands:/home/jsmoon/yax_jeju/install/serial_communication_pkg/lib/python3.10/site-packages:${PYTHONPATH} /usr/bin/python3 -W ignore:setup.py install is deprecated -W ignore:easy_install command is deprecated setup.py develop --editable --build-directory /home/jsmoon/yax_jeju/build/serial_communication_pkg/build --no-deps symlink_data[0m
[2.717s] [34mcolcon.colcon_core.event_handler.log_command[0m [1;30mDEBUG[0m [32mInvoking command in '/home/jsmoon/yax_jeju/build/lidar_perception_pkg': PYTHONPATH=/home/jsmoon/yax_jeju/build/lidar_perception_pkg/prefix_override:/usr/lib/python3/dist-packages/colcon_core/task/python/colcon_distutils_commands:/home/jsmoon/yax_jeju/install/lidar_perception_pkg/lib/python3.10/site-packages:${PYTHONPATH} /usr/bin/python3 -W ignore:setup.py install is deprecated -W ignore:easy_install command is deprecated setup.py develop --editable --build-directory /home/jsmoon/yax_jeju/build/lidar_perception_pkg/build --no-deps symlink_data[0m
[2.734s] [34mcolcon.colcon_core.event_handler.log_command[0m [1;30mDEBUG[0m [32mInvoking command in '/home/jsmoon/yax_jeju/build/latlong_utm': PYTHONPATH=/home/jsmoon/yax_jeju/build/latlong_utm/prefix_override:/usr/lib/python3/dist-packages/colcon_core/task/python/colcon_distutils_commands:/home/jsmoon/yax_jeju/install/latlong_utm/lib/python3.10/site-packages:${PYTHONPATH} /usr/bin/python3 -W ignore:setup.py install is deprecated -W ignore:easy_install command is deprecated setup.py develop --editable --build-directory /home/jsmoon/yax_jeju/build/latlong_utm/build --no-deps symlink_data[0m
[3.028s] [34mcolcon.colcon_core.event_handler.log_command[0m [1;30mDEBUG[0m [32mInvoked command in '/home/jsmoon/yax_jeju/build/ydlidar_ros2_driver' returned '0': CMAKE_PREFIX_PATH=${CMAKE_PREFIX_PATH}:/opt/ros/humble /usr/bin/cmake /home/jsmoon/yax_jeju/src/ydlidar_ros2_driver -DAMENT_CMAKE_SYMLINK_INSTALL=1 -DCMAKE_INSTALL_PREFIX=/home/jsmoon/yax_jeju/install/ydlidar_ros2_driver[0m
[3.030s] [34mcolcon.colcon_core.event_handler.log_command[0m [1;30mDEBUG[0m [32mInvoking command in '/home/jsmoon/yax_jeju/build/ydlidar_ros2_driver': CMAKE_PREFIX_PATH=${CMAKE_PREFIX_PATH}:/opt/ros/humble /usr/bin/cmake --build /home/jsmoon/yax_jeju/build/ydlidar_ros2_driver -- -j16 -l16[0m
[3.210s] [34mcolcon.colcon_core.shell[0m [1;30mLevel 1[0m create_environment_hook('ntrip_client', 'pythonpath_develop')
[3.210s] [34mcolcon.colcon_core.shell[0m [1;30mINFO[0m Creating environment hook '/home/jsmoon/yax_jeju/build/ntrip_client/src/share/ntrip_client/hook/pythonpath_develop.ps1'
[3.211s] [34mcolcon.colcon_core.event_handler.log_command[0m [1;30mDEBUG[0m [32mInvoked command in '/home/jsmoon/yax_jeju/build/ntrip_client' returned '0': PYTHONPATH=/home/jsmoon/yax_jeju/build/ntrip_client/prefix_override:/usr/lib/python3/dist-packages/colcon_core/task/python/colcon_distutils_commands:/home/jsmoon/yax_jeju/install/ntrip_client/lib/python3.10/site-packages:${PYTHONPATH} /usr/bin/python3 -W ignore:setup.py install is deprecated -W ignore:easy_install command is deprecated setup.py develop --editable --build-directory /home/jsmoon/yax_jeju/build/ntrip_client/build --no-deps symlink_data[0m
[3.211s] [34mcolcon.colcon_core.shell[0m [1;30mINFO[0m Creating environment descriptor '/home/jsmoon/yax_jeju/build/ntrip_client/src/share/ntrip_client/hook/pythonpath_develop.dsv'
[3.212s] [34mcolcon.colcon_core.shell[0m [1;30mINFO[0m Creating environment hook '/home/jsmoon/yax_jeju/build/ntrip_client/src/share/ntrip_client/hook/pythonpath_develop.sh'
[3.212s] [34mcolcon.colcon_core.environment[0m [1;30mLevel 1[0m checking '/home/jsmoon/yax_jeju/install/ntrip_client' for CMake module files
[3.213s] [34mcolcon.colcon_core.environment[0m [1;30mLevel 1[0m checking '/home/jsmoon/yax_jeju/install/ntrip_client' for CMake config files
[3.213s] [34mcolcon.colcon_core.environment[0m [1;30mLevel 1[0m checking '/home/jsmoon/yax_jeju/install/ntrip_client/lib'
[3.213s] [34mcolcon.colcon_core.environment[0m [1;30mLevel 1[0m checking '/home/jsmoon/yax_jeju/install/ntrip_client/bin'
[3.214s] [34mcolcon.colcon_core.environment[0m [1;30mLevel 1[0m checking '/home/jsmoon/yax_jeju/install/ntrip_client/lib/pkgconfig/ntrip_client.pc'
[3.214s] [34mcolcon.colcon_core.environment[0m [1;30mLevel 1[0m checking '/home/jsmoon/yax_jeju/install/ntrip_client/lib/python3.10/site-packages'
[3.214s] [34mcolcon.colcon_core.shell[0m [1;30mLevel 1[0m create_environment_hook('ntrip_client', 'pythonpath')
[3.214s] [34mcolcon.colcon_core.shell[0m [1;30mINFO[0m Creating environment hook '/home/jsmoon/yax_jeju/install/ntrip_client/share/ntrip_client/hook/pythonpath.ps1'
[3.214s] [34mcolcon.colcon_core.shell[0m [1;30mINFO[0m Creating environment descriptor '/home/jsmoon/yax_jeju/install/ntrip_client/share/ntrip_client/hook/pythonpath.dsv'
[3.215s] [34mcolcon.colcon_core.shell[0m [1;30mINFO[0m Creating environment hook '/home/jsmoon/yax_jeju/install/ntrip_client/share/ntrip_client/hook/pythonpath.sh'
[3.215s] [34mcolcon.colcon_core.environment[0m [1;30mLevel 1[0m checking '/home/jsmoon/yax_jeju/install/ntrip_client/bin'
[3.215s] [34mcolcon.colcon_core.environment[0m [1;30mLevel 1[0m create_environment_scripts_only(ntrip_client)
[3.216s] [34mcolcon.colcon_core.shell[0m [1;30mINFO[0m Creating package script '/home/jsmoon/yax_jeju/install/ntrip_client/share/ntrip_client/package.ps1'
[3.216s] [34mcolcon.colcon_core.shell[0m [1;30mINFO[0m Creating package descriptor '/home/jsmoon/yax_jeju/install/ntrip_client/share/ntrip_client/package.dsv'
[3.216s] [34mcolcon.colcon_core.shell[0m [1;30mINFO[0m Creating package script '/home/jsmoon/yax_jeju/install/ntrip_client/share/ntrip_client/package.sh'
[3.217s] [34mcolcon.colcon_core.shell[0m [1;30mINFO[0m Creating package script '/home/jsmoon/yax_jeju/install/ntrip_client/share/ntrip_client/package.bash'
[3.217s] [34mcolcon.colcon_core.shell[0m [1;30mINFO[0m Creating package script '/home/jsmoon/yax_jeju/install/ntrip_client/share/ntrip_client/package.zsh'
[3.217s] [34mcolcon.colcon_core.environment[0m [1;30mLevel 1[0m create_file_with_runtime_dependencies(/home/jsmoon/yax_jeju/install/ntrip_client/share/colcon-core/packages/ntrip_client)
[3.218s] [34mcolcon.colcon_core.shell[0m [1;30mLevel 1[0m create_environment_hook('debug_pkg', 'pythonpath_develop')
[3.219s] [34mcolcon.colcon_core.shell[0m [1;30mINFO[0m Creating environment hook '/home/jsmoon/yax_jeju/build/debug_pkg/share/debug_pkg/hook/pythonpath_develop.ps1'
[3.219s] [34mcolcon.colcon_core.event_handler.log_command[0m [1;30mDEBUG[0m [32mInvoked command in '/home/jsmoon/yax_jeju/build/debug_pkg' returned '0': PYTHONPATH=/home/jsmoon/yax_jeju/build/debug_pkg/prefix_override:/usr/lib/python3/dist-packages/colcon_core/task/python/colcon_distutils_commands:/home/jsmoon/yax_jeju/install/debug_pkg/lib/python3.10/site-packages:${PYTHONPATH} /usr/bin/python3 -W ignore:setup.py install is deprecated -W ignore:easy_install command is deprecated setup.py develop --editable --build-directory /home/jsmoon/yax_jeju/build/debug_pkg/build --no-deps symlink_data[0m
[3.219s] [34mcolcon.colcon_core.shell[0m [1;30mINFO[0m Creating environment descriptor '/home/jsmoon/yax_jeju/build/debug_pkg/share/debug_pkg/hook/pythonpath_develop.dsv'
[3.220s] [34mcolcon.colcon_core.shell[0m [1;30mINFO[0m Creating environment hook '/home/jsmoon/yax_jeju/build/debug_pkg/share/debug_pkg/hook/pythonpath_develop.sh'
[3.220s] [34mcolcon.colcon_core.environment[0m [1;30mLevel 1[0m checking '/home/jsmoon/yax_jeju/install/debug_pkg' for CMake module files
[3.221s] [34mcolcon.colcon_core.environment[0m [1;30mLevel 1[0m checking '/home/jsmoon/yax_jeju/install/debug_pkg' for CMake config files
[3.221s] [34mcolcon.colcon_core.environment[0m [1;30mLevel 1[0m checking '/home/jsmoon/yax_jeju/install/debug_pkg/lib'
[3.221s] [34mcolcon.colcon_core.environment[0m [1;30mLevel 1[0m checking '/home/jsmoon/yax_jeju/install/debug_pkg/bin'
[3.221s] [34mcolcon.colcon_core.environment[0m [1;30mLevel 1[0m checking '/home/jsmoon/yax_jeju/install/debug_pkg/lib/pkgconfig/debug_pkg.pc'
[3.221s] [34mcolcon.colcon_core.environment[0m [1;30mLevel 1[0m checking '/home/jsmoon/yax_jeju/install/debug_pkg/lib/python3.10/site-packages'
[3.221s] [34mcolcon.colcon_core.shell[0m [1;30mLevel 1[0m create_environment_hook('debug_pkg', 'pythonpath')
[3.222s] [34mcolcon.colcon_core.shell[0m [1;30mINFO[0m Creating environment hook '/home/jsmoon/yax_jeju/install/debug_pkg/share/debug_pkg/hook/pythonpath.ps1'
[3.222s] [34mcolcon.colcon_core.shell[0m [1;30mINFO[0m Creating environment descriptor '/home/jsmoon/yax_jeju/install/debug_pkg/share/debug_pkg/hook/pythonpath.dsv'
[3.222s] [34mcolcon.colcon_core.shell[0m [1;30mINFO[0m Creating environment hook '/home/jsmoon/yax_jeju/install/debug_pkg/share/debug_pkg/hook/pythonpath.sh'
[3.223s] [34mcolcon.colcon_core.environment[0m [1;30mLevel 1[0m checking '/home/jsmoon/yax_jeju/install/debug_pkg/bin'
[3.223s] [34mcolcon.colcon_core.environment[0m [1;30mLevel 1[0m create_environment_scripts_only(debug_pkg)
[3.223s] [34mcolcon.colcon_core.shell[0m [1;30mINFO[0m Creating package script '/home/jsmoon/yax_jeju/install/debug_pkg/share/debug_pkg/package.ps1'
[3.224s] [34mcolcon.colcon_core.shell[0m [1;30mINFO[0m Creating package descriptor '/home/jsmoon/yax_jeju/install/debug_pkg/share/debug_pkg/package.dsv'
[3.224s] [34mcolcon.colcon_core.shell[0m [1;30mINFO[0m Creating package script '/home/jsmoon/yax_jeju/install/debug_pkg/share/debug_pkg/package.sh'
[3.224s] [34mcolcon.colcon_core.shell[0m [1;30mINFO[0m Creating package script '/home/jsmoon/yax_jeju/install/debug_pkg/share/debug_pkg/package.bash'
[3.225s] [34mcolcon.colcon_core.shell[0m [1;30mINFO[0m Creating package script '/home/jsmoon/yax_jeju/install/debug_pkg/share/debug_pkg/package.zsh'
[3.225s] [34mcolcon.colcon_core.environment[0m [1;30mLevel 1[0m create_file_with_runtime_dependencies(/home/jsmoon/yax_jeju/install/debug_pkg/share/colcon-core/packages/debug_pkg)
[3.226s] [34mcolcon.colcon_core.shell[0m [1;30mLevel 1[0m create_environment_hook('lidar_perception_pkg', 'pythonpath_develop')
[3.226s] [34mcolcon.colcon_core.shell[0m [1;30mINFO[0m Creating environment hook '/home/jsmoon/yax_jeju/build/lidar_perception_pkg/share/lidar_perception_pkg/hook/pythonpath_develop.ps1'
[3.226s] [34mcolcon.colcon_core.event_handler.log_command[0m [1;30mDEBUG[0m [32mInvoked command in '/home/jsmoon/yax_jeju/build/lidar_perception_pkg' returned '0': PYTHONPATH=/home/jsmoon/yax_jeju/build/lidar_perception_pkg/prefix_override:/usr/lib/python3/dist-packages/colcon_core/task/python/colcon_distutils_commands:/home/jsmoon/yax_jeju/install/lidar_perception_pkg/lib/python3.10/site-packages:${PYTHONPATH} /usr/bin/python3 -W ignore:setup.py install is deprecated -W ignore:easy_install command is deprecated setup.py develop --editable --build-directory /home/jsmoon/yax_jeju/build/lidar_perception_pkg/build --no-deps symlink_data[0m
[3.227s] [34mcolcon.colcon_core.shell[0m [1;30mINFO[0m Creating environment descriptor '/home/jsmoon/yax_jeju/build/lidar_perception_pkg/share/lidar_perception_pkg/hook/pythonpath_develop.dsv'
[3.227s] [34mcolcon.colcon_core.shell[0m [1;30mINFO[0m Creating environment hook '/home/jsmoon/yax_jeju/build/lidar_perception_pkg/share/lidar_perception_pkg/hook/pythonpath_develop.sh'
[3.227s] [34mcolcon.colcon_core.environment[0m [1;30mLevel 1[0m checking '/home/jsmoon/yax_jeju/install/lidar_perception_pkg' for CMake module files
[3.228s] [34mcolcon.colcon_core.environment[0m [1;30mLevel 1[0m checking '/home/jsmoon/yax_jeju/install/lidar_perception_pkg' for CMake config files
[3.228s] [34mcolcon.colcon_core.environment[0m [1;30mLevel 1[0m checking '/home/jsmoon/yax_jeju/install/lidar_perception_pkg/lib'
[3.228s] [34mcolcon.colcon_core.environment[0m [1;30mLevel 1[0m checking '/home/jsmoon/yax_jeju/install/lidar_perception_pkg/bin'
[3.228s] [34mcolcon.colcon_core.environment[0m [1;30mLevel 1[0m checking '/home/jsmoon/yax_jeju/install/lidar_perception_pkg/lib/pkgconfig/lidar_perception_pkg.pc'
[3.228s] [34mcolcon.colcon_core.environment[0m [1;30mLevel 1[0m checking '/home/jsmoon/yax_jeju/install/lidar_perception_pkg/lib/python3.10/site-packages'
[3.228s] [34mcolcon.colcon_core.shell[0m [1;30mLevel 1[0m create_environment_hook('lidar_perception_pkg', 'pythonpath')
[3.229s] [34mcolcon.colcon_core.shell[0m [1;30mINFO[0m Creating environment hook '/home/jsmoon/yax_jeju/install/lidar_perception_pkg/share/lidar_perception_pkg/hook/pythonpath.ps1'
[3.229s] [34mcolcon.colcon_core.shell[0m [1;30mINFO[0m Creating environment descriptor '/home/jsmoon/yax_jeju/install/lidar_perception_pkg/share/lidar_perception_pkg/hook/pythonpath.dsv'
[3.229s] [34mcolcon.colcon_core.shell[0m [1;30mINFO[0m Creating environment hook '/home/jsmoon/yax_jeju/install/lidar_perception_pkg/share/lidar_perception_pkg/hook/pythonpath.sh'
[3.230s] [34mcolcon.colcon_core.environment[0m [1;30mLevel 1[0m checking '/home/jsmoon/yax_jeju/install/lidar_perception_pkg/bin'
[3.230s] [34mcolcon.colcon_core.environment[0m [1;30mLevel 1[0m create_environment_scripts_only(lidar_perception_pkg)
[3.230s] [34mcolcon.colcon_core.shell[0m [1;30mINFO[0m Creating package script '/home/jsmoon/yax_jeju/install/lidar_perception_pkg/share/lidar_perception_pkg/package.ps1'
[3.231s] [34mcolcon.colcon_core.shell[0m [1;30mINFO[0m Creating package descriptor '/home/jsmoon/yax_jeju/install/lidar_perception_pkg/share/lidar_perception_pkg/package.dsv'
[3.231s] [34mcolcon.colcon_core.shell[0m [1;30mINFO[0m Creating package script '/home/jsmoon/yax_jeju/install/lidar_perception_pkg/share/lidar_perception_pkg/package.sh'
[3.231s] [34mcolcon.colcon_core.shell[0m [1;30mINFO[0m Creating package script '/home/jsmoon/yax_jeju/install/lidar_perception_pkg/share/lidar_perception_pkg/package.bash'
[3.232s] [34mcolcon.colcon_core.shell[0m [1;30mINFO[0m Creating package script '/home/jsmoon/yax_jeju/install/lidar_perception_pkg/share/lidar_perception_pkg/package.zsh'
[3.232s] [34mcolcon.colcon_core.environment[0m [1;30mLevel 1[0m create_file_with_runtime_dependencies(/home/jsmoon/yax_jeju/install/lidar_perception_pkg/share/colcon-core/packages/lidar_perception_pkg)
[3.233s] [34mcolcon.colcon_core.shell[0m [1;30mLevel 1[0m create_environment_hook('camera_perception_pkg', 'pythonpath_develop')
[3.233s] [34mcolcon.colcon_core.shell[0m [1;30mINFO[0m Creating environment hook '/home/jsmoon/yax_jeju/build/camera_perception_pkg/share/camera_perception_pkg/hook/pythonpath_develop.ps1'
[3.234s] [34mcolcon.colcon_core.event_handler.log_command[0m [1;30mDEBUG[0m [32mInvoked command in '/home/jsmoon/yax_jeju/build/camera_perception_pkg' returned '0': PYTHONPATH=/home/jsmoon/yax_jeju/build/camera_perception_pkg/prefix_override:/usr/lib/python3/dist-packages/colcon_core/task/python/colcon_distutils_commands:/home/jsmoon/yax_jeju/install/camera_perception_pkg/lib/python3.10/site-packages:${PYTHONPATH} /usr/bin/python3 -W ignore:setup.py install is deprecated -W ignore:easy_install command is deprecated setup.py develop --editable --build-directory /home/jsmoon/yax_jeju/build/camera_perception_pkg/build --no-deps symlink_data[0m
[3.234s] [34mcolcon.colcon_core.shell[0m [1;30mINFO[0m Creating environment descriptor '/home/jsmoon/yax_jeju/build/camera_perception_pkg/share/camera_perception_pkg/hook/pythonpath_develop.dsv'
[3.234s] [34mcolcon.colcon_core.shell[0m [1;30mINFO[0m Creating environment hook '/home/jsmoon/yax_jeju/build/camera_perception_pkg/share/camera_perception_pkg/hook/pythonpath_develop.sh'
[3.235s] [34mcolcon.colcon_core.environment[0m [1;30mLevel 1[0m checking '/home/jsmoon/yax_jeju/install/camera_perception_pkg' for CMake module files
[3.235s] [34mcolcon.colcon_core.environment[0m [1;30mLevel 1[0m checking '/home/jsmoon/yax_jeju/install/camera_perception_pkg' for CMake config files
[3.235s] [34mcolcon.colcon_core.environment[0m [1;30mLevel 1[0m checking '/home/jsmoon/yax_jeju/install/camera_perception_pkg/lib'
[3.235s] [34mcolcon.colcon_core.environment[0m [1;30mLevel 1[0m checking '/home/jsmoon/yax_jeju/install/camera_perception_pkg/bin'
[3.235s] [34mcolcon.colcon_core.environment[0m [1;30mLevel 1[0m checking '/home/jsmoon/yax_jeju/install/camera_perception_pkg/lib/pkgconfig/camera_perception_pkg.pc'
[3.235s] [34mcolcon.colcon_core.environment[0m [1;30mLevel 1[0m checking '/home/jsmoon/yax_jeju/install/camera_perception_pkg/lib/python3.10/site-packages'
[3.236s] [34mcolcon.colcon_core.shell[0m [1;30mLevel 1[0m create_environment_hook('camera_perception_pkg', 'pythonpath')
[3.236s] [34mcolcon.colcon_core.shell[0m [1;30mINFO[0m Creating environment hook '/home/jsmoon/yax_jeju/install/camera_perception_pkg/share/camera_perception_pkg/hook/pythonpath.ps1'
[3.236s] [34mcolcon.colcon_core.shell[0m [1;30mINFO[0m Creating environment descriptor '/home/jsmoon/yax_jeju/install/camera_perception_pkg/share/camera_perception_pkg/hook/pythonpath.dsv'
[3.236s] [34mcolcon.colcon_core.shell[0m [1;30mINFO[0m Creating environment hook '/home/jsmoon/yax_jeju/install/camera_perception_pkg/share/camera_perception_pkg/hook/pythonpath.sh'
[3.237s] [34mcolcon.colcon_core.environment[0m [1;30mLevel 1[0m checking '/home/jsmoon/yax_jeju/install/camera_perception_pkg/bin'
[3.237s] [34mcolcon.colcon_core.environment[0m [1;30mLevel 1[0m create_environment_scripts_only(camera_perception_pkg)
[3.237s] [34mcolcon.colcon_core.shell[0m [1;30mINFO[0m Creating package script '/home/jsmoon/yax_jeju/install/camera_perception_pkg/share/camera_perception_pkg/package.ps1'
[3.237s] [34mcolcon.colcon_core.shell[0m [1;30mINFO[0m Creating package descriptor '/home/jsmoon/yax_jeju/install/camera_perception_pkg/share/camera_perception_pkg/package.dsv'
[3.237s] [34mcolcon.colcon_core.shell[0m [1;30mINFO[0m Creating package script '/home/jsmoon/yax_jeju/install/camera_perception_pkg/share/camera_perception_pkg/package.sh'
[3.237s] [34mcolcon.colcon_core.shell[0m [1;30mINFO[0m Creating package script '/home/jsmoon/yax_jeju/install/camera_perception_pkg/share/camera_perception_pkg/package.bash'
[3.238s] [34mcolcon.colcon_core.shell[0m [1;30mINFO[0m Creating package script '/home/jsmoon/yax_jeju/install/camera_perception_pkg/share/camera_perception_pkg/package.zsh'
[3.238s] [34mcolcon.colcon_core.environment[0m [1;30mLevel 1[0m create_file_with_runtime_dependencies(/home/jsmoon/yax_jeju/install/camera_perception_pkg/share/colcon-core/packages/camera_perception_pkg)
[3.238s] [34mcolcon.colcon_core.shell[0m [1;30mLevel 1[0m create_environment_hook('decision_making_pkg', 'pythonpath_develop')
[3.239s] [34mcolcon.colcon_core.shell[0m [1;30mINFO[0m Creating environment hook '/home/jsmoon/yax_jeju/build/decision_making_pkg/share/decision_making_pkg/hook/pythonpath_develop.ps1'
[3.239s] [34mcolcon.colcon_core.event_handler.log_command[0m [1;30mDEBUG[0m [32mInvoked command in '/home/jsmoon/yax_jeju/build/decision_making_pkg' returned '0': PYTHONPATH=/home/jsmoon/yax_jeju/build/decision_making_pkg/prefix_override:/usr/lib/python3/dist-packages/colcon_core/task/python/colcon_distutils_commands:/home/jsmoon/yax_jeju/install/decision_making_pkg/lib/python3.10/site-packages:${PYTHONPATH} /usr/bin/python3 -W ignore:setup.py install is deprecated -W ignore:easy_install command is deprecated setup.py develop --editable --build-directory /home/jsmoon/yax_jeju/build/decision_making_pkg/build --no-deps symlink_data[0m
[3.239s] [34mcolcon.colcon_core.shell[0m [1;30mINFO[0m Creating environment descriptor '/home/jsmoon/yax_jeju/build/decision_making_pkg/share/decision_making_pkg/hook/pythonpath_develop.dsv'
[3.240s] [34mcolcon.colcon_core.shell[0m [1;30mINFO[0m Creating environment hook '/home/jsmoon/yax_jeju/build/decision_making_pkg/share/decision_making_pkg/hook/pythonpath_develop.sh'
[3.240s] [34mcolcon.colcon_core.environment[0m [1;30mLevel 1[0m checking '/home/jsmoon/yax_jeju/install/decision_making_pkg' for CMake module files
[3.240s] [34mcolcon.colcon_core.environment[0m [1;30mLevel 1[0m checking '/home/jsmoon/yax_jeju/install/decision_making_pkg' for CMake config files
[3.241s] [34mcolcon.colcon_core.environment[0m [1;30mLevel 1[0m checking '/home/jsmoon/yax_jeju/install/decision_making_pkg/lib'
[3.241s] [34mcolcon.colcon_core.environment[0m [1;30mLevel 1[0m checking '/home/jsmoon/yax_jeju/install/decision_making_pkg/bin'
[3.241s] [34mcolcon.colcon_core.environment[0m [1;30mLevel 1[0m checking '/home/jsmoon/yax_jeju/install/decision_making_pkg/lib/pkgconfig/decision_making_pkg.pc'
[3.241s] [34mcolcon.colcon_core.environment[0m [1;30mLevel 1[0m checking '/home/jsmoon/yax_jeju/install/decision_making_pkg/lib/python3.10/site-packages'
[3.241s] [34mcolcon.colcon_core.shell[0m [1;30mLevel 1[0m create_environment_hook('decision_making_pkg', 'pythonpath')
[3.241s] [34mcolcon.colcon_core.shell[0m [1;30mINFO[0m Creating environment hook '/home/jsmoon/yax_jeju/install/decision_making_pkg/share/decision_making_pkg/hook/pythonpath.ps1'
[3.241s] [34mcolcon.colcon_core.shell[0m [1;30mINFO[0m Creating environment descriptor '/home/jsmoon/yax_jeju/install/decision_making_pkg/share/decision_making_pkg/hook/pythonpath.dsv'
[3.242s] [34mcolcon.colcon_core.shell[0m [1;30mINFO[0m Creating environment hook '/home/jsmoon/yax_jeju/install/decision_making_pkg/share/decision_making_pkg/hook/pythonpath.sh'
[3.242s] [34mcolcon.colcon_core.environment[0m [1;30mLevel 1[0m checking '/home/jsmoon/yax_jeju/install/decision_making_pkg/bin'
[3.242s] [34mcolcon.colcon_core.environment[0m [1;30mLevel 1[0m create_environment_scripts_only(decision_making_pkg)
[3.242s] [34mcolcon.colcon_core.shell[0m [1;30mINFO[0m Creating package script '/home/jsmoon/yax_jeju/install/decision_making_pkg/share/decision_making_pkg/package.ps1'
[3.243s] [34mcolcon.colcon_core.shell[0m [1;30mINFO[0m Creating package descriptor '/home/jsmoon/yax_jeju/install/decision_making_pkg/share/decision_making_pkg/package.dsv'
[3.243s] [34mcolcon.colcon_core.shell[0m [1;30mINFO[0m Creating package script '/home/jsmoon/yax_jeju/install/decision_making_pkg/share/decision_making_pkg/package.sh'
[3.243s] [34mcolcon.colcon_core.shell[0m [1;30mINFO[0m Creating package script '/home/jsmoon/yax_jeju/install/decision_making_pkg/share/decision_making_pkg/package.bash'
[3.243s] [34mcolcon.colcon_core.shell[0m [1;30mINFO[0m Creating package script '/home/jsmoon/yax_jeju/install/decision_making_pkg/share/decision_making_pkg/package.zsh'
[3.243s] [34mcolcon.colcon_core.environment[0m [1;30mLevel 1[0m create_file_with_runtime_dependencies(/home/jsmoon/yax_jeju/install/decision_making_pkg/share/colcon-core/packages/decision_making_pkg)
[3.244s] [34mcolcon.colcon_core.shell[0m [1;30mLevel 1[0m create_environment_hook('serial_communication_pkg', 'pythonpath_develop')
[3.245s] [34mcolcon.colcon_core.shell[0m [1;30mINFO[0m Creating environment hook '/home/jsmoon/yax_jeju/build/serial_communication_pkg/share/serial_communication_pkg/hook/pythonpath_develop.ps1'
[3.245s] [34mcolcon.colcon_core.event_handler.log_command[0m [1;30mDEBUG[0m [32mInvoked command in '/home/jsmoon/yax_jeju/build/serial_communication_pkg' returned '0': PYTHONPATH=/home/jsmoon/yax_jeju/build/serial_communication_pkg/prefix_override:/usr/lib/python3/dist-packages/colcon_core/task/python/colcon_distutils_commands:/home/jsmoon/yax_jeju/install/serial_communication_pkg/lib/python3.10/site-packages:${PYTHONPATH} /usr/bin/python3 -W ignore:setup.py install is deprecated -W ignore:easy_install command is deprecated setup.py develop --editable --build-directory /home/jsmoon/yax_jeju/build/serial_communication_pkg/build --no-deps symlink_data[0m
[3.245s] [34mcolcon.colcon_core.shell[0m [1;30mINFO[0m Creating environment descriptor '/home/jsmoon/yax_jeju/build/serial_communication_pkg/share/serial_communication_pkg/hook/pythonpath_develop.dsv'
[3.245s] [34mcolcon.colcon_core.shell[0m [1;30mINFO[0m Creating environment hook '/home/jsmoon/yax_jeju/build/serial_communication_pkg/share/serial_communication_pkg/hook/pythonpath_develop.sh'
[3.246s] [34mcolcon.colcon_core.environment[0m [1;30mLevel 1[0m checking '/home/jsmoon/yax_jeju/install/serial_communication_pkg' for CMake module files
[3.246s] [34mcolcon.colcon_core.environment[0m [1;30mLevel 1[0m checking '/home/jsmoon/yax_jeju/install/serial_communication_pkg' for CMake config files
[3.246s] [34mcolcon.colcon_core.environment[0m [1;30mLevel 1[0m checking '/home/jsmoon/yax_jeju/install/serial_communication_pkg/lib'
[3.246s] [34mcolcon.colcon_core.environment[0m [1;30mLevel 1[0m checking '/home/jsmoon/yax_jeju/install/serial_communication_pkg/bin'
[3.246s] [34mcolcon.colcon_core.environment[0m [1;30mLevel 1[0m checking '/home/jsmoon/yax_jeju/install/serial_communication_pkg/lib/pkgconfig/serial_communication_pkg.pc'
[3.246s] [34mcolcon.colcon_core.environment[0m [1;30mLevel 1[0m checking '/home/jsmoon/yax_jeju/install/serial_communication_pkg/lib/python3.10/site-packages'
[3.246s] [34mcolcon.colcon_core.shell[0m [1;30mLevel 1[0m create_environment_hook('serial_communication_pkg', 'pythonpath')
[3.246s] [34mcolcon.colcon_core.shell[0m [1;30mINFO[0m Creating environment hook '/home/jsmoon/yax_jeju/install/serial_communication_pkg/share/serial_communication_pkg/hook/pythonpath.ps1'
[3.247s] [34mcolcon.colcon_core.shell[0m [1;30mINFO[0m Creating environment descriptor '/home/jsmoon/yax_jeju/install/serial_communication_pkg/share/serial_communication_pkg/hook/pythonpath.dsv'
[3.247s] [34mcolcon.colcon_core.shell[0m [1;30mINFO[0m Creating environment hook '/home/jsmoon/yax_jeju/install/serial_communication_pkg/share/serial_communication_pkg/hook/pythonpath.sh'
[3.247s] [34mcolcon.colcon_core.environment[0m [1;30mLevel 1[0m checking '/home/jsmoon/yax_jeju/install/serial_communication_pkg/bin'
[3.247s] [34mcolcon.colcon_core.environment[0m [1;30mLevel 1[0m create_environment_scripts_only(serial_communication_pkg)
[3.247s] [34mcolcon.colcon_core.shell[0m [1;30mINFO[0m Creating package script '/home/jsmoon/yax_jeju/install/serial_communication_pkg/share/serial_communication_pkg/package.ps1'
[3.248s] [34mcolcon.colcon_core.shell[0m [1;30mINFO[0m Creating package descriptor '/home/jsmoon/yax_jeju/install/serial_communication_pkg/share/serial_communication_pkg/package.dsv'
[3.248s] [34mcolcon.colcon_core.shell[0m [1;30mINFO[0m Creating package script '/home/jsmoon/yax_jeju/install/serial_communication_pkg/share/serial_communication_pkg/package.sh'
[3.248s] [34mcolcon.colcon_core.shell[0m [1;30mINFO[0m Creating package script '/home/jsmoon/yax_jeju/install/serial_communication_pkg/share/serial_communication_pkg/package.bash'
[3.248s] [34mcolcon.colcon_core.shell[0m [1;30mINFO[0m Creating package script '/home/jsmoon/yax_jeju/install/serial_communication_pkg/share/serial_communication_pkg/package.zsh'
[3.248s] [34mcolcon.colcon_core.environment[0m [1;30mLevel 1[0m create_file_with_runtime_dependencies(/home/jsmoon/yax_jeju/install/serial_communication_pkg/share/colcon-core/packages/serial_communication_pkg)
[3.249s] [34mcolcon.colcon_core.shell[0m [1;30mLevel 1[0m create_environment_hook('latlong_utm', 'pythonpath_develop')
[3.249s] [34mcolcon.colcon_core.shell[0m [1;30mINFO[0m Creating environment hook '/home/jsmoon/yax_jeju/build/latlong_utm/share/latlong_utm/hook/pythonpath_develop.ps1'
[3.249s] [34mcolcon.colcon_core.event_handler.log_command[0m [1;30mDEBUG[0m [32mInvoked command in '/home/jsmoon/yax_jeju/build/latlong_utm' returned '0': PYTHONPATH=/home/jsmoon/yax_jeju/build/latlong_utm/prefix_override:/usr/lib/python3/dist-packages/colcon_core/task/python/colcon_distutils_commands:/home/jsmoon/yax_jeju/install/latlong_utm/lib/python3.10/site-packages:${PYTHONPATH} /usr/bin/python3 -W ignore:setup.py install is deprecated -W ignore:easy_install command is deprecated setup.py develop --editable --build-directory /home/jsmoon/yax_jeju/build/latlong_utm/build --no-deps symlink_data[0m
[3.250s] [34mcolcon.colcon_core.shell[0m [1;30mINFO[0m Creating environment descriptor '/home/jsmoon/yax_jeju/build/latlong_utm/share/latlong_utm/hook/pythonpath_develop.dsv'
[3.250s] [34mcolcon.colcon_core.shell[0m [1;30mINFO[0m Creating environment hook '/home/jsmoon/yax_jeju/build/latlong_utm/share/latlong_utm/hook/pythonpath_develop.sh'
[3.250s] [34mcolcon.colcon_core.environment[0m [1;30mLevel 1[0m checking '/home/jsmoon/yax_jeju/install/latlong_utm' for CMake module files
[3.250s] [34mcolcon.colcon_core.environment[0m [1;30mLevel 1[0m checking '/home/jsmoon/yax_jeju/install/latlong_utm' for CMake config files
[3.250s] [34mcolcon.colcon_core.environment[0m [1;30mLevel 1[0m checking '/home/jsmoon/yax_jeju/install/latlong_utm/lib'
[3.251s] [34mcolcon.colcon_core.environment[0m [1;30mLevel 1[0m checking '/home/jsmoon/yax_jeju/install/latlong_utm/bin'
[3.251s] [34mcolcon.colcon_core.environment[0m [1;30mLevel 1[0m checking '/home/jsmoon/yax_jeju/install/latlong_utm/lib/pkgconfig/latlong_utm.pc'
[3.251s] [34mcolcon.colcon_core.environment[0m [1;30mLevel 1[0m checking '/home/jsmoon/yax_jeju/install/latlong_utm/lib/python3.10/site-packages'
[3.251s] [34mcolcon.colcon_core.shell[0m [1;30mLevel 1[0m create_environment_hook('latlong_utm', 'pythonpath')
[3.251s] [34mcolcon.colcon_core.shell[0m [1;30mINFO[0m Creating environment hook '/home/jsmoon/yax_jeju/install/latlong_utm/share/latlong_utm/hook/pythonpath.ps1'
[3.251s] [34mcolcon.colcon_core.shell[0m [1;30mINFO[0m Creating environment descriptor '/home/jsmoon/yax_jeju/install/latlong_utm/share/latlong_utm/hook/pythonpath.dsv'
[3.251s] [34mcolcon.colcon_core.shell[0m [1;30mINFO[0m Creating environment hook '/home/jsmoon/yax_jeju/install/latlong_utm/share/latlong_utm/hook/pythonpath.sh'
[3.252s] [34mcolcon.colcon_core.environment[0m [1;30mLevel 1[0m checking '/home/jsmoon/yax_jeju/install/latlong_utm/bin'
[3.252s] [34mcolcon.colcon_core.environment[0m [1;30mLevel 1[0m create_environment_scripts_only(latlong_utm)
[3.252s] [34mcolcon.colcon_core.shell[0m [1;30mINFO[0m Creating package script '/home/jsmoon/yax_jeju/install/latlong_utm/share/latlong_utm/package.ps1'
[3.252s] [34mcolcon.colcon_core.shell[0m [1;30mINFO[0m Creating package descriptor '/home/jsmoon/yax_jeju/install/latlong_utm/share/latlong_utm/package.dsv'
[3.252s] [34mcolcon.colcon_core.shell[0m [1;30mINFO[0m Creating package script '/home/jsmoon/yax_jeju/install/latlong_utm/share/latlong_utm/package.sh'
[3.252s] [34mcolcon.colcon_core.shell[0m [1;30mINFO[0m Creating package script '/home/jsmoon/yax_jeju/install/latlong_utm/share/latlong_utm/package.bash'
[3.253s] [34mcolcon.colcon_core.shell[0m [1;30mINFO[0m Creating package script '/home/jsmoon/yax_jeju/install/latlong_utm/share/latlong_utm/package.zsh'
[3.253s] [34mcolcon.colcon_core.environment[0m [1;30mLevel 1[0m create_file_with_runtime_dependencies(/home/jsmoon/yax_jeju/install/latlong_utm/share/colcon-core/packages/latlong_utm)
[3.543s] [34mcolcon.colcon_core.event_handler.log_command[0m [1;30mDEBUG[0m [32mInvoked command in '/home/jsmoon/yax_jeju/build/rtcm_msgs' returned '0': CMAKE_PREFIX_PATH=${CMAKE_PREFIX_PATH}:/opt/ros/humble /usr/bin/cmake /home/jsmoon/yax_jeju/src/RTK_GPS_NTRIP/rtcm_msgs -DAMENT_CMAKE_SYMLINK_INSTALL=1 -DCMAKE_INSTALL_PREFIX=/home/jsmoon/yax_jeju/install/rtcm_msgs[0m
[3.544s] [34mcolcon.colcon_core.event_handler.log_command[0m [1;30mDEBUG[0m [32mInvoking command in '/home/jsmoon/yax_jeju/build/rtcm_msgs': CMAKE_PREFIX_PATH=${CMAKE_PREFIX_PATH}:/opt/ros/humble /usr/bin/cmake --build /home/jsmoon/yax_jeju/build/rtcm_msgs -- -j16 -l16[0m
[3.921s] [34mcolcon.colcon_core.event_handler.log_command[0m [1;30mDEBUG[0m [32mInvoked command in '/home/jsmoon/yax_jeju/build/interfaces_pkg' returned '0': CMAKE_PREFIX_PATH=${CMAKE_PREFIX_PATH}:/opt/ros/humble /usr/bin/cmake /home/jsmoon/yax_jeju/src/interfaces_pkg -DAMENT_CMAKE_SYMLINK_INSTALL=1 -DCMAKE_INSTALL_PREFIX=/home/jsmoon/yax_jeju/install/interfaces_pkg[0m
[3.923s] [34mcolcon.colcon_core.event_handler.log_command[0m [1;30mDEBUG[0m [32mInvoking command in '/home/jsmoon/yax_jeju/build/interfaces_pkg': CMAKE_PREFIX_PATH=${CMAKE_PREFIX_PATH}:/opt/ros/humble /usr/bin/cmake --build /home/jsmoon/yax_jeju/build/interfaces_pkg -- -j16 -l16[0m
[5.137s] [34mcolcon.colcon_core.event_handler.log_command[0m [1;30mDEBUG[0m [32mInvoked command in '/home/jsmoon/yax_jeju/build/rtcm_msgs' returned '0': CMAKE_PREFIX_PATH=${CMAKE_PREFIX_PATH}:/opt/ros/humble /usr/bin/cmake --build /home/jsmoon/yax_jeju/build/rtcm_msgs -- -j16 -l16[0m
[5.138s] [34mcolcon.colcon_core.event_handler.log_command[0m [1;30mDEBUG[0m [32mInvoking command in '/home/jsmoon/yax_jeju/build/rtcm_msgs': CMAKE_PREFIX_PATH=${CMAKE_PREFIX_PATH}:/opt/ros/humble /usr/bin/cmake --install /home/jsmoon/yax_jeju/build/rtcm_msgs[0m
[6.257s] [34mcolcon.colcon_core.environment[0m [1;30mLevel 1[0m create_environment_scripts_only(rtcm_msgs)
[6.257s] [34mcolcon.colcon_core.environment[0m [1;30mLevel 1[0m checking '/home/jsmoon/yax_jeju/install/rtcm_msgs' for CMake module files
[6.258s] [34mcolcon.colcon_core.environment[0m [1;30mLevel 1[0m checking '/home/jsmoon/yax_jeju/install/rtcm_msgs' for CMake config files
[6.259s] [34mcolcon.colcon_core.shell[0m [1;30mLevel 1[0m create_environment_hook('rtcm_msgs', 'cmake_prefix_path')
[6.262s] [34mcolcon.colcon_core.shell[0m [1;30mINFO[0m Creating environment hook '/home/jsmoon/yax_jeju/install/rtcm_msgs/share/rtcm_msgs/hook/cmake_prefix_path.ps1'
[6.263s] [34mcolcon.colcon_core.shell[0m [1;30mINFO[0m Creating environment descriptor '/home/jsmoon/yax_jeju/install/rtcm_msgs/share/rtcm_msgs/hook/cmake_prefix_path.dsv'
[6.264s] [34mcolcon.colcon_core.shell[0m [1;30mINFO[0m Creating environment hook '/home/jsmoon/yax_jeju/install/rtcm_msgs/share/rtcm_msgs/hook/cmake_prefix_path.sh'
[6.264s] [34mcolcon.colcon_core.environment[0m [1;30mLevel 1[0m checking '/home/jsmoon/yax_jeju/install/rtcm_msgs/lib'
[6.264s] [34mcolcon.colcon_core.shell[0m [1;30mLevel 1[0m create_environment_hook('rtcm_msgs', 'ld_library_path_lib')
[6.262s] [34mcolcon.colcon_core.event_handler.log_command[0m [1;30mDEBUG[0m [32mInvoked command in '/home/jsmoon/yax_jeju/build/rtcm_msgs' returned '0': CMAKE_PREFIX_PATH=${CMAKE_PREFIX_PATH}:/opt/ros/humble /usr/bin/cmake --install /home/jsmoon/yax_jeju/build/rtcm_msgs[0m
[6.265s] [34mcolcon.colcon_core.shell[0m [1;30mINFO[0m Creating environment hook '/home/jsmoon/yax_jeju/install/rtcm_msgs/share/rtcm_msgs/hook/ld_library_path_lib.ps1'
[6.266s] [34mcolcon.colcon_core.shell[0m [1;30mINFO[0m Creating environment descriptor '/home/jsmoon/yax_jeju/install/rtcm_msgs/share/rtcm_msgs/hook/ld_library_path_lib.dsv'
[6.266s] [34mcolcon.colcon_core.shell[0m [1;30mINFO[0m Creating environment hook '/home/jsmoon/yax_jeju/install/rtcm_msgs/share/rtcm_msgs/hook/ld_library_path_lib.sh'
[6.267s] [34mcolcon.colcon_core.environment[0m [1;30mLevel 1[0m checking '/home/jsmoon/yax_jeju/install/rtcm_msgs/bin'
[6.267s] [34mcolcon.colcon_core.environment[0m [1;30mLevel 1[0m checking '/home/jsmoon/yax_jeju/install/rtcm_msgs/lib/pkgconfig/rtcm_msgs.pc'
[6.267s] [34mcolcon.colcon_core.environment[0m [1;30mLevel 1[0m checking '/home/jsmoon/yax_jeju/install/rtcm_msgs/lib/python3.10/site-packages'
[6.268s] [34mcolcon.colcon_core.environment[0m [1;30mLevel 1[0m checking '/home/jsmoon/yax_jeju/install/rtcm_msgs/bin'
[6.268s] [34mcolcon.colcon_core.shell[0m [1;30mINFO[0m Creating package script '/home/jsmoon/yax_jeju/install/rtcm_msgs/share/rtcm_msgs/package.ps1'
[6.269s] [34mcolcon.colcon_core.shell[0m [1;30mINFO[0m Creating package descriptor '/home/jsmoon/yax_jeju/install/rtcm_msgs/share/rtcm_msgs/package.dsv'
[6.269s] [34mcolcon.colcon_core.shell[0m [1;30mINFO[0m Creating package script '/home/jsmoon/yax_jeju/install/rtcm_msgs/share/rtcm_msgs/package.sh'
[6.269s] [34mcolcon.colcon_core.shell[0m [1;30mINFO[0m Creating package script '/home/jsmoon/yax_jeju/install/rtcm_msgs/share/rtcm_msgs/package.bash'
[6.270s] [34mcolcon.colcon_core.shell[0m [1;30mINFO[0m Creating package script '/home/jsmoon/yax_jeju/install/rtcm_msgs/share/rtcm_msgs/package.zsh'
[6.271s] [34mcolcon.colcon_core.environment[0m [1;30mLevel 1[0m create_file_with_runtime_dependencies(/home/jsmoon/yax_jeju/install/rtcm_msgs/share/colcon-core/packages/rtcm_msgs)
[6.272s] [34mcolcon.colcon_core.environment[0m [1;30mLevel 1[0m create_environment_scripts_only(rtcm_msgs)
[6.272s] [34mcolcon.colcon_core.environment[0m [1;30mLevel 1[0m checking '/home/jsmoon/yax_jeju/install/rtcm_msgs' for CMake module files
[6.273s] [34mcolcon.colcon_core.environment[0m [1;30mLevel 1[0m checking '/home/jsmoon/yax_jeju/install/rtcm_msgs' for CMake config files
[6.273s] [34mcolcon.colcon_core.shell[0m [1;30mLevel 1[0m create_environment_hook('rtcm_msgs', 'cmake_prefix_path')
[6.274s] [34mcolcon.colcon_core.shell[0m [1;30mINFO[0m Creating environment hook '/home/jsmoon/yax_jeju/install/rtcm_msgs/share/rtcm_msgs/hook/cmake_prefix_path.ps1'
[6.275s] [34mcolcon.colcon_core.shell[0m [1;30mINFO[0m Creating environment descriptor '/home/jsmoon/yax_jeju/install/rtcm_msgs/share/rtcm_msgs/hook/cmake_prefix_path.dsv'
[6.275s] [34mcolcon.colcon_core.shell[0m [1;30mINFO[0m Creating environment hook '/home/jsmoon/yax_jeju/install/rtcm_msgs/share/rtcm_msgs/hook/cmake_prefix_path.sh'
[6.276s] [34mcolcon.colcon_core.environment[0m [1;30mLevel 1[0m checking '/home/jsmoon/yax_jeju/install/rtcm_msgs/lib'
[6.276s] [34mcolcon.colcon_core.shell[0m [1;30mLevel 1[0m create_environment_hook('rtcm_msgs', 'ld_library_path_lib')
[6.276s] [34mcolcon.colcon_core.shell[0m [1;30mINFO[0m Creating environment hook '/home/jsmoon/yax_jeju/install/rtcm_msgs/share/rtcm_msgs/hook/ld_library_path_lib.ps1'
[6.277s] [34mcolcon.colcon_core.shell[0m [1;30mINFO[0m Creating environment descriptor '/home/jsmoon/yax_jeju/install/rtcm_msgs/share/rtcm_msgs/hook/ld_library_path_lib.dsv'
[6.277s] [34mcolcon.colcon_core.shell[0m [1;30mINFO[0m Creating environment hook '/home/jsmoon/yax_jeju/install/rtcm_msgs/share/rtcm_msgs/hook/ld_library_path_lib.sh'
[6.277s] [34mcolcon.colcon_core.environment[0m [1;30mLevel 1[0m checking '/home/jsmoon/yax_jeju/install/rtcm_msgs/bin'
[6.277s] [34mcolcon.colcon_core.environment[0m [1;30mLevel 1[0m checking '/home/jsmoon/yax_jeju/install/rtcm_msgs/lib/pkgconfig/rtcm_msgs.pc'
[6.278s] [34mcolcon.colcon_core.environment[0m [1;30mLevel 1[0m checking '/home/jsmoon/yax_jeju/install/rtcm_msgs/lib/python3.10/site-packages'
[6.278s] [34mcolcon.colcon_core.environment[0m [1;30mLevel 1[0m checking '/home/jsmoon/yax_jeju/install/rtcm_msgs/bin'
[6.279s] [34mcolcon.colcon_core.shell[0m [1;30mINFO[0m Creating package script '/home/jsmoon/yax_jeju/install/rtcm_msgs/share/rtcm_msgs/package.ps1'
[6.280s] [34mcolcon.colcon_core.shell[0m [1;30mINFO[0m Creating package descriptor '/home/jsmoon/yax_jeju/install/rtcm_msgs/share/rtcm_msgs/package.dsv'
[6.280s] [34mcolcon.colcon_core.shell[0m [1;30mINFO[0m Creating package script '/home/jsmoon/yax_jeju/install/rtcm_msgs/share/rtcm_msgs/package.sh'
[6.281s] [34mcolcon.colcon_core.shell[0m [1;30mINFO[0m Creating package script '/home/jsmoon/yax_jeju/install/rtcm_msgs/share/rtcm_msgs/package.bash'
[6.281s] [34mcolcon.colcon_core.shell[0m [1;30mINFO[0m Creating package script '/home/jsmoon/yax_jeju/install/rtcm_msgs/share/rtcm_msgs/package.zsh'
[6.281s] [34mcolcon.colcon_core.environment[0m [1;30mLevel 1[0m create_file_with_runtime_dependencies(/home/jsmoon/yax_jeju/install/rtcm_msgs/share/colcon-core/packages/rtcm_msgs)
[6.636s] [34mcolcon.colcon_core.event_handler.log_command[0m [1;30mDEBUG[0m [32mInvoked command in '/home/jsmoon/yax_jeju/build/ublox_msgs' returned '0': AMENT_PREFIX_PATH=/home/jsmoon/yax_jeju/install/ublox_serialization:${AMENT_PREFIX_PATH} CMAKE_PREFIX_PATH=/home/jsmoon/yax_jeju/install/ublox_serialization:/home/jsmoon/ydlidar_ws/install/ydlidar_ros2_driver:/opt/ros/humble /usr/bin/cmake /home/jsmoon/yax_jeju/src/RTK_GPS_NTRIP/ublox_msgs -DAMENT_CMAKE_SYMLINK_INSTALL=1 -DCMAKE_INSTALL_PREFIX=/home/jsmoon/yax_jeju/install/ublox_msgs[0m
[6.638s] [34mcolcon.colcon_core.event_handler.log_command[0m [1;30mDEBUG[0m [32mInvoking command in '/home/jsmoon/yax_jeju/build/ublox_msgs': AMENT_PREFIX_PATH=/home/jsmoon/yax_jeju/install/ublox_serialization:${AMENT_PREFIX_PATH} CMAKE_PREFIX_PATH=/home/jsmoon/yax_jeju/install/ublox_serialization:/home/jsmoon/ydlidar_ws/install/ydlidar_ros2_driver:/opt/ros/humble /usr/bin/cmake --build /home/jsmoon/yax_jeju/build/ublox_msgs -- -j16 -l16[0m
[9.417s] [34mcolcon.colcon_core.event_handler.log_command[0m [1;30mDEBUG[0m [32mInvoked command in '/home/jsmoon/yax_jeju/build/interfaces_pkg' returned '0': CMAKE_PREFIX_PATH=${CMAKE_PREFIX_PATH}:/opt/ros/humble /usr/bin/cmake --build /home/jsmoon/yax_jeju/build/interfaces_pkg -- -j16 -l16[0m
[9.419s] [34mcolcon.colcon_core.event_handler.log_command[0m [1;30mDEBUG[0m [32mInvoking command in '/home/jsmoon/yax_jeju/build/interfaces_pkg': CMAKE_PREFIX_PATH=${CMAKE_PREFIX_PATH}:/opt/ros/humble /usr/bin/cmake --install /home/jsmoon/yax_jeju/build/interfaces_pkg[0m
[10.346s] [34mcolcon.colcon_core.event_handler.log_command[0m [1;30mDEBUG[0m [32mInvoked command in '/home/jsmoon/yax_jeju/build/ydlidar_ros2_driver' returned '0': CMAKE_PREFIX_PATH=${CMAKE_PREFIX_PATH}:/opt/ros/humble /usr/bin/cmake --build /home/jsmoon/yax_jeju/build/ydlidar_ros2_driver -- -j16 -l16[0m
[10.347s] [34mcolcon.colcon_core.event_handler.log_command[0m [1;30mDEBUG[0m [32mInvoking command in '/home/jsmoon/yax_jeju/build/ydlidar_ros2_driver': CMAKE_PREFIX_PATH=${CMAKE_PREFIX_PATH}:/opt/ros/humble /usr/bin/cmake --install /home/jsmoon/yax_jeju/build/ydlidar_ros2_driver[0m
[10.661s] [34mcolcon.colcon_core.environment[0m [1;30mLevel 1[0m create_environment_scripts_only(ydlidar_ros2_driver)
[10.661s] [34mcolcon.colcon_core.environment[0m [1;30mLevel 1[0m checking '/home/jsmoon/yax_jeju/install/ydlidar_ros2_driver' for CMake module files
[10.661s] [34mcolcon.colcon_core.event_handler.log_command[0m [1;30mDEBUG[0m [32mInvoked command in '/home/jsmoon/yax_jeju/build/ydlidar_ros2_driver' returned '0': CMAKE_PREFIX_PATH=${CMAKE_PREFIX_PATH}:/opt/ros/humble /usr/bin/cmake --install /home/jsmoon/yax_jeju/build/ydlidar_ros2_driver[0m
[10.662s] [34mcolcon.colcon_core.environment[0m [1;30mLevel 1[0m checking '/home/jsmoon/yax_jeju/install/ydlidar_ros2_driver' for CMake config files
[10.662s] [34mcolcon.colcon_core.shell[0m [1;30mLevel 1[0m create_environment_hook('ydlidar_ros2_driver', 'cmake_prefix_path')
[10.662s] [34mcolcon.colcon_core.shell[0m [1;30mINFO[0m Creating environment hook '/home/jsmoon/yax_jeju/install/ydlidar_ros2_driver/share/ydlidar_ros2_driver/hook/cmake_prefix_path.ps1'
[10.663s] [34mcolcon.colcon_core.shell[0m [1;30mINFO[0m Creating environment descriptor '/home/jsmoon/yax_jeju/install/ydlidar_ros2_driver/share/ydlidar_ros2_driver/hook/cmake_prefix_path.dsv'
[10.663s] [34mcolcon.colcon_core.shell[0m [1;30mINFO[0m Creating environment hook '/home/jsmoon/yax_jeju/install/ydlidar_ros2_driver/share/ydlidar_ros2_driver/hook/cmake_prefix_path.sh'
[10.663s] [34mcolcon.colcon_core.environment[0m [1;30mLevel 1[0m checking '/home/jsmoon/yax_jeju/install/ydlidar_ros2_driver/lib'
[10.663s] [34mcolcon.colcon_core.environment[0m [1;30mLevel 1[0m checking '/home/jsmoon/yax_jeju/install/ydlidar_ros2_driver/bin'
[10.663s] [34mcolcon.colcon_core.environment[0m [1;30mLevel 1[0m checking '/home/jsmoon/yax_jeju/install/ydlidar_ros2_driver/lib/pkgconfig/ydlidar_ros2_driver.pc'
[10.663s] [34mcolcon.colcon_core.environment[0m [1;30mLevel 1[0m checking '/home/jsmoon/yax_jeju/install/ydlidar_ros2_driver/lib/python3.10/site-packages'
[10.663s] [34mcolcon.colcon_core.environment[0m [1;30mLevel 1[0m checking '/home/jsmoon/yax_jeju/install/ydlidar_ros2_driver/bin'
[10.664s] [34mcolcon.colcon_core.shell[0m [1;30mINFO[0m Creating package script '/home/jsmoon/yax_jeju/install/ydlidar_ros2_driver/share/ydlidar_ros2_driver/package.ps1'
[10.664s] [34mcolcon.colcon_core.shell[0m [1;30mINFO[0m Creating package descriptor '/home/jsmoon/yax_jeju/install/ydlidar_ros2_driver/share/ydlidar_ros2_driver/package.dsv'
[10.664s] [34mcolcon.colcon_core.shell[0m [1;30mINFO[0m Creating package script '/home/jsmoon/yax_jeju/install/ydlidar_ros2_driver/share/ydlidar_ros2_driver/package.sh'
[10.664s] [34mcolcon.colcon_core.shell[0m [1;30mINFO[0m Creating package script '/home/jsmoon/yax_jeju/install/ydlidar_ros2_driver/share/ydlidar_ros2_driver/package.bash'
[10.664s] [34mcolcon.colcon_core.shell[0m [1;30mINFO[0m Creating package script '/home/jsmoon/yax_jeju/install/ydlidar_ros2_driver/share/ydlidar_ros2_driver/package.zsh'
[10.665s] [34mcolcon.colcon_core.environment[0m [1;30mLevel 1[0m create_file_with_runtime_dependencies(/home/jsmoon/yax_jeju/install/ydlidar_ros2_driver/share/colcon-core/packages/ydlidar_ros2_driver)
[10.665s] [34mcolcon.colcon_core.environment[0m [1;30mLevel 1[0m create_environment_scripts_only(ydlidar_ros2_driver)
[10.665s] [34mcolcon.colcon_core.environment[0m [1;30mLevel 1[0m checking '/home/jsmoon/yax_jeju/install/ydlidar_ros2_driver' for CMake module files
[10.665s] [34mcolcon.colcon_core.environment[0m [1;30mLevel 1[0m checking '/home/jsmoon/yax_jeju/install/ydlidar_ros2_driver' for CMake config files
[10.666s] [34mcolcon.colcon_core.shell[0m [1;30mLevel 1[0m create_environment_hook('ydlidar_ros2_driver', 'cmake_prefix_path')
[10.666s] [34mcolcon.colcon_core.shell[0m [1;30mINFO[0m Creating environment hook '/home/jsmoon/yax_jeju/install/ydlidar_ros2_driver/share/ydlidar_ros2_driver/hook/cmake_prefix_path.ps1'
[10.666s] [34mcolcon.colcon_core.shell[0m [1;30mINFO[0m Creating environment descriptor '/home/jsmoon/yax_jeju/install/ydlidar_ros2_driver/share/ydlidar_ros2_driver/hook/cmake_prefix_path.dsv'
[10.666s] [34mcolcon.colcon_core.shell[0m [1;30mINFO[0m Creating environment hook '/home/jsmoon/yax_jeju/install/ydlidar_ros2_driver/share/ydlidar_ros2_driver/hook/cmake_prefix_path.sh'
[10.667s] [34mcolcon.colcon_core.environment[0m [1;30mLevel 1[0m checking '/home/jsmoon/yax_jeju/install/ydlidar_ros2_driver/lib'
[10.667s] [34mcolcon.colcon_core.environment[0m [1;30mLevel 1[0m checking '/home/jsmoon/yax_jeju/install/ydlidar_ros2_driver/bin'
[10.667s] [34mcolcon.colcon_core.environment[0m [1;30mLevel 1[0m checking '/home/jsmoon/yax_jeju/install/ydlidar_ros2_driver/lib/pkgconfig/ydlidar_ros2_driver.pc'
[10.667s] [34mcolcon.colcon_core.environment[0m [1;30mLevel 1[0m checking '/home/jsmoon/yax_jeju/install/ydlidar_ros2_driver/lib/python3.10/site-packages'
[10.667s] [34mcolcon.colcon_core.environment[0m [1;30mLevel 1[0m checking '/home/jsmoon/yax_jeju/install/ydlidar_ros2_driver/bin'
[10.667s] [34mcolcon.colcon_core.shell[0m [1;30mINFO[0m Creating package script '/home/jsmoon/yax_jeju/install/ydlidar_ros2_driver/share/ydlidar_ros2_driver/package.ps1'
[10.668s] [34mcolcon.colcon_core.shell[0m [1;30mINFO[0m Creating package descriptor '/home/jsmoon/yax_jeju/install/ydlidar_ros2_driver/share/ydlidar_ros2_driver/package.dsv'
[10.668s] [34mcolcon.colcon_core.shell[0m [1;30mINFO[0m Creating package script '/home/jsmoon/yax_jeju/install/ydlidar_ros2_driver/share/ydlidar_ros2_driver/package.sh'
[10.668s] [34mcolcon.colcon_core.shell[0m [1;30mINFO[0m Creating package script '/home/jsmoon/yax_jeju/install/ydlidar_ros2_driver/share/ydlidar_ros2_driver/package.bash'
[10.668s] [34mcolcon.colcon_core.shell[0m [1;30mINFO[0m Creating package script '/home/jsmoon/yax_jeju/install/ydlidar_ros2_driver/share/ydlidar_ros2_driver/package.zsh'
[10.669s] [34mcolcon.colcon_core.environment[0m [1;30mLevel 1[0m create_file_with_runtime_dependencies(/home/jsmoon/yax_jeju/install/ydlidar_ros2_driver/share/colcon-core/packages/ydlidar_ros2_driver)
[12.208s] [34mcolcon.colcon_core.environment[0m [1;30mLevel 1[0m create_environment_scripts_only(interfaces_pkg)
[12.208s] [34mcolcon.colcon_core.environment[0m [1;30mLevel 1[0m checking '/home/jsmoon/yax_jeju/install/interfaces_pkg' for CMake module files
[12.209s] [34mcolcon.colcon_core.event_handler.log_command[0m [1;30mDEBUG[0m [32mInvoked command in '/home/jsmoon/yax_jeju/build/interfaces_pkg' returned '0': CMAKE_PREFIX_PATH=${CMAKE_PREFIX_PATH}:/opt/ros/humble /usr/bin/cmake --install /home/jsmoon/yax_jeju/build/interfaces_pkg[0m
[12.210s] [34mcolcon.colcon_core.environment[0m [1;30mLevel 1[0m checking '/home/jsmoon/yax_jeju/install/interfaces_pkg' for CMake config files
[12.211s] [34mcolcon.colcon_core.shell[0m [1;30mLevel 1[0m create_environment_hook('interfaces_pkg', 'cmake_prefix_path')
[12.211s] [34mcolcon.colcon_core.shell[0m [1;30mINFO[0m Creating environment hook '/home/jsmoon/yax_jeju/install/interfaces_pkg/share/interfaces_pkg/hook/cmake_prefix_path.ps1'
[12.212s] [34mcolcon.colcon_core.shell[0m [1;30mINFO[0m Creating environment descriptor '/home/jsmoon/yax_jeju/install/interfaces_pkg/share/interfaces_pkg/hook/cmake_prefix_path.dsv'
[12.212s] [34mcolcon.colcon_core.shell[0m [1;30mINFO[0m Creating environment hook '/home/jsmoon/yax_jeju/install/interfaces_pkg/share/interfaces_pkg/hook/cmake_prefix_path.sh'
[12.212s] [34mcolcon.colcon_core.environment[0m [1;30mLevel 1[0m checking '/home/jsmoon/yax_jeju/install/interfaces_pkg/lib'
[12.212s] [34mcolcon.colcon_core.shell[0m [1;30mLevel 1[0m create_environment_hook('interfaces_pkg', 'ld_library_path_lib')
[12.212s] [34mcolcon.colcon_core.shell[0m [1;30mINFO[0m Creating environment hook '/home/jsmoon/yax_jeju/install/interfaces_pkg/share/interfaces_pkg/hook/ld_library_path_lib.ps1'
[12.213s] [34mcolcon.colcon_core.shell[0m [1;30mINFO[0m Creating environment descriptor '/home/jsmoon/yax_jeju/install/interfaces_pkg/share/interfaces_pkg/hook/ld_library_path_lib.dsv'
[12.213s] [34mcolcon.colcon_core.shell[0m [1;30mINFO[0m Creating environment hook '/home/jsmoon/yax_jeju/install/interfaces_pkg/share/interfaces_pkg/hook/ld_library_path_lib.sh'
[12.213s] [34mcolcon.colcon_core.environment[0m [1;30mLevel 1[0m checking '/home/jsmoon/yax_jeju/install/interfaces_pkg/bin'
[12.213s] [34mcolcon.colcon_core.environment[0m [1;30mLevel 1[0m checking '/home/jsmoon/yax_jeju/install/interfaces_pkg/lib/pkgconfig/interfaces_pkg.pc'
[12.213s] [34mcolcon.colcon_core.environment[0m [1;30mLevel 1[0m checking '/home/jsmoon/yax_jeju/install/interfaces_pkg/lib/python3.10/site-packages'
[12.213s] [34mcolcon.colcon_core.environment[0m [1;30mLevel 1[0m checking '/home/jsmoon/yax_jeju/install/interfaces_pkg/bin'
[12.213s] [34mcolcon.colcon_core.shell[0m [1;30mINFO[0m Creating package script '/home/jsmoon/yax_jeju/install/interfaces_pkg/share/interfaces_pkg/package.ps1'
[12.214s] [34mcolcon.colcon_core.shell[0m [1;30mINFO[0m Creating package descriptor '/home/jsmoon/yax_jeju/install/interfaces_pkg/share/interfaces_pkg/package.dsv'
[12.214s] [34mcolcon.colcon_core.shell[0m [1;30mINFO[0m Creating package script '/home/jsmoon/yax_jeju/install/interfaces_pkg/share/interfaces_pkg/package.sh'
[12.214s] [34mcolcon.colcon_core.shell[0m [1;30mINFO[0m Creating package script '/home/jsmoon/yax_jeju/install/interfaces_pkg/share/interfaces_pkg/package.bash'
[12.214s] [34mcolcon.colcon_core.shell[0m [1;30mINFO[0m Creating package script '/home/jsmoon/yax_jeju/install/interfaces_pkg/share/interfaces_pkg/package.zsh'
[12.214s] [34mcolcon.colcon_core.environment[0m [1;30mLevel 1[0m create_file_with_runtime_dependencies(/home/jsmoon/yax_jeju/install/interfaces_pkg/share/colcon-core/packages/interfaces_pkg)
[12.215s] [34mcolcon.colcon_core.environment[0m [1;30mLevel 1[0m create_environment_scripts_only(interfaces_pkg)
[12.215s] [34mcolcon.colcon_core.environment[0m [1;30mLevel 1[0m checking '/home/jsmoon/yax_jeju/install/interfaces_pkg' for CMake module files
[12.215s] [34mcolcon.colcon_core.environment[0m [1;30mLevel 1[0m checking '/home/jsmoon/yax_jeju/install/interfaces_pkg' for CMake config files
[12.216s] [34mcolcon.colcon_core.shell[0m [1;30mLevel 1[0m create_environment_hook('interfaces_pkg', 'cmake_prefix_path')
[12.217s] [34mcolcon.colcon_core.shell[0m [1;30mINFO[0m Creating environment hook '/home/jsmoon/yax_jeju/install/interfaces_pkg/share/interfaces_pkg/hook/cmake_prefix_path.ps1'
[12.217s] [34mcolcon.colcon_core.shell[0m [1;30mINFO[0m Creating environment descriptor '/home/jsmoon/yax_jeju/install/interfaces_pkg/share/interfaces_pkg/hook/cmake_prefix_path.dsv'
[12.217s] [34mcolcon.colcon_core.shell[0m [1;30mINFO[0m Creating environment hook '/home/jsmoon/yax_jeju/install/interfaces_pkg/share/interfaces_pkg/hook/cmake_prefix_path.sh'
[12.217s] [34mcolcon.colcon_core.environment[0m [1;30mLevel 1[0m checking '/home/jsmoon/yax_jeju/install/interfaces_pkg/lib'
[12.217s] [34mcolcon.colcon_core.shell[0m [1;30mLevel 1[0m create_environment_hook('interfaces_pkg', 'ld_library_path_lib')
[12.217s] [34mcolcon.colcon_core.shell[0m [1;30mINFO[0m Creating environment hook '/home/jsmoon/yax_jeju/install/interfaces_pkg/share/interfaces_pkg/hook/ld_library_path_lib.ps1'
[12.218s] [34mcolcon.colcon_core.shell[0m [1;30mINFO[0m Creating environment descriptor '/home/jsmoon/yax_jeju/install/interfaces_pkg/share/interfaces_pkg/hook/ld_library_path_lib.dsv'
[12.218s] [34mcolcon.colcon_core.shell[0m [1;30mINFO[0m Creating environment hook '/home/jsmoon/yax_jeju/install/interfaces_pkg/share/interfaces_pkg/hook/ld_library_path_lib.sh'
[12.218s] [34mcolcon.colcon_core.environment[0m [1;30mLevel 1[0m checking '/home/jsmoon/yax_jeju/install/interfaces_pkg/bin'
[12.218s] [34mcolcon.colcon_core.environment[0m [1;30mLevel 1[0m checking '/home/jsmoon/yax_jeju/install/interfaces_pkg/lib/pkgconfig/interfaces_pkg.pc'
[12.219s] [34mcolcon.colcon_core.environment[0m [1;30mLevel 1[0m checking '/home/jsmoon/yax_jeju/install/interfaces_pkg/lib/python3.10/site-packages'
[12.219s] [34mcolcon.colcon_core.environment[0m [1;30mLevel 1[0m checking '/home/jsmoon/yax_jeju/install/interfaces_pkg/bin'
[12.219s] [34mcolcon.colcon_core.shell[0m [1;30mINFO[0m Creating package script '/home/jsmoon/yax_jeju/install/interfaces_pkg/share/interfaces_pkg/package.ps1'
[12.220s] [34mcolcon.colcon_core.shell[0m [1;30mINFO[0m Creating package descriptor '/home/jsmoon/yax_jeju/install/interfaces_pkg/share/interfaces_pkg/package.dsv'
[12.220s] [34mcolcon.colcon_core.shell[0m [1;30mINFO[0m Creating package script '/home/jsmoon/yax_jeju/install/interfaces_pkg/share/interfaces_pkg/package.sh'
[12.220s] [34mcolcon.colcon_core.shell[0m [1;30mINFO[0m Creating package script '/home/jsmoon/yax_jeju/install/interfaces_pkg/share/interfaces_pkg/package.bash'
[12.220s] [34mcolcon.colcon_core.shell[0m [1;30mINFO[0m Creating package script '/home/jsmoon/yax_jeju/install/interfaces_pkg/share/interfaces_pkg/package.zsh'
[12.220s] [34mcolcon.colcon_core.environment[0m [1;30mLevel 1[0m create_file_with_runtime_dependencies(/home/jsmoon/yax_jeju/install/interfaces_pkg/share/colcon-core/packages/interfaces_pkg)
[60.175s] [34mcolcon.colcon_core.event_handler.log_command[0m [1;30mDEBUG[0m [32mInvoked command in '/home/jsmoon/yax_jeju/build/ublox_msgs' returned '0': AMENT_PREFIX_PATH=/home/jsmoon/yax_jeju/install/ublox_serialization:${AMENT_PREFIX_PATH} CMAKE_PREFIX_PATH=/home/jsmoon/yax_jeju/install/ublox_serialization:/home/jsmoon/ydlidar_ws/install/ydlidar_ros2_driver:/opt/ros/humble /usr/bin/cmake --build /home/jsmoon/yax_jeju/build/ublox_msgs -- -j16 -l16[0m
[60.176s] [34mcolcon.colcon_core.event_handler.log_command[0m [1;30mDEBUG[0m [32mInvoking command in '/home/jsmoon/yax_jeju/build/ublox_msgs': AMENT_PREFIX_PATH=/home/jsmoon/yax_jeju/install/ublox_serialization:${AMENT_PREFIX_PATH} CMAKE_PREFIX_PATH=/home/jsmoon/yax_jeju/install/ublox_serialization:/home/jsmoon/ydlidar_ws/install/ydlidar_ros2_driver:/opt/ros/humble /usr/bin/cmake --install /home/jsmoon/yax_jeju/build/ublox_msgs[0m
[71.361s] [34mcolcon.colcon_core.environment[0m [1;30mLevel 1[0m create_environment_scripts_only(ublox_msgs)
[71.361s] [34mcolcon.colcon_core.environment[0m [1;30mLevel 1[0m checking '/home/jsmoon/yax_jeju/install/ublox_msgs' for CMake module files
[71.362s] [34mcolcon.colcon_core.event_handler.log_command[0m [1;30mDEBUG[0m [32mInvoked command in '/home/jsmoon/yax_jeju/build/ublox_msgs' returned '0': AMENT_PREFIX_PATH=/home/jsmoon/yax_jeju/install/ublox_serialization:${AMENT_PREFIX_PATH} CMAKE_PREFIX_PATH=/home/jsmoon/yax_jeju/install/ublox_serialization:/home/jsmoon/ydlidar_ws/install/ydlidar_ros2_driver:/opt/ros/humble /usr/bin/cmake --install /home/jsmoon/yax_jeju/build/ublox_msgs[0m
[71.362s] [34mcolcon.colcon_core.environment[0m [1;30mLevel 1[0m checking '/home/jsmoon/yax_jeju/install/ublox_msgs' for CMake config files
[71.367s] [34mcolcon.colcon_core.shell[0m [1;30mLevel 1[0m create_environment_hook('ublox_msgs', 'cmake_prefix_path')
[71.368s] [34mcolcon.colcon_core.shell[0m [1;30mINFO[0m Creating environment hook '/home/jsmoon/yax_jeju/install/ublox_msgs/share/ublox_msgs/hook/cmake_prefix_path.ps1'
[71.368s] [34mcolcon.colcon_core.shell[0m [1;30mINFO[0m Creating environment descriptor '/home/jsmoon/yax_jeju/install/ublox_msgs/share/ublox_msgs/hook/cmake_prefix_path.dsv'
[71.368s] [34mcolcon.colcon_core.shell[0m [1;30mINFO[0m Creating environment hook '/home/jsmoon/yax_jeju/install/ublox_msgs/share/ublox_msgs/hook/cmake_prefix_path.sh'
[71.368s] [34mcolcon.colcon_core.environment[0m [1;30mLevel 1[0m checking '/home/jsmoon/yax_jeju/install/ublox_msgs/lib'
[71.368s] [34mcolcon.colcon_core.shell[0m [1;30mLevel 1[0m create_environment_hook('ublox_msgs', 'ld_library_path_lib')
[71.368s] [34mcolcon.colcon_core.shell[0m [1;30mINFO[0m Creating environment hook '/home/jsmoon/yax_jeju/install/ublox_msgs/share/ublox_msgs/hook/ld_library_path_lib.ps1'
[71.369s] [34mcolcon.colcon_core.shell[0m [1;30mINFO[0m Creating environment descriptor '/home/jsmoon/yax_jeju/install/ublox_msgs/share/ublox_msgs/hook/ld_library_path_lib.dsv'
[71.369s] [34mcolcon.colcon_core.shell[0m [1;30mINFO[0m Creating environment hook '/home/jsmoon/yax_jeju/install/ublox_msgs/share/ublox_msgs/hook/ld_library_path_lib.sh'
[71.369s] [34mcolcon.colcon_core.environment[0m [1;30mLevel 1[0m checking '/home/jsmoon/yax_jeju/install/ublox_msgs/bin'
[71.369s] [34mcolcon.colcon_core.environment[0m [1;30mLevel 1[0m checking '/home/jsmoon/yax_jeju/install/ublox_msgs/lib/pkgconfig/ublox_msgs.pc'
[71.369s] [34mcolcon.colcon_core.environment[0m [1;30mLevel 1[0m checking '/home/jsmoon/yax_jeju/install/ublox_msgs/lib/python3.10/site-packages'
[71.369s] [34mcolcon.colcon_core.environment[0m [1;30mLevel 1[0m checking '/home/jsmoon/yax_jeju/install/ublox_msgs/bin'
[71.369s] [34mcolcon.colcon_core.shell[0m [1;30mINFO[0m Creating package script '/home/jsmoon/yax_jeju/install/ublox_msgs/share/ublox_msgs/package.ps1'
[71.370s] [34mcolcon.colcon_core.shell[0m [1;30mINFO[0m Creating package descriptor '/home/jsmoon/yax_jeju/install/ublox_msgs/share/ublox_msgs/package.dsv'
[71.370s] [34mcolcon.colcon_core.shell[0m [1;30mINFO[0m Creating package script '/home/jsmoon/yax_jeju/install/ublox_msgs/share/ublox_msgs/package.sh'
[71.370s] [34mcolcon.colcon_core.shell[0m [1;30mINFO[0m Creating package script '/home/jsmoon/yax_jeju/install/ublox_msgs/share/ublox_msgs/package.bash'
[71.370s] [34mcolcon.colcon_core.shell[0m [1;30mINFO[0m Creating package script '/home/jsmoon/yax_jeju/install/ublox_msgs/share/ublox_msgs/package.zsh'
[71.370s] [34mcolcon.colcon_core.environment[0m [1;30mLevel 1[0m create_file_with_runtime_dependencies(/home/jsmoon/yax_jeju/install/ublox_msgs/share/colcon-core/packages/ublox_msgs)
[71.371s] [34mcolcon.colcon_core.environment[0m [1;30mLevel 1[0m create_environment_scripts_only(ublox_msgs)
[71.371s] [34mcolcon.colcon_core.environment[0m [1;30mLevel 1[0m checking '/home/jsmoon/yax_jeju/install/ublox_msgs' for CMake module files
[71.371s] [34mcolcon.colcon_core.environment[0m [1;30mLevel 1[0m checking '/home/jsmoon/yax_jeju/install/ublox_msgs' for CMake config files
[71.376s] [34mcolcon.colcon_core.shell[0m [1;30mLevel 1[0m create_environment_hook('ublox_msgs', 'cmake_prefix_path')
[71.376s] [34mcolcon.colcon_core.shell[0m [1;30mINFO[0m Creating environment hook '/home/jsmoon/yax_jeju/install/ublox_msgs/share/ublox_msgs/hook/cmake_prefix_path.ps1'
[71.376s] [34mcolcon.colcon_core.shell[0m [1;30mINFO[0m Creating environment descriptor '/home/jsmoon/yax_jeju/install/ublox_msgs/share/ublox_msgs/hook/cmake_prefix_path.dsv'
[71.376s] [34mcolcon.colcon_core.shell[0m [1;30mINFO[0m Creating environment hook '/home/jsmoon/yax_jeju/install/ublox_msgs/share/ublox_msgs/hook/cmake_prefix_path.sh'
[71.376s] [34mcolcon.colcon_core.environment[0m [1;30mLevel 1[0m checking '/home/jsmoon/yax_jeju/install/ublox_msgs/lib'
[71.376s] [34mcolcon.colcon_core.shell[0m [1;30mLevel 1[0m create_environment_hook('ublox_msgs', 'ld_library_path_lib')
[71.376s] [34mcolcon.colcon_core.shell[0m [1;30mINFO[0m Creating environment hook '/home/jsmoon/yax_jeju/install/ublox_msgs/share/ublox_msgs/hook/ld_library_path_lib.ps1'
[71.377s] [34mcolcon.colcon_core.shell[0m [1;30mINFO[0m Creating environment descriptor '/home/jsmoon/yax_jeju/install/ublox_msgs/share/ublox_msgs/hook/ld_library_path_lib.dsv'
[71.377s] [34mcolcon.colcon_core.shell[0m [1;30mINFO[0m Creating environment hook '/home/jsmoon/yax_jeju/install/ublox_msgs/share/ublox_msgs/hook/ld_library_path_lib.sh'
[71.377s] [34mcolcon.colcon_core.environment[0m [1;30mLevel 1[0m checking '/home/jsmoon/yax_jeju/install/ublox_msgs/bin'
[71.377s] [34mcolcon.colcon_core.environment[0m [1;30mLevel 1[0m checking '/home/jsmoon/yax_jeju/install/ublox_msgs/lib/pkgconfig/ublox_msgs.pc'
[71.377s] [34mcolcon.colcon_core.environment[0m [1;30mLevel 1[0m checking '/home/jsmoon/yax_jeju/install/ublox_msgs/lib/python3.10/site-packages'
[71.377s] [34mcolcon.colcon_core.environment[0m [1;30mLevel 1[0m checking '/home/jsmoon/yax_jeju/install/ublox_msgs/bin'
[71.377s] [34mcolcon.colcon_core.shell[0m [1;30mINFO[0m Creating package script '/home/jsmoon/yax_jeju/install/ublox_msgs/share/ublox_msgs/package.ps1'
[71.378s] [34mcolcon.colcon_core.shell[0m [1;30mINFO[0m Creating package descriptor '/home/jsmoon/yax_jeju/install/ublox_msgs/share/ublox_msgs/package.dsv'
[71.378s] [34mcolcon.colcon_core.shell[0m [1;30mINFO[0m Creating package script '/home/jsmoon/yax_jeju/install/ublox_msgs/share/ublox_msgs/package.sh'
[71.416s] [34mcolcon.colcon_core.shell[0m [1;30mINFO[0m Creating package script '/home/jsmoon/yax_jeju/install/ublox_msgs/share/ublox_msgs/package.bash'
[71.417s] [34mcolcon.colcon_core.shell[0m [1;30mINFO[0m Creating package script '/home/jsmoon/yax_jeju/install/ublox_msgs/share/ublox_msgs/package.zsh'
[71.418s] [34mcolcon.colcon_core.environment[0m [1;30mLevel 1[0m create_file_with_runtime_dependencies(/home/jsmoon/yax_jeju/install/ublox_msgs/share/colcon-core/packages/ublox_msgs)
[71.418s] [34mcolcon.colcon_ros.task.ament_cmake.build[0m [1;30mINFO[0m Building ROS package in '/home/jsmoon/yax_jeju/src/RTK_GPS_NTRIP/ublox_gps' with build type 'ament_cmake'
[71.418s] [34mcolcon.colcon_cmake.task.cmake.build[0m [1;30mINFO[0m Building CMake package in '/home/jsmoon/yax_jeju/src/RTK_GPS_NTRIP/ublox_gps'
[71.418s] [34mcolcon.colcon_core.shell[0m [1;30mINFO[0m Skip shell extension 'powershell' for command environment: Not usable outside of PowerShell
[71.418s] [34mcolcon.colcon_core.shell[0m [1;30mDEBUG[0m [32mSkip shell extension 'dsv' for command environment[0m
[71.421s] [34mcolcon.colcon_ros.task.ament_cmake.build[0m [1;30mINFO[0m Building ROS package in '/home/jsmoon/yax_jeju/src/RTK_GPS_NTRIP/fix2nmea' with build type 'ament_cmake'
[71.421s] [34mcolcon.colcon_cmake.task.cmake.build[0m [1;30mINFO[0m Building CMake package in '/home/jsmoon/yax_jeju/src/RTK_GPS_NTRIP/fix2nmea'
[71.421s] [34mcolcon.colcon_core.shell[0m [1;30mINFO[0m Skip shell extension 'powershell' for command environment: Not usable outside of PowerShell
[71.421s] [34mcolcon.colcon_core.shell[0m [1;30mDEBUG[0m [32mSkip shell extension 'dsv' for command environment[0m
[71.431s] [34mcolcon.colcon_core.event_handler.log_command[0m [1;30mDEBUG[0m [32mInvoking command in '/home/jsmoon/yax_jeju/build/fix2nmea': AMENT_PREFIX_PATH=/home/jsmoon/yax_jeju/install/ublox_msgs:/home/jsmoon/yax_jeju/install/ublox_serialization:${AMENT_PREFIX_PATH} CMAKE_PREFIX_PATH=/home/jsmoon/yax_jeju/install/ublox_msgs:/home/jsmoon/yax_jeju/install/ublox_serialization:/home/jsmoon/ydlidar_ws/install/ydlidar_ros2_driver:/opt/ros/humble LD_LIBRARY_PATH=/home/jsmoon/yax_jeju/install/ublox_msgs/lib:/opt/ros/humble/opt/rviz_ogre_vendor/lib:/opt/ros/humble/lib/x86_64-linux-gnu:/opt/ros/humble/lib:/home/jsmoon/Desktop/JSMOON/MLCS/project1/Personalized-Adaptive-Cruise/external/acados/lib PYTHONPATH=/home/jsmoon/yax_jeju/install/ublox_msgs/local/lib/python3.10/dist-packages:${PYTHONPATH} /usr/bin/cmake /home/jsmoon/yax_jeju/src/RTK_GPS_NTRIP/fix2nmea -DAMENT_CMAKE_SYMLINK_INSTALL=1 -DCMAKE_INSTALL_PREFIX=/home/jsmoon/yax_jeju/install/fix2nmea[0m
[71.432s] [34mcolcon.colcon_core.event_handler.log_command[0m [1;30mDEBUG[0m [32mInvoking command in '/home/jsmoon/yax_jeju/build/ublox_gps': AMENT_PREFIX_PATH=/home/jsmoon/yax_jeju/install/ublox_msgs:/home/jsmoon/yax_jeju/install/ublox_serialization:/home/jsmoon/yax_jeju/install/rtcm_msgs:${AMENT_PREFIX_PATH} CMAKE_PREFIX_PATH=/home/jsmoon/yax_jeju/install/ublox_msgs:/home/jsmoon/yax_jeju/install/ublox_serialization:/home/jsmoon/yax_jeju/install/rtcm_msgs:/home/jsmoon/ydlidar_ws/install/ydlidar_ros2_driver:/opt/ros/humble LD_LIBRARY_PATH=/home/jsmoon/yax_jeju/install/ublox_msgs/lib:/home/jsmoon/yax_jeju/install/rtcm_msgs/lib:/opt/ros/humble/opt/rviz_ogre_vendor/lib:/opt/ros/humble/lib/x86_64-linux-gnu:/opt/ros/humble/lib:/home/jsmoon/Desktop/JSMOON/MLCS/project1/Personalized-Adaptive-Cruise/external/acados/lib PYTHONPATH=/home/jsmoon/yax_jeju/install/ublox_msgs/local/lib/python3.10/dist-packages:/home/jsmoon/yax_jeju/install/rtcm_msgs/local/lib/python3.10/dist-packages:${PYTHONPATH} /usr/bin/cmake /home/jsmoon/yax_jeju/src/RTK_GPS_NTRIP/ublox_gps -DAMENT_CMAKE_SYMLINK_INSTALL=1 -DCMAKE_INSTALL_PREFIX=/home/jsmoon/yax_jeju/install/ublox_gps[0m
[72.801s] [34mcolcon.colcon_core.event_handler.log_command[0m [1;30mDEBUG[0m [32mInvoked command in '/home/jsmoon/yax_jeju/build/fix2nmea' returned '0': AMENT_PREFIX_PATH=/home/jsmoon/yax_jeju/install/ublox_msgs:/home/jsmoon/yax_jeju/install/ublox_serialization:${AMENT_PREFIX_PATH} CMAKE_PREFIX_PATH=/home/jsmoon/yax_jeju/install/ublox_msgs:/home/jsmoon/yax_jeju/install/ublox_serialization:/home/jsmoon/ydlidar_ws/install/ydlidar_ros2_driver:/opt/ros/humble LD_LIBRARY_PATH=/home/jsmoon/yax_jeju/install/ublox_msgs/lib:/opt/ros/humble/opt/rviz_ogre_vendor/lib:/opt/ros/humble/lib/x86_64-linux-gnu:/opt/ros/humble/lib:/home/jsmoon/Desktop/JSMOON/MLCS/project1/Personalized-Adaptive-Cruise/external/acados/lib PYTHONPATH=/home/jsmoon/yax_jeju/install/ublox_msgs/local/lib/python3.10/dist-packages:${PYTHONPATH} /usr/bin/cmake /home/jsmoon/yax_jeju/src/RTK_GPS_NTRIP/fix2nmea -DAMENT_CMAKE_SYMLINK_INSTALL=1 -DCMAKE_INSTALL_PREFIX=/home/jsmoon/yax_jeju/install/fix2nmea[0m
[72.804s] [34mcolcon.colcon_core.event_handler.log_command[0m [1;30mDEBUG[0m [32mInvoking command in '/home/jsmoon/yax_jeju/build/fix2nmea': AMENT_PREFIX_PATH=/home/jsmoon/yax_jeju/install/ublox_msgs:/home/jsmoon/yax_jeju/install/ublox_serialization:${AMENT_PREFIX_PATH} CMAKE_PREFIX_PATH=/home/jsmoon/yax_jeju/install/ublox_msgs:/home/jsmoon/yax_jeju/install/ublox_serialization:/home/jsmoon/ydlidar_ws/install/ydlidar_ros2_driver:/opt/ros/humble LD_LIBRARY_PATH=/home/jsmoon/yax_jeju/install/ublox_msgs/lib:/opt/ros/humble/opt/rviz_ogre_vendor/lib:/opt/ros/humble/lib/x86_64-linux-gnu:/opt/ros/humble/lib:/home/jsmoon/Desktop/JSMOON/MLCS/project1/Personalized-Adaptive-Cruise/external/acados/lib PYTHONPATH=/home/jsmoon/yax_jeju/install/ublox_msgs/local/lib/python3.10/dist-packages:${PYTHONPATH} /usr/bin/cmake --build /home/jsmoon/yax_jeju/build/fix2nmea -- -j16 -l16[0m
[72.944s] [34mcolcon.colcon_core.event_handler.log_command[0m [1;30mDEBUG[0m [32mInvoked command in '/home/jsmoon/yax_jeju/build/ublox_gps' returned '0': AMENT_PREFIX_PATH=/home/jsmoon/yax_jeju/install/ublox_msgs:/home/jsmoon/yax_jeju/install/ublox_serialization:/home/jsmoon/yax_jeju/install/rtcm_msgs:${AMENT_PREFIX_PATH} CMAKE_PREFIX_PATH=/home/jsmoon/yax_jeju/install/ublox_msgs:/home/jsmoon/yax_jeju/install/ublox_serialization:/home/jsmoon/yax_jeju/install/rtcm_msgs:/home/jsmoon/ydlidar_ws/install/ydlidar_ros2_driver:/opt/ros/humble LD_LIBRARY_PATH=/home/jsmoon/yax_jeju/install/ublox_msgs/lib:/home/jsmoon/yax_jeju/install/rtcm_msgs/lib:/opt/ros/humble/opt/rviz_ogre_vendor/lib:/opt/ros/humble/lib/x86_64-linux-gnu:/opt/ros/humble/lib:/home/jsmoon/Desktop/JSMOON/MLCS/project1/Personalized-Adaptive-Cruise/external/acados/lib PYTHONPATH=/home/jsmoon/yax_jeju/install/ublox_msgs/local/lib/python3.10/dist-packages:/home/jsmoon/yax_jeju/install/rtcm_msgs/local/lib/python3.10/dist-packages:${PYTHONPATH} /usr/bin/cmake /home/jsmoon/yax_jeju/src/RTK_GPS_NTRIP/ublox_gps -DAMENT_CMAKE_SYMLINK_INSTALL=1 -DCMAKE_INSTALL_PREFIX=/home/jsmoon/yax_jeju/install/ublox_gps[0m
[72.945s] [34mcolcon.colcon_core.event_handler.log_command[0m [1;30mDEBUG[0m [32mInvoking command in '/home/jsmoon/yax_jeju/build/ublox_gps': AMENT_PREFIX_PATH=/home/jsmoon/yax_jeju/install/ublox_msgs:/home/jsmoon/yax_jeju/install/ublox_serialization:/home/jsmoon/yax_jeju/install/rtcm_msgs:${AMENT_PREFIX_PATH} CMAKE_PREFIX_PATH=/home/jsmoon/yax_jeju/install/ublox_msgs:/home/jsmoon/yax_jeju/install/ublox_serialization:/home/jsmoon/yax_jeju/install/rtcm_msgs:/home/jsmoon/ydlidar_ws/install/ydlidar_ros2_driver:/opt/ros/humble LD_LIBRARY_PATH=/home/jsmoon/yax_jeju/install/ublox_msgs/lib:/home/jsmoon/yax_jeju/install/rtcm_msgs/lib:/opt/ros/humble/opt/rviz_ogre_vendor/lib:/opt/ros/humble/lib/x86_64-linux-gnu:/opt/ros/humble/lib:/home/jsmoon/Desktop/JSMOON/MLCS/project1/Personalized-Adaptive-Cruise/external/acados/lib PYTHONPATH=/home/jsmoon/yax_jeju/install/ublox_msgs/local/lib/python3.10/dist-packages:/home/jsmoon/yax_jeju/install/rtcm_msgs/local/lib/python3.10/dist-packages:${PYTHONPATH} /usr/bin/cmake --build /home/jsmoon/yax_jeju/build/ublox_gps -- -j16 -l16[0m
[82.989s] [34mcolcon.colcon_core.event_handler.log_command[0m [1;30mDEBUG[0m [32mInvoked command in '/home/jsmoon/yax_jeju/build/fix2nmea' returned '0': AMENT_PREFIX_PATH=/home/jsmoon/yax_jeju/install/ublox_msgs:/home/jsmoon/yax_jeju/install/ublox_serialization:${AMENT_PREFIX_PATH} CMAKE_PREFIX_PATH=/home/jsmoon/yax_jeju/install/ublox_msgs:/home/jsmoon/yax_jeju/install/ublox_serialization:/home/jsmoon/ydlidar_ws/install/ydlidar_ros2_driver:/opt/ros/humble LD_LIBRARY_PATH=/home/jsmoon/yax_jeju/install/ublox_msgs/lib:/opt/ros/humble/opt/rviz_ogre_vendor/lib:/opt/ros/humble/lib/x86_64-linux-gnu:/opt/ros/humble/lib:/home/jsmoon/Desktop/JSMOON/MLCS/project1/Personalized-Adaptive-Cruise/external/acados/lib PYTHONPATH=/home/jsmoon/yax_jeju/install/ublox_msgs/local/lib/python3.10/dist-packages:${PYTHONPATH} /usr/bin/cmake --build /home/jsmoon/yax_jeju/build/fix2nmea -- -j16 -l16[0m
[82.991s] [34mcolcon.colcon_core.event_handler.log_command[0m [1;30mDEBUG[0m [32mInvoking command in '/home/jsmoon/yax_jeju/build/fix2nmea': AMENT_PREFIX_PATH=/home/jsmoon/yax_jeju/install/ublox_msgs:/home/jsmoon/yax_jeju/install/ublox_serialization:${AMENT_PREFIX_PATH} CMAKE_PREFIX_PATH=/home/jsmoon/yax_jeju/install/ublox_msgs:/home/jsmoon/yax_jeju/install/ublox_serialization:/home/jsmoon/ydlidar_ws/install/ydlidar_ros2_driver:/opt/ros/humble LD_LIBRARY_PATH=/home/jsmoon/yax_jeju/install/ublox_msgs/lib:/opt/ros/humble/opt/rviz_ogre_vendor/lib:/opt/ros/humble/lib/x86_64-linux-gnu:/opt/ros/humble/lib:/home/jsmoon/Desktop/JSMOON/MLCS/project1/Personalized-Adaptive-Cruise/external/acados/lib PYTHONPATH=/home/jsmoon/yax_jeju/install/ublox_msgs/local/lib/python3.10/dist-packages:${PYTHONPATH} /usr/bin/cmake --install /home/jsmoon/yax_jeju/build/fix2nmea[0m
[83.132s] [34mcolcon.colcon_core.environment[0m [1;30mLevel 1[0m create_environment_scripts_only(fix2nmea)
[83.132s] [34mcolcon.colcon_core.environment[0m [1;30mLevel 1[0m checking '/home/jsmoon/yax_jeju/install/fix2nmea' for CMake module files
[83.133s] [34mcolcon.colcon_core.event_handler.log_command[0m [1;30mDEBUG[0m [32mInvoked command in '/home/jsmoon/yax_jeju/build/fix2nmea' returned '0': AMENT_PREFIX_PATH=/home/jsmoon/yax_jeju/install/ublox_msgs:/home/jsmoon/yax_jeju/install/ublox_serialization:${AMENT_PREFIX_PATH} CMAKE_PREFIX_PATH=/home/jsmoon/yax_jeju/install/ublox_msgs:/home/jsmoon/yax_jeju/install/ublox_serialization:/home/jsmoon/ydlidar_ws/install/ydlidar_ros2_driver:/opt/ros/humble LD_LIBRARY_PATH=/home/jsmoon/yax_jeju/install/ublox_msgs/lib:/opt/ros/humble/opt/rviz_ogre_vendor/lib:/opt/ros/humble/lib/x86_64-linux-gnu:/opt/ros/humble/lib:/home/jsmoon/Desktop/JSMOON/MLCS/project1/Personalized-Adaptive-Cruise/external/acados/lib PYTHONPATH=/home/jsmoon/yax_jeju/install/ublox_msgs/local/lib/python3.10/dist-packages:${PYTHONPATH} /usr/bin/cmake --install /home/jsmoon/yax_jeju/build/fix2nmea[0m
[83.133s] [34mcolcon.colcon_core.environment[0m [1;30mLevel 1[0m checking '/home/jsmoon/yax_jeju/install/fix2nmea' for CMake config files
[83.134s] [34mcolcon.colcon_core.shell[0m [1;30mLevel 1[0m create_environment_hook('fix2nmea', 'cmake_prefix_path')
[83.134s] [34mcolcon.colcon_core.shell[0m [1;30mINFO[0m Creating environment hook '/home/jsmoon/yax_jeju/install/fix2nmea/share/fix2nmea/hook/cmake_prefix_path.ps1'
[83.134s] [34mcolcon.colcon_core.shell[0m [1;30mINFO[0m Creating environment descriptor '/home/jsmoon/yax_jeju/install/fix2nmea/share/fix2nmea/hook/cmake_prefix_path.dsv'
[83.134s] [34mcolcon.colcon_core.shell[0m [1;30mINFO[0m Creating environment hook '/home/jsmoon/yax_jeju/install/fix2nmea/share/fix2nmea/hook/cmake_prefix_path.sh'
[83.134s] [34mcolcon.colcon_core.environment[0m [1;30mLevel 1[0m checking '/home/jsmoon/yax_jeju/install/fix2nmea/lib'
[83.134s] [34mcolcon.colcon_core.environment[0m [1;30mLevel 1[0m checking '/home/jsmoon/yax_jeju/install/fix2nmea/bin'
[83.135s] [34mcolcon.colcon_core.environment[0m [1;30mLevel 1[0m checking '/home/jsmoon/yax_jeju/install/fix2nmea/lib/pkgconfig/fix2nmea.pc'
[83.135s] [34mcolcon.colcon_core.environment[0m [1;30mLevel 1[0m checking '/home/jsmoon/yax_jeju/install/fix2nmea/lib/python3.10/site-packages'
[83.135s] [34mcolcon.colcon_core.environment[0m [1;30mLevel 1[0m checking '/home/jsmoon/yax_jeju/install/fix2nmea/bin'
[83.135s] [34mcolcon.colcon_core.shell[0m [1;30mINFO[0m Creating package script '/home/jsmoon/yax_jeju/install/fix2nmea/share/fix2nmea/package.ps1'
[83.135s] [34mcolcon.colcon_core.shell[0m [1;30mINFO[0m Creating package descriptor '/home/jsmoon/yax_jeju/install/fix2nmea/share/fix2nmea/package.dsv'
[83.135s] [34mcolcon.colcon_core.shell[0m [1;30mINFO[0m Creating package script '/home/jsmoon/yax_jeju/install/fix2nmea/share/fix2nmea/package.sh'
[83.136s] [34mcolcon.colcon_core.shell[0m [1;30mINFO[0m Creating package script '/home/jsmoon/yax_jeju/install/fix2nmea/share/fix2nmea/package.bash'
[83.136s] [34mcolcon.colcon_core.shell[0m [1;30mINFO[0m Creating package script '/home/jsmoon/yax_jeju/install/fix2nmea/share/fix2nmea/package.zsh'
[83.136s] [34mcolcon.colcon_core.environment[0m [1;30mLevel 1[0m create_file_with_runtime_dependencies(/home/jsmoon/yax_jeju/install/fix2nmea/share/colcon-core/packages/fix2nmea)
[83.136s] [34mcolcon.colcon_core.environment[0m [1;30mLevel 1[0m create_environment_scripts_only(fix2nmea)
[83.136s] [34mcolcon.colcon_core.environment[0m [1;30mLevel 1[0m checking '/home/jsmoon/yax_jeju/install/fix2nmea' for CMake module files
[83.137s] [34mcolcon.colcon_core.environment[0m [1;30mLevel 1[0m checking '/home/jsmoon/yax_jeju/install/fix2nmea' for CMake config files
[83.137s] [34mcolcon.colcon_core.shell[0m [1;30mLevel 1[0m create_environment_hook('fix2nmea', 'cmake_prefix_path')
[83.137s] [34mcolcon.colcon_core.shell[0m [1;30mINFO[0m Creating environment hook '/home/jsmoon/yax_jeju/install/fix2nmea/share/fix2nmea/hook/cmake_prefix_path.ps1'
[83.137s] [34mcolcon.colcon_core.shell[0m [1;30mINFO[0m Creating environment descriptor '/home/jsmoon/yax_jeju/install/fix2nmea/share/fix2nmea/hook/cmake_prefix_path.dsv'
[83.137s] [34mcolcon.colcon_core.shell[0m [1;30mINFO[0m Creating environment hook '/home/jsmoon/yax_jeju/install/fix2nmea/share/fix2nmea/hook/cmake_prefix_path.sh'
[83.138s] [34mcolcon.colcon_core.environment[0m [1;30mLevel 1[0m checking '/home/jsmoon/yax_jeju/install/fix2nmea/lib'
[83.138s] [34mcolcon.colcon_core.environment[0m [1;30mLevel 1[0m checking '/home/jsmoon/yax_jeju/install/fix2nmea/bin'
[83.138s] [34mcolcon.colcon_core.environment[0m [1;30mLevel 1[0m checking '/home/jsmoon/yax_jeju/install/fix2nmea/lib/pkgconfig/fix2nmea.pc'
[83.138s] [34mcolcon.colcon_core.environment[0m [1;30mLevel 1[0m checking '/home/jsmoon/yax_jeju/install/fix2nmea/lib/python3.10/site-packages'
[83.138s] [34mcolcon.colcon_core.environment[0m [1;30mLevel 1[0m checking '/home/jsmoon/yax_jeju/install/fix2nmea/bin'
[83.138s] [34mcolcon.colcon_core.shell[0m [1;30mINFO[0m Creating package script '/home/jsmoon/yax_jeju/install/fix2nmea/share/fix2nmea/package.ps1'
[83.139s] [34mcolcon.colcon_core.shell[0m [1;30mINFO[0m Creating package descriptor '/home/jsmoon/yax_jeju/install/fix2nmea/share/fix2nmea/package.dsv'
[83.139s] [34mcolcon.colcon_core.shell[0m [1;30mINFO[0m Creating package script '/home/jsmoon/yax_jeju/install/fix2nmea/share/fix2nmea/package.sh'
[83.139s] [34mcolcon.colcon_core.shell[0m [1;30mINFO[0m Creating package script '/home/jsmoon/yax_jeju/install/fix2nmea/share/fix2nmea/package.bash'
[83.140s] [34mcolcon.colcon_core.shell[0m [1;30mINFO[0m Creating package script '/home/jsmoon/yax_jeju/install/fix2nmea/share/fix2nmea/package.zsh'
[83.140s] [34mcolcon.colcon_core.environment[0m [1;30mLevel 1[0m create_file_with_runtime_dependencies(/home/jsmoon/yax_jeju/install/fix2nmea/share/colcon-core/packages/fix2nmea)
[98.930s] [34mcolcon.colcon_core.event_handler.log_command[0m [1;30mDEBUG[0m [32mInvoked command in '/home/jsmoon/yax_jeju/build/ublox_gps' returned '0': AMENT_PREFIX_PATH=/home/jsmoon/yax_jeju/install/ublox_msgs:/home/jsmoon/yax_jeju/install/ublox_serialization:/home/jsmoon/yax_jeju/install/rtcm_msgs:${AMENT_PREFIX_PATH} CMAKE_PREFIX_PATH=/home/jsmoon/yax_jeju/install/ublox_msgs:/home/jsmoon/yax_jeju/install/ublox_serialization:/home/jsmoon/yax_jeju/install/rtcm_msgs:/home/jsmoon/ydlidar_ws/install/ydlidar_ros2_driver:/opt/ros/humble LD_LIBRARY_PATH=/home/jsmoon/yax_jeju/install/ublox_msgs/lib:/home/jsmoon/yax_jeju/install/rtcm_msgs/lib:/opt/ros/humble/opt/rviz_ogre_vendor/lib:/opt/ros/humble/lib/x86_64-linux-gnu:/opt/ros/humble/lib:/home/jsmoon/Desktop/JSMOON/MLCS/project1/Personalized-Adaptive-Cruise/external/acados/lib PYTHONPATH=/home/jsmoon/yax_jeju/install/ublox_msgs/local/lib/python3.10/dist-packages:/home/jsmoon/yax_jeju/install/rtcm_msgs/local/lib/python3.10/dist-packages:${PYTHONPATH} /usr/bin/cmake --build /home/jsmoon/yax_jeju/build/ublox_gps -- -j16 -l16[0m
[98.931s] [34mcolcon.colcon_core.event_handler.log_command[0m [1;30mDEBUG[0m [32mInvoking command in '/home/jsmoon/yax_jeju/build/ublox_gps': AMENT_PREFIX_PATH=/home/jsmoon/yax_jeju/install/ublox_msgs:/home/jsmoon/yax_jeju/install/ublox_serialization:/home/jsmoon/yax_jeju/install/rtcm_msgs:${AMENT_PREFIX_PATH} CMAKE_PREFIX_PATH=/home/jsmoon/yax_jeju/install/ublox_msgs:/home/jsmoon/yax_jeju/install/ublox_serialization:/home/jsmoon/yax_jeju/install/rtcm_msgs:/home/jsmoon/ydlidar_ws/install/ydlidar_ros2_driver:/opt/ros/humble LD_LIBRARY_PATH=/home/jsmoon/yax_jeju/install/ublox_msgs/lib:/home/jsmoon/yax_jeju/install/rtcm_msgs/lib:/opt/ros/humble/opt/rviz_ogre_vendor/lib:/opt/ros/humble/lib/x86_64-linux-gnu:/opt/ros/humble/lib:/home/jsmoon/Desktop/JSMOON/MLCS/project1/Personalized-Adaptive-Cruise/external/acados/lib PYTHONPATH=/home/jsmoon/yax_jeju/install/ublox_msgs/local/lib/python3.10/dist-packages:/home/jsmoon/yax_jeju/install/rtcm_msgs/local/lib/python3.10/dist-packages:${PYTHONPATH} /usr/bin/cmake --install /home/jsmoon/yax_jeju/build/ublox_gps[0m
[99.389s] [34mcolcon.colcon_core.environment[0m [1;30mLevel 1[0m create_environment_scripts_only(ublox_gps)
[99.390s] [34mcolcon.colcon_core.environment[0m [1;30mLevel 1[0m checking '/home/jsmoon/yax_jeju/install/ublox_gps' for CMake module files
[99.390s] [34mcolcon.colcon_core.event_handler.log_command[0m [1;30mDEBUG[0m [32mInvoked command in '/home/jsmoon/yax_jeju/build/ublox_gps' returned '0': AMENT_PREFIX_PATH=/home/jsmoon/yax_jeju/install/ublox_msgs:/home/jsmoon/yax_jeju/install/ublox_serialization:/home/jsmoon/yax_jeju/install/rtcm_msgs:${AMENT_PREFIX_PATH} CMAKE_PREFIX_PATH=/home/jsmoon/yax_jeju/install/ublox_msgs:/home/jsmoon/yax_jeju/install/ublox_serialization:/home/jsmoon/yax_jeju/install/rtcm_msgs:/home/jsmoon/ydlidar_ws/install/ydlidar_ros2_driver:/opt/ros/humble LD_LIBRARY_PATH=/home/jsmoon/yax_jeju/install/ublox_msgs/lib:/home/jsmoon/yax_jeju/install/rtcm_msgs/lib:/opt/ros/humble/opt/rviz_ogre_vendor/lib:/opt/ros/humble/lib/x86_64-linux-gnu:/opt/ros/humble/lib:/home/jsmoon/Desktop/JSMOON/MLCS/project1/Personalized-Adaptive-Cruise/external/acados/lib PYTHONPATH=/home/jsmoon/yax_jeju/install/ublox_msgs/local/lib/python3.10/dist-packages:/home/jsmoon/yax_jeju/install/rtcm_msgs/local/lib/python3.10/dist-packages:${PYTHONPATH} /usr/bin/cmake --install /home/jsmoon/yax_jeju/build/ublox_gps[0m
[99.391s] [34mcolcon.colcon_core.environment[0m [1;30mLevel 1[0m checking '/home/jsmoon/yax_jeju/install/ublox_gps' for CMake config files
[99.391s] [34mcolcon.colcon_core.shell[0m [1;30mLevel 1[0m create_environment_hook('ublox_gps', 'cmake_prefix_path')
[99.391s] [34mcolcon.colcon_core.shell[0m [1;30mINFO[0m Creating environment hook '/home/jsmoon/yax_jeju/install/ublox_gps/share/ublox_gps/hook/cmake_prefix_path.ps1'
[99.392s] [34mcolcon.colcon_core.shell[0m [1;30mINFO[0m Creating environment descriptor '/home/jsmoon/yax_jeju/install/ublox_gps/share/ublox_gps/hook/cmake_prefix_path.dsv'
[99.392s] [34mcolcon.colcon_core.shell[0m [1;30mINFO[0m Creating environment hook '/home/jsmoon/yax_jeju/install/ublox_gps/share/ublox_gps/hook/cmake_prefix_path.sh'
[99.392s] [34mcolcon.colcon_core.environment[0m [1;30mLevel 1[0m checking '/home/jsmoon/yax_jeju/install/ublox_gps/lib'
[99.392s] [34mcolcon.colcon_core.shell[0m [1;30mLevel 1[0m create_environment_hook('ublox_gps', 'ld_library_path_lib')
[99.392s] [34mcolcon.colcon_core.shell[0m [1;30mINFO[0m Creating environment hook '/home/jsmoon/yax_jeju/install/ublox_gps/share/ublox_gps/hook/ld_library_path_lib.ps1'
[99.392s] [34mcolcon.colcon_core.shell[0m [1;30mINFO[0m Creating environment descriptor '/home/jsmoon/yax_jeju/install/ublox_gps/share/ublox_gps/hook/ld_library_path_lib.dsv'
[99.392s] [34mcolcon.colcon_core.shell[0m [1;30mINFO[0m Creating environment hook '/home/jsmoon/yax_jeju/install/ublox_gps/share/ublox_gps/hook/ld_library_path_lib.sh'
[99.393s] [34mcolcon.colcon_core.environment[0m [1;30mLevel 1[0m checking '/home/jsmoon/yax_jeju/install/ublox_gps/bin'
[99.393s] [34mcolcon.colcon_core.environment[0m [1;30mLevel 1[0m checking '/home/jsmoon/yax_jeju/install/ublox_gps/lib/pkgconfig/ublox_gps.pc'
[99.393s] [34mcolcon.colcon_core.environment[0m [1;30mLevel 1[0m checking '/home/jsmoon/yax_jeju/install/ublox_gps/lib/python3.10/site-packages'
[99.393s] [34mcolcon.colcon_core.environment[0m [1;30mLevel 1[0m checking '/home/jsmoon/yax_jeju/install/ublox_gps/bin'
[99.393s] [34mcolcon.colcon_core.shell[0m [1;30mINFO[0m Creating package script '/home/jsmoon/yax_jeju/install/ublox_gps/share/ublox_gps/package.ps1'
[99.393s] [34mcolcon.colcon_core.shell[0m [1;30mINFO[0m Creating package descriptor '/home/jsmoon/yax_jeju/install/ublox_gps/share/ublox_gps/package.dsv'
[99.394s] [34mcolcon.colcon_core.shell[0m [1;30mINFO[0m Creating package script '/home/jsmoon/yax_jeju/install/ublox_gps/share/ublox_gps/package.sh'
[99.394s] [34mcolcon.colcon_core.shell[0m [1;30mINFO[0m Creating package script '/home/jsmoon/yax_jeju/install/ublox_gps/share/ublox_gps/package.bash'
[99.394s] [34mcolcon.colcon_core.shell[0m [1;30mINFO[0m Creating package script '/home/jsmoon/yax_jeju/install/ublox_gps/share/ublox_gps/package.zsh'
[99.394s] [34mcolcon.colcon_core.environment[0m [1;30mLevel 1[0m create_file_with_runtime_dependencies(/home/jsmoon/yax_jeju/install/ublox_gps/share/colcon-core/packages/ublox_gps)
[99.394s] [34mcolcon.colcon_core.environment[0m [1;30mLevel 1[0m create_environment_scripts_only(ublox_gps)
[99.395s] [34mcolcon.colcon_core.environment[0m [1;30mLevel 1[0m checking '/home/jsmoon/yax_jeju/install/ublox_gps' for CMake module files
[99.395s] [34mcolcon.colcon_core.environment[0m [1;30mLevel 1[0m checking '/home/jsmoon/yax_jeju/install/ublox_gps' for CMake config files
[99.395s] [34mcolcon.colcon_core.shell[0m [1;30mLevel 1[0m create_environment_hook('ublox_gps', 'cmake_prefix_path')
[99.395s] [34mcolcon.colcon_core.shell[0m [1;30mINFO[0m Creating environment hook '/home/jsmoon/yax_jeju/install/ublox_gps/share/ublox_gps/hook/cmake_prefix_path.ps1'
[99.395s] [34mcolcon.colcon_core.shell[0m [1;30mINFO[0m Creating environment descriptor '/home/jsmoon/yax_jeju/install/ublox_gps/share/ublox_gps/hook/cmake_prefix_path.dsv'
[99.396s] [34mcolcon.colcon_core.shell[0m [1;30mINFO[0m Creating environment hook '/home/jsmoon/yax_jeju/install/ublox_gps/share/ublox_gps/hook/cmake_prefix_path.sh'
[99.396s] [34mcolcon.colcon_core.environment[0m [1;30mLevel 1[0m checking '/home/jsmoon/yax_jeju/install/ublox_gps/lib'
[99.396s] [34mcolcon.colcon_core.shell[0m [1;30mLevel 1[0m create_environment_hook('ublox_gps', 'ld_library_path_lib')
[99.396s] [34mcolcon.colcon_core.shell[0m [1;30mINFO[0m Creating environment hook '/home/jsmoon/yax_jeju/install/ublox_gps/share/ublox_gps/hook/ld_library_path_lib.ps1'
[99.396s] [34mcolcon.colcon_core.shell[0m [1;30mINFO[0m Creating environment descriptor '/home/jsmoon/yax_jeju/install/ublox_gps/share/ublox_gps/hook/ld_library_path_lib.dsv'
[99.396s] [34mcolcon.colcon_core.shell[0m [1;30mINFO[0m Creating environment hook '/home/jsmoon/yax_jeju/install/ublox_gps/share/ublox_gps/hook/ld_library_path_lib.sh'
[99.396s] [34mcolcon.colcon_core.environment[0m [1;30mLevel 1[0m checking '/home/jsmoon/yax_jeju/install/ublox_gps/bin'
[99.397s] [34mcolcon.colcon_core.environment[0m [1;30mLevel 1[0m checking '/home/jsmoon/yax_jeju/install/ublox_gps/lib/pkgconfig/ublox_gps.pc'
[99.397s] [34mcolcon.colcon_core.environment[0m [1;30mLevel 1[0m checking '/home/jsmoon/yax_jeju/install/ublox_gps/lib/python3.10/site-packages'
[99.397s] [34mcolcon.colcon_core.environment[0m [1;30mLevel 1[0m checking '/home/jsmoon/yax_jeju/install/ublox_gps/bin'
[99.397s] [34mcolcon.colcon_core.shell[0m [1;30mINFO[0m Creating package script '/home/jsmoon/yax_jeju/install/ublox_gps/share/ublox_gps/package.ps1'
[99.397s] [34mcolcon.colcon_core.shell[0m [1;30mINFO[0m Creating package descriptor '/home/jsmoon/yax_jeju/install/ublox_gps/share/ublox_gps/package.dsv'
[99.397s] [34mcolcon.colcon_core.shell[0m [1;30mINFO[0m Creating package script '/home/jsmoon/yax_jeju/install/ublox_gps/share/ublox_gps/package.sh'
[99.398s] [34mcolcon.colcon_core.shell[0m [1;30mINFO[0m Creating package script '/home/jsmoon/yax_jeju/install/ublox_gps/share/ublox_gps/package.bash'
[99.398s] [34mcolcon.colcon_core.shell[0m [1;30mINFO[0m Creating package script '/home/jsmoon/yax_jeju/install/ublox_gps/share/ublox_gps/package.zsh'
[99.398s] [34mcolcon.colcon_core.environment[0m [1;30mLevel 1[0m create_file_with_runtime_dependencies(/home/jsmoon/yax_jeju/install/ublox_gps/share/colcon-core/packages/ublox_gps)
[99.398s] [34mcolcon.colcon_ros.task.ament_python.build[0m [1;30mINFO[0m Building ROS package in '/home/jsmoon/yax_jeju/src/my_custom_pkg' with build type 'ament_python'
[99.398s] [34mcolcon.colcon_core.shell[0m [1;30mLevel 1[0m create_environment_hook('my_custom_pkg', 'ament_prefix_path')
[99.398s] [34mcolcon.colcon_core.shell[0m [1;30mINFO[0m Creating environment hook '/home/jsmoon/yax_jeju/install/my_custom_pkg/share/my_custom_pkg/hook/ament_prefix_path.ps1'
[99.399s] [34mcolcon.colcon_core.shell[0m [1;30mINFO[0m Creating environment descriptor '/home/jsmoon/yax_jeju/install/my_custom_pkg/share/my_custom_pkg/hook/ament_prefix_path.dsv'
[99.399s] [34mcolcon.colcon_core.shell[0m [1;30mINFO[0m Creating environment hook '/home/jsmoon/yax_jeju/install/my_custom_pkg/share/my_custom_pkg/hook/ament_prefix_path.sh'
[99.400s] [34mcolcon.colcon_core.shell[0m [1;30mINFO[0m Skip shell extension 'powershell' for command environment: Not usable outside of PowerShell
[99.400s] [34mcolcon.colcon_core.shell[0m [1;30mDEBUG[0m [32mSkip shell extension 'dsv' for command environment[0m
[99.402s] [34mcolcon.colcon_ros.task.ament_cmake.build[0m [1;30mINFO[0m Building ROS package in '/home/jsmoon/yax_jeju/src/RTK_GPS_NTRIP/ublox' with build type 'ament_cmake'
[99.402s] [34mcolcon.colcon_cmake.task.cmake.build[0m [1;30mINFO[0m Building CMake package in '/home/jsmoon/yax_jeju/src/RTK_GPS_NTRIP/ublox'
[99.402s] [34mcolcon.colcon_core.shell[0m [1;30mINFO[0m Skip shell extension 'powershell' for command environment: Not usable outside of PowerShell
[99.402s] [34mcolcon.colcon_core.shell[0m [1;30mDEBUG[0m [32mSkip shell extension 'dsv' for command environment[0m
[99.416s] [34mcolcon.colcon_core.event_handler.log_command[0m [1;30mDEBUG[0m [32mInvoking command in '/home/jsmoon/yax_jeju/build/ublox': AMENT_PREFIX_PATH=/home/jsmoon/yax_jeju/install/ublox_gps:/home/jsmoon/yax_jeju/install/ublox_msgs:/home/jsmoon/yax_jeju/install/ublox_serialization:/home/jsmoon/yax_jeju/install/rtcm_msgs:${AMENT_PREFIX_PATH} CMAKE_PREFIX_PATH=/home/jsmoon/yax_jeju/install/ublox_gps:/home/jsmoon/yax_jeju/install/ublox_msgs:/home/jsmoon/yax_jeju/install/ublox_serialization:/home/jsmoon/yax_jeju/install/rtcm_msgs:/home/jsmoon/ydlidar_ws/install/ydlidar_ros2_driver:/opt/ros/humble LD_LIBRARY_PATH=/home/jsmoon/yax_jeju/install/ublox_gps/lib:/home/jsmoon/yax_jeju/install/ublox_msgs/lib:/home/jsmoon/yax_jeju/install/rtcm_msgs/lib:/opt/ros/humble/opt/rviz_ogre_vendor/lib:/opt/ros/humble/lib/x86_64-linux-gnu:/opt/ros/humble/lib:/home/jsmoon/Desktop/JSMOON/MLCS/project1/Personalized-Adaptive-Cruise/external/acados/lib PYTHONPATH=/home/jsmoon/yax_jeju/install/ublox_msgs/local/lib/python3.10/dist-packages:/home/jsmoon/yax_jeju/install/rtcm_msgs/local/lib/python3.10/dist-packages:${PYTHONPATH} /usr/bin/cmake /home/jsmoon/yax_jeju/src/RTK_GPS_NTRIP/ublox -DAMENT_CMAKE_SYMLINK_INSTALL=1 -DCMAKE_INSTALL_PREFIX=/home/jsmoon/yax_jeju/install/ublox[0m
[99.583s] [34mcolcon.colcon_core.task.python.build[0m [1;30mINFO[0m Building Python package in '/home/jsmoon/yax_jeju/src/my_custom_pkg'
[99.583s] [34mcolcon.colcon_core.shell[0m [1;30mINFO[0m Skip shell extension 'powershell' for command environment: Not usable outside of PowerShell
[99.583s] [34mcolcon.colcon_core.shell[0m [1;30mDEBUG[0m [32mSkip shell extension 'dsv' for command environment[0m
[99.853s] [34mcolcon.colcon_core.event_handler.log_command[0m [1;30mDEBUG[0m [32mInvoking command in '/home/jsmoon/yax_jeju/build/my_custom_pkg': AMENT_PREFIX_PATH=/home/jsmoon/yax_jeju/install/ublox_gps:/home/jsmoon/yax_jeju/install/fix2nmea:/home/jsmoon/yax_jeju/install/ublox_msgs:/home/jsmoon/yax_jeju/install/ydlidar_ros2_driver:/home/jsmoon/yax_jeju/install/ublox_serialization:/home/jsmoon/yax_jeju/install/serial_communication_pkg:/home/jsmoon/yax_jeju/install/rtcm_msgs:/home/jsmoon/yax_jeju/install/interfaces_pkg:/home/jsmoon/yax_jeju/install/decision_making_pkg:/home/jsmoon/yax_jeju/install/camera_perception_pkg:${AMENT_PREFIX_PATH} CMAKE_PREFIX_PATH=/home/jsmoon/yax_jeju/install/ublox_gps:/home/jsmoon/yax_jeju/install/fix2nmea:/home/jsmoon/yax_jeju/install/ublox_msgs:/home/jsmoon/yax_jeju/install/ydlidar_ros2_driver:/home/jsmoon/yax_jeju/install/ublox_serialization:/home/jsmoon/yax_jeju/install/rtcm_msgs:/home/jsmoon/yax_jeju/install/interfaces_pkg:${CMAKE_PREFIX_PATH} LD_LIBRARY_PATH=/home/jsmoon/yax_jeju/install/ublox_gps/lib:/home/jsmoon/yax_jeju/install/ublox_msgs/lib:/home/jsmoon/yax_jeju/install/rtcm_msgs/lib:/home/jsmoon/yax_jeju/install/interfaces_pkg/lib:/opt/ros/humble/opt/rviz_ogre_vendor/lib:/opt/ros/humble/lib/x86_64-linux-gnu:/opt/ros/humble/lib:/home/jsmoon/Desktop/JSMOON/MLCS/project1/Personalized-Adaptive-Cruise/external/acados/lib PYTHONPATH=/home/jsmoon/yax_jeju/build/my_custom_pkg/prefix_override:/usr/lib/python3/dist-packages/colcon_core/task/python/colcon_distutils_commands:/home/jsmoon/yax_jeju/install/my_custom_pkg/lib/python3.10/site-packages:/home/jsmoon/yax_jeju/install/ublox_msgs/local/lib/python3.10/dist-packages:/home/jsmoon/yax_jeju/build/serial_communication_pkg:/home/jsmoon/yax_jeju/install/serial_communication_pkg/lib/python3.10/site-packages:/home/jsmoon/yax_jeju/install/rtcm_msgs/local/lib/python3.10/dist-packages:/home/jsmoon/yax_jeju/install/interfaces_pkg/local/lib/python3.10/dist-packages:/home/jsmoon/yax_jeju/build/decision_making_pkg:/home/jsmoon/yax_jeju/install/decision_making_pkg/lib/python3.10/site-packages:/home/jsmoon/yax_jeju/build/camera_perception_pkg:/home/jsmoon/yax_jeju/install/camera_perception_pkg/lib/python3.10/site-packages:${PYTHONPATH} /usr/bin/python3 -W ignore:setup.py install is deprecated -W ignore:easy_install command is deprecated setup.py develop --editable --build-directory /home/jsmoon/yax_jeju/build/my_custom_pkg/build --no-deps symlink_data[0m
[100.191s] [34mcolcon.colcon_core.shell[0m [1;30mLevel 1[0m create_environment_hook('my_custom_pkg', 'pythonpath_develop')
[100.192s] [34mcolcon.colcon_core.shell[0m [1;30mINFO[0m Creating environment hook '/home/jsmoon/yax_jeju/build/my_custom_pkg/share/my_custom_pkg/hook/pythonpath_develop.ps1'
[100.192s] [34mcolcon.colcon_core.event_handler.log_command[0m [1;30mDEBUG[0m [32mInvoked command in '/home/jsmoon/yax_jeju/build/my_custom_pkg' returned '0': AMENT_PREFIX_PATH=/home/jsmoon/yax_jeju/install/ublox_gps:/home/jsmoon/yax_jeju/install/fix2nmea:/home/jsmoon/yax_jeju/install/ublox_msgs:/home/jsmoon/yax_jeju/install/ydlidar_ros2_driver:/home/jsmoon/yax_jeju/install/ublox_serialization:/home/jsmoon/yax_jeju/install/serial_communication_pkg:/home/jsmoon/yax_jeju/install/rtcm_msgs:/home/jsmoon/yax_jeju/install/interfaces_pkg:/home/jsmoon/yax_jeju/install/decision_making_pkg:/home/jsmoon/yax_jeju/install/camera_perception_pkg:${AMENT_PREFIX_PATH} CMAKE_PREFIX_PATH=/home/jsmoon/yax_jeju/install/ublox_gps:/home/jsmoon/yax_jeju/install/fix2nmea:/home/jsmoon/yax_jeju/install/ublox_msgs:/home/jsmoon/yax_jeju/install/ydlidar_ros2_driver:/home/jsmoon/yax_jeju/install/ublox_serialization:/home/jsmoon/yax_jeju/install/rtcm_msgs:/home/jsmoon/yax_jeju/install/interfaces_pkg:${CMAKE_PREFIX_PATH} LD_LIBRARY_PATH=/home/jsmoon/yax_jeju/install/ublox_gps/lib:/home/jsmoon/yax_jeju/install/ublox_msgs/lib:/home/jsmoon/yax_jeju/install/rtcm_msgs/lib:/home/jsmoon/yax_jeju/install/interfaces_pkg/lib:/opt/ros/humble/opt/rviz_ogre_vendor/lib:/opt/ros/humble/lib/x86_64-linux-gnu:/opt/ros/humble/lib:/home/jsmoon/Desktop/JSMOON/MLCS/project1/Personalized-Adaptive-Cruise/external/acados/lib PYTHONPATH=/home/jsmoon/yax_jeju/build/my_custom_pkg/prefix_override:/usr/lib/python3/dist-packages/colcon_core/task/python/colcon_distutils_commands:/home/jsmoon/yax_jeju/install/my_custom_pkg/lib/python3.10/site-packages:/home/jsmoon/yax_jeju/install/ublox_msgs/local/lib/python3.10/dist-packages:/home/jsmoon/yax_jeju/build/serial_communication_pkg:/home/jsmoon/yax_jeju/install/serial_communication_pkg/lib/python3.10/site-packages:/home/jsmoon/yax_jeju/install/rtcm_msgs/local/lib/python3.10/dist-packages:/home/jsmoon/yax_jeju/install/interfaces_pkg/local/lib/python3.10/dist-packages:/home/jsmoon/yax_jeju/build/decision_making_pkg:/home/jsmoon/yax_jeju/install/decision_making_pkg/lib/python3.10/site-packages:/home/jsmoon/yax_jeju/build/camera_perception_pkg:/home/jsmoon/yax_jeju/install/camera_perception_pkg/lib/python3.10/site-packages:${PYTHONPATH} /usr/bin/python3 -W ignore:setup.py install is deprecated -W ignore:easy_install command is deprecated setup.py develop --editable --build-directory /home/jsmoon/yax_jeju/build/my_custom_pkg/build --no-deps symlink_data[0m
[100.193s] [34mcolcon.colcon_core.shell[0m [1;30mINFO[0m Creating environment descriptor '/home/jsmoon/yax_jeju/build/my_custom_pkg/share/my_custom_pkg/hook/pythonpath_develop.dsv'
[100.193s] [34mcolcon.colcon_core.shell[0m [1;30mINFO[0m Creating environment hook '/home/jsmoon/yax_jeju/build/my_custom_pkg/share/my_custom_pkg/hook/pythonpath_develop.sh'
[100.193s] [34mcolcon.colcon_core.environment[0m [1;30mLevel 1[0m checking '/home/jsmoon/yax_jeju/install/my_custom_pkg' for CMake module files
[100.193s] [34mcolcon.colcon_core.environment[0m [1;30mLevel 1[0m checking '/home/jsmoon/yax_jeju/install/my_custom_pkg' for CMake config files
[100.194s] [34mcolcon.colcon_core.environment[0m [1;30mLevel 1[0m checking '/home/jsmoon/yax_jeju/install/my_custom_pkg/lib'
[100.194s] [34mcolcon.colcon_core.environment[0m [1;30mLevel 1[0m checking '/home/jsmoon/yax_jeju/install/my_custom_pkg/bin'
[100.194s] [34mcolcon.colcon_core.environment[0m [1;30mLevel 1[0m checking '/home/jsmoon/yax_jeju/install/my_custom_pkg/lib/pkgconfig/my_custom_pkg.pc'
[100.194s] [34mcolcon.colcon_core.environment[0m [1;30mLevel 1[0m checking '/home/jsmoon/yax_jeju/install/my_custom_pkg/lib/python3.10/site-packages'
[100.194s] [34mcolcon.colcon_core.shell[0m [1;30mLevel 1[0m create_environment_hook('my_custom_pkg', 'pythonpath')
[100.194s] [34mcolcon.colcon_core.shell[0m [1;30mINFO[0m Creating environment hook '/home/jsmoon/yax_jeju/install/my_custom_pkg/share/my_custom_pkg/hook/pythonpath.ps1'
[100.194s] [34mcolcon.colcon_core.shell[0m [1;30mINFO[0m Creating environment descriptor '/home/jsmoon/yax_jeju/install/my_custom_pkg/share/my_custom_pkg/hook/pythonpath.dsv'
[100.194s] [34mcolcon.colcon_core.shell[0m [1;30mINFO[0m Creating environment hook '/home/jsmoon/yax_jeju/install/my_custom_pkg/share/my_custom_pkg/hook/pythonpath.sh'
[100.195s] [34mcolcon.colcon_core.environment[0m [1;30mLevel 1[0m checking '/home/jsmoon/yax_jeju/install/my_custom_pkg/bin'
[100.195s] [34mcolcon.colcon_core.environment[0m [1;30mLevel 1[0m create_environment_scripts_only(my_custom_pkg)
[100.195s] [34mcolcon.colcon_core.shell[0m [1;30mINFO[0m Creating package script '/home/jsmoon/yax_jeju/install/my_custom_pkg/share/my_custom_pkg/package.ps1'
[100.195s] [34mcolcon.colcon_core.shell[0m [1;30mINFO[0m Creating package descriptor '/home/jsmoon/yax_jeju/install/my_custom_pkg/share/my_custom_pkg/package.dsv'
[100.196s] [34mcolcon.colcon_core.shell[0m [1;30mINFO[0m Creating package script '/home/jsmoon/yax_jeju/install/my_custom_pkg/share/my_custom_pkg/package.sh'
[100.196s] [34mcolcon.colcon_core.shell[0m [1;30mINFO[0m Creating package script '/home/jsmoon/yax_jeju/install/my_custom_pkg/share/my_custom_pkg/package.bash'
[100.196s] [34mcolcon.colcon_core.shell[0m [1;30mINFO[0m Creating package script '/home/jsmoon/yax_jeju/install/my_custom_pkg/share/my_custom_pkg/package.zsh'
[100.196s] [34mcolcon.colcon_core.environment[0m [1;30mLevel 1[0m create_file_with_runtime_dependencies(/home/jsmoon/yax_jeju/install/my_custom_pkg/share/colcon-core/packages/my_custom_pkg)
[100.196s] [34mcolcon.colcon_ros.task.ament_cmake.build[0m [1;30mINFO[0m Building ROS package in '/home/jsmoon/yax_jeju/src/launch_pkg' with build type 'ament_cmake'
[100.196s] [34mcolcon.colcon_cmake.task.cmake.build[0m [1;30mINFO[0m Building CMake package in '/home/jsmoon/yax_jeju/src/launch_pkg'
[100.197s] [34mcolcon.colcon_core.shell[0m [1;30mINFO[0m Skip shell extension 'powershell' for command environment: Not usable outside of PowerShell
[100.197s] [34mcolcon.colcon_core.shell[0m [1;30mDEBUG[0m [32mSkip shell extension 'dsv' for command environment[0m
[100.221s] [34mcolcon.colcon_core.event_handler.log_command[0m [1;30mDEBUG[0m [32mInvoking command in '/home/jsmoon/yax_jeju/build/launch_pkg': AMENT_PREFIX_PATH=/home/jsmoon/yax_jeju/install/my_custom_pkg:/home/jsmoon/yax_jeju/install/ublox_gps:/home/jsmoon/yax_jeju/install/fix2nmea:/home/jsmoon/yax_jeju/install/ublox_msgs:/home/jsmoon/yax_jeju/install/ydlidar_ros2_driver:/home/jsmoon/yax_jeju/install/ublox_serialization:/home/jsmoon/yax_jeju/install/serial_communication_pkg:/home/jsmoon/yax_jeju/install/rtcm_msgs:/home/jsmoon/yax_jeju/install/ntrip_client:/home/jsmoon/yax_jeju/install/lidar_perception_pkg:/home/jsmoon/yax_jeju/install/interfaces_pkg:/home/jsmoon/yax_jeju/install/decision_making_pkg:/home/jsmoon/yax_jeju/install/camera_perception_pkg:${AMENT_PREFIX_PATH} CMAKE_PREFIX_PATH=/home/jsmoon/yax_jeju/install/ublox_gps:/home/jsmoon/yax_jeju/install/fix2nmea:/home/jsmoon/yax_jeju/install/ublox_msgs:/home/jsmoon/yax_jeju/install/ydlidar_ros2_driver:/home/jsmoon/yax_jeju/install/ublox_serialization:/home/jsmoon/yax_jeju/install/rtcm_msgs:/home/jsmoon/yax_jeju/install/interfaces_pkg:/home/jsmoon/ydlidar_ws/install/ydlidar_ros2_driver:/opt/ros/humble LD_LIBRARY_PATH=/home/jsmoon/yax_jeju/install/ublox_gps/lib:/home/jsmoon/yax_jeju/install/ublox_msgs/lib:/home/jsmoon/yax_jeju/install/rtcm_msgs/lib:/home/jsmoon/yax_jeju/install/interfaces_pkg/lib:/opt/ros/humble/opt/rviz_ogre_vendor/lib:/opt/ros/humble/lib/x86_64-linux-gnu:/opt/ros/humble/lib:/home/jsmoon/Desktop/JSMOON/MLCS/project1/Personalized-Adaptive-Cruise/external/acados/lib PYTHONPATH=/home/jsmoon/yax_jeju/build/my_custom_pkg:/home/jsmoon/yax_jeju/install/my_custom_pkg/lib/python3.10/site-packages:/home/jsmoon/yax_jeju/install/ublox_msgs/local/lib/python3.10/dist-packages:/home/jsmoon/yax_jeju/build/serial_communication_pkg:/home/jsmoon/yax_jeju/install/serial_communication_pkg/lib/python3.10/site-packages:/home/jsmoon/yax_jeju/install/rtcm_msgs/local/lib/python3.10/dist-packages:/home/jsmoon/yax_jeju/build/ntrip_client/src:/home/jsmoon/yax_jeju/install/ntrip_client/lib/python3.10/site-packages:/home/jsmoon/yax_jeju/build/lidar_perception_pkg:/home/jsmoon/yax_jeju/install/lidar_perception_pkg/lib/python3.10/site-packages:/home/jsmoon/yax_jeju/install/interfaces_pkg/local/lib/python3.10/dist-packages:/home/jsmoon/yax_jeju/build/decision_making_pkg:/home/jsmoon/yax_jeju/install/decision_making_pkg/lib/python3.10/site-packages:/home/jsmoon/yax_jeju/build/camera_perception_pkg:/home/jsmoon/yax_jeju/install/camera_perception_pkg/lib/python3.10/site-packages:${PYTHONPATH} /usr/bin/cmake /home/jsmoon/yax_jeju/src/launch_pkg -DAMENT_CMAKE_SYMLINK_INSTALL=1 -DCMAKE_INSTALL_PREFIX=/home/jsmoon/yax_jeju/install/launch_pkg[0m
[100.435s] [34mcolcon.colcon_core.event_handler.log_command[0m [1;30mDEBUG[0m [32mInvoked command in '/home/jsmoon/yax_jeju/build/ublox' returned '0': AMENT_PREFIX_PATH=/home/jsmoon/yax_jeju/install/ublox_gps:/home/jsmoon/yax_jeju/install/ublox_msgs:/home/jsmoon/yax_jeju/install/ublox_serialization:/home/jsmoon/yax_jeju/install/rtcm_msgs:${AMENT_PREFIX_PATH} CMAKE_PREFIX_PATH=/home/jsmoon/yax_jeju/install/ublox_gps:/home/jsmoon/yax_jeju/install/ublox_msgs:/home/jsmoon/yax_jeju/install/ublox_serialization:/home/jsmoon/yax_jeju/install/rtcm_msgs:/home/jsmoon/ydlidar_ws/install/ydlidar_ros2_driver:/opt/ros/humble LD_LIBRARY_PATH=/home/jsmoon/yax_jeju/install/ublox_gps/lib:/home/jsmoon/yax_jeju/install/ublox_msgs/lib:/home/jsmoon/yax_jeju/install/rtcm_msgs/lib:/opt/ros/humble/opt/rviz_ogre_vendor/lib:/opt/ros/humble/lib/x86_64-linux-gnu:/opt/ros/humble/lib:/home/jsmoon/Desktop/JSMOON/MLCS/project1/Personalized-Adaptive-Cruise/external/acados/lib PYTHONPATH=/home/jsmoon/yax_jeju/install/ublox_msgs/local/lib/python3.10/dist-packages:/home/jsmoon/yax_jeju/install/rtcm_msgs/local/lib/python3.10/dist-packages:${PYTHONPATH} /usr/bin/cmake /home/jsmoon/yax_jeju/src/RTK_GPS_NTRIP/ublox -DAMENT_CMAKE_SYMLINK_INSTALL=1 -DCMAKE_INSTALL_PREFIX=/home/jsmoon/yax_jeju/install/ublox[0m
[100.436s] [34mcolcon.colcon_core.event_handler.log_command[0m [1;30mDEBUG[0m [32mInvoking command in '/home/jsmoon/yax_jeju/build/ublox': AMENT_PREFIX_PATH=/home/jsmoon/yax_jeju/install/ublox_gps:/home/jsmoon/yax_jeju/install/ublox_msgs:/home/jsmoon/yax_jeju/install/ublox_serialization:/home/jsmoon/yax_jeju/install/rtcm_msgs:${AMENT_PREFIX_PATH} CMAKE_PREFIX_PATH=/home/jsmoon/yax_jeju/install/ublox_gps:/home/jsmoon/yax_jeju/install/ublox_msgs:/home/jsmoon/yax_jeju/install/ublox_serialization:/home/jsmoon/yax_jeju/install/rtcm_msgs:/home/jsmoon/ydlidar_ws/install/ydlidar_ros2_driver:/opt/ros/humble LD_LIBRARY_PATH=/home/jsmoon/yax_jeju/install/ublox_gps/lib:/home/jsmoon/yax_jeju/install/ublox_msgs/lib:/home/jsmoon/yax_jeju/install/rtcm_msgs/lib:/opt/ros/humble/opt/rviz_ogre_vendor/lib:/opt/ros/humble/lib/x86_64-linux-gnu:/opt/ros/humble/lib:/home/jsmoon/Desktop/JSMOON/MLCS/project1/Personalized-Adaptive-Cruise/external/acados/lib PYTHONPATH=/home/jsmoon/yax_jeju/install/ublox_msgs/local/lib/python3.10/dist-packages:/home/jsmoon/yax_jeju/install/rtcm_msgs/local/lib/python3.10/dist-packages:${PYTHONPATH} /usr/bin/cmake --build /home/jsmoon/yax_jeju/build/ublox -- -j16 -l16[0m
[100.473s] [34mcolcon.colcon_core.event_handler.log_command[0m [1;30mDEBUG[0m [32mInvoked command in '/home/jsmoon/yax_jeju/build/ublox' returned '0': AMENT_PREFIX_PATH=/home/jsmoon/yax_jeju/install/ublox_gps:/home/jsmoon/yax_jeju/install/ublox_msgs:/home/jsmoon/yax_jeju/install/ublox_serialization:/home/jsmoon/yax_jeju/install/rtcm_msgs:${AMENT_PREFIX_PATH} CMAKE_PREFIX_PATH=/home/jsmoon/yax_jeju/install/ublox_gps:/home/jsmoon/yax_jeju/install/ublox_msgs:/home/jsmoon/yax_jeju/install/ublox_serialization:/home/jsmoon/yax_jeju/install/rtcm_msgs:/home/jsmoon/ydlidar_ws/install/ydlidar_ros2_driver:/opt/ros/humble LD_LIBRARY_PATH=/home/jsmoon/yax_jeju/install/ublox_gps/lib:/home/jsmoon/yax_jeju/install/ublox_msgs/lib:/home/jsmoon/yax_jeju/install/rtcm_msgs/lib:/opt/ros/humble/opt/rviz_ogre_vendor/lib:/opt/ros/humble/lib/x86_64-linux-gnu:/opt/ros/humble/lib:/home/jsmoon/Desktop/JSMOON/MLCS/project1/Personalized-Adaptive-Cruise/external/acados/lib PYTHONPATH=/home/jsmoon/yax_jeju/install/ublox_msgs/local/lib/python3.10/dist-packages:/home/jsmoon/yax_jeju/install/rtcm_msgs/local/lib/python3.10/dist-packages:${PYTHONPATH} /usr/bin/cmake --build /home/jsmoon/yax_jeju/build/ublox -- -j16 -l16[0m
[100.474s] [34mcolcon.colcon_core.event_handler.log_command[0m [1;30mDEBUG[0m [32mInvoking command in '/home/jsmoon/yax_jeju/build/ublox': AMENT_PREFIX_PATH=/home/jsmoon/yax_jeju/install/ublox_gps:/home/jsmoon/yax_jeju/install/ublox_msgs:/home/jsmoon/yax_jeju/install/ublox_serialization:/home/jsmoon/yax_jeju/install/rtcm_msgs:${AMENT_PREFIX_PATH} CMAKE_PREFIX_PATH=/home/jsmoon/yax_jeju/install/ublox_gps:/home/jsmoon/yax_jeju/install/ublox_msgs:/home/jsmoon/yax_jeju/install/ublox_serialization:/home/jsmoon/yax_jeju/install/rtcm_msgs:/home/jsmoon/ydlidar_ws/install/ydlidar_ros2_driver:/opt/ros/humble LD_LIBRARY_PATH=/home/jsmoon/yax_jeju/install/ublox_gps/lib:/home/jsmoon/yax_jeju/install/ublox_msgs/lib:/home/jsmoon/yax_jeju/install/rtcm_msgs/lib:/opt/ros/humble/opt/rviz_ogre_vendor/lib:/opt/ros/humble/lib/x86_64-linux-gnu:/opt/ros/humble/lib:/home/jsmoon/Desktop/JSMOON/MLCS/project1/Personalized-Adaptive-Cruise/external/acados/lib PYTHONPATH=/home/jsmoon/yax_jeju/install/ublox_msgs/local/lib/python3.10/dist-packages:/home/jsmoon/yax_jeju/install/rtcm_msgs/local/lib/python3.10/dist-packages:${PYTHONPATH} /usr/bin/cmake --install /home/jsmoon/yax_jeju/build/ublox[0m
[100.598s] [34mcolcon.colcon_core.environment[0m [1;30mLevel 1[0m create_environment_scripts_only(ublox)
[100.598s] [34mcolcon.colcon_core.environment[0m [1;30mLevel 1[0m checking '/home/jsmoon/yax_jeju/install/ublox' for CMake module files
[100.598s] [34mcolcon.colcon_core.event_handler.log_command[0m [1;30mDEBUG[0m [32mInvoked command in '/home/jsmoon/yax_jeju/build/ublox' returned '0': AMENT_PREFIX_PATH=/home/jsmoon/yax_jeju/install/ublox_gps:/home/jsmoon/yax_jeju/install/ublox_msgs:/home/jsmoon/yax_jeju/install/ublox_serialization:/home/jsmoon/yax_jeju/install/rtcm_msgs:${AMENT_PREFIX_PATH} CMAKE_PREFIX_PATH=/home/jsmoon/yax_jeju/install/ublox_gps:/home/jsmoon/yax_jeju/install/ublox_msgs:/home/jsmoon/yax_jeju/install/ublox_serialization:/home/jsmoon/yax_jeju/install/rtcm_msgs:/home/jsmoon/ydlidar_ws/install/ydlidar_ros2_driver:/opt/ros/humble LD_LIBRARY_PATH=/home/jsmoon/yax_jeju/install/ublox_gps/lib:/home/jsmoon/yax_jeju/install/ublox_msgs/lib:/home/jsmoon/yax_jeju/install/rtcm_msgs/lib:/opt/ros/humble/opt/rviz_ogre_vendor/lib:/opt/ros/humble/lib/x86_64-linux-gnu:/opt/ros/humble/lib:/home/jsmoon/Desktop/JSMOON/MLCS/project1/Personalized-Adaptive-Cruise/external/acados/lib PYTHONPATH=/home/jsmoon/yax_jeju/install/ublox_msgs/local/lib/python3.10/dist-packages:/home/jsmoon/yax_jeju/install/rtcm_msgs/local/lib/python3.10/dist-packages:${PYTHONPATH} /usr/bin/cmake --install /home/jsmoon/yax_jeju/build/ublox[0m
[100.599s] [34mcolcon.colcon_core.environment[0m [1;30mLevel 1[0m checking '/home/jsmoon/yax_jeju/install/ublox' for CMake config files
[100.599s] [34mcolcon.colcon_core.shell[0m [1;30mLevel 1[0m create_environment_hook('ublox', 'cmake_prefix_path')
[100.599s] [34mcolcon.colcon_core.shell[0m [1;30mINFO[0m Creating environment hook '/home/jsmoon/yax_jeju/install/ublox/share/ublox/hook/cmake_prefix_path.ps1'
[100.599s] [34mcolcon.colcon_core.shell[0m [1;30mINFO[0m Creating environment descriptor '/home/jsmoon/yax_jeju/install/ublox/share/ublox/hook/cmake_prefix_path.dsv'
[100.599s] [34mcolcon.colcon_core.shell[0m [1;30mINFO[0m Creating environment hook '/home/jsmoon/yax_jeju/install/ublox/share/ublox/hook/cmake_prefix_path.sh'
[100.600s] [34mcolcon.colcon_core.environment[0m [1;30mLevel 1[0m checking '/home/jsmoon/yax_jeju/install/ublox/bin'
[100.600s] [34mcolcon.colcon_core.environment[0m [1;30mLevel 1[0m checking '/home/jsmoon/yax_jeju/install/ublox/lib/pkgconfig/ublox.pc'
[100.600s] [34mcolcon.colcon_core.environment[0m [1;30mLevel 1[0m checking '/home/jsmoon/yax_jeju/install/ublox/lib/python3.10/site-packages'
[100.600s] [34mcolcon.colcon_core.environment[0m [1;30mLevel 1[0m checking '/home/jsmoon/yax_jeju/install/ublox/bin'
[100.600s] [34mcolcon.colcon_core.shell[0m [1;30mINFO[0m Creating package script '/home/jsmoon/yax_jeju/install/ublox/share/ublox/package.ps1'
[100.600s] [34mcolcon.colcon_core.shell[0m [1;30mINFO[0m Creating package descriptor '/home/jsmoon/yax_jeju/install/ublox/share/ublox/package.dsv'
[100.601s] [34mcolcon.colcon_core.shell[0m [1;30mINFO[0m Creating package script '/home/jsmoon/yax_jeju/install/ublox/share/ublox/package.sh'
[100.601s] [34mcolcon.colcon_core.shell[0m [1;30mINFO[0m Creating package script '/home/jsmoon/yax_jeju/install/ublox/share/ublox/package.bash'
[100.601s] [34mcolcon.colcon_core.shell[0m [1;30mINFO[0m Creating package script '/home/jsmoon/yax_jeju/install/ublox/share/ublox/package.zsh'
[100.601s] [34mcolcon.colcon_core.environment[0m [1;30mLevel 1[0m create_file_with_runtime_dependencies(/home/jsmoon/yax_jeju/install/ublox/share/colcon-core/packages/ublox)
[100.601s] [34mcolcon.colcon_core.environment[0m [1;30mLevel 1[0m create_environment_scripts_only(ublox)
[100.602s] [34mcolcon.colcon_core.environment[0m [1;30mLevel 1[0m checking '/home/jsmoon/yax_jeju/install/ublox' for CMake module files
[100.602s] [34mcolcon.colcon_core.environment[0m [1;30mLevel 1[0m checking '/home/jsmoon/yax_jeju/install/ublox' for CMake config files
[100.602s] [34mcolcon.colcon_core.shell[0m [1;30mLevel 1[0m create_environment_hook('ublox', 'cmake_prefix_path')
[100.602s] [34mcolcon.colcon_core.shell[0m [1;30mINFO[0m Creating environment hook '/home/jsmoon/yax_jeju/install/ublox/share/ublox/hook/cmake_prefix_path.ps1'
[100.602s] [34mcolcon.colcon_core.shell[0m [1;30mINFO[0m Creating environment descriptor '/home/jsmoon/yax_jeju/install/ublox/share/ublox/hook/cmake_prefix_path.dsv'
[100.602s] [34mcolcon.colcon_core.shell[0m [1;30mINFO[0m Creating environment hook '/home/jsmoon/yax_jeju/install/ublox/share/ublox/hook/cmake_prefix_path.sh'
[100.603s] [34mcolcon.colcon_core.environment[0m [1;30mLevel 1[0m checking '/home/jsmoon/yax_jeju/install/ublox/bin'
[100.603s] [34mcolcon.colcon_core.environment[0m [1;30mLevel 1[0m checking '/home/jsmoon/yax_jeju/install/ublox/lib/pkgconfig/ublox.pc'
[100.603s] [34mcolcon.colcon_core.environment[0m [1;30mLevel 1[0m checking '/home/jsmoon/yax_jeju/install/ublox/lib/python3.10/site-packages'
[100.603s] [34mcolcon.colcon_core.environment[0m [1;30mLevel 1[0m checking '/home/jsmoon/yax_jeju/install/ublox/bin'
[100.603s] [34mcolcon.colcon_core.shell[0m [1;30mINFO[0m Creating package script '/home/jsmoon/yax_jeju/install/ublox/share/ublox/package.ps1'
[100.603s] [34mcolcon.colcon_core.shell[0m [1;30mINFO[0m Creating package descriptor '/home/jsmoon/yax_jeju/install/ublox/share/ublox/package.dsv'
[100.604s] [34mcolcon.colcon_core.shell[0m [1;30mINFO[0m Creating package script '/home/jsmoon/yax_jeju/install/ublox/share/ublox/package.sh'
[100.604s] [34mcolcon.colcon_core.shell[0m [1;30mINFO[0m Creating package script '/home/jsmoon/yax_jeju/install/ublox/share/ublox/package.bash'
[100.604s] [34mcolcon.colcon_core.shell[0m [1;30mINFO[0m Creating package script '/home/jsmoon/yax_jeju/install/ublox/share/ublox/package.zsh'
[100.604s] [34mcolcon.colcon_core.environment[0m [1;30mLevel 1[0m create_file_with_runtime_dependencies(/home/jsmoon/yax_jeju/install/ublox/share/colcon-core/packages/ublox)
[101.282s] [34mcolcon.colcon_core.event_handler.log_command[0m [1;30mDEBUG[0m [32mInvoked command in '/home/jsmoon/yax_jeju/build/launch_pkg' returned '0': AMENT_PREFIX_PATH=/home/jsmoon/yax_jeju/install/my_custom_pkg:/home/jsmoon/yax_jeju/install/ublox_gps:/home/jsmoon/yax_jeju/install/fix2nmea:/home/jsmoon/yax_jeju/install/ublox_msgs:/home/jsmoon/yax_jeju/install/ydlidar_ros2_driver:/home/jsmoon/yax_jeju/install/ublox_serialization:/home/jsmoon/yax_jeju/install/serial_communication_pkg:/home/jsmoon/yax_jeju/install/rtcm_msgs:/home/jsmoon/yax_jeju/install/ntrip_client:/home/jsmoon/yax_jeju/install/lidar_perception_pkg:/home/jsmoon/yax_jeju/install/interfaces_pkg:/home/jsmoon/yax_jeju/install/decision_making_pkg:/home/jsmoon/yax_jeju/install/camera_perception_pkg:${AMENT_PREFIX_PATH} CMAKE_PREFIX_PATH=/home/jsmoon/yax_jeju/install/ublox_gps:/home/jsmoon/yax_jeju/install/fix2nmea:/home/jsmoon/yax_jeju/install/ublox_msgs:/home/jsmoon/yax_jeju/install/ydlidar_ros2_driver:/home/jsmoon/yax_jeju/install/ublox_serialization:/home/jsmoon/yax_jeju/install/rtcm_msgs:/home/jsmoon/yax_jeju/install/interfaces_pkg:/home/jsmoon/ydlidar_ws/install/ydlidar_ros2_driver:/opt/ros/humble LD_LIBRARY_PATH=/home/jsmoon/yax_jeju/install/ublox_gps/lib:/home/jsmoon/yax_jeju/install/ublox_msgs/lib:/home/jsmoon/yax_jeju/install/rtcm_msgs/lib:/home/jsmoon/yax_jeju/install/interfaces_pkg/lib:/opt/ros/humble/opt/rviz_ogre_vendor/lib:/opt/ros/humble/lib/x86_64-linux-gnu:/opt/ros/humble/lib:/home/jsmoon/Desktop/JSMOON/MLCS/project1/Personalized-Adaptive-Cruise/external/acados/lib PYTHONPATH=/home/jsmoon/yax_jeju/build/my_custom_pkg:/home/jsmoon/yax_jeju/install/my_custom_pkg/lib/python3.10/site-packages:/home/jsmoon/yax_jeju/install/ublox_msgs/local/lib/python3.10/dist-packages:/home/jsmoon/yax_jeju/build/serial_communication_pkg:/home/jsmoon/yax_jeju/install/serial_communication_pkg/lib/python3.10/site-packages:/home/jsmoon/yax_jeju/install/rtcm_msgs/local/lib/python3.10/dist-packages:/home/jsmoon/yax_jeju/build/ntrip_client/src:/home/jsmoon/yax_jeju/install/ntrip_client/lib/python3.10/site-packages:/home/jsmoon/yax_jeju/build/lidar_perception_pkg:/home/jsmoon/yax_jeju/install/lidar_perception_pkg/lib/python3.10/site-packages:/home/jsmoon/yax_jeju/install/interfaces_pkg/local/lib/python3.10/dist-packages:/home/jsmoon/yax_jeju/build/decision_making_pkg:/home/jsmoon/yax_jeju/install/decision_making_pkg/lib/python3.10/site-packages:/home/jsmoon/yax_jeju/build/camera_perception_pkg:/home/jsmoon/yax_jeju/install/camera_perception_pkg/lib/python3.10/site-packages:${PYTHONPATH} /usr/bin/cmake /home/jsmoon/yax_jeju/src/launch_pkg -DAMENT_CMAKE_SYMLINK_INSTALL=1 -DCMAKE_INSTALL_PREFIX=/home/jsmoon/yax_jeju/install/launch_pkg[0m
[101.283s] [34mcolcon.colcon_core.event_handler.log_command[0m [1;30mDEBUG[0m [32mInvoking command in '/home/jsmoon/yax_jeju/build/launch_pkg': AMENT_PREFIX_PATH=/home/jsmoon/yax_jeju/install/my_custom_pkg:/home/jsmoon/yax_jeju/install/ublox_gps:/home/jsmoon/yax_jeju/install/fix2nmea:/home/jsmoon/yax_jeju/install/ublox_msgs:/home/jsmoon/yax_jeju/install/ydlidar_ros2_driver:/home/jsmoon/yax_jeju/install/ublox_serialization:/home/jsmoon/yax_jeju/install/serial_communication_pkg:/home/jsmoon/yax_jeju/install/rtcm_msgs:/home/jsmoon/yax_jeju/install/ntrip_client:/home/jsmoon/yax_jeju/install/lidar_perception_pkg:/home/jsmoon/yax_jeju/install/interfaces_pkg:/home/jsmoon/yax_jeju/install/decision_making_pkg:/home/jsmoon/yax_jeju/install/camera_perception_pkg:${AMENT_PREFIX_PATH} CMAKE_PREFIX_PATH=/home/jsmoon/yax_jeju/install/ublox_gps:/home/jsmoon/yax_jeju/install/fix2nmea:/home/jsmoon/yax_jeju/install/ublox_msgs:/home/jsmoon/yax_jeju/install/ydlidar_ros2_driver:/home/jsmoon/yax_jeju/install/ublox_serialization:/home/jsmoon/yax_jeju/install/rtcm_msgs:/home/jsmoon/yax_jeju/install/interfaces_pkg:/home/jsmoon/ydlidar_ws/install/ydlidar_ros2_driver:/opt/ros/humble LD_LIBRARY_PATH=/home/jsmoon/yax_jeju/install/ublox_gps/lib:/home/jsmoon/yax_jeju/install/ublox_msgs/lib:/home/jsmoon/yax_jeju/install/rtcm_msgs/lib:/home/jsmoon/yax_jeju/install/interfaces_pkg/lib:/opt/ros/humble/opt/rviz_ogre_vendor/lib:/opt/ros/humble/lib/x86_64-linux-gnu:/opt/ros/humble/lib:/home/jsmoon/Desktop/JSMOON/MLCS/project1/Personalized-Adaptive-Cruise/external/acados/lib PYTHONPATH=/home/jsmoon/yax_jeju/build/my_custom_pkg:/home/jsmoon/yax_jeju/install/my_custom_pkg/lib/python3.10/site-packages:/home/jsmoon/yax_jeju/install/ublox_msgs/local/lib/python3.10/dist-packages:/home/jsmoon/yax_jeju/build/serial_communication_pkg:/home/jsmoon/yax_jeju/install/serial_communication_pkg/lib/python3.10/site-packages:/home/jsmoon/yax_jeju/install/rtcm_msgs/local/lib/python3.10/dist-packages:/home/jsmoon/yax_jeju/build/ntrip_client/src:/home/jsmoon/yax_jeju/install/ntrip_client/lib/python3.10/site-packages:/home/jsmoon/yax_jeju/build/lidar_perception_pkg:/home/jsmoon/yax_jeju/install/lidar_perception_pkg/lib/python3.10/site-packages:/home/jsmoon/yax_jeju/install/interfaces_pkg/local/lib/python3.10/dist-packages:/home/jsmoon/yax_jeju/build/decision_making_pkg:/home/jsmoon/yax_jeju/install/decision_making_pkg/lib/python3.10/site-packages:/home/jsmoon/yax_jeju/build/camera_perception_pkg:/home/jsmoon/yax_jeju/install/camera_perception_pkg/lib/python3.10/site-packages:${PYTHONPATH} /usr/bin/cmake --build /home/jsmoon/yax_jeju/build/launch_pkg -- -j16 -l16[0m
[101.317s] [34mcolcon.colcon_core.event_handler.log_command[0m [1;30mDEBUG[0m [32mInvoked command in '/home/jsmoon/yax_jeju/build/launch_pkg' returned '0': AMENT_PREFIX_PATH=/home/jsmoon/yax_jeju/install/my_custom_pkg:/home/jsmoon/yax_jeju/install/ublox_gps:/home/jsmoon/yax_jeju/install/fix2nmea:/home/jsmoon/yax_jeju/install/ublox_msgs:/home/jsmoon/yax_jeju/install/ydlidar_ros2_driver:/home/jsmoon/yax_jeju/install/ublox_serialization:/home/jsmoon/yax_jeju/install/serial_communication_pkg:/home/jsmoon/yax_jeju/install/rtcm_msgs:/home/jsmoon/yax_jeju/install/ntrip_client:/home/jsmoon/yax_jeju/install/lidar_perception_pkg:/home/jsmoon/yax_jeju/install/interfaces_pkg:/home/jsmoon/yax_jeju/install/decision_making_pkg:/home/jsmoon/yax_jeju/install/camera_perception_pkg:${AMENT_PREFIX_PATH} CMAKE_PREFIX_PATH=/home/jsmoon/yax_jeju/install/ublox_gps:/home/jsmoon/yax_jeju/install/fix2nmea:/home/jsmoon/yax_jeju/install/ublox_msgs:/home/jsmoon/yax_jeju/install/ydlidar_ros2_driver:/home/jsmoon/yax_jeju/install/ublox_serialization:/home/jsmoon/yax_jeju/install/rtcm_msgs:/home/jsmoon/yax_jeju/install/interfaces_pkg:/home/jsmoon/ydlidar_ws/install/ydlidar_ros2_driver:/opt/ros/humble LD_LIBRARY_PATH=/home/jsmoon/yax_jeju/install/ublox_gps/lib:/home/jsmoon/yax_jeju/install/ublox_msgs/lib:/home/jsmoon/yax_jeju/install/rtcm_msgs/lib:/home/jsmoon/yax_jeju/install/interfaces_pkg/lib:/opt/ros/humble/opt/rviz_ogre_vendor/lib:/opt/ros/humble/lib/x86_64-linux-gnu:/opt/ros/humble/lib:/home/jsmoon/Desktop/JSMOON/MLCS/project1/Personalized-Adaptive-Cruise/external/acados/lib PYTHONPATH=/home/jsmoon/yax_jeju/build/my_custom_pkg:/home/jsmoon/yax_jeju/install/my_custom_pkg/lib/python3.10/site-packages:/home/jsmoon/yax_jeju/install/ublox_msgs/local/lib/python3.10/dist-packages:/home/jsmoon/yax_jeju/build/serial_communication_pkg:/home/jsmoon/yax_jeju/install/serial_communication_pkg/lib/python3.10/site-packages:/home/jsmoon/yax_jeju/install/rtcm_msgs/local/lib/python3.10/dist-packages:/home/jsmoon/yax_jeju/build/ntrip_client/src:/home/jsmoon/yax_jeju/install/ntrip_client/lib/python3.10/site-packages:/home/jsmoon/yax_jeju/build/lidar_perception_pkg:/home/jsmoon/yax_jeju/install/lidar_perception_pkg/lib/python3.10/site-packages:/home/jsmoon/yax_jeju/install/interfaces_pkg/local/lib/python3.10/dist-packages:/home/jsmoon/yax_jeju/build/decision_making_pkg:/home/jsmoon/yax_jeju/install/decision_making_pkg/lib/python3.10/site-packages:/home/jsmoon/yax_jeju/build/camera_perception_pkg:/home/jsmoon/yax_jeju/install/camera_perception_pkg/lib/python3.10/site-packages:${PYTHONPATH} /usr/bin/cmake --build /home/jsmoon/yax_jeju/build/launch_pkg -- -j16 -l16[0m
[101.318s] [34mcolcon.colcon_core.event_handler.log_command[0m [1;30mDEBUG[0m [32mInvoking command in '/home/jsmoon/yax_jeju/build/launch_pkg': AMENT_PREFIX_PATH=/home/jsmoon/yax_jeju/install/my_custom_pkg:/home/jsmoon/yax_jeju/install/ublox_gps:/home/jsmoon/yax_jeju/install/fix2nmea:/home/jsmoon/yax_jeju/install/ublox_msgs:/home/jsmoon/yax_jeju/install/ydlidar_ros2_driver:/home/jsmoon/yax_jeju/install/ublox_serialization:/home/jsmoon/yax_jeju/install/serial_communication_pkg:/home/jsmoon/yax_jeju/install/rtcm_msgs:/home/jsmoon/yax_jeju/install/ntrip_client:/home/jsmoon/yax_jeju/install/lidar_perception_pkg:/home/jsmoon/yax_jeju/install/interfaces_pkg:/home/jsmoon/yax_jeju/install/decision_making_pkg:/home/jsmoon/yax_jeju/install/camera_perception_pkg:${AMENT_PREFIX_PATH} CMAKE_PREFIX_PATH=/home/jsmoon/yax_jeju/install/ublox_gps:/home/jsmoon/yax_jeju/install/fix2nmea:/home/jsmoon/yax_jeju/install/ublox_msgs:/home/jsmoon/yax_jeju/install/ydlidar_ros2_driver:/home/jsmoon/yax_jeju/install/ublox_serialization:/home/jsmoon/yax_jeju/install/rtcm_msgs:/home/jsmoon/yax_jeju/install/interfaces_pkg:/home/jsmoon/ydlidar_ws/install/ydlidar_ros2_driver:/opt/ros/humble LD_LIBRARY_PATH=/home/jsmoon/yax_jeju/install/ublox_gps/lib:/home/jsmoon/yax_jeju/install/ublox_msgs/lib:/home/jsmoon/yax_jeju/install/rtcm_msgs/lib:/home/jsmoon/yax_jeju/install/interfaces_pkg/lib:/opt/ros/humble/opt/rviz_ogre_vendor/lib:/opt/ros/humble/lib/x86_64-linux-gnu:/opt/ros/humble/lib:/home/jsmoon/Desktop/JSMOON/MLCS/project1/Personalized-Adaptive-Cruise/external/acados/lib PYTHONPATH=/home/jsmoon/yax_jeju/build/my_custom_pkg:/home/jsmoon/yax_jeju/install/my_custom_pkg/lib/python3.10/site-packages:/home/jsmoon/yax_jeju/install/ublox_msgs/local/lib/python3.10/dist-packages:/home/jsmoon/yax_jeju/build/serial_communication_pkg:/home/jsmoon/yax_jeju/install/serial_communication_pkg/lib/python3.10/site-packages:/home/jsmoon/yax_jeju/install/rtcm_msgs/local/lib/python3.10/dist-packages:/home/jsmoon/yax_jeju/build/ntrip_client/src:/home/jsmoon/yax_jeju/install/ntrip_client/lib/python3.10/site-packages:/home/jsmoon/yax_jeju/build/lidar_perception_pkg:/home/jsmoon/yax_jeju/install/lidar_perception_pkg/lib/python3.10/site-packages:/home/jsmoon/yax_jeju/install/interfaces_pkg/local/lib/python3.10/dist-packages:/home/jsmoon/yax_jeju/build/decision_making_pkg:/home/jsmoon/yax_jeju/install/decision_making_pkg/lib/python3.10/site-packages:/home/jsmoon/yax_jeju/build/camera_perception_pkg:/home/jsmoon/yax_jeju/install/camera_perception_pkg/lib/python3.10/site-packages:${PYTHONPATH} /usr/bin/cmake --install /home/jsmoon/yax_jeju/build/launch_pkg[0m
[101.516s] [34mcolcon.colcon_core.environment[0m [1;30mLevel 1[0m create_environment_scripts_only(launch_pkg)
[101.516s] [34mcolcon.colcon_core.environment[0m [1;30mLevel 1[0m checking '/home/jsmoon/yax_jeju/install/launch_pkg' for CMake module files
[101.517s] [34mcolcon.colcon_core.event_handler.log_command[0m [1;30mDEBUG[0m [32mInvoked command in '/home/jsmoon/yax_jeju/build/launch_pkg' returned '0': AMENT_PREFIX_PATH=/home/jsmoon/yax_jeju/install/my_custom_pkg:/home/jsmoon/yax_jeju/install/ublox_gps:/home/jsmoon/yax_jeju/install/fix2nmea:/home/jsmoon/yax_jeju/install/ublox_msgs:/home/jsmoon/yax_jeju/install/ydlidar_ros2_driver:/home/jsmoon/yax_jeju/install/ublox_serialization:/home/jsmoon/yax_jeju/install/serial_communication_pkg:/home/jsmoon/yax_jeju/install/rtcm_msgs:/home/jsmoon/yax_jeju/install/ntrip_client:/home/jsmoon/yax_jeju/install/lidar_perception_pkg:/home/jsmoon/yax_jeju/install/interfaces_pkg:/home/jsmoon/yax_jeju/install/decision_making_pkg:/home/jsmoon/yax_jeju/install/camera_perception_pkg:${AMENT_PREFIX_PATH} CMAKE_PREFIX_PATH=/home/jsmoon/yax_jeju/install/ublox_gps:/home/jsmoon/yax_jeju/install/fix2nmea:/home/jsmoon/yax_jeju/install/ublox_msgs:/home/jsmoon/yax_jeju/install/ydlidar_ros2_driver:/home/jsmoon/yax_jeju/install/ublox_serialization:/home/jsmoon/yax_jeju/install/rtcm_msgs:/home/jsmoon/yax_jeju/install/interfaces_pkg:/home/jsmoon/ydlidar_ws/install/ydlidar_ros2_driver:/opt/ros/humble LD_LIBRARY_PATH=/home/jsmoon/yax_jeju/install/ublox_gps/lib:/home/jsmoon/yax_jeju/install/ublox_msgs/lib:/home/jsmoon/yax_jeju/install/rtcm_msgs/lib:/home/jsmoon/yax_jeju/install/interfaces_pkg/lib:/opt/ros/humble/opt/rviz_ogre_vendor/lib:/opt/ros/humble/lib/x86_64-linux-gnu:/opt/ros/humble/lib:/home/jsmoon/Desktop/JSMOON/MLCS/project1/Personalized-Adaptive-Cruise/external/acados/lib PYTHONPATH=/home/jsmoon/yax_jeju/build/my_custom_pkg:/home/jsmoon/yax_jeju/install/my_custom_pkg/lib/python3.10/site-packages:/home/jsmoon/yax_jeju/install/ublox_msgs/local/lib/python3.10/dist-packages:/home/jsmoon/yax_jeju/build/serial_communication_pkg:/home/jsmoon/yax_jeju/install/serial_communication_pkg/lib/python3.10/site-packages:/home/jsmoon/yax_jeju/install/rtcm_msgs/local/lib/python3.10/dist-packages:/home/jsmoon/yax_jeju/build/ntrip_client/src:/home/jsmoon/yax_jeju/install/ntrip_client/lib/python3.10/site-packages:/home/jsmoon/yax_jeju/build/lidar_perception_pkg:/home/jsmoon/yax_jeju/install/lidar_perception_pkg/lib/python3.10/site-packages:/home/jsmoon/yax_jeju/install/interfaces_pkg/local/lib/python3.10/dist-packages:/home/jsmoon/yax_jeju/build/decision_making_pkg:/home/jsmoon/yax_jeju/install/decision_making_pkg/lib/python3.10/site-packages:/home/jsmoon/yax_jeju/build/camera_perception_pkg:/home/jsmoon/yax_jeju/install/camera_perception_pkg/lib/python3.10/site-packages:${PYTHONPATH} /usr/bin/cmake --install /home/jsmoon/yax_jeju/build/launch_pkg[0m
[101.517s] [34mcolcon.colcon_core.environment[0m [1;30mLevel 1[0m checking '/home/jsmoon/yax_jeju/install/launch_pkg' for CMake config files
[101.517s] [34mcolcon.colcon_core.shell[0m [1;30mLevel 1[0m create_environment_hook('launch_pkg', 'cmake_prefix_path')
[101.517s] [34mcolcon.colcon_core.shell[0m [1;30mINFO[0m Creating environment hook '/home/jsmoon/yax_jeju/install/launch_pkg/share/launch_pkg/hook/cmake_prefix_path.ps1'
[101.518s] [34mcolcon.colcon_core.shell[0m [1;30mINFO[0m Creating environment descriptor '/home/jsmoon/yax_jeju/install/launch_pkg/share/launch_pkg/hook/cmake_prefix_path.dsv'
[101.518s] [34mcolcon.colcon_core.shell[0m [1;30mINFO[0m Creating environment hook '/home/jsmoon/yax_jeju/install/launch_pkg/share/launch_pkg/hook/cmake_prefix_path.sh'
[101.518s] [34mcolcon.colcon_core.environment[0m [1;30mLevel 1[0m checking '/home/jsmoon/yax_jeju/install/launch_pkg/bin'
[101.518s] [34mcolcon.colcon_core.environment[0m [1;30mLevel 1[0m checking '/home/jsmoon/yax_jeju/install/launch_pkg/lib/pkgconfig/launch_pkg.pc'
[101.518s] [34mcolcon.colcon_core.environment[0m [1;30mLevel 1[0m checking '/home/jsmoon/yax_jeju/install/launch_pkg/lib/python3.10/site-packages'
[101.518s] [34mcolcon.colcon_core.environment[0m [1;30mLevel 1[0m checking '/home/jsmoon/yax_jeju/install/launch_pkg/bin'
[101.519s] [34mcolcon.colcon_core.shell[0m [1;30mINFO[0m Creating package script '/home/jsmoon/yax_jeju/install/launch_pkg/share/launch_pkg/package.ps1'
[101.519s] [34mcolcon.colcon_core.shell[0m [1;30mINFO[0m Creating package descriptor '/home/jsmoon/yax_jeju/install/launch_pkg/share/launch_pkg/package.dsv'
[101.519s] [34mcolcon.colcon_core.shell[0m [1;30mINFO[0m Creating package script '/home/jsmoon/yax_jeju/install/launch_pkg/share/launch_pkg/package.sh'
[101.519s] [34mcolcon.colcon_core.shell[0m [1;30mINFO[0m Creating package script '/home/jsmoon/yax_jeju/install/launch_pkg/share/launch_pkg/package.bash'
[101.519s] [34mcolcon.colcon_core.shell[0m [1;30mINFO[0m Creating package script '/home/jsmoon/yax_jeju/install/launch_pkg/share/launch_pkg/package.zsh'
[101.519s] [34mcolcon.colcon_core.environment[0m [1;30mLevel 1[0m create_file_with_runtime_dependencies(/home/jsmoon/yax_jeju/install/launch_pkg/share/colcon-core/packages/launch_pkg)
[101.520s] [34mcolcon.colcon_core.environment[0m [1;30mLevel 1[0m create_environment_scripts_only(launch_pkg)
[101.520s] [34mcolcon.colcon_core.environment[0m [1;30mLevel 1[0m checking '/home/jsmoon/yax_jeju/install/launch_pkg' for CMake module files
[101.520s] [34mcolcon.colcon_core.environment[0m [1;30mLevel 1[0m checking '/home/jsmoon/yax_jeju/install/launch_pkg' for CMake config files
[101.520s] [34mcolcon.colcon_core.shell[0m [1;30mLevel 1[0m create_environment_hook('launch_pkg', 'cmake_prefix_path')
[101.520s] [34mcolcon.colcon_core.shell[0m [1;30mINFO[0m Creating environment hook '/home/jsmoon/yax_jeju/install/launch_pkg/share/launch_pkg/hook/cmake_prefix_path.ps1'
[101.520s] [34mcolcon.colcon_core.shell[0m [1;30mINFO[0m Creating environment descriptor '/home/jsmoon/yax_jeju/install/launch_pkg/share/launch_pkg/hook/cmake_prefix_path.dsv'
[101.521s] [34mcolcon.colcon_core.shell[0m [1;30mINFO[0m Creating environment hook '/home/jsmoon/yax_jeju/install/launch_pkg/share/launch_pkg/hook/cmake_prefix_path.sh'
[101.521s] [34mcolcon.colcon_core.environment[0m [1;30mLevel 1[0m checking '/home/jsmoon/yax_jeju/install/launch_pkg/bin'
[101.521s] [34mcolcon.colcon_core.environment[0m [1;30mLevel 1[0m checking '/home/jsmoon/yax_jeju/install/launch_pkg/lib/pkgconfig/launch_pkg.pc'
[101.521s] [34mcolcon.colcon_core.environment[0m [1;30mLevel 1[0m checking '/home/jsmoon/yax_jeju/install/launch_pkg/lib/python3.10/site-packages'
[101.521s] [34mcolcon.colcon_core.environment[0m [1;30mLevel 1[0m checking '/home/jsmoon/yax_jeju/install/launch_pkg/bin'
[101.521s] [34mcolcon.colcon_core.shell[0m [1;30mINFO[0m Creating package script '/home/jsmoon/yax_jeju/install/launch_pkg/share/launch_pkg/package.ps1'
[101.523s] [34mcolcon.colcon_core.shell[0m [1;30mINFO[0m Creating package descriptor '/home/jsmoon/yax_jeju/install/launch_pkg/share/launch_pkg/package.dsv'
[101.524s] [34mcolcon.colcon_core.shell[0m [1;30mINFO[0m Creating package script '/home/jsmoon/yax_jeju/install/launch_pkg/share/launch_pkg/package.sh'
[101.524s] [34mcolcon.colcon_core.shell[0m [1;30mINFO[0m Creating package script '/home/jsmoon/yax_jeju/install/launch_pkg/share/launch_pkg/package.bash'
[101.524s] [34mcolcon.colcon_core.shell[0m [1;30mINFO[0m Creating package script '/home/jsmoon/yax_jeju/install/launch_pkg/share/launch_pkg/package.zsh'
[101.524s] [34mcolcon.colcon_core.environment[0m [1;30mLevel 1[0m create_file_with_runtime_dependencies(/home/jsmoon/yax_jeju/install/launch_pkg/share/colcon-core/packages/launch_pkg)
[101.525s] [34mcolcon.colcon_parallel_executor.executor.parallel[0m [1;30mDEBUG[0m [32mclosing loop[0m
[101.525s] [34mcolcon.colcon_parallel_executor.executor.parallel[0m [1;30mDEBUG[0m [32mloop closed[0m
[101.525s] [34mcolcon.colcon_parallel_executor.executor.parallel[0m [1;30mDEBUG[0m [32mrun_until_complete finished with '0'[0m
[101.525s] [34mcolcon.colcon_core.event_reactor[0m [1;30mDEBUG[0m [32mjoining thread[0m
[101.530s] [34mcolcon.colcon_core.plugin_system[0m [1;30mINFO[0m Skipping extension 'colcon_notification.desktop_notification.terminal_notifier': Not used on non-Darwin systems
[101.530s] [34mcolcon.colcon_core.plugin_system[0m [1;30mINFO[0m Skipping extension 'colcon_notification.desktop_notification.win32': Not used on non-Windows systems
[101.531s] [34mcolcon.colcon_notification.desktop_notification[0m [1;30mINFO[0m Sending desktop notification using 'notify2'
[101.544s] [34mcolcon.colcon_core.event_reactor[0m [1;30mDEBUG[0m [32mjoined thread[0m
[101.545s] [34mcolcon.colcon_core.shell[0m [1;30mINFO[0m Creating prefix script '/home/jsmoon/yax_jeju/install/local_setup.ps1'
[101.546s] [34mcolcon.colcon_core.shell[0m [1;30mINFO[0m Creating prefix util module '/home/jsmoon/yax_jeju/install/_local_setup_util_ps1.py'
[101.547s] [34mcolcon.colcon_core.shell[0m [1;30mINFO[0m Creating prefix chain script '/home/jsmoon/yax_jeju/install/setup.ps1'
[101.548s] [34mcolcon.colcon_core.shell[0m [1;30mINFO[0m Creating prefix script '/home/jsmoon/yax_jeju/install/local_setup.sh'
[101.549s] [34mcolcon.colcon_core.shell[0m [1;30mINFO[0m Creating prefix util module '/home/jsmoon/yax_jeju/install/_local_setup_util_sh.py'
[101.549s] [34mcolcon.colcon_core.shell[0m [1;30mINFO[0m Creating prefix chain script '/home/jsmoon/yax_jeju/install/setup.sh'
[101.550s] [34mcolcon.colcon_core.shell[0m [1;30mINFO[0m Creating prefix script '/home/jsmoon/yax_jeju/install/local_setup.bash'
[101.551s] [34mcolcon.colcon_core.shell[0m [1;30mINFO[0m Creating prefix chain script '/home/jsmoon/yax_jeju/install/setup.bash'
[101.551s] [34mcolcon.colcon_core.shell[0m [1;30mINFO[0m Creating prefix script '/home/jsmoon/yax_jeju/install/local_setup.zsh'
[101.552s] [34mcolcon.colcon_core.shell[0m [1;30mINFO[0m Creating prefix chain script '/home/jsmoon/yax_jeju/install/setup.zsh'
