[0.101s] colcon DEBUG Command line arguments: ['/usr/bin/colcon', 'build', '--symlink-install']
[0.101s] colcon DEBUG Parsed command line arguments: Namespace(log_base=None, log_level=None, verb_name='build', build_base='build', install_base='install', merge_install=False, symlink_install=True, test_result_base=None, continue_on_error=False, executor='parallel', parallel_workers=16, event_handlers=None, ignore_user_meta=False, metas=['./colcon.meta'], base_paths=['.'], packages_ignore=None, packages_ignore_regex=None, paths=None, packages_up_to=None, packages_up_to_regex=None, packages_above=None, packages_above_and_dependencies=None, packages_above_depth=None, packages_select_by_dep=None, packages_skip_by_dep=None, packages_skip_up_to=None, packages_select_build_failed=False, packages_skip_build_finished=False, packages_select_test_failures=False, packages_skip_test_passed=False, packages_select=None, packages_skip=None, packages_select_regex=None, packages_skip_regex=None, packages_start=None, packages_end=None, allow_overriding=[], cmake_args=None, cmake_target=None, cmake_target_skip_unavailable=False, cmake_clean_cache=False, cmake_clean_first=False, cmake_force_configure=False, ament_cmake_args=None, catkin_cmake_args=None, catkin_skip_building_tests=False, mixin_files=None, mixin=None, verb_parser=<colcon_mixin.mixin.mixin_argument.MixinArgumentDecorator object at 0x7befd9f531f0>, verb_extension=<colcon_core.verb.build.BuildVerb object at 0x7befd9f52c80>, main=<bound method BuildVerb.main of <colcon_core.verb.build.BuildVerb object at 0x7befd9f52c80>>, mixin_verb=('build',))
[0.248s] colcon.colcon_core.package_discovery Level 1 discover_packages(colcon_meta) check parameters
[0.249s] colcon.colcon_core.package_discovery Level 1 discover_packages(recursive) check parameters
[0.249s] colcon.colcon_core.package_discovery Level 1 discover_packages(ignore) check parameters
[0.249s] colcon.colcon_core.package_discovery Level 1 discover_packages(path) check parameters
[0.249s] colcon.colcon_core.package_discovery Level 1 discover_packages(colcon_meta) discover
[0.249s] colcon.colcon_core.package_discovery Level 1 discover_packages(recursive) discover
[0.249s] colcon.colcon_core.package_discovery INFO Crawling recursively for packages in '/home/jsmoon/yax_jeju'
[0.249s] colcon.colcon_core.package_identification Level 1 _identify(.) by extensions ['ignore', 'ignore_ament_install']
[0.249s] colcon.colcon_core.package_identification Level 1 _identify(.) by extension 'ignore'
[0.249s] colcon.colcon_core.package_identification Level 1 _identify(.) by extension 'ignore_ament_install'
[0.249s] colcon.colcon_core.package_identification Level 1 _identify(.) by extensions ['colcon_pkg']
[0.249s] colcon.colcon_core.package_identification Level 1 _identify(.) by extension 'colcon_pkg'
[0.249s] colcon.colcon_core.package_identification Level 1 _identify(.) by extensions ['colcon_meta']
[0.249s] colcon.colcon_core.package_identification Level 1 _identify(.) by extension 'colcon_meta'
[0.249s] colcon.colcon_core.package_identification Level 1 _identify(.) by extensions ['ros']
[0.249s] colcon.colcon_core.package_identification Level 1 _identify(.) by extension 'ros'
[0.269s] colcon.colcon_core.package_identification Level 1 _identify(.) by extensions ['cmake', 'python']
[0.269s] colcon.colcon_core.package_identification Level 1 _identify(.) by extension 'cmake'
[0.269s] colcon.colcon_core.package_identification Level 1 _identify(.) by extension 'python'
[0.269s] colcon.colcon_core.package_identification Level 1 _identify(.) by extensions ['python_setup_py']
[0.269s] colcon.colcon_core.package_identification Level 1 _identify(.) by extension 'python_setup_py'
[0.269s] colcon.colcon_core.package_identification Level 1 _identify(build) by extensions ['ignore', 'ignore_ament_install']
[0.270s] colcon.colcon_core.package_identification Level 1 _identify(build) by extension 'ignore'
[0.270s] colcon.colcon_core.package_identification Level 1 _identify(build) ignored
[0.270s] colcon.colcon_core.package_identification Level 1 _identify(install) by extensions ['ignore', 'ignore_ament_install']
[0.270s] colcon.colcon_core.package_identification Level 1 _identify(install) by extension 'ignore'
[0.270s] colcon.colcon_core.package_identification Level 1 _identify(install) ignored
[0.270s] colcon.colcon_core.package_identification Level 1 _identify(log) by extensions ['ignore', 'ignore_ament_install']
[0.270s] colcon.colcon_core.package_identification Level 1 _identify(log) by extension 'ignore'
[0.270s] colcon.colcon_core.package_identification Level 1 _identify(log) ignored
[0.270s] colcon.colcon_core.package_identification Level 1 _identify(src) by extensions ['ignore', 'ignore_ament_install']
[0.270s] colcon.colcon_core.package_identification Level 1 _identify(src) by extension 'ignore'
[0.270s] colcon.colcon_core.package_identification Level 1 _identify(src) by extension 'ignore_ament_install'
[0.270s] colcon.colcon_core.package_identification Level 1 _identify(src) by extensions ['colcon_pkg']
[0.270s] colcon.colcon_core.package_identification Level 1 _identify(src) by extension 'colcon_pkg'
[0.270s] colcon.colcon_core.package_identification Level 1 _identify(src) by extensions ['colcon_meta']
[0.270s] colcon.colcon_core.package_identification Level 1 _identify(src) by extension 'colcon_meta'
[0.270s] colcon.colcon_core.package_identification Level 1 _identify(src) by extensions ['ros']
[0.270s] colcon.colcon_core.package_identification Level 1 _identify(src) by extension 'ros'
[0.270s] colcon.colcon_core.package_identification Level 1 _identify(src) by extensions ['cmake', 'python']
[0.270s] colcon.colcon_core.package_identification Level 1 _identify(src) by extension 'cmake'
[0.270s] colcon.colcon_core.package_identification Level 1 _identify(src) by extension 'python'
[0.270s] colcon.colcon_core.package_identification Level 1 _identify(src) by extensions ['python_setup_py']
[0.270s] colcon.colcon_core.package_identification Level 1 _identify(src) by extension 'python_setup_py'
[0.270s] colcon.colcon_core.package_identification Level 1 _identify(src/RTK_GPS_NTRIP) by extensions ['ignore', 'ignore_ament_install']
[0.270s] colcon.colcon_core.package_identification Level 1 _identify(src/RTK_GPS_NTRIP) by extension 'ignore'
[0.270s] colcon.colcon_core.package_identification Level 1 _identify(src/RTK_GPS_NTRIP) by extension 'ignore_ament_install'
[0.270s] colcon.colcon_core.package_identification Level 1 _identify(src/RTK_GPS_NTRIP) by extensions ['colcon_pkg']
[0.270s] colcon.colcon_core.package_identification Level 1 _identify(src/RTK_GPS_NTRIP) by extension 'colcon_pkg'
[0.270s] colcon.colcon_core.package_identification Level 1 _identify(src/RTK_GPS_NTRIP) by extensions ['colcon_meta']
[0.270s] colcon.colcon_core.package_identification Level 1 _identify(src/RTK_GPS_NTRIP) by extension 'colcon_meta'
[0.270s] colcon.colcon_core.package_identification Level 1 _identify(src/RTK_GPS_NTRIP) by extensions ['ros']
[0.270s] colcon.colcon_core.package_identification Level 1 _identify(src/RTK_GPS_NTRIP) by extension 'ros'
[0.270s] colcon.colcon_core.package_identification Level 1 _identify(src/RTK_GPS_NTRIP) by extensions ['cmake', 'python']
[0.271s] colcon.colcon_core.package_identification Level 1 _identify(src/RTK_GPS_NTRIP) by extension 'cmake'
[0.271s] colcon.colcon_core.package_identification Level 1 _identify(src/RTK_GPS_NTRIP) by extension 'python'
[0.271s] colcon.colcon_core.package_identification Level 1 _identify(src/RTK_GPS_NTRIP) by extensions ['python_setup_py']
[0.271s] colcon.colcon_core.package_identification Level 1 _identify(src/RTK_GPS_NTRIP) by extension 'python_setup_py'
[0.271s] colcon.colcon_core.package_identification Level 1 _identify(src/RTK_GPS_NTRIP/fix2nmea) by extensions ['ignore', 'ignore_ament_install']
[0.271s] colcon.colcon_core.package_identification Level 1 _identify(src/RTK_GPS_NTRIP/fix2nmea) by extension 'ignore'
[0.271s] colcon.colcon_core.package_identification Level 1 _identify(src/RTK_GPS_NTRIP/fix2nmea) by extension 'ignore_ament_install'
[0.271s] colcon.colcon_core.package_identification Level 1 _identify(src/RTK_GPS_NTRIP/fix2nmea) by extensions ['colcon_pkg']
[0.271s] colcon.colcon_core.package_identification Level 1 _identify(src/RTK_GPS_NTRIP/fix2nmea) by extension 'colcon_pkg'
[0.271s] colcon.colcon_core.package_identification Level 1 _identify(src/RTK_GPS_NTRIP/fix2nmea) by extensions ['colcon_meta']
[0.271s] colcon.colcon_core.package_identification Level 1 _identify(src/RTK_GPS_NTRIP/fix2nmea) by extension 'colcon_meta'
[0.271s] colcon.colcon_core.package_identification Level 1 _identify(src/RTK_GPS_NTRIP/fix2nmea) by extensions ['ros']
[0.271s] colcon.colcon_core.package_identification Level 1 _identify(src/RTK_GPS_NTRIP/fix2nmea) by extension 'ros'
[0.272s] colcon.colcon_core.package_identification DEBUG Package 'src/RTK_GPS_NTRIP/fix2nmea' with type 'ros.ament_cmake' and name 'fix2nmea'
[0.273s] colcon.colcon_core.package_identification Level 1 _identify(src/RTK_GPS_NTRIP/ntrip_client) by extensions ['ignore', 'ignore_ament_install']
[0.273s] colcon.colcon_core.package_identification Level 1 _identify(src/RTK_GPS_NTRIP/ntrip_client) by extension 'ignore'
[0.273s] colcon.colcon_core.package_identification Level 1 _identify(src/RTK_GPS_NTRIP/ntrip_client) by extension 'ignore_ament_install'
[0.273s] colcon.colcon_core.package_identification Level 1 _identify(src/RTK_GPS_NTRIP/ntrip_client) by extensions ['colcon_pkg']
[0.273s] colcon.colcon_core.package_identification Level 1 _identify(src/RTK_GPS_NTRIP/ntrip_client) by extension 'colcon_pkg'
[0.273s] colcon.colcon_core.package_identification Level 1 _identify(src/RTK_GPS_NTRIP/ntrip_client) by extensions ['colcon_meta']
[0.273s] colcon.colcon_core.package_identification Level 1 _identify(src/RTK_GPS_NTRIP/ntrip_client) by extension 'colcon_meta'
[0.273s] colcon.colcon_core.package_identification Level 1 _identify(src/RTK_GPS_NTRIP/ntrip_client) by extensions ['ros']
[0.273s] colcon.colcon_core.package_identification Level 1 _identify(src/RTK_GPS_NTRIP/ntrip_client) by extension 'ros'
[0.273s] colcon.colcon_core.package_identification DEBUG Package 'src/RTK_GPS_NTRIP/ntrip_client' with type 'ros.ament_python' and name 'ntrip_client'
[0.273s] colcon.colcon_core.package_identification Level 1 _identify(src/RTK_GPS_NTRIP/rtcm_msgs) by extensions ['ignore', 'ignore_ament_install']
[0.273s] colcon.colcon_core.package_identification Level 1 _identify(src/RTK_GPS_NTRIP/rtcm_msgs) by extension 'ignore'
[0.273s] colcon.colcon_core.package_identification Level 1 _identify(src/RTK_GPS_NTRIP/rtcm_msgs) by extension 'ignore_ament_install'
[0.273s] colcon.colcon_core.package_identification Level 1 _identify(src/RTK_GPS_NTRIP/rtcm_msgs) by extensions ['colcon_pkg']
[0.273s] colcon.colcon_core.package_identification Level 1 _identify(src/RTK_GPS_NTRIP/rtcm_msgs) by extension 'colcon_pkg'
[0.273s] colcon.colcon_core.package_identification Level 1 _identify(src/RTK_GPS_NTRIP/rtcm_msgs) by extensions ['colcon_meta']
[0.273s] colcon.colcon_core.package_identification Level 1 _identify(src/RTK_GPS_NTRIP/rtcm_msgs) by extension 'colcon_meta'
[0.274s] colcon.colcon_core.package_identification Level 1 _identify(src/RTK_GPS_NTRIP/rtcm_msgs) by extensions ['ros']
[0.274s] colcon.colcon_core.package_identification Level 1 _identify(src/RTK_GPS_NTRIP/rtcm_msgs) by extension 'ros'
[0.277s] colcon.colcon_core.package_identification DEBUG Package 'src/RTK_GPS_NTRIP/rtcm_msgs' with type 'ros.ament_cmake' and name 'rtcm_msgs'
[0.277s] colcon.colcon_core.package_identification Level 1 _identify(src/RTK_GPS_NTRIP/ublox) by extensions ['ignore', 'ignore_ament_install']
[0.277s] colcon.colcon_core.package_identification Level 1 _identify(src/RTK_GPS_NTRIP/ublox) by extension 'ignore'
[0.277s] colcon.colcon_core.package_identification Level 1 _identify(src/RTK_GPS_NTRIP/ublox) by extension 'ignore_ament_install'
[0.277s] colcon.colcon_core.package_identification Level 1 _identify(src/RTK_GPS_NTRIP/ublox) by extensions ['colcon_pkg']
[0.277s] colcon.colcon_core.package_identification Level 1 _identify(src/RTK_GPS_NTRIP/ublox) by extension 'colcon_pkg'
[0.277s] colcon.colcon_core.package_identification Level 1 _identify(src/RTK_GPS_NTRIP/ublox) by extensions ['colcon_meta']
[0.277s] colcon.colcon_core.package_identification Level 1 _identify(src/RTK_GPS_NTRIP/ublox) by extension 'colcon_meta'
[0.277s] colcon.colcon_core.package_identification Level 1 _identify(src/RTK_GPS_NTRIP/ublox) by extensions ['ros']
[0.277s] colcon.colcon_core.package_identification Level 1 _identify(src/RTK_GPS_NTRIP/ublox) by extension 'ros'
[0.278s] colcon.colcon_core.package_identification DEBUG Package 'src/RTK_GPS_NTRIP/ublox' with type 'ros.ament_cmake' and name 'ublox'
[0.278s] colcon.colcon_core.package_identification Level 1 _identify(src/RTK_GPS_NTRIP/ublox_gps) by extensions ['ignore', 'ignore_ament_install']
[0.278s] colcon.colcon_core.package_identification Level 1 _identify(src/RTK_GPS_NTRIP/ublox_gps) by extension 'ignore'
[0.278s] colcon.colcon_core.package_identification Level 1 _identify(src/RTK_GPS_NTRIP/ublox_gps) by extension 'ignore_ament_install'
[0.278s] colcon.colcon_core.package_identification Level 1 _identify(src/RTK_GPS_NTRIP/ublox_gps) by extensions ['colcon_pkg']
[0.278s] colcon.colcon_core.package_identification Level 1 _identify(src/RTK_GPS_NTRIP/ublox_gps) by extension 'colcon_pkg'
[0.278s] colcon.colcon_core.package_identification Level 1 _identify(src/RTK_GPS_NTRIP/ublox_gps) by extensions ['colcon_meta']
[0.278s] colcon.colcon_core.package_identification Level 1 _identify(src/RTK_GPS_NTRIP/ublox_gps) by extension 'colcon_meta'
[0.278s] colcon.colcon_core.package_identification Level 1 _identify(src/RTK_GPS_NTRIP/ublox_gps) by extensions ['ros']
[0.278s] colcon.colcon_core.package_identification Level 1 _identify(src/RTK_GPS_NTRIP/ublox_gps) by extension 'ros'
[0.279s] colcon.colcon_core.package_identification DEBUG Package 'src/RTK_GPS_NTRIP/ublox_gps' with type 'ros.ament_cmake' and name 'ublox_gps'
[0.279s] colcon.colcon_core.package_identification Level 1 _identify(src/RTK_GPS_NTRIP/ublox_msgs) by extensions ['ignore', 'ignore_ament_install']
[0.279s] colcon.colcon_core.package_identification Level 1 _identify(src/RTK_GPS_NTRIP/ublox_msgs) by extension 'ignore'
[0.279s] colcon.colcon_core.package_identification Level 1 _identify(src/RTK_GPS_NTRIP/ublox_msgs) by extension 'ignore_ament_install'
[0.279s] colcon.colcon_core.package_identification Level 1 _identify(src/RTK_GPS_NTRIP/ublox_msgs) by extensions ['colcon_pkg']
[0.279s] colcon.colcon_core.package_identification Level 1 _identify(src/RTK_GPS_NTRIP/ublox_msgs) by extension 'colcon_pkg'
[0.279s] colcon.colcon_core.package_identification Level 1 _identify(src/RTK_GPS_NTRIP/ublox_msgs) by extensions ['colcon_meta']
[0.279s] colcon.colcon_core.package_identification Level 1 _identify(src/RTK_GPS_NTRIP/ublox_msgs) by extension 'colcon_meta'
[0.279s] colcon.colcon_core.package_identification Level 1 _identify(src/RTK_GPS_NTRIP/ublox_msgs) by extensions ['ros']
[0.279s] colcon.colcon_core.package_identification Level 1 _identify(src/RTK_GPS_NTRIP/ublox_msgs) by extension 'ros'
[0.280s] colcon.colcon_core.package_identification DEBUG Package 'src/RTK_GPS_NTRIP/ublox_msgs' with type 'ros.ament_cmake' and name 'ublox_msgs'
[0.280s] colcon.colcon_core.package_identification Level 1 _identify(src/RTK_GPS_NTRIP/ublox_serialization) by extensions ['ignore', 'ignore_ament_install']
[0.280s] colcon.colcon_core.package_identification Level 1 _identify(src/RTK_GPS_NTRIP/ublox_serialization) by extension 'ignore'
[0.280s] colcon.colcon_core.package_identification Level 1 _identify(src/RTK_GPS_NTRIP/ublox_serialization) by extension 'ignore_ament_install'
[0.280s] colcon.colcon_core.package_identification Level 1 _identify(src/RTK_GPS_NTRIP/ublox_serialization) by extensions ['colcon_pkg']
[0.280s] colcon.colcon_core.package_identification Level 1 _identify(src/RTK_GPS_NTRIP/ublox_serialization) by extension 'colcon_pkg'
[0.280s] colcon.colcon_core.package_identification Level 1 _identify(src/RTK_GPS_NTRIP/ublox_serialization) by extensions ['colcon_meta']
[0.280s] colcon.colcon_core.package_identification Level 1 _identify(src/RTK_GPS_NTRIP/ublox_serialization) by extension 'colcon_meta'
[0.280s] colcon.colcon_core.package_identification Level 1 _identify(src/RTK_GPS_NTRIP/ublox_serialization) by extensions ['ros']
[0.280s] colcon.colcon_core.package_identification Level 1 _identify(src/RTK_GPS_NTRIP/ublox_serialization) by extension 'ros'
[0.280s] colcon.colcon_core.package_identification DEBUG Package 'src/RTK_GPS_NTRIP/ublox_serialization' with type 'ros.ament_cmake' and name 'ublox_serialization'
[0.280s] colcon.colcon_core.package_identification Level 1 _identify(src/UTM_conversion) by extensions ['ignore', 'ignore_ament_install']
[0.280s] colcon.colcon_core.package_identification Level 1 _identify(src/UTM_conversion) by extension 'ignore'
[0.280s] colcon.colcon_core.package_identification Level 1 _identify(src/UTM_conversion) by extension 'ignore_ament_install'
[0.280s] colcon.colcon_core.package_identification Level 1 _identify(src/UTM_conversion) by extensions ['colcon_pkg']
[0.280s] colcon.colcon_core.package_identification Level 1 _identify(src/UTM_conversion) by extension 'colcon_pkg'
[0.280s] colcon.colcon_core.package_identification Level 1 _identify(src/UTM_conversion) by extensions ['colcon_meta']
[0.280s] colcon.colcon_core.package_identification Level 1 _identify(src/UTM_conversion) by extension 'colcon_meta'
[0.280s] colcon.colcon_core.package_identification Level 1 _identify(src/UTM_conversion) by extensions ['ros']
[0.280s] colcon.colcon_core.package_identification Level 1 _identify(src/UTM_conversion) by extension 'ros'
[0.280s] colcon.colcon_core.package_identification Level 1 _identify(src/UTM_conversion) by extensions ['cmake', 'python']
[0.280s] colcon.colcon_core.package_identification Level 1 _identify(src/UTM_conversion) by extension 'cmake'
[0.280s] colcon.colcon_core.package_identification Level 1 _identify(src/UTM_conversion) by extension 'python'
[0.280s] colcon.colcon_core.package_identification Level 1 _identify(src/UTM_conversion) by extensions ['python_setup_py']
[0.280s] colcon.colcon_core.package_identification Level 1 _identify(src/UTM_conversion) by extension 'python_setup_py'
[0.281s] colcon.colcon_core.package_identification Level 1 _identify(src/UTM_conversion/src) by extensions ['ignore', 'ignore_ament_install']
[0.281s] colcon.colcon_core.package_identification Level 1 _identify(src/UTM_conversion/src) by extension 'ignore'
[0.281s] colcon.colcon_core.package_identification Level 1 _identify(src/UTM_conversion/src) by extension 'ignore_ament_install'
[0.281s] colcon.colcon_core.package_identification Level 1 _identify(src/UTM_conversion/src) by extensions ['colcon_pkg']
[0.281s] colcon.colcon_core.package_identification Level 1 _identify(src/UTM_conversion/src) by extension 'colcon_pkg'
[0.281s] colcon.colcon_core.package_identification Level 1 _identify(src/UTM_conversion/src) by extensions ['colcon_meta']
[0.281s] colcon.colcon_core.package_identification Level 1 _identify(src/UTM_conversion/src) by extension 'colcon_meta'
[0.281s] colcon.colcon_core.package_identification Level 1 _identify(src/UTM_conversion/src) by extensions ['ros']
[0.281s] colcon.colcon_core.package_identification Level 1 _identify(src/UTM_conversion/src) by extension 'ros'
[0.281s] colcon.colcon_core.package_identification Level 1 _identify(src/UTM_conversion/src) by extensions ['cmake', 'python']
[0.281s] colcon.colcon_core.package_identification Level 1 _identify(src/UTM_conversion/src) by extension 'cmake'
[0.281s] colcon.colcon_core.package_identification Level 1 _identify(src/UTM_conversion/src) by extension 'python'
[0.281s] colcon.colcon_core.package_identification Level 1 _identify(src/UTM_conversion/src) by extensions ['python_setup_py']
[0.281s] colcon.colcon_core.package_identification Level 1 _identify(src/UTM_conversion/src) by extension 'python_setup_py'
[0.281s] colcon.colcon_core.package_identification Level 1 _identify(src/UTM_conversion/src/latlong_utm) by extensions ['ignore', 'ignore_ament_install']
[0.281s] colcon.colcon_core.package_identification Level 1 _identify(src/UTM_conversion/src/latlong_utm) by extension 'ignore'
[0.281s] colcon.colcon_core.package_identification Level 1 _identify(src/UTM_conversion/src/latlong_utm) by extension 'ignore_ament_install'
[0.281s] colcon.colcon_core.package_identification Level 1 _identify(src/UTM_conversion/src/latlong_utm) by extensions ['colcon_pkg']
[0.281s] colcon.colcon_core.package_identification Level 1 _identify(src/UTM_conversion/src/latlong_utm) by extension 'colcon_pkg'
[0.281s] colcon.colcon_core.package_identification Level 1 _identify(src/UTM_conversion/src/latlong_utm) by extensions ['colcon_meta']
[0.281s] colcon.colcon_core.package_identification Level 1 _identify(src/UTM_conversion/src/latlong_utm) by extension 'colcon_meta'
[0.281s] colcon.colcon_core.package_identification Level 1 _identify(src/UTM_conversion/src/latlong_utm) by extensions ['ros']
[0.281s] colcon.colcon_core.package_identification Level 1 _identify(src/UTM_conversion/src/latlong_utm) by extension 'ros'
[0.281s] colcon.colcon_core.package_identification DEBUG Package 'src/UTM_conversion/src/latlong_utm' with type 'ros.ament_python' and name 'latlong_utm'
[0.281s] colcon.colcon_core.package_identification Level 1 _identify(src/build) by extensions ['ignore', 'ignore_ament_install']
[0.282s] colcon.colcon_core.package_identification Level 1 _identify(src/build) by extension 'ignore'
[0.282s] colcon.colcon_core.package_identification Level 1 _identify(src/build) ignored
[0.282s] colcon.colcon_core.package_identification Level 1 _identify(src/camera_perception_pkg) by extensions ['ignore', 'ignore_ament_install']
[0.282s] colcon.colcon_core.package_identification Level 1 _identify(src/camera_perception_pkg) by extension 'ignore'
[0.282s] colcon.colcon_core.package_identification Level 1 _identify(src/camera_perception_pkg) by extension 'ignore_ament_install'
[0.282s] colcon.colcon_core.package_identification Level 1 _identify(src/camera_perception_pkg) by extensions ['colcon_pkg']
[0.282s] colcon.colcon_core.package_identification Level 1 _identify(src/camera_perception_pkg) by extension 'colcon_pkg'
[0.282s] colcon.colcon_core.package_identification Level 1 _identify(src/camera_perception_pkg) by extensions ['colcon_meta']
[0.282s] colcon.colcon_core.package_identification Level 1 _identify(src/camera_perception_pkg) by extension 'colcon_meta'
[0.282s] colcon.colcon_core.package_identification Level 1 _identify(src/camera_perception_pkg) by extensions ['ros']
[0.282s] colcon.colcon_core.package_identification Level 1 _identify(src/camera_perception_pkg) by extension 'ros'
[0.282s] colcon.colcon_core.package_identification DEBUG Package 'src/camera_perception_pkg' with type 'ros.ament_python' and name 'camera_perception_pkg'
[0.282s] colcon.colcon_core.package_identification Level 1 _identify(src/control) by extensions ['ignore', 'ignore_ament_install']
[0.282s] colcon.colcon_core.package_identification Level 1 _identify(src/control) by extension 'ignore'
[0.282s] colcon.colcon_core.package_identification Level 1 _identify(src/control) by extension 'ignore_ament_install'
[0.282s] colcon.colcon_core.package_identification Level 1 _identify(src/control) by extensions ['colcon_pkg']
[0.282s] colcon.colcon_core.package_identification Level 1 _identify(src/control) by extension 'colcon_pkg'
[0.282s] colcon.colcon_core.package_identification Level 1 _identify(src/control) by extensions ['colcon_meta']
[0.283s] colcon.colcon_core.package_identification Level 1 _identify(src/control) by extension 'colcon_meta'
[0.283s] colcon.colcon_core.package_identification Level 1 _identify(src/control) by extensions ['ros']
[0.283s] colcon.colcon_core.package_identification Level 1 _identify(src/control) by extension 'ros'
[0.283s] colcon.colcon_core.package_identification Level 1 _identify(src/control) by extensions ['cmake', 'python']
[0.283s] colcon.colcon_core.package_identification Level 1 _identify(src/control) by extension 'cmake'
[0.283s] colcon.colcon_core.package_identification Level 1 _identify(src/control) by extension 'python'
[0.283s] colcon.colcon_core.package_identification Level 1 _identify(src/control) by extensions ['python_setup_py']
[0.283s] colcon.colcon_core.package_identification Level 1 _identify(src/control) by extension 'python_setup_py'
[0.283s] colcon.colcon_core.package_identification Level 1 _identify(src/control/check_variable_resistor) by extensions ['ignore', 'ignore_ament_install']
[0.283s] colcon.colcon_core.package_identification Level 1 _identify(src/control/check_variable_resistor) by extension 'ignore'
[0.283s] colcon.colcon_core.package_identification Level 1 _identify(src/control/check_variable_resistor) by extension 'ignore_ament_install'
[0.283s] colcon.colcon_core.package_identification Level 1 _identify(src/control/check_variable_resistor) by extensions ['colcon_pkg']
[0.283s] colcon.colcon_core.package_identification Level 1 _identify(src/control/check_variable_resistor) by extension 'colcon_pkg'
[0.283s] colcon.colcon_core.package_identification Level 1 _identify(src/control/check_variable_resistor) by extensions ['colcon_meta']
[0.283s] colcon.colcon_core.package_identification Level 1 _identify(src/control/check_variable_resistor) by extension 'colcon_meta'
[0.283s] colcon.colcon_core.package_identification Level 1 _identify(src/control/check_variable_resistor) by extensions ['ros']
[0.283s] colcon.colcon_core.package_identification Level 1 _identify(src/control/check_variable_resistor) by extension 'ros'
[0.283s] colcon.colcon_core.package_identification Level 1 _identify(src/control/check_variable_resistor) by extensions ['cmake', 'python']
[0.283s] colcon.colcon_core.package_identification Level 1 _identify(src/control/check_variable_resistor) by extension 'cmake'
[0.283s] colcon.colcon_core.package_identification Level 1 _identify(src/control/check_variable_resistor) by extension 'python'
[0.283s] colcon.colcon_core.package_identification Level 1 _identify(src/control/check_variable_resistor) by extensions ['python_setup_py']
[0.283s] colcon.colcon_core.package_identification Level 1 _identify(src/control/check_variable_resistor) by extension 'python_setup_py'
[0.283s] colcon.colcon_core.package_identification Level 1 _identify(src/control/driving) by extensions ['ignore', 'ignore_ament_install']
[0.283s] colcon.colcon_core.package_identification Level 1 _identify(src/control/driving) by extension 'ignore'
[0.283s] colcon.colcon_core.package_identification Level 1 _identify(src/control/driving) by extension 'ignore_ament_install'
[0.283s] colcon.colcon_core.package_identification Level 1 _identify(src/control/driving) by extensions ['colcon_pkg']
[0.283s] colcon.colcon_core.package_identification Level 1 _identify(src/control/driving) by extension 'colcon_pkg'
[0.283s] colcon.colcon_core.package_identification Level 1 _identify(src/control/driving) by extensions ['colcon_meta']
[0.283s] colcon.colcon_core.package_identification Level 1 _identify(src/control/driving) by extension 'colcon_meta'
[0.283s] colcon.colcon_core.package_identification Level 1 _identify(src/control/driving) by extensions ['ros']
[0.283s] colcon.colcon_core.package_identification Level 1 _identify(src/control/driving) by extension 'ros'
[0.283s] colcon.colcon_core.package_identification Level 1 _identify(src/control/driving) by extensions ['cmake', 'python']
[0.283s] colcon.colcon_core.package_identification Level 1 _identify(src/control/driving) by extension 'cmake'
[0.283s] colcon.colcon_core.package_identification Level 1 _identify(src/control/driving) by extension 'python'
[0.283s] colcon.colcon_core.package_identification Level 1 _identify(src/control/driving) by extensions ['python_setup_py']
[0.283s] colcon.colcon_core.package_identification Level 1 _identify(src/control/driving) by extension 'python_setup_py'
[0.283s] colcon.colcon_core.package_identification Level 1 _identify(src/control/motor_test) by extensions ['ignore', 'ignore_ament_install']
[0.283s] colcon.colcon_core.package_identification Level 1 _identify(src/control/motor_test) by extension 'ignore'
[0.283s] colcon.colcon_core.package_identification Level 1 _identify(src/control/motor_test) by extension 'ignore_ament_install'
[0.283s] colcon.colcon_core.package_identification Level 1 _identify(src/control/motor_test) by extensions ['colcon_pkg']
[0.283s] colcon.colcon_core.package_identification Level 1 _identify(src/control/motor_test) by extension 'colcon_pkg'
[0.283s] colcon.colcon_core.package_identification Level 1 _identify(src/control/motor_test) by extensions ['colcon_meta']
[0.283s] colcon.colcon_core.package_identification Level 1 _identify(src/control/motor_test) by extension 'colcon_meta'
[0.283s] colcon.colcon_core.package_identification Level 1 _identify(src/control/motor_test) by extensions ['ros']
[0.284s] colcon.colcon_core.package_identification Level 1 _identify(src/control/motor_test) by extension 'ros'
[0.284s] colcon.colcon_core.package_identification Level 1 _identify(src/control/motor_test) by extensions ['cmake', 'python']
[0.284s] colcon.colcon_core.package_identification Level 1 _identify(src/control/motor_test) by extension 'cmake'
[0.284s] colcon.colcon_core.package_identification Level 1 _identify(src/control/motor_test) by extension 'python'
[0.284s] colcon.colcon_core.package_identification Level 1 _identify(src/control/motor_test) by extensions ['python_setup_py']
[0.284s] colcon.colcon_core.package_identification Level 1 _identify(src/control/motor_test) by extension 'python_setup_py'
[0.284s] colcon.colcon_core.package_identification Level 1 _identify(src/control/ultrasonic) by extensions ['ignore', 'ignore_ament_install']
[0.284s] colcon.colcon_core.package_identification Level 1 _identify(src/control/ultrasonic) by extension 'ignore'
[0.284s] colcon.colcon_core.package_identification Level 1 _identify(src/control/ultrasonic) by extension 'ignore_ament_install'
[0.284s] colcon.colcon_core.package_identification Level 1 _identify(src/control/ultrasonic) by extensions ['colcon_pkg']
[0.284s] colcon.colcon_core.package_identification Level 1 _identify(src/control/ultrasonic) by extension 'colcon_pkg'
[0.284s] colcon.colcon_core.package_identification Level 1 _identify(src/control/ultrasonic) by extensions ['colcon_meta']
[0.284s] colcon.colcon_core.package_identification Level 1 _identify(src/control/ultrasonic) by extension 'colcon_meta'
[0.284s] colcon.colcon_core.package_identification Level 1 _identify(src/control/ultrasonic) by extensions ['ros']
[0.284s] colcon.colcon_core.package_identification Level 1 _identify(src/control/ultrasonic) by extension 'ros'
[0.284s] colcon.colcon_core.package_identification Level 1 _identify(src/control/ultrasonic) by extensions ['cmake', 'python']
[0.284s] colcon.colcon_core.package_identification Level 1 _identify(src/control/ultrasonic) by extension 'cmake'
[0.284s] colcon.colcon_core.package_identification Level 1 _identify(src/control/ultrasonic) by extension 'python'
[0.284s] colcon.colcon_core.package_identification Level 1 _identify(src/control/ultrasonic) by extensions ['python_setup_py']
[0.284s] colcon.colcon_core.package_identification Level 1 _identify(src/control/ultrasonic) by extension 'python_setup_py'
[0.284s] colcon.colcon_core.package_identification Level 1 _identify(src/data_collection) by extensions ['ignore', 'ignore_ament_install']
[0.284s] colcon.colcon_core.package_identification Level 1 _identify(src/data_collection) by extension 'ignore'
[0.284s] colcon.colcon_core.package_identification Level 1 _identify(src/data_collection) by extension 'ignore_ament_install'
[0.284s] colcon.colcon_core.package_identification Level 1 _identify(src/data_collection) by extensions ['colcon_pkg']
[0.284s] colcon.colcon_core.package_identification Level 1 _identify(src/data_collection) by extension 'colcon_pkg'
[0.284s] colcon.colcon_core.package_identification Level 1 _identify(src/data_collection) by extensions ['colcon_meta']
[0.284s] colcon.colcon_core.package_identification Level 1 _identify(src/data_collection) by extension 'colcon_meta'
[0.284s] colcon.colcon_core.package_identification Level 1 _identify(src/data_collection) by extensions ['ros']
[0.284s] colcon.colcon_core.package_identification Level 1 _identify(src/data_collection) by extension 'ros'
[0.284s] colcon.colcon_core.package_identification Level 1 _identify(src/data_collection) by extensions ['cmake', 'python']
[0.284s] colcon.colcon_core.package_identification Level 1 _identify(src/data_collection) by extension 'cmake'
[0.284s] colcon.colcon_core.package_identification Level 1 _identify(src/data_collection) by extension 'python'
[0.284s] colcon.colcon_core.package_identification Level 1 _identify(src/data_collection) by extensions ['python_setup_py']
[0.284s] colcon.colcon_core.package_identification Level 1 _identify(src/data_collection) by extension 'python_setup_py'
[0.284s] colcon.colcon_core.package_identification Level 1 _identify(src/debug_pkg) by extensions ['ignore', 'ignore_ament_install']
[0.284s] colcon.colcon_core.package_identification Level 1 _identify(src/debug_pkg) by extension 'ignore'
[0.284s] colcon.colcon_core.package_identification Level 1 _identify(src/debug_pkg) by extension 'ignore_ament_install'
[0.284s] colcon.colcon_core.package_identification Level 1 _identify(src/debug_pkg) by extensions ['colcon_pkg']
[0.284s] colcon.colcon_core.package_identification Level 1 _identify(src/debug_pkg) by extension 'colcon_pkg'
[0.284s] colcon.colcon_core.package_identification Level 1 _identify(src/debug_pkg) by extensions ['colcon_meta']
[0.284s] colcon.colcon_core.package_identification Level 1 _identify(src/debug_pkg) by extension 'colcon_meta'
[0.284s] colcon.colcon_core.package_identification Level 1 _identify(src/debug_pkg) by extensions ['ros']
[0.284s] colcon.colcon_core.package_identification Level 1 _identify(src/debug_pkg) by extension 'ros'
[0.285s] colcon.colcon_core.package_identification DEBUG Package 'src/debug_pkg' with type 'ros.ament_python' and name 'debug_pkg'
[0.285s] colcon.colcon_core.package_identification Level 1 _identify(src/decision_making_pkg) by extensions ['ignore', 'ignore_ament_install']
[0.285s] colcon.colcon_core.package_identification Level 1 _identify(src/decision_making_pkg) by extension 'ignore'
[0.285s] colcon.colcon_core.package_identification Level 1 _identify(src/decision_making_pkg) by extension 'ignore_ament_install'
[0.285s] colcon.colcon_core.package_identification Level 1 _identify(src/decision_making_pkg) by extensions ['colcon_pkg']
[0.285s] colcon.colcon_core.package_identification Level 1 _identify(src/decision_making_pkg) by extension 'colcon_pkg'
[0.285s] colcon.colcon_core.package_identification Level 1 _identify(src/decision_making_pkg) by extensions ['colcon_meta']
[0.285s] colcon.colcon_core.package_identification Level 1 _identify(src/decision_making_pkg) by extension 'colcon_meta'
[0.285s] colcon.colcon_core.package_identification Level 1 _identify(src/decision_making_pkg) by extensions ['ros']
[0.285s] colcon.colcon_core.package_identification Level 1 _identify(src/decision_making_pkg) by extension 'ros'
[0.285s] colcon.colcon_core.package_identification DEBUG Package 'src/decision_making_pkg' with type 'ros.ament_python' and name 'decision_making_pkg'
[0.285s] colcon.colcon_core.package_identification Level 1 _identify(src/install) by extensions ['ignore', 'ignore_ament_install']
[0.285s] colcon.colcon_core.package_identification Level 1 _identify(src/install) by extension 'ignore'
[0.285s] colcon.colcon_core.package_identification Level 1 _identify(src/install) ignored
[0.286s] colcon.colcon_core.package_identification Level 1 _identify(src/interfaces_pkg) by extensions ['ignore', 'ignore_ament_install']
[0.286s] colcon.colcon_core.package_identification Level 1 _identify(src/interfaces_pkg) by extension 'ignore'
[0.286s] colcon.colcon_core.package_identification Level 1 _identify(src/interfaces_pkg) by extension 'ignore_ament_install'
[0.286s] colcon.colcon_core.package_identification Level 1 _identify(src/interfaces_pkg) by extensions ['colcon_pkg']
[0.286s] colcon.colcon_core.package_identification Level 1 _identify(src/interfaces_pkg) by extension 'colcon_pkg'
[0.286s] colcon.colcon_core.package_identification Level 1 _identify(src/interfaces_pkg) by extensions ['colcon_meta']
[0.286s] colcon.colcon_core.package_identification Level 1 _identify(src/interfaces_pkg) by extension 'colcon_meta'
[0.286s] colcon.colcon_core.package_identification Level 1 _identify(src/interfaces_pkg) by extensions ['ros']
[0.286s] colcon.colcon_core.package_identification Level 1 _identify(src/interfaces_pkg) by extension 'ros'
[0.286s] colcon.colcon_core.package_identification DEBUG Package 'src/interfaces_pkg' with type 'ros.ament_cmake' and name 'interfaces_pkg'
[0.286s] colcon.colcon_core.package_identification Level 1 _identify(src/launch_pkg) by extensions ['ignore', 'ignore_ament_install']
[0.286s] colcon.colcon_core.package_identification Level 1 _identify(src/launch_pkg) by extension 'ignore'
[0.286s] colcon.colcon_core.package_identification Level 1 _identify(src/launch_pkg) by extension 'ignore_ament_install'
[0.286s] colcon.colcon_core.package_identification Level 1 _identify(src/launch_pkg) by extensions ['colcon_pkg']
[0.286s] colcon.colcon_core.package_identification Level 1 _identify(src/launch_pkg) by extension 'colcon_pkg'
[0.286s] colcon.colcon_core.package_identification Level 1 _identify(src/launch_pkg) by extensions ['colcon_meta']
[0.286s] colcon.colcon_core.package_identification Level 1 _identify(src/launch_pkg) by extension 'colcon_meta'
[0.286s] colcon.colcon_core.package_identification Level 1 _identify(src/launch_pkg) by extensions ['ros']
[0.286s] colcon.colcon_core.package_identification Level 1 _identify(src/launch_pkg) by extension 'ros'
[0.287s] colcon.colcon_core.package_identification DEBUG Package 'src/launch_pkg' with type 'ros.ament_cmake' and name 'launch_pkg'
[0.287s] colcon.colcon_core.package_identification Level 1 _identify(src/lidar_perception_pkg) by extensions ['ignore', 'ignore_ament_install']
[0.287s] colcon.colcon_core.package_identification Level 1 _identify(src/lidar_perception_pkg) by extension 'ignore'
[0.287s] colcon.colcon_core.package_identification Level 1 _identify(src/lidar_perception_pkg) by extension 'ignore_ament_install'
[0.287s] colcon.colcon_core.package_identification Level 1 _identify(src/lidar_perception_pkg) by extensions ['colcon_pkg']
[0.287s] colcon.colcon_core.package_identification Level 1 _identify(src/lidar_perception_pkg) by extension 'colcon_pkg'
[0.287s] colcon.colcon_core.package_identification Level 1 _identify(src/lidar_perception_pkg) by extensions ['colcon_meta']
[0.287s] colcon.colcon_core.package_identification Level 1 _identify(src/lidar_perception_pkg) by extension 'colcon_meta'
[0.287s] colcon.colcon_core.package_identification Level 1 _identify(src/lidar_perception_pkg) by extensions ['ros']
[0.287s] colcon.colcon_core.package_identification Level 1 _identify(src/lidar_perception_pkg) by extension 'ros'
[0.287s] colcon.colcon_core.package_identification DEBUG Package 'src/lidar_perception_pkg' with type 'ros.ament_python' and name 'lidar_perception_pkg'
[0.287s] colcon.colcon_core.package_identification Level 1 _identify(src/log) by extensions ['ignore', 'ignore_ament_install']
[0.287s] colcon.colcon_core.package_identification Level 1 _identify(src/log) by extension 'ignore'
[0.287s] colcon.colcon_core.package_identification Level 1 _identify(src/log) ignored
[0.287s] colcon.colcon_core.package_identification Level 1 _identify(src/my_custom_pkg) by extensions ['ignore', 'ignore_ament_install']
[0.287s] colcon.colcon_core.package_identification Level 1 _identify(src/my_custom_pkg) by extension 'ignore'
[0.287s] colcon.colcon_core.package_identification Level 1 _identify(src/my_custom_pkg) by extension 'ignore_ament_install'
[0.287s] colcon.colcon_core.package_identification Level 1 _identify(src/my_custom_pkg) by extensions ['colcon_pkg']
[0.288s] colcon.colcon_core.package_identification Level 1 _identify(src/my_custom_pkg) by extension 'colcon_pkg'
[0.288s] colcon.colcon_core.package_identification Level 1 _identify(src/my_custom_pkg) by extensions ['colcon_meta']
[0.288s] colcon.colcon_core.package_identification Level 1 _identify(src/my_custom_pkg) by extension 'colcon_meta'
[0.288s] colcon.colcon_core.package_identification Level 1 _identify(src/my_custom_pkg) by extensions ['ros']
[0.288s] colcon.colcon_core.package_identification Level 1 _identify(src/my_custom_pkg) by extension 'ros'
[0.288s] colcon.colcon_core.package_identification DEBUG Package 'src/my_custom_pkg' with type 'ros.ament_python' and name 'my_custom_pkg'
[0.288s] colcon.colcon_core.package_identification Level 1 _identify(src/serial_communication_pkg) by extensions ['ignore', 'ignore_ament_install']
[0.288s] colcon.colcon_core.package_identification Level 1 _identify(src/serial_communication_pkg) by extension 'ignore'
[0.288s] colcon.colcon_core.package_identification Level 1 _identify(src/serial_communication_pkg) by extension 'ignore_ament_install'
[0.288s] colcon.colcon_core.package_identification Level 1 _identify(src/serial_communication_pkg) by extensions ['colcon_pkg']
[0.288s] colcon.colcon_core.package_identification Level 1 _identify(src/serial_communication_pkg) by extension 'colcon_pkg'
[0.288s] colcon.colcon_core.package_identification Level 1 _identify(src/serial_communication_pkg) by extensions ['colcon_meta']
[0.288s] colcon.colcon_core.package_identification Level 1 _identify(src/serial_communication_pkg) by extension 'colcon_meta'
[0.288s] colcon.colcon_core.package_identification Level 1 _identify(src/serial_communication_pkg) by extensions ['ros']
[0.288s] colcon.colcon_core.package_identification Level 1 _identify(src/serial_communication_pkg) by extension 'ros'
[0.289s] colcon.colcon_core.package_identification DEBUG Package 'src/serial_communication_pkg' with type 'ros.ament_python' and name 'serial_communication_pkg'
[0.289s] colcon.colcon_core.package_identification Level 1 _identify(src/ydlidar_ros2_driver) by extensions ['ignore', 'ignore_ament_install']
[0.289s] colcon.colcon_core.package_identification Level 1 _identify(src/ydlidar_ros2_driver) by extension 'ignore'
[0.289s] colcon.colcon_core.package_identification Level 1 _identify(src/ydlidar_ros2_driver) by extension 'ignore_ament_install'
[0.289s] colcon.colcon_core.package_identification Level 1 _identify(src/ydlidar_ros2_driver) by extensions ['colcon_pkg']
[0.289s] colcon.colcon_core.package_identification Level 1 _identify(src/ydlidar_ros2_driver) by extension 'colcon_pkg'
[0.289s] colcon.colcon_core.package_identification Level 1 _identify(src/ydlidar_ros2_driver) by extensions ['colcon_meta']
[0.289s] colcon.colcon_core.package_identification Level 1 _identify(src/ydlidar_ros2_driver) by extension 'colcon_meta'
[0.289s] colcon.colcon_core.package_identification Level 1 _identify(src/ydlidar_ros2_driver) by extensions ['ros']
[0.289s] colcon.colcon_core.package_identification Level 1 _identify(src/ydlidar_ros2_driver) by extension 'ros'
[0.289s] colcon.colcon_core.package_identification DEBUG Package 'src/ydlidar_ros2_driver' with type 'ros.ament_cmake' and name 'ydlidar_ros2_driver'
[0.289s] colcon.colcon_core.package_discovery Level 1 discover_packages(recursive) using defaults
[0.289s] colcon.colcon_core.package_discovery Level 1 discover_packages(ignore) discover
[0.289s] colcon.colcon_core.package_discovery Level 1 discover_packages(ignore) using defaults
[0.289s] colcon.colcon_core.package_discovery Level 1 discover_packages(path) discover
[0.289s] colcon.colcon_core.package_discovery Level 1 discover_packages(path) using defaults
[0.303s] colcon.colcon_core.package_discovery Level 1 discover_packages(prefix_path) check parameters
[0.303s] colcon.colcon_core.package_discovery Level 1 discover_packages(prefix_path) discover
[0.305s] colcon.colcon_installed_package_information.package_discovery DEBUG Found 17 installed packages in /home/jsmoon/yax_jeju/install
[0.305s] colcon.colcon_installed_package_information.package_discovery DEBUG Found 1 installed packages in /home/jsmoon/ydlidar_ws/install
[0.306s] colcon.colcon_installed_package_information.package_discovery DEBUG Found 275 installed packages in /opt/ros/humble
[0.307s] colcon.colcon_core.package_discovery Level 1 discover_packages(prefix_path) using defaults
[0.334s] colcon.colcon_core.verb Level 5 set package 'camera_perception_pkg' build argument 'cmake_args' from command line to 'None'
[0.334s] colcon.colcon_core.verb Level 5 set package 'camera_perception_pkg' build argument 'cmake_target' from command line to 'None'
[0.335s] colcon.colcon_core.verb Level 5 set package 'camera_perception_pkg' build argument 'cmake_target_skip_unavailable' from command line to 'False'
[0.335s] colcon.colcon_core.verb Level 5 set package 'camera_perception_pkg' build argument 'cmake_clean_cache' from command line to 'False'
[0.335s] colcon.colcon_core.verb Level 5 set package 'camera_perception_pkg' build argument 'cmake_clean_first' from command line to 'False'
[0.335s] colcon.colcon_core.verb Level 5 set package 'camera_perception_pkg' build argument 'cmake_force_configure' from command line to 'False'
[0.335s] colcon.colcon_core.verb Level 5 set package 'camera_perception_pkg' build argument 'ament_cmake_args' from command line to 'None'
[0.335s] colcon.colcon_core.verb Level 5 set package 'camera_perception_pkg' build argument 'catkin_cmake_args' from command line to 'None'
[0.335s] colcon.colcon_core.verb Level 5 set package 'camera_perception_pkg' build argument 'catkin_skip_building_tests' from command line to 'False'
[0.335s] colcon.colcon_core.verb DEBUG Building package 'camera_perception_pkg' with the following arguments: {'ament_cmake_args': None, 'build_base': '/home/jsmoon/yax_jeju/build/camera_perception_pkg', 'catkin_cmake_args': None, 'catkin_skip_building_tests': False, 'cmake_args': None, 'cmake_clean_cache': False, 'cmake_clean_first': False, 'cmake_force_configure': False, 'cmake_target': None, 'cmake_target_skip_unavailable': False, 'install_base': '/home/jsmoon/yax_jeju/install/camera_perception_pkg', 'merge_install': False, 'path': '/home/jsmoon/yax_jeju/src/camera_perception_pkg', 'symlink_install': True, 'test_result_base': None}
[0.335s] colcon.colcon_core.verb Level 5 set package 'debug_pkg' build argument 'cmake_args' from command line to 'None'
[0.335s] colcon.colcon_core.verb Level 5 set package 'debug_pkg' build argument 'cmake_target' from command line to 'None'
[0.335s] colcon.colcon_core.verb Level 5 set package 'debug_pkg' build argument 'cmake_target_skip_unavailable' from command line to 'False'
[0.335s] colcon.colcon_core.verb Level 5 set package 'debug_pkg' build argument 'cmake_clean_cache' from command line to 'False'
[0.335s] colcon.colcon_core.verb Level 5 set package 'debug_pkg' build argument 'cmake_clean_first' from command line to 'False'
[0.335s] colcon.colcon_core.verb Level 5 set package 'debug_pkg' build argument 'cmake_force_configure' from command line to 'False'
[0.335s] colcon.colcon_core.verb Level 5 set package 'debug_pkg' build argument 'ament_cmake_args' from command line to 'None'
[0.335s] colcon.colcon_core.verb Level 5 set package 'debug_pkg' build argument 'catkin_cmake_args' from command line to 'None'
[0.335s] colcon.colcon_core.verb Level 5 set package 'debug_pkg' build argument 'catkin_skip_building_tests' from command line to 'False'
[0.335s] colcon.colcon_core.verb DEBUG Building package 'debug_pkg' with the following arguments: {'ament_cmake_args': None, 'build_base': '/home/jsmoon/yax_jeju/build/debug_pkg', 'catkin_cmake_args': None, 'catkin_skip_building_tests': False, 'cmake_args': None, 'cmake_clean_cache': False, 'cmake_clean_first': False, 'cmake_force_configure': False, 'cmake_target': None, 'cmake_target_skip_unavailable': False, 'install_base': '/home/jsmoon/yax_jeju/install/debug_pkg', 'merge_install': False, 'path': '/home/jsmoon/yax_jeju/src/debug_pkg', 'symlink_install': True, 'test_result_base': None}
[0.335s] colcon.colcon_core.verb Level 5 set package 'decision_making_pkg' build argument 'cmake_args' from command line to 'None'
[0.335s] colcon.colcon_core.verb Level 5 set package 'decision_making_pkg' build argument 'cmake_target' from command line to 'None'
[0.335s] colcon.colcon_core.verb Level 5 set package 'decision_making_pkg' build argument 'cmake_target_skip_unavailable' from command line to 'False'
[0.335s] colcon.colcon_core.verb Level 5 set package 'decision_making_pkg' build argument 'cmake_clean_cache' from command line to 'False'
[0.335s] colcon.colcon_core.verb Level 5 set package 'decision_making_pkg' build argument 'cmake_clean_first' from command line to 'False'
[0.335s] colcon.colcon_core.verb Level 5 set package 'decision_making_pkg' build argument 'cmake_force_configure' from command line to 'False'
[0.335s] colcon.colcon_core.verb Level 5 set package 'decision_making_pkg' build argument 'ament_cmake_args' from command line to 'None'
[0.335s] colcon.colcon_core.verb Level 5 set package 'decision_making_pkg' build argument 'catkin_cmake_args' from command line to 'None'
[0.335s] colcon.colcon_core.verb Level 5 set package 'decision_making_pkg' build argument 'catkin_skip_building_tests' from command line to 'False'
[0.335s] colcon.colcon_core.verb DEBUG Building package 'decision_making_pkg' with the following arguments: {'ament_cmake_args': None, 'build_base': '/home/jsmoon/yax_jeju/build/decision_making_pkg', 'catkin_cmake_args': None, 'catkin_skip_building_tests': False, 'cmake_args': None, 'cmake_clean_cache': False, 'cmake_clean_first': False, 'cmake_force_configure': False, 'cmake_target': None, 'cmake_target_skip_unavailable': False, 'install_base': '/home/jsmoon/yax_jeju/install/decision_making_pkg', 'merge_install': False, 'path': '/home/jsmoon/yax_jeju/src/decision_making_pkg', 'symlink_install': True, 'test_result_base': None}
[0.335s] colcon.colcon_core.verb Level 5 set package 'interfaces_pkg' build argument 'cmake_args' from command line to 'None'
[0.335s] colcon.colcon_core.verb Level 5 set package 'interfaces_pkg' build argument 'cmake_target' from command line to 'None'
[0.335s] colcon.colcon_core.verb Level 5 set package 'interfaces_pkg' build argument 'cmake_target_skip_unavailable' from command line to 'False'
[0.336s] colcon.colcon_core.verb Level 5 set package 'interfaces_pkg' build argument 'cmake_clean_cache' from command line to 'False'
[0.336s] colcon.colcon_core.verb Level 5 set package 'interfaces_pkg' build argument 'cmake_clean_first' from command line to 'False'
[0.336s] colcon.colcon_core.verb Level 5 set package 'interfaces_pkg' build argument 'cmake_force_configure' from command line to 'False'
[0.336s] colcon.colcon_core.verb Level 5 set package 'interfaces_pkg' build argument 'ament_cmake_args' from command line to 'None'
[0.336s] colcon.colcon_core.verb Level 5 set package 'interfaces_pkg' build argument 'catkin_cmake_args' from command line to 'None'
[0.336s] colcon.colcon_core.verb Level 5 set package 'interfaces_pkg' build argument 'catkin_skip_building_tests' from command line to 'False'
[0.336s] colcon.colcon_core.verb DEBUG Building package 'interfaces_pkg' with the following arguments: {'ament_cmake_args': None, 'build_base': '/home/jsmoon/yax_jeju/build/interfaces_pkg', 'catkin_cmake_args': None, 'catkin_skip_building_tests': False, 'cmake_args': None, 'cmake_clean_cache': False, 'cmake_clean_first': False, 'cmake_force_configure': False, 'cmake_target': None, 'cmake_target_skip_unavailable': False, 'install_base': '/home/jsmoon/yax_jeju/install/interfaces_pkg', 'merge_install': False, 'path': '/home/jsmoon/yax_jeju/src/interfaces_pkg', 'symlink_install': True, 'test_result_base': None}
[0.336s] colcon.colcon_core.verb Level 5 set package 'latlong_utm' build argument 'cmake_args' from command line to 'None'
[0.336s] colcon.colcon_core.verb Level 5 set package 'latlong_utm' build argument 'cmake_target' from command line to 'None'
[0.336s] colcon.colcon_core.verb Level 5 set package 'latlong_utm' build argument 'cmake_target_skip_unavailable' from command line to 'False'
[0.336s] colcon.colcon_core.verb Level 5 set package 'latlong_utm' build argument 'cmake_clean_cache' from command line to 'False'
[0.336s] colcon.colcon_core.verb Level 5 set package 'latlong_utm' build argument 'cmake_clean_first' from command line to 'False'
[0.336s] colcon.colcon_core.verb Level 5 set package 'latlong_utm' build argument 'cmake_force_configure' from command line to 'False'
[0.336s] colcon.colcon_core.verb Level 5 set package 'latlong_utm' build argument 'ament_cmake_args' from command line to 'None'
[0.336s] colcon.colcon_core.verb Level 5 set package 'latlong_utm' build argument 'catkin_cmake_args' from command line to 'None'
[0.336s] colcon.colcon_core.verb Level 5 set package 'latlong_utm' build argument 'catkin_skip_building_tests' from command line to 'False'
[0.336s] colcon.colcon_core.verb DEBUG Building package 'latlong_utm' with the following arguments: {'ament_cmake_args': None, 'build_base': '/home/jsmoon/yax_jeju/build/latlong_utm', 'catkin_cmake_args': None, 'catkin_skip_building_tests': False, 'cmake_args': None, 'cmake_clean_cache': False, 'cmake_clean_first': False, 'cmake_force_configure': False, 'cmake_target': None, 'cmake_target_skip_unavailable': False, 'install_base': '/home/jsmoon/yax_jeju/install/latlong_utm', 'merge_install': False, 'path': '/home/jsmoon/yax_jeju/src/UTM_conversion/src/latlong_utm', 'symlink_install': True, 'test_result_base': None}
[0.336s] colcon.colcon_core.verb Level 5 set package 'lidar_perception_pkg' build argument 'cmake_args' from command line to 'None'
[0.336s] colcon.colcon_core.verb Level 5 set package 'lidar_perception_pkg' build argument 'cmake_target' from command line to 'None'
[0.336s] colcon.colcon_core.verb Level 5 set package 'lidar_perception_pkg' build argument 'cmake_target_skip_unavailable' from command line to 'False'
[0.336s] colcon.colcon_core.verb Level 5 set package 'lidar_perception_pkg' build argument 'cmake_clean_cache' from command line to 'False'
[0.336s] colcon.colcon_core.verb Level 5 set package 'lidar_perception_pkg' build argument 'cmake_clean_first' from command line to 'False'
[0.336s] colcon.colcon_core.verb Level 5 set package 'lidar_perception_pkg' build argument 'cmake_force_configure' from command line to 'False'
[0.336s] colcon.colcon_core.verb Level 5 set package 'lidar_perception_pkg' build argument 'ament_cmake_args' from command line to 'None'
[0.336s] colcon.colcon_core.verb Level 5 set package 'lidar_perception_pkg' build argument 'catkin_cmake_args' from command line to 'None'
[0.336s] colcon.colcon_core.verb Level 5 set package 'lidar_perception_pkg' build argument 'catkin_skip_building_tests' from command line to 'False'
[0.336s] colcon.colcon_core.verb DEBUG Building package 'lidar_perception_pkg' with the following arguments: {'ament_cmake_args': None, 'build_base': '/home/jsmoon/yax_jeju/build/lidar_perception_pkg', 'catkin_cmake_args': None, 'catkin_skip_building_tests': False, 'cmake_args': None, 'cmake_clean_cache': False, 'cmake_clean_first': False, 'cmake_force_configure': False, 'cmake_target': None, 'cmake_target_skip_unavailable': False, 'install_base': '/home/jsmoon/yax_jeju/install/lidar_perception_pkg', 'merge_install': False, 'path': '/home/jsmoon/yax_jeju/src/lidar_perception_pkg', 'symlink_install': True, 'test_result_base': None}
[0.336s] colcon.colcon_core.verb Level 5 set package 'ntrip_client' build argument 'cmake_args' from command line to 'None'
[0.336s] colcon.colcon_core.verb Level 5 set package 'ntrip_client' build argument 'cmake_target' from command line to 'None'
[0.336s] colcon.colcon_core.verb Level 5 set package 'ntrip_client' build argument 'cmake_target_skip_unavailable' from command line to 'False'
[0.336s] colcon.colcon_core.verb Level 5 set package 'ntrip_client' build argument 'cmake_clean_cache' from command line to 'False'
[0.336s] colcon.colcon_core.verb Level 5 set package 'ntrip_client' build argument 'cmake_clean_first' from command line to 'False'
[0.336s] colcon.colcon_core.verb Level 5 set package 'ntrip_client' build argument 'cmake_force_configure' from command line to 'False'
[0.336s] colcon.colcon_core.verb Level 5 set package 'ntrip_client' build argument 'ament_cmake_args' from command line to 'None'
[0.336s] colcon.colcon_core.verb Level 5 set package 'ntrip_client' build argument 'catkin_cmake_args' from command line to 'None'
[0.336s] colcon.colcon_core.verb Level 5 set package 'ntrip_client' build argument 'catkin_skip_building_tests' from command line to 'False'
[0.336s] colcon.colcon_core.verb DEBUG Building package 'ntrip_client' with the following arguments: {'ament_cmake_args': None, 'build_base': '/home/jsmoon/yax_jeju/build/ntrip_client', 'catkin_cmake_args': None, 'catkin_skip_building_tests': False, 'cmake_args': None, 'cmake_clean_cache': False, 'cmake_clean_first': False, 'cmake_force_configure': False, 'cmake_target': None, 'cmake_target_skip_unavailable': False, 'install_base': '/home/jsmoon/yax_jeju/install/ntrip_client', 'merge_install': False, 'path': '/home/jsmoon/yax_jeju/src/RTK_GPS_NTRIP/ntrip_client', 'symlink_install': True, 'test_result_base': None}
[0.337s] colcon.colcon_core.verb Level 5 set package 'rtcm_msgs' build argument 'cmake_args' from command line to 'None'
[0.337s] colcon.colcon_core.verb Level 5 set package 'rtcm_msgs' build argument 'cmake_target' from command line to 'None'
[0.337s] colcon.colcon_core.verb Level 5 set package 'rtcm_msgs' build argument 'cmake_target_skip_unavailable' from command line to 'False'
[0.337s] colcon.colcon_core.verb Level 5 set package 'rtcm_msgs' build argument 'cmake_clean_cache' from command line to 'False'
[0.337s] colcon.colcon_core.verb Level 5 set package 'rtcm_msgs' build argument 'cmake_clean_first' from command line to 'False'
[0.337s] colcon.colcon_core.verb Level 5 set package 'rtcm_msgs' build argument 'cmake_force_configure' from command line to 'False'
[0.337s] colcon.colcon_core.verb Level 5 set package 'rtcm_msgs' build argument 'ament_cmake_args' from command line to 'None'
[0.337s] colcon.colcon_core.verb Level 5 set package 'rtcm_msgs' build argument 'catkin_cmake_args' from command line to 'None'
[0.337s] colcon.colcon_core.verb Level 5 set package 'rtcm_msgs' build argument 'catkin_skip_building_tests' from command line to 'False'
[0.337s] colcon.colcon_core.verb DEBUG Building package 'rtcm_msgs' with the following arguments: {'ament_cmake_args': None, 'build_base': '/home/jsmoon/yax_jeju/build/rtcm_msgs', 'catkin_cmake_args': None, 'catkin_skip_building_tests': False, 'cmake_args': None, 'cmake_clean_cache': False, 'cmake_clean_first': False, 'cmake_force_configure': False, 'cmake_target': None, 'cmake_target_skip_unavailable': False, 'install_base': '/home/jsmoon/yax_jeju/install/rtcm_msgs', 'merge_install': False, 'path': '/home/jsmoon/yax_jeju/src/RTK_GPS_NTRIP/rtcm_msgs', 'symlink_install': True, 'test_result_base': None}
[0.337s] colcon.colcon_core.verb Level 5 set package 'serial_communication_pkg' build argument 'cmake_args' from command line to 'None'
[0.337s] colcon.colcon_core.verb Level 5 set package 'serial_communication_pkg' build argument 'cmake_target' from command line to 'None'
[0.337s] colcon.colcon_core.verb Level 5 set package 'serial_communication_pkg' build argument 'cmake_target_skip_unavailable' from command line to 'False'
[0.337s] colcon.colcon_core.verb Level 5 set package 'serial_communication_pkg' build argument 'cmake_clean_cache' from command line to 'False'
[0.337s] colcon.colcon_core.verb Level 5 set package 'serial_communication_pkg' build argument 'cmake_clean_first' from command line to 'False'
[0.337s] colcon.colcon_core.verb Level 5 set package 'serial_communication_pkg' build argument 'cmake_force_configure' from command line to 'False'
[0.337s] colcon.colcon_core.verb Level 5 set package 'serial_communication_pkg' build argument 'ament_cmake_args' from command line to 'None'
[0.337s] colcon.colcon_core.verb Level 5 set package 'serial_communication_pkg' build argument 'catkin_cmake_args' from command line to 'None'
[0.337s] colcon.colcon_core.verb Level 5 set package 'serial_communication_pkg' build argument 'catkin_skip_building_tests' from command line to 'False'
[0.337s] colcon.colcon_core.verb DEBUG Building package 'serial_communication_pkg' with the following arguments: {'ament_cmake_args': None, 'build_base': '/home/jsmoon/yax_jeju/build/serial_communication_pkg', 'catkin_cmake_args': None, 'catkin_skip_building_tests': False, 'cmake_args': None, 'cmake_clean_cache': False, 'cmake_clean_first': False, 'cmake_force_configure': False, 'cmake_target': None, 'cmake_target_skip_unavailable': False, 'install_base': '/home/jsmoon/yax_jeju/install/serial_communication_pkg', 'merge_install': False, 'path': '/home/jsmoon/yax_jeju/src/serial_communication_pkg', 'symlink_install': True, 'test_result_base': None}
[0.337s] colcon.colcon_core.verb Level 5 set package 'ublox_serialization' build argument 'cmake_args' from command line to 'None'
[0.337s] colcon.colcon_core.verb Level 5 set package 'ublox_serialization' build argument 'cmake_target' from command line to 'None'
[0.337s] colcon.colcon_core.verb Level 5 set package 'ublox_serialization' build argument 'cmake_target_skip_unavailable' from command line to 'False'
[0.337s] colcon.colcon_core.verb Level 5 set package 'ublox_serialization' build argument 'cmake_clean_cache' from command line to 'False'
[0.337s] colcon.colcon_core.verb Level 5 set package 'ublox_serialization' build argument 'cmake_clean_first' from command line to 'False'
[0.337s] colcon.colcon_core.verb Level 5 set package 'ublox_serialization' build argument 'cmake_force_configure' from command line to 'False'
[0.337s] colcon.colcon_core.verb Level 5 set package 'ublox_serialization' build argument 'ament_cmake_args' from command line to 'None'
[0.337s] colcon.colcon_core.verb Level 5 set package 'ublox_serialization' build argument 'catkin_cmake_args' from command line to 'None'
[0.337s] colcon.colcon_core.verb Level 5 set package 'ublox_serialization' build argument 'catkin_skip_building_tests' from command line to 'False'
[0.337s] colcon.colcon_core.verb DEBUG Building package 'ublox_serialization' with the following arguments: {'ament_cmake_args': None, 'build_base': '/home/jsmoon/yax_jeju/build/ublox_serialization', 'catkin_cmake_args': None, 'catkin_skip_building_tests': False, 'cmake_args': None, 'cmake_clean_cache': False, 'cmake_clean_first': False, 'cmake_force_configure': False, 'cmake_target': None, 'cmake_target_skip_unavailable': False, 'install_base': '/home/jsmoon/yax_jeju/install/ublox_serialization', 'merge_install': False, 'path': '/home/jsmoon/yax_jeju/src/RTK_GPS_NTRIP/ublox_serialization', 'symlink_install': True, 'test_result_base': None}
[0.337s] colcon.colcon_core.verb Level 5 set package 'ydlidar_ros2_driver' build argument 'cmake_args' from command line to 'None'
[0.337s] colcon.colcon_core.verb Level 5 set package 'ydlidar_ros2_driver' build argument 'cmake_target' from command line to 'None'
[0.337s] colcon.colcon_core.verb Level 5 set package 'ydlidar_ros2_driver' build argument 'cmake_target_skip_unavailable' from command line to 'False'
[0.338s] colcon.colcon_core.verb Level 5 set package 'ydlidar_ros2_driver' build argument 'cmake_clean_cache' from command line to 'False'
[0.338s] colcon.colcon_core.verb Level 5 set package 'ydlidar_ros2_driver' build argument 'cmake_clean_first' from command line to 'False'
[0.338s] colcon.colcon_core.verb Level 5 set package 'ydlidar_ros2_driver' build argument 'cmake_force_configure' from command line to 'False'
[0.338s] colcon.colcon_core.verb Level 5 set package 'ydlidar_ros2_driver' build argument 'ament_cmake_args' from command line to 'None'
[0.338s] colcon.colcon_core.verb Level 5 set package 'ydlidar_ros2_driver' build argument 'catkin_cmake_args' from command line to 'None'
[0.338s] colcon.colcon_core.verb Level 5 set package 'ydlidar_ros2_driver' build argument 'catkin_skip_building_tests' from command line to 'False'
[0.338s] colcon.colcon_core.verb DEBUG Building package 'ydlidar_ros2_driver' with the following arguments: {'ament_cmake_args': None, 'build_base': '/home/jsmoon/yax_jeju/build/ydlidar_ros2_driver', 'catkin_cmake_args': None, 'catkin_skip_building_tests': False, 'cmake_args': None, 'cmake_clean_cache': False, 'cmake_clean_first': False, 'cmake_force_configure': False, 'cmake_target': None, 'cmake_target_skip_unavailable': False, 'install_base': '/home/jsmoon/yax_jeju/install/ydlidar_ros2_driver', 'merge_install': False, 'path': '/home/jsmoon/yax_jeju/src/ydlidar_ros2_driver', 'symlink_install': True, 'test_result_base': None}
[0.338s] colcon.colcon_core.verb Level 5 set package 'ublox_msgs' build argument 'cmake_args' from command line to 'None'
[0.338s] colcon.colcon_core.verb Level 5 set package 'ublox_msgs' build argument 'cmake_target' from command line to 'None'
[0.338s] colcon.colcon_core.verb Level 5 set package 'ublox_msgs' build argument 'cmake_target_skip_unavailable' from command line to 'False'
[0.338s] colcon.colcon_core.verb Level 5 set package 'ublox_msgs' build argument 'cmake_clean_cache' from command line to 'False'
[0.338s] colcon.colcon_core.verb Level 5 set package 'ublox_msgs' build argument 'cmake_clean_first' from command line to 'False'
[0.338s] colcon.colcon_core.verb Level 5 set package 'ublox_msgs' build argument 'cmake_force_configure' from command line to 'False'
[0.338s] colcon.colcon_core.verb Level 5 set package 'ublox_msgs' build argument 'ament_cmake_args' from command line to 'None'
[0.338s] colcon.colcon_core.verb Level 5 set package 'ublox_msgs' build argument 'catkin_cmake_args' from command line to 'None'
[0.338s] colcon.colcon_core.verb Level 5 set package 'ublox_msgs' build argument 'catkin_skip_building_tests' from command line to 'False'
[0.338s] colcon.colcon_core.verb DEBUG Building package 'ublox_msgs' with the following arguments: {'ament_cmake_args': None, 'build_base': '/home/jsmoon/yax_jeju/build/ublox_msgs', 'catkin_cmake_args': None, 'catkin_skip_building_tests': False, 'cmake_args': None, 'cmake_clean_cache': False, 'cmake_clean_first': False, 'cmake_force_configure': False, 'cmake_target': None, 'cmake_target_skip_unavailable': False, 'install_base': '/home/jsmoon/yax_jeju/install/ublox_msgs', 'merge_install': False, 'path': '/home/jsmoon/yax_jeju/src/RTK_GPS_NTRIP/ublox_msgs', 'symlink_install': True, 'test_result_base': None}
[0.338s] colcon.colcon_core.verb Level 5 set package 'fix2nmea' build argument 'cmake_args' from command line to 'None'
[0.338s] colcon.colcon_core.verb Level 5 set package 'fix2nmea' build argument 'cmake_target' from command line to 'None'
[0.338s] colcon.colcon_core.verb Level 5 set package 'fix2nmea' build argument 'cmake_target_skip_unavailable' from command line to 'False'
[0.338s] colcon.colcon_core.verb Level 5 set package 'fix2nmea' build argument 'cmake_clean_cache' from command line to 'False'
[0.338s] colcon.colcon_core.verb Level 5 set package 'fix2nmea' build argument 'cmake_clean_first' from command line to 'False'
[0.338s] colcon.colcon_core.verb Level 5 set package 'fix2nmea' build argument 'cmake_force_configure' from command line to 'False'
[0.338s] colcon.colcon_core.verb Level 5 set package 'fix2nmea' build argument 'ament_cmake_args' from command line to 'None'
[0.338s] colcon.colcon_core.verb Level 5 set package 'fix2nmea' build argument 'catkin_cmake_args' from command line to 'None'
[0.338s] colcon.colcon_core.verb Level 5 set package 'fix2nmea' build argument 'catkin_skip_building_tests' from command line to 'False'
[0.338s] colcon.colcon_core.verb DEBUG Building package 'fix2nmea' with the following arguments: {'ament_cmake_args': None, 'build_base': '/home/jsmoon/yax_jeju/build/fix2nmea', 'catkin_cmake_args': None, 'catkin_skip_building_tests': False, 'cmake_args': None, 'cmake_clean_cache': False, 'cmake_clean_first': False, 'cmake_force_configure': False, 'cmake_target': None, 'cmake_target_skip_unavailable': False, 'install_base': '/home/jsmoon/yax_jeju/install/fix2nmea', 'merge_install': False, 'path': '/home/jsmoon/yax_jeju/src/RTK_GPS_NTRIP/fix2nmea', 'symlink_install': True, 'test_result_base': None}
[0.338s] colcon.colcon_core.verb Level 5 set package 'ublox_gps' build argument 'cmake_args' from command line to 'None'
[0.338s] colcon.colcon_core.verb Level 5 set package 'ublox_gps' build argument 'cmake_target' from command line to 'None'
[0.338s] colcon.colcon_core.verb Level 5 set package 'ublox_gps' build argument 'cmake_target_skip_unavailable' from command line to 'False'
[0.338s] colcon.colcon_core.verb Level 5 set package 'ublox_gps' build argument 'cmake_clean_cache' from command line to 'False'
[0.338s] colcon.colcon_core.verb Level 5 set package 'ublox_gps' build argument 'cmake_clean_first' from command line to 'False'
[0.338s] colcon.colcon_core.verb Level 5 set package 'ublox_gps' build argument 'cmake_force_configure' from command line to 'False'
[0.338s] colcon.colcon_core.verb Level 5 set package 'ublox_gps' build argument 'ament_cmake_args' from command line to 'None'
[0.338s] colcon.colcon_core.verb Level 5 set package 'ublox_gps' build argument 'catkin_cmake_args' from command line to 'None'
[0.338s] colcon.colcon_core.verb Level 5 set package 'ublox_gps' build argument 'catkin_skip_building_tests' from command line to 'False'
[0.338s] colcon.colcon_core.verb DEBUG Building package 'ublox_gps' with the following arguments: {'ament_cmake_args': None, 'build_base': '/home/jsmoon/yax_jeju/build/ublox_gps', 'catkin_cmake_args': None, 'catkin_skip_building_tests': False, 'cmake_args': None, 'cmake_clean_cache': False, 'cmake_clean_first': False, 'cmake_force_configure': False, 'cmake_target': None, 'cmake_target_skip_unavailable': False, 'install_base': '/home/jsmoon/yax_jeju/install/ublox_gps', 'merge_install': False, 'path': '/home/jsmoon/yax_jeju/src/RTK_GPS_NTRIP/ublox_gps', 'symlink_install': True, 'test_result_base': None}
[0.339s] colcon.colcon_core.verb Level 5 set package 'my_custom_pkg' build argument 'cmake_args' from command line to 'None'
[0.339s] colcon.colcon_core.verb Level 5 set package 'my_custom_pkg' build argument 'cmake_target' from command line to 'None'
[0.339s] colcon.colcon_core.verb Level 5 set package 'my_custom_pkg' build argument 'cmake_target_skip_unavailable' from command line to 'False'
[0.339s] colcon.colcon_core.verb Level 5 set package 'my_custom_pkg' build argument 'cmake_clean_cache' from command line to 'False'
[0.339s] colcon.colcon_core.verb Level 5 set package 'my_custom_pkg' build argument 'cmake_clean_first' from command line to 'False'
[0.339s] colcon.colcon_core.verb Level 5 set package 'my_custom_pkg' build argument 'cmake_force_configure' from command line to 'False'
[0.339s] colcon.colcon_core.verb Level 5 set package 'my_custom_pkg' build argument 'ament_cmake_args' from command line to 'None'
[0.339s] colcon.colcon_core.verb Level 5 set package 'my_custom_pkg' build argument 'catkin_cmake_args' from command line to 'None'
[0.339s] colcon.colcon_core.verb Level 5 set package 'my_custom_pkg' build argument 'catkin_skip_building_tests' from command line to 'False'
[0.339s] colcon.colcon_core.verb DEBUG Building package 'my_custom_pkg' with the following arguments: {'ament_cmake_args': None, 'build_base': '/home/jsmoon/yax_jeju/build/my_custom_pkg', 'catkin_cmake_args': None, 'catkin_skip_building_tests': False, 'cmake_args': None, 'cmake_clean_cache': False, 'cmake_clean_first': False, 'cmake_force_configure': False, 'cmake_target': None, 'cmake_target_skip_unavailable': False, 'install_base': '/home/jsmoon/yax_jeju/install/my_custom_pkg', 'merge_install': False, 'path': '/home/jsmoon/yax_jeju/src/my_custom_pkg', 'symlink_install': True, 'test_result_base': None}
[0.339s] colcon.colcon_core.verb Level 5 set package 'ublox' build argument 'cmake_args' from command line to 'None'
[0.339s] colcon.colcon_core.verb Level 5 set package 'ublox' build argument 'cmake_target' from command line to 'None'
[0.339s] colcon.colcon_core.verb Level 5 set package 'ublox' build argument 'cmake_target_skip_unavailable' from command line to 'False'
[0.339s] colcon.colcon_core.verb Level 5 set package 'ublox' build argument 'cmake_clean_cache' from command line to 'False'
[0.339s] colcon.colcon_core.verb Level 5 set package 'ublox' build argument 'cmake_clean_first' from command line to 'False'
[0.339s] colcon.colcon_core.verb Level 5 set package 'ublox' build argument 'cmake_force_configure' from command line to 'False'
[0.339s] colcon.colcon_core.verb Level 5 set package 'ublox' build argument 'ament_cmake_args' from command line to 'None'
[0.339s] colcon.colcon_core.verb Level 5 set package 'ublox' build argument 'catkin_cmake_args' from command line to 'None'
[0.339s] colcon.colcon_core.verb Level 5 set package 'ublox' build argument 'catkin_skip_building_tests' from command line to 'False'
[0.339s] colcon.colcon_core.verb DEBUG Building package 'ublox' with the following arguments: {'ament_cmake_args': None, 'build_base': '/home/jsmoon/yax_jeju/build/ublox', 'catkin_cmake_args': None, 'catkin_skip_building_tests': False, 'cmake_args': None, 'cmake_clean_cache': False, 'cmake_clean_first': False, 'cmake_force_configure': False, 'cmake_target': None, 'cmake_target_skip_unavailable': False, 'install_base': '/home/jsmoon/yax_jeju/install/ublox', 'merge_install': False, 'path': '/home/jsmoon/yax_jeju/src/RTK_GPS_NTRIP/ublox', 'symlink_install': True, 'test_result_base': None}
[0.339s] colcon.colcon_core.verb Level 5 set package 'launch_pkg' build argument 'cmake_args' from command line to 'None'
[0.339s] colcon.colcon_core.verb Level 5 set package 'launch_pkg' build argument 'cmake_target' from command line to 'None'
[0.339s] colcon.colcon_core.verb Level 5 set package 'launch_pkg' build argument 'cmake_target_skip_unavailable' from command line to 'False'
[0.339s] colcon.colcon_core.verb Level 5 set package 'launch_pkg' build argument 'cmake_clean_cache' from command line to 'False'
[0.339s] colcon.colcon_core.verb Level 5 set package 'launch_pkg' build argument 'cmake_clean_first' from command line to 'False'
[0.339s] colcon.colcon_core.verb Level 5 set package 'launch_pkg' build argument 'cmake_force_configure' from command line to 'False'
[0.339s] colcon.colcon_core.verb Level 5 set package 'launch_pkg' build argument 'ament_cmake_args' from command line to 'None'
[0.339s] colcon.colcon_core.verb Level 5 set package 'launch_pkg' build argument 'catkin_cmake_args' from command line to 'None'
[0.339s] colcon.colcon_core.verb Level 5 set package 'launch_pkg' build argument 'catkin_skip_building_tests' from command line to 'False'
[0.339s] colcon.colcon_core.verb DEBUG Building package 'launch_pkg' with the following arguments: {'ament_cmake_args': None, 'build_base': '/home/jsmoon/yax_jeju/build/launch_pkg', 'catkin_cmake_args': None, 'catkin_skip_building_tests': False, 'cmake_args': None, 'cmake_clean_cache': False, 'cmake_clean_first': False, 'cmake_force_configure': False, 'cmake_target': None, 'cmake_target_skip_unavailable': False, 'install_base': '/home/jsmoon/yax_jeju/install/launch_pkg', 'merge_install': False, 'path': '/home/jsmoon/yax_jeju/src/launch_pkg', 'symlink_install': True, 'test_result_base': None}
[0.339s] colcon.colcon_core.executor INFO Executing jobs using 'parallel' executor
[0.341s] colcon.colcon_parallel_executor.executor.parallel DEBUG run_until_complete
[0.341s] colcon.colcon_ros.task.ament_cmake.build INFO Building ROS package in '/home/jsmoon/yax_jeju/src/RTK_GPS_NTRIP/ublox_serialization' with build type 'ament_cmake'
[0.341s] colcon.colcon_cmake.task.cmake.build INFO Building CMake package in '/home/jsmoon/yax_jeju/src/RTK_GPS_NTRIP/ublox_serialization'
[0.343s] colcon.colcon_core.plugin_system INFO Skipping extension 'colcon_core.shell.bat': Not used on non-Windows systems
[0.343s] colcon.colcon_core.shell INFO Skip shell extension 'powershell' for command environment: Not usable outside of PowerShell
[0.343s] colcon.colcon_core.shell DEBUG Skip shell extension 'dsv' for command environment
[0.348s] colcon.colcon_ros.task.ament_cmake.build INFO Building ROS package in '/home/jsmoon/yax_jeju/src/RTK_GPS_NTRIP/rtcm_msgs' with build type 'ament_cmake'
[0.348s] colcon.colcon_cmake.task.cmake.build INFO Building CMake package in '/home/jsmoon/yax_jeju/src/RTK_GPS_NTRIP/rtcm_msgs'
[0.348s] colcon.colcon_core.shell INFO Skip shell extension 'powershell' for command environment: Not usable outside of PowerShell
[0.348s] colcon.colcon_core.shell DEBUG Skip shell extension 'dsv' for command environment
[0.351s] colcon.colcon_ros.task.ament_python.build INFO Building ROS package in '/home/jsmoon/yax_jeju/src/camera_perception_pkg' with build type 'ament_python'
[0.351s] colcon.colcon_core.shell Level 1 create_environment_hook('camera_perception_pkg', 'ament_prefix_path')
[0.351s] colcon.colcon_core.shell INFO Creating environment hook '/home/jsmoon/yax_jeju/install/camera_perception_pkg/share/camera_perception_pkg/hook/ament_prefix_path.ps1'
[0.352s] colcon.colcon_core.shell INFO Creating environment descriptor '/home/jsmoon/yax_jeju/install/camera_perception_pkg/share/camera_perception_pkg/hook/ament_prefix_path.dsv'
[0.352s] colcon.colcon_core.shell INFO Creating environment hook '/home/jsmoon/yax_jeju/install/camera_perception_pkg/share/camera_perception_pkg/hook/ament_prefix_path.sh'
[0.353s] colcon.colcon_core.shell INFO Skip shell extension 'powershell' for command environment: Not usable outside of PowerShell
[0.353s] colcon.colcon_core.shell DEBUG Skip shell extension 'dsv' for command environment
[0.356s] colcon.colcon_ros.task.ament_python.build INFO Building ROS package in '/home/jsmoon/yax_jeju/src/decision_making_pkg' with build type 'ament_python'
[0.357s] colcon.colcon_core.shell Level 1 create_environment_hook('decision_making_pkg', 'ament_prefix_path')
[0.357s] colcon.colcon_core.shell INFO Creating environment hook '/home/jsmoon/yax_jeju/install/decision_making_pkg/share/decision_making_pkg/hook/ament_prefix_path.ps1'
[0.357s] colcon.colcon_core.shell INFO Creating environment descriptor '/home/jsmoon/yax_jeju/install/decision_making_pkg/share/decision_making_pkg/hook/ament_prefix_path.dsv'
[0.358s] colcon.colcon_core.shell INFO Creating environment hook '/home/jsmoon/yax_jeju/install/decision_making_pkg/share/decision_making_pkg/hook/ament_prefix_path.sh'
[0.358s] colcon.colcon_core.shell INFO Skip shell extension 'powershell' for command environment: Not usable outside of PowerShell
[0.358s] colcon.colcon_core.shell DEBUG Skip shell extension 'dsv' for command environment
[0.362s] colcon.colcon_ros.task.ament_cmake.build INFO Building ROS package in '/home/jsmoon/yax_jeju/src/interfaces_pkg' with build type 'ament_cmake'
[0.362s] colcon.colcon_cmake.task.cmake.build INFO Building CMake package in '/home/jsmoon/yax_jeju/src/interfaces_pkg'
[0.362s] colcon.colcon_core.shell INFO Skip shell extension 'powershell' for command environment: Not usable outside of PowerShell
[0.362s] colcon.colcon_core.shell DEBUG Skip shell extension 'dsv' for command environment
[0.365s] colcon.colcon_ros.task.ament_python.build INFO Building ROS package in '/home/jsmoon/yax_jeju/src/serial_communication_pkg' with build type 'ament_python'
[0.366s] colcon.colcon_core.shell Level 1 create_environment_hook('serial_communication_pkg', 'ament_prefix_path')
[0.366s] colcon.colcon_core.shell INFO Creating environment hook '/home/jsmoon/yax_jeju/install/serial_communication_pkg/share/serial_communication_pkg/hook/ament_prefix_path.ps1'
[0.366s] colcon.colcon_core.shell INFO Creating environment descriptor '/home/jsmoon/yax_jeju/install/serial_communication_pkg/share/serial_communication_pkg/hook/ament_prefix_path.dsv'
[0.366s] colcon.colcon_core.shell INFO Creating environment hook '/home/jsmoon/yax_jeju/install/serial_communication_pkg/share/serial_communication_pkg/hook/ament_prefix_path.sh'
[0.367s] colcon.colcon_core.shell INFO Skip shell extension 'powershell' for command environment: Not usable outside of PowerShell
[0.367s] colcon.colcon_core.shell DEBUG Skip shell extension 'dsv' for command environment
[0.372s] colcon.colcon_ros.task.ament_cmake.build INFO Building ROS package in '/home/jsmoon/yax_jeju/src/ydlidar_ros2_driver' with build type 'ament_cmake'
[0.373s] colcon.colcon_cmake.task.cmake.build INFO Building CMake package in '/home/jsmoon/yax_jeju/src/ydlidar_ros2_driver'
[0.373s] colcon.colcon_core.shell INFO Skip shell extension 'powershell' for command environment: Not usable outside of PowerShell
[0.373s] colcon.colcon_core.shell DEBUG Skip shell extension 'dsv' for command environment
[0.381s] colcon.colcon_ros.task.ament_python.build INFO Building ROS package in '/home/jsmoon/yax_jeju/src/lidar_perception_pkg' with build type 'ament_python'
[0.381s] colcon.colcon_core.shell Level 1 create_environment_hook('lidar_perception_pkg', 'ament_prefix_path')
[0.381s] colcon.colcon_core.shell INFO Creating environment hook '/home/jsmoon/yax_jeju/install/lidar_perception_pkg/share/lidar_perception_pkg/hook/ament_prefix_path.ps1'
[0.382s] colcon.colcon_core.shell INFO Creating environment descriptor '/home/jsmoon/yax_jeju/install/lidar_perception_pkg/share/lidar_perception_pkg/hook/ament_prefix_path.dsv'
[0.383s] colcon.colcon_core.shell INFO Creating environment hook '/home/jsmoon/yax_jeju/install/lidar_perception_pkg/share/lidar_perception_pkg/hook/ament_prefix_path.sh'
[0.383s] colcon.colcon_core.shell INFO Skip shell extension 'powershell' for command environment: Not usable outside of PowerShell
[0.383s] colcon.colcon_core.shell DEBUG Skip shell extension 'dsv' for command environment
[0.387s] colcon.colcon_ros.task.ament_python.build INFO Building ROS package in '/home/jsmoon/yax_jeju/src/RTK_GPS_NTRIP/ntrip_client' with build type 'ament_python'
[0.387s] colcon.colcon_core.shell Level 1 create_environment_hook('ntrip_client', 'ament_prefix_path')
[0.387s] colcon.colcon_core.shell INFO Creating environment hook '/home/jsmoon/yax_jeju/install/ntrip_client/share/ntrip_client/hook/ament_prefix_path.ps1'
[0.388s] colcon.colcon_core.shell INFO Creating environment descriptor '/home/jsmoon/yax_jeju/install/ntrip_client/share/ntrip_client/hook/ament_prefix_path.dsv'
[0.388s] colcon.colcon_core.shell INFO Creating environment hook '/home/jsmoon/yax_jeju/install/ntrip_client/share/ntrip_client/hook/ament_prefix_path.sh'
[0.388s] colcon.colcon_core.shell INFO Skip shell extension 'powershell' for command environment: Not usable outside of PowerShell
[0.388s] colcon.colcon_core.shell DEBUG Skip shell extension 'dsv' for command environment
[0.392s] colcon.colcon_ros.task.ament_python.build INFO Building ROS package in '/home/jsmoon/yax_jeju/src/debug_pkg' with build type 'ament_python'
[0.392s] colcon.colcon_core.shell Level 1 create_environment_hook('debug_pkg', 'ament_prefix_path')
[0.392s] colcon.colcon_core.shell INFO Creating environment hook '/home/jsmoon/yax_jeju/install/debug_pkg/share/debug_pkg/hook/ament_prefix_path.ps1'
[0.393s] colcon.colcon_core.shell INFO Creating environment descriptor '/home/jsmoon/yax_jeju/install/debug_pkg/share/debug_pkg/hook/ament_prefix_path.dsv'
[0.393s] colcon.colcon_core.shell INFO Creating environment hook '/home/jsmoon/yax_jeju/install/debug_pkg/share/debug_pkg/hook/ament_prefix_path.sh'
[0.394s] colcon.colcon_core.shell INFO Skip shell extension 'powershell' for command environment: Not usable outside of PowerShell
[0.394s] colcon.colcon_core.shell DEBUG Skip shell extension 'dsv' for command environment
[0.398s] colcon.colcon_ros.task.ament_python.build INFO Building ROS package in '/home/jsmoon/yax_jeju/src/UTM_conversion/src/latlong_utm' with build type 'ament_python'
[0.398s] colcon.colcon_core.shell Level 1 create_environment_hook('latlong_utm', 'ament_prefix_path')
[0.398s] colcon.colcon_core.shell INFO Creating environment hook '/home/jsmoon/yax_jeju/install/latlong_utm/share/latlong_utm/hook/ament_prefix_path.ps1'
[0.399s] colcon.colcon_core.shell INFO Creating environment descriptor '/home/jsmoon/yax_jeju/install/latlong_utm/share/latlong_utm/hook/ament_prefix_path.dsv'
[0.399s] colcon.colcon_core.shell INFO Creating environment hook '/home/jsmoon/yax_jeju/install/latlong_utm/share/latlong_utm/hook/ament_prefix_path.sh'
[0.400s] colcon.colcon_core.shell INFO Skip shell extension 'powershell' for command environment: Not usable outside of PowerShell
[0.400s] colcon.colcon_core.shell DEBUG Skip shell extension 'dsv' for command environment
[0.408s] colcon.colcon_core.event_handler.log_command DEBUG Invoking command in '/home/jsmoon/yax_jeju/build/ublox_serialization': CMAKE_PREFIX_PATH=${CMAKE_PREFIX_PATH}:/home/jsmoon/yax_jeju/install/my_custom_pkg:/home/jsmoon/yax_jeju/install/serial_communication_pkg:/home/jsmoon/yax_jeju/install/ntrip_client:/home/jsmoon/yax_jeju/install/lidar_perception_pkg:/home/jsmoon/yax_jeju/install/latlong_utm:/home/jsmoon/yax_jeju/install/decision_making_pkg:/home/jsmoon/yax_jeju/install/debug_pkg:/home/jsmoon/yax_jeju/install/camera_perception_pkg:/opt/ros/humble /usr/bin/cmake --build /home/jsmoon/yax_jeju/build/ublox_serialization -- -j16 -l16
[0.410s] colcon.colcon_core.event_handler.log_command DEBUG Invoking command in '/home/jsmoon/yax_jeju/build/rtcm_msgs': CMAKE_PREFIX_PATH=${CMAKE_PREFIX_PATH}:/home/jsmoon/yax_jeju/install/my_custom_pkg:/home/jsmoon/yax_jeju/install/serial_communication_pkg:/home/jsmoon/yax_jeju/install/ntrip_client:/home/jsmoon/yax_jeju/install/lidar_perception_pkg:/home/jsmoon/yax_jeju/install/latlong_utm:/home/jsmoon/yax_jeju/install/decision_making_pkg:/home/jsmoon/yax_jeju/install/debug_pkg:/home/jsmoon/yax_jeju/install/camera_perception_pkg:/opt/ros/humble /usr/bin/cmake --build /home/jsmoon/yax_jeju/build/rtcm_msgs -- -j16 -l16
[0.672s] colcon.colcon_core.task.python.build INFO Building Python package in '/home/jsmoon/yax_jeju/src/camera_perception_pkg'
[0.673s] colcon.colcon_core.shell INFO Skip shell extension 'powershell' for command environment: Not usable outside of PowerShell
[0.673s] colcon.colcon_core.shell DEBUG Skip shell extension 'dsv' for command environment
[0.972s] colcon.colcon_core.task.python.build INFO Building Python package in '/home/jsmoon/yax_jeju/src/decision_making_pkg'
[0.972s] colcon.colcon_core.shell INFO Skip shell extension 'powershell' for command environment: Not usable outside of PowerShell
[0.972s] colcon.colcon_core.shell DEBUG Skip shell extension 'dsv' for command environment
[0.985s] colcon.colcon_core.event_handler.log_command DEBUG Invoking command in '/home/jsmoon/yax_jeju/build/interfaces_pkg': CMAKE_PREFIX_PATH=${CMAKE_PREFIX_PATH}:/home/jsmoon/yax_jeju/install/my_custom_pkg:/home/jsmoon/yax_jeju/install/serial_communication_pkg:/home/jsmoon/yax_jeju/install/ntrip_client:/home/jsmoon/yax_jeju/install/lidar_perception_pkg:/home/jsmoon/yax_jeju/install/latlong_utm:/home/jsmoon/yax_jeju/install/decision_making_pkg:/home/jsmoon/yax_jeju/install/debug_pkg:/home/jsmoon/yax_jeju/install/camera_perception_pkg:/opt/ros/humble /usr/bin/cmake --build /home/jsmoon/yax_jeju/build/interfaces_pkg -- -j16 -l16
[1.252s] colcon.colcon_core.task.python.build INFO Building Python package in '/home/jsmoon/yax_jeju/src/serial_communication_pkg'
[1.253s] colcon.colcon_core.shell INFO Skip shell extension 'powershell' for command environment: Not usable outside of PowerShell
[1.253s] colcon.colcon_core.shell DEBUG Skip shell extension 'dsv' for command environment
[1.260s] colcon.colcon_core.event_handler.log_command DEBUG Invoking command in '/home/jsmoon/yax_jeju/build/ydlidar_ros2_driver': CMAKE_PREFIX_PATH=${CMAKE_PREFIX_PATH}:/home/jsmoon/yax_jeju/install/my_custom_pkg:/home/jsmoon/yax_jeju/install/serial_communication_pkg:/home/jsmoon/yax_jeju/install/ntrip_client:/home/jsmoon/yax_jeju/install/lidar_perception_pkg:/home/jsmoon/yax_jeju/install/latlong_utm:/home/jsmoon/yax_jeju/install/decision_making_pkg:/home/jsmoon/yax_jeju/install/debug_pkg:/home/jsmoon/yax_jeju/install/camera_perception_pkg:/opt/ros/humble /usr/bin/cmake --build /home/jsmoon/yax_jeju/build/ydlidar_ros2_driver -- -j16 -l16
[1.544s] colcon.colcon_core.task.python.build INFO Building Python package in '/home/jsmoon/yax_jeju/src/lidar_perception_pkg'
[1.545s] colcon.colcon_core.shell INFO Skip shell extension 'powershell' for command environment: Not usable outside of PowerShell
[1.545s] colcon.colcon_core.shell DEBUG Skip shell extension 'dsv' for command environment
[1.808s] colcon.colcon_core.task.python.build INFO Building Python package in '/home/jsmoon/yax_jeju/src/RTK_GPS_NTRIP/ntrip_client'
[1.809s] colcon.colcon_core.shell INFO Skip shell extension 'powershell' for command environment: Not usable outside of PowerShell
[1.809s] colcon.colcon_core.shell DEBUG Skip shell extension 'dsv' for command environment
[2.086s] colcon.colcon_core.task.python.build INFO Building Python package in '/home/jsmoon/yax_jeju/src/debug_pkg'
[2.087s] colcon.colcon_core.shell INFO Skip shell extension 'powershell' for command environment: Not usable outside of PowerShell
[2.087s] colcon.colcon_core.shell DEBUG Skip shell extension 'dsv' for command environment
[2.309s] colcon.colcon_core.task.python.build INFO Building Python package in '/home/jsmoon/yax_jeju/src/UTM_conversion/src/latlong_utm'
[2.309s] colcon.colcon_core.shell INFO Skip shell extension 'powershell' for command environment: Not usable outside of PowerShell
[2.309s] colcon.colcon_core.shell DEBUG Skip shell extension 'dsv' for command environment
[2.314s] colcon.colcon_core.event_handler.log_command DEBUG Invoked command in '/home/jsmoon/yax_jeju/build/ublox_serialization' returned '0': CMAKE_PREFIX_PATH=${CMAKE_PREFIX_PATH}:/home/jsmoon/yax_jeju/install/my_custom_pkg:/home/jsmoon/yax_jeju/install/serial_communication_pkg:/home/jsmoon/yax_jeju/install/ntrip_client:/home/jsmoon/yax_jeju/install/lidar_perception_pkg:/home/jsmoon/yax_jeju/install/latlong_utm:/home/jsmoon/yax_jeju/install/decision_making_pkg:/home/jsmoon/yax_jeju/install/debug_pkg:/home/jsmoon/yax_jeju/install/camera_perception_pkg:/opt/ros/humble /usr/bin/cmake --build /home/jsmoon/yax_jeju/build/ublox_serialization -- -j16 -l16
[2.325s] colcon.colcon_core.event_handler.log_command DEBUG Invoking command in '/home/jsmoon/yax_jeju/build/ublox_serialization': CMAKE_PREFIX_PATH=${CMAKE_PREFIX_PATH}:/home/jsmoon/yax_jeju/install/my_custom_pkg:/home/jsmoon/yax_jeju/install/serial_communication_pkg:/home/jsmoon/yax_jeju/install/ntrip_client:/home/jsmoon/yax_jeju/install/lidar_perception_pkg:/home/jsmoon/yax_jeju/install/latlong_utm:/home/jsmoon/yax_jeju/install/decision_making_pkg:/home/jsmoon/yax_jeju/install/debug_pkg:/home/jsmoon/yax_jeju/install/camera_perception_pkg:/opt/ros/humble /usr/bin/cmake --install /home/jsmoon/yax_jeju/build/ublox_serialization
[2.326s] colcon.colcon_core.event_handler.log_command DEBUG Invoked command in '/home/jsmoon/yax_jeju/build/rtcm_msgs' returned '0': CMAKE_PREFIX_PATH=${CMAKE_PREFIX_PATH}:/home/jsmoon/yax_jeju/install/my_custom_pkg:/home/jsmoon/yax_jeju/install/serial_communication_pkg:/home/jsmoon/yax_jeju/install/ntrip_client:/home/jsmoon/yax_jeju/install/lidar_perception_pkg:/home/jsmoon/yax_jeju/install/latlong_utm:/home/jsmoon/yax_jeju/install/decision_making_pkg:/home/jsmoon/yax_jeju/install/debug_pkg:/home/jsmoon/yax_jeju/install/camera_perception_pkg:/opt/ros/humble /usr/bin/cmake --build /home/jsmoon/yax_jeju/build/rtcm_msgs -- -j16 -l16
[2.327s] colcon.colcon_core.event_handler.log_command DEBUG Invoking command in '/home/jsmoon/yax_jeju/build/rtcm_msgs': CMAKE_PREFIX_PATH=${CMAKE_PREFIX_PATH}:/home/jsmoon/yax_jeju/install/my_custom_pkg:/home/jsmoon/yax_jeju/install/serial_communication_pkg:/home/jsmoon/yax_jeju/install/ntrip_client:/home/jsmoon/yax_jeju/install/lidar_perception_pkg:/home/jsmoon/yax_jeju/install/latlong_utm:/home/jsmoon/yax_jeju/install/decision_making_pkg:/home/jsmoon/yax_jeju/install/debug_pkg:/home/jsmoon/yax_jeju/install/camera_perception_pkg:/opt/ros/humble /usr/bin/cmake --install /home/jsmoon/yax_jeju/build/rtcm_msgs
[2.328s] colcon.colcon_core.event_handler.log_command DEBUG Invoked command in '/home/jsmoon/yax_jeju/build/interfaces_pkg' returned '0': CMAKE_PREFIX_PATH=${CMAKE_PREFIX_PATH}:/home/jsmoon/yax_jeju/install/my_custom_pkg:/home/jsmoon/yax_jeju/install/serial_communication_pkg:/home/jsmoon/yax_jeju/install/ntrip_client:/home/jsmoon/yax_jeju/install/lidar_perception_pkg:/home/jsmoon/yax_jeju/install/latlong_utm:/home/jsmoon/yax_jeju/install/decision_making_pkg:/home/jsmoon/yax_jeju/install/debug_pkg:/home/jsmoon/yax_jeju/install/camera_perception_pkg:/opt/ros/humble /usr/bin/cmake --build /home/jsmoon/yax_jeju/build/interfaces_pkg -- -j16 -l16
[2.329s] colcon.colcon_core.event_handler.log_command DEBUG Invoking command in '/home/jsmoon/yax_jeju/build/interfaces_pkg': CMAKE_PREFIX_PATH=${CMAKE_PREFIX_PATH}:/home/jsmoon/yax_jeju/install/my_custom_pkg:/home/jsmoon/yax_jeju/install/serial_communication_pkg:/home/jsmoon/yax_jeju/install/ntrip_client:/home/jsmoon/yax_jeju/install/lidar_perception_pkg:/home/jsmoon/yax_jeju/install/latlong_utm:/home/jsmoon/yax_jeju/install/decision_making_pkg:/home/jsmoon/yax_jeju/install/debug_pkg:/home/jsmoon/yax_jeju/install/camera_perception_pkg:/opt/ros/humble /usr/bin/cmake --install /home/jsmoon/yax_jeju/build/interfaces_pkg
[2.329s] colcon.colcon_core.event_handler.log_command DEBUG Invoked command in '/home/jsmoon/yax_jeju/build/ydlidar_ros2_driver' returned '0': CMAKE_PREFIX_PATH=${CMAKE_PREFIX_PATH}:/home/jsmoon/yax_jeju/install/my_custom_pkg:/home/jsmoon/yax_jeju/install/serial_communication_pkg:/home/jsmoon/yax_jeju/install/ntrip_client:/home/jsmoon/yax_jeju/install/lidar_perception_pkg:/home/jsmoon/yax_jeju/install/latlong_utm:/home/jsmoon/yax_jeju/install/decision_making_pkg:/home/jsmoon/yax_jeju/install/debug_pkg:/home/jsmoon/yax_jeju/install/camera_perception_pkg:/opt/ros/humble /usr/bin/cmake --build /home/jsmoon/yax_jeju/build/ydlidar_ros2_driver -- -j16 -l16
[2.331s] colcon.colcon_core.event_handler.log_command DEBUG Invoking command in '/home/jsmoon/yax_jeju/build/ydlidar_ros2_driver': CMAKE_PREFIX_PATH=${CMAKE_PREFIX_PATH}:/home/jsmoon/yax_jeju/install/my_custom_pkg:/home/jsmoon/yax_jeju/install/serial_communication_pkg:/home/jsmoon/yax_jeju/install/ntrip_client:/home/jsmoon/yax_jeju/install/lidar_perception_pkg:/home/jsmoon/yax_jeju/install/latlong_utm:/home/jsmoon/yax_jeju/install/decision_making_pkg:/home/jsmoon/yax_jeju/install/debug_pkg:/home/jsmoon/yax_jeju/install/camera_perception_pkg:/opt/ros/humble /usr/bin/cmake --install /home/jsmoon/yax_jeju/build/ydlidar_ros2_driver
[2.353s] colcon.colcon_core.environment Level 1 create_environment_scripts_only(ublox_serialization)
[2.358s] colcon.colcon_core.environment Level 1 checking '/home/jsmoon/yax_jeju/install/ublox_serialization' for CMake module files
[2.360s] colcon.colcon_core.environment Level 1 checking '/home/jsmoon/yax_jeju/install/ublox_serialization' for CMake config files
[2.362s] colcon.colcon_core.shell Level 1 create_environment_hook('ublox_serialization', 'cmake_prefix_path')
[2.363s] colcon.colcon_core.shell INFO Creating environment hook '/home/jsmoon/yax_jeju/install/ublox_serialization/share/ublox_serialization/hook/cmake_prefix_path.ps1'
[2.364s] colcon.colcon_core.shell INFO Creating environment descriptor '/home/jsmoon/yax_jeju/install/ublox_serialization/share/ublox_serialization/hook/cmake_prefix_path.dsv'
[2.364s] colcon.colcon_core.event_handler.log_command DEBUG Invoked command in '/home/jsmoon/yax_jeju/build/ublox_serialization' returned '0': CMAKE_PREFIX_PATH=${CMAKE_PREFIX_PATH}:/home/jsmoon/yax_jeju/install/my_custom_pkg:/home/jsmoon/yax_jeju/install/serial_communication_pkg:/home/jsmoon/yax_jeju/install/ntrip_client:/home/jsmoon/yax_jeju/install/lidar_perception_pkg:/home/jsmoon/yax_jeju/install/latlong_utm:/home/jsmoon/yax_jeju/install/decision_making_pkg:/home/jsmoon/yax_jeju/install/debug_pkg:/home/jsmoon/yax_jeju/install/camera_perception_pkg:/opt/ros/humble /usr/bin/cmake --install /home/jsmoon/yax_jeju/build/ublox_serialization
[2.364s] colcon.colcon_core.shell INFO Creating environment hook '/home/jsmoon/yax_jeju/install/ublox_serialization/share/ublox_serialization/hook/cmake_prefix_path.sh'
[2.365s] colcon.colcon_core.environment Level 1 checking '/home/jsmoon/yax_jeju/install/ublox_serialization/bin'
[2.365s] colcon.colcon_core.environment Level 1 checking '/home/jsmoon/yax_jeju/install/ublox_serialization/lib/pkgconfig/ublox_serialization.pc'
[2.365s] colcon.colcon_core.environment Level 1 checking '/home/jsmoon/yax_jeju/install/ublox_serialization/lib/python3.10/site-packages'
[2.366s] colcon.colcon_core.environment Level 1 checking '/home/jsmoon/yax_jeju/install/ublox_serialization/bin'
[2.366s] colcon.colcon_core.shell INFO Creating package script '/home/jsmoon/yax_jeju/install/ublox_serialization/share/ublox_serialization/package.ps1'
[2.367s] colcon.colcon_core.shell INFO Creating package descriptor '/home/jsmoon/yax_jeju/install/ublox_serialization/share/ublox_serialization/package.dsv'
[2.367s] colcon.colcon_core.shell INFO Creating package script '/home/jsmoon/yax_jeju/install/ublox_serialization/share/ublox_serialization/package.sh'
[2.368s] colcon.colcon_core.shell INFO Creating package script '/home/jsmoon/yax_jeju/install/ublox_serialization/share/ublox_serialization/package.bash'
[2.369s] colcon.colcon_core.shell INFO Creating package script '/home/jsmoon/yax_jeju/install/ublox_serialization/share/ublox_serialization/package.zsh'
[2.369s] colcon.colcon_core.environment Level 1 create_file_with_runtime_dependencies(/home/jsmoon/yax_jeju/install/ublox_serialization/share/colcon-core/packages/ublox_serialization)
[2.370s] colcon.colcon_core.environment Level 1 create_environment_scripts_only(ublox_serialization)
[2.370s] colcon.colcon_core.environment Level 1 checking '/home/jsmoon/yax_jeju/install/ublox_serialization' for CMake module files
[2.371s] colcon.colcon_core.environment Level 1 checking '/home/jsmoon/yax_jeju/install/ublox_serialization' for CMake config files
[2.371s] colcon.colcon_core.shell Level 1 create_environment_hook('ublox_serialization', 'cmake_prefix_path')
[2.371s] colcon.colcon_core.shell INFO Creating environment hook '/home/jsmoon/yax_jeju/install/ublox_serialization/share/ublox_serialization/hook/cmake_prefix_path.ps1'
[2.372s] colcon.colcon_core.shell INFO Creating environment descriptor '/home/jsmoon/yax_jeju/install/ublox_serialization/share/ublox_serialization/hook/cmake_prefix_path.dsv'
[2.372s] colcon.colcon_core.shell INFO Creating environment hook '/home/jsmoon/yax_jeju/install/ublox_serialization/share/ublox_serialization/hook/cmake_prefix_path.sh'
[2.372s] colcon.colcon_core.environment Level 1 checking '/home/jsmoon/yax_jeju/install/ublox_serialization/bin'
[2.372s] colcon.colcon_core.environment Level 1 checking '/home/jsmoon/yax_jeju/install/ublox_serialization/lib/pkgconfig/ublox_serialization.pc'
[2.373s] colcon.colcon_core.environment Level 1 checking '/home/jsmoon/yax_jeju/install/ublox_serialization/lib/python3.10/site-packages'
[2.373s] colcon.colcon_core.environment Level 1 checking '/home/jsmoon/yax_jeju/install/ublox_serialization/bin'
[2.373s] colcon.colcon_core.shell INFO Creating package script '/home/jsmoon/yax_jeju/install/ublox_serialization/share/ublox_serialization/package.ps1'
[2.374s] colcon.colcon_core.shell INFO Creating package descriptor '/home/jsmoon/yax_jeju/install/ublox_serialization/share/ublox_serialization/package.dsv'
[2.374s] colcon.colcon_core.shell INFO Creating package script '/home/jsmoon/yax_jeju/install/ublox_serialization/share/ublox_serialization/package.sh'
[2.375s] colcon.colcon_core.shell INFO Creating package script '/home/jsmoon/yax_jeju/install/ublox_serialization/share/ublox_serialization/package.bash'
[2.375s] colcon.colcon_core.shell INFO Creating package script '/home/jsmoon/yax_jeju/install/ublox_serialization/share/ublox_serialization/package.zsh'
[2.375s] colcon.colcon_core.environment Level 1 create_file_with_runtime_dependencies(/home/jsmoon/yax_jeju/install/ublox_serialization/share/colcon-core/packages/ublox_serialization)
[2.376s] colcon.colcon_ros.task.ament_cmake.build INFO Building ROS package in '/home/jsmoon/yax_jeju/src/RTK_GPS_NTRIP/ublox_msgs' with build type 'ament_cmake'
[2.377s] colcon.colcon_cmake.task.cmake.build INFO Building CMake package in '/home/jsmoon/yax_jeju/src/RTK_GPS_NTRIP/ublox_msgs'
[2.377s] colcon.colcon_core.shell INFO Skip shell extension 'powershell' for command environment: Not usable outside of PowerShell
[2.377s] colcon.colcon_core.shell DEBUG Skip shell extension 'dsv' for command environment
[2.398s] colcon.colcon_core.environment Level 1 create_environment_scripts_only(ydlidar_ros2_driver)
[2.398s] colcon.colcon_core.environment Level 1 checking '/home/jsmoon/yax_jeju/install/ydlidar_ros2_driver' for CMake module files
[2.400s] colcon.colcon_core.environment Level 1 checking '/home/jsmoon/yax_jeju/install/ydlidar_ros2_driver' for CMake config files
[2.403s] colcon.colcon_core.event_handler.log_command DEBUG Invoked command in '/home/jsmoon/yax_jeju/build/ydlidar_ros2_driver' returned '0': CMAKE_PREFIX_PATH=${CMAKE_PREFIX_PATH}:/home/jsmoon/yax_jeju/install/my_custom_pkg:/home/jsmoon/yax_jeju/install/serial_communication_pkg:/home/jsmoon/yax_jeju/install/ntrip_client:/home/jsmoon/yax_jeju/install/lidar_perception_pkg:/home/jsmoon/yax_jeju/install/latlong_utm:/home/jsmoon/yax_jeju/install/decision_making_pkg:/home/jsmoon/yax_jeju/install/debug_pkg:/home/jsmoon/yax_jeju/install/camera_perception_pkg:/opt/ros/humble /usr/bin/cmake --install /home/jsmoon/yax_jeju/build/ydlidar_ros2_driver
[2.403s] colcon.colcon_core.shell Level 1 create_environment_hook('ydlidar_ros2_driver', 'cmake_prefix_path')
[2.403s] colcon.colcon_core.shell INFO Creating environment hook '/home/jsmoon/yax_jeju/install/ydlidar_ros2_driver/share/ydlidar_ros2_driver/hook/cmake_prefix_path.ps1'
[2.404s] colcon.colcon_core.shell INFO Creating environment descriptor '/home/jsmoon/yax_jeju/install/ydlidar_ros2_driver/share/ydlidar_ros2_driver/hook/cmake_prefix_path.dsv'
[2.404s] colcon.colcon_core.shell INFO Creating environment hook '/home/jsmoon/yax_jeju/install/ydlidar_ros2_driver/share/ydlidar_ros2_driver/hook/cmake_prefix_path.sh'
[2.405s] colcon.colcon_core.environment Level 1 checking '/home/jsmoon/yax_jeju/install/ydlidar_ros2_driver/lib'
[2.405s] colcon.colcon_core.environment Level 1 checking '/home/jsmoon/yax_jeju/install/ydlidar_ros2_driver/bin'
[2.405s] colcon.colcon_core.environment Level 1 checking '/home/jsmoon/yax_jeju/install/ydlidar_ros2_driver/lib/pkgconfig/ydlidar_ros2_driver.pc'
[2.405s] colcon.colcon_core.environment Level 1 checking '/home/jsmoon/yax_jeju/install/ydlidar_ros2_driver/lib/python3.10/site-packages'
[2.406s] colcon.colcon_core.environment Level 1 checking '/home/jsmoon/yax_jeju/install/ydlidar_ros2_driver/bin'
[2.406s] colcon.colcon_core.shell INFO Creating package script '/home/jsmoon/yax_jeju/install/ydlidar_ros2_driver/share/ydlidar_ros2_driver/package.ps1'
[2.406s] colcon.colcon_core.shell INFO Creating package descriptor '/home/jsmoon/yax_jeju/install/ydlidar_ros2_driver/share/ydlidar_ros2_driver/package.dsv'
[2.407s] colcon.colcon_core.shell INFO Creating package script '/home/jsmoon/yax_jeju/install/ydlidar_ros2_driver/share/ydlidar_ros2_driver/package.sh'
[2.407s] colcon.colcon_core.shell INFO Creating package script '/home/jsmoon/yax_jeju/install/ydlidar_ros2_driver/share/ydlidar_ros2_driver/package.bash'
[2.408s] colcon.colcon_core.shell INFO Creating package script '/home/jsmoon/yax_jeju/install/ydlidar_ros2_driver/share/ydlidar_ros2_driver/package.zsh'
[2.408s] colcon.colcon_core.environment Level 1 create_file_with_runtime_dependencies(/home/jsmoon/yax_jeju/install/ydlidar_ros2_driver/share/colcon-core/packages/ydlidar_ros2_driver)
[2.409s] colcon.colcon_core.environment Level 1 create_environment_scripts_only(ydlidar_ros2_driver)
[2.409s] colcon.colcon_core.environment Level 1 checking '/home/jsmoon/yax_jeju/install/ydlidar_ros2_driver' for CMake module files
[2.409s] colcon.colcon_core.environment Level 1 checking '/home/jsmoon/yax_jeju/install/ydlidar_ros2_driver' for CMake config files
[2.410s] colcon.colcon_core.shell Level 1 create_environment_hook('ydlidar_ros2_driver', 'cmake_prefix_path')
[2.410s] colcon.colcon_core.shell INFO Creating environment hook '/home/jsmoon/yax_jeju/install/ydlidar_ros2_driver/share/ydlidar_ros2_driver/hook/cmake_prefix_path.ps1'
[2.411s] colcon.colcon_core.shell INFO Creating environment descriptor '/home/jsmoon/yax_jeju/install/ydlidar_ros2_driver/share/ydlidar_ros2_driver/hook/cmake_prefix_path.dsv'
[2.411s] colcon.colcon_core.shell INFO Creating environment hook '/home/jsmoon/yax_jeju/install/ydlidar_ros2_driver/share/ydlidar_ros2_driver/hook/cmake_prefix_path.sh'
[2.411s] colcon.colcon_core.environment Level 1 checking '/home/jsmoon/yax_jeju/install/ydlidar_ros2_driver/lib'
[2.412s] colcon.colcon_core.environment Level 1 checking '/home/jsmoon/yax_jeju/install/ydlidar_ros2_driver/bin'
[2.412s] colcon.colcon_core.environment Level 1 checking '/home/jsmoon/yax_jeju/install/ydlidar_ros2_driver/lib/pkgconfig/ydlidar_ros2_driver.pc'
[2.412s] colcon.colcon_core.environment Level 1 checking '/home/jsmoon/yax_jeju/install/ydlidar_ros2_driver/lib/python3.10/site-packages'
[2.412s] colcon.colcon_core.environment Level 1 checking '/home/jsmoon/yax_jeju/install/ydlidar_ros2_driver/bin'
[2.412s] colcon.colcon_core.shell INFO Creating package script '/home/jsmoon/yax_jeju/install/ydlidar_ros2_driver/share/ydlidar_ros2_driver/package.ps1'
[2.413s] colcon.colcon_core.shell INFO Creating package descriptor '/home/jsmoon/yax_jeju/install/ydlidar_ros2_driver/share/ydlidar_ros2_driver/package.dsv'
[2.414s] colcon.colcon_core.shell INFO Creating package script '/home/jsmoon/yax_jeju/install/ydlidar_ros2_driver/share/ydlidar_ros2_driver/package.sh'
[2.414s] colcon.colcon_core.shell INFO Creating package script '/home/jsmoon/yax_jeju/install/ydlidar_ros2_driver/share/ydlidar_ros2_driver/package.bash'
[2.414s] colcon.colcon_core.shell INFO Creating package script '/home/jsmoon/yax_jeju/install/ydlidar_ros2_driver/share/ydlidar_ros2_driver/package.zsh'
[2.415s] colcon.colcon_core.environment Level 1 create_file_with_runtime_dependencies(/home/jsmoon/yax_jeju/install/ydlidar_ros2_driver/share/colcon-core/packages/ydlidar_ros2_driver)
[2.419s] colcon.colcon_core.event_handler.log_command DEBUG Invoking command in '/home/jsmoon/yax_jeju/build/ublox_msgs': CMAKE_PREFIX_PATH=/home/jsmoon/yax_jeju/install/ublox_serialization:/home/jsmoon/yax_jeju/install/launch_pkg:/home/jsmoon/yax_jeju/install/ydlidar_ros2_driver:/home/jsmoon/yax_jeju/install/ublox:/home/jsmoon/yax_jeju/install/ublox_gps:/home/jsmoon/yax_jeju/install/fix2nmea:/home/jsmoon/yax_jeju/install/ublox_msgs:/home/jsmoon/yax_jeju/install/rtcm_msgs:/home/jsmoon/yax_jeju/install/interfaces_pkg:/home/jsmoon/ydlidar_ws/install/ydlidar_ros2_driver:/home/jsmoon/yax_jeju/install/my_custom_pkg:/home/jsmoon/yax_jeju/install/serial_communication_pkg:/home/jsmoon/yax_jeju/install/ntrip_client:/home/jsmoon/yax_jeju/install/lidar_perception_pkg:/home/jsmoon/yax_jeju/install/latlong_utm:/home/jsmoon/yax_jeju/install/decision_making_pkg:/home/jsmoon/yax_jeju/install/debug_pkg:/home/jsmoon/yax_jeju/install/camera_perception_pkg:/opt/ros/humble /usr/bin/cmake --build /home/jsmoon/yax_jeju/build/ublox_msgs -- -j16 -l16
[2.493s] colcon.colcon_core.environment Level 1 create_environment_scripts_only(rtcm_msgs)
[2.493s] colcon.colcon_core.environment Level 1 checking '/home/jsmoon/yax_jeju/install/rtcm_msgs' for CMake module files
[2.494s] colcon.colcon_core.event_handler.log_command DEBUG Invoked command in '/home/jsmoon/yax_jeju/build/rtcm_msgs' returned '0': CMAKE_PREFIX_PATH=${CMAKE_PREFIX_PATH}:/home/jsmoon/yax_jeju/install/my_custom_pkg:/home/jsmoon/yax_jeju/install/serial_communication_pkg:/home/jsmoon/yax_jeju/install/ntrip_client:/home/jsmoon/yax_jeju/install/lidar_perception_pkg:/home/jsmoon/yax_jeju/install/latlong_utm:/home/jsmoon/yax_jeju/install/decision_making_pkg:/home/jsmoon/yax_jeju/install/debug_pkg:/home/jsmoon/yax_jeju/install/camera_perception_pkg:/opt/ros/humble /usr/bin/cmake --install /home/jsmoon/yax_jeju/build/rtcm_msgs
[2.494s] colcon.colcon_core.environment Level 1 checking '/home/jsmoon/yax_jeju/install/rtcm_msgs' for CMake config files
[2.495s] colcon.colcon_core.shell Level 1 create_environment_hook('rtcm_msgs', 'cmake_prefix_path')
[2.495s] colcon.colcon_core.shell INFO Creating environment hook '/home/jsmoon/yax_jeju/install/rtcm_msgs/share/rtcm_msgs/hook/cmake_prefix_path.ps1'
[2.496s] colcon.colcon_core.shell INFO Creating environment descriptor '/home/jsmoon/yax_jeju/install/rtcm_msgs/share/rtcm_msgs/hook/cmake_prefix_path.dsv'
[2.496s] colcon.colcon_core.shell INFO Creating environment hook '/home/jsmoon/yax_jeju/install/rtcm_msgs/share/rtcm_msgs/hook/cmake_prefix_path.sh'
[2.496s] colcon.colcon_core.environment Level 1 checking '/home/jsmoon/yax_jeju/install/rtcm_msgs/lib'
[2.497s] colcon.colcon_core.shell Level 1 create_environment_hook('rtcm_msgs', 'ld_library_path_lib')
[2.497s] colcon.colcon_core.shell INFO Creating environment hook '/home/jsmoon/yax_jeju/install/rtcm_msgs/share/rtcm_msgs/hook/ld_library_path_lib.ps1'
[2.497s] colcon.colcon_core.shell INFO Creating environment descriptor '/home/jsmoon/yax_jeju/install/rtcm_msgs/share/rtcm_msgs/hook/ld_library_path_lib.dsv'
[2.497s] colcon.colcon_core.shell INFO Creating environment hook '/home/jsmoon/yax_jeju/install/rtcm_msgs/share/rtcm_msgs/hook/ld_library_path_lib.sh'
[2.498s] colcon.colcon_core.environment Level 1 checking '/home/jsmoon/yax_jeju/install/rtcm_msgs/bin'
[2.498s] colcon.colcon_core.environment Level 1 checking '/home/jsmoon/yax_jeju/install/rtcm_msgs/lib/pkgconfig/rtcm_msgs.pc'
[2.498s] colcon.colcon_core.environment Level 1 checking '/home/jsmoon/yax_jeju/install/rtcm_msgs/lib/python3.10/site-packages'
[2.498s] colcon.colcon_core.environment Level 1 checking '/home/jsmoon/yax_jeju/install/rtcm_msgs/bin'
[2.499s] colcon.colcon_core.shell INFO Creating package script '/home/jsmoon/yax_jeju/install/rtcm_msgs/share/rtcm_msgs/package.ps1'
[2.499s] colcon.colcon_core.shell INFO Creating package descriptor '/home/jsmoon/yax_jeju/install/rtcm_msgs/share/rtcm_msgs/package.dsv'
[2.500s] colcon.colcon_core.shell INFO Creating package script '/home/jsmoon/yax_jeju/install/rtcm_msgs/share/rtcm_msgs/package.sh'
[2.500s] colcon.colcon_core.shell INFO Creating package script '/home/jsmoon/yax_jeju/install/rtcm_msgs/share/rtcm_msgs/package.bash'
[2.500s] colcon.colcon_core.shell INFO Creating package script '/home/jsmoon/yax_jeju/install/rtcm_msgs/share/rtcm_msgs/package.zsh'
[2.501s] colcon.colcon_core.environment Level 1 create_file_with_runtime_dependencies(/home/jsmoon/yax_jeju/install/rtcm_msgs/share/colcon-core/packages/rtcm_msgs)
[2.501s] colcon.colcon_core.environment Level 1 create_environment_scripts_only(rtcm_msgs)
[2.501s] colcon.colcon_core.environment Level 1 checking '/home/jsmoon/yax_jeju/install/rtcm_msgs' for CMake module files
[2.502s] colcon.colcon_core.environment Level 1 checking '/home/jsmoon/yax_jeju/install/rtcm_msgs' for CMake config files
[2.503s] colcon.colcon_core.shell Level 1 create_environment_hook('rtcm_msgs', 'cmake_prefix_path')
[2.503s] colcon.colcon_core.shell INFO Creating environment hook '/home/jsmoon/yax_jeju/install/rtcm_msgs/share/rtcm_msgs/hook/cmake_prefix_path.ps1'
[2.504s] colcon.colcon_core.shell INFO Creating environment descriptor '/home/jsmoon/yax_jeju/install/rtcm_msgs/share/rtcm_msgs/hook/cmake_prefix_path.dsv'
[2.504s] colcon.colcon_core.shell INFO Creating environment hook '/home/jsmoon/yax_jeju/install/rtcm_msgs/share/rtcm_msgs/hook/cmake_prefix_path.sh'
[2.504s] colcon.colcon_core.environment Level 1 checking '/home/jsmoon/yax_jeju/install/rtcm_msgs/lib'
[2.505s] colcon.colcon_core.shell Level 1 create_environment_hook('rtcm_msgs', 'ld_library_path_lib')
[2.505s] colcon.colcon_core.shell INFO Creating environment hook '/home/jsmoon/yax_jeju/install/rtcm_msgs/share/rtcm_msgs/hook/ld_library_path_lib.ps1'
[2.505s] colcon.colcon_core.shell INFO Creating environment descriptor '/home/jsmoon/yax_jeju/install/rtcm_msgs/share/rtcm_msgs/hook/ld_library_path_lib.dsv'
[2.505s] colcon.colcon_core.shell INFO Creating environment hook '/home/jsmoon/yax_jeju/install/rtcm_msgs/share/rtcm_msgs/hook/ld_library_path_lib.sh'
[2.506s] colcon.colcon_core.environment Level 1 checking '/home/jsmoon/yax_jeju/install/rtcm_msgs/bin'
[2.506s] colcon.colcon_core.environment Level 1 checking '/home/jsmoon/yax_jeju/install/rtcm_msgs/lib/pkgconfig/rtcm_msgs.pc'
[2.506s] colcon.colcon_core.environment Level 1 checking '/home/jsmoon/yax_jeju/install/rtcm_msgs/lib/python3.10/site-packages'
[2.506s] colcon.colcon_core.environment Level 1 checking '/home/jsmoon/yax_jeju/install/rtcm_msgs/bin'
[2.507s] colcon.colcon_core.shell INFO Creating package script '/home/jsmoon/yax_jeju/install/rtcm_msgs/share/rtcm_msgs/package.ps1'
[2.507s] colcon.colcon_core.shell INFO Creating package descriptor '/home/jsmoon/yax_jeju/install/rtcm_msgs/share/rtcm_msgs/package.dsv'
[2.508s] colcon.colcon_core.shell INFO Creating package script '/home/jsmoon/yax_jeju/install/rtcm_msgs/share/rtcm_msgs/package.sh'
[2.508s] colcon.colcon_core.shell INFO Creating package script '/home/jsmoon/yax_jeju/install/rtcm_msgs/share/rtcm_msgs/package.bash'
[2.509s] colcon.colcon_core.shell INFO Creating package script '/home/jsmoon/yax_jeju/install/rtcm_msgs/share/rtcm_msgs/package.zsh'
[2.509s] colcon.colcon_core.environment Level 1 create_file_with_runtime_dependencies(/home/jsmoon/yax_jeju/install/rtcm_msgs/share/colcon-core/packages/rtcm_msgs)
[2.510s] colcon.colcon_core.environment Level 1 create_environment_scripts_only(interfaces_pkg)
[2.510s] colcon.colcon_core.environment Level 1 checking '/home/jsmoon/yax_jeju/install/interfaces_pkg' for CMake module files
[2.512s] colcon.colcon_core.event_handler.log_command DEBUG Invoked command in '/home/jsmoon/yax_jeju/build/interfaces_pkg' returned '0': CMAKE_PREFIX_PATH=${CMAKE_PREFIX_PATH}:/home/jsmoon/yax_jeju/install/my_custom_pkg:/home/jsmoon/yax_jeju/install/serial_communication_pkg:/home/jsmoon/yax_jeju/install/ntrip_client:/home/jsmoon/yax_jeju/install/lidar_perception_pkg:/home/jsmoon/yax_jeju/install/latlong_utm:/home/jsmoon/yax_jeju/install/decision_making_pkg:/home/jsmoon/yax_jeju/install/debug_pkg:/home/jsmoon/yax_jeju/install/camera_perception_pkg:/opt/ros/humble /usr/bin/cmake --install /home/jsmoon/yax_jeju/build/interfaces_pkg
[2.512s] colcon.colcon_core.environment Level 1 checking '/home/jsmoon/yax_jeju/install/interfaces_pkg' for CMake config files
[2.514s] colcon.colcon_core.shell Level 1 create_environment_hook('interfaces_pkg', 'cmake_prefix_path')
[2.514s] colcon.colcon_core.shell INFO Creating environment hook '/home/jsmoon/yax_jeju/install/interfaces_pkg/share/interfaces_pkg/hook/cmake_prefix_path.ps1'
[2.515s] colcon.colcon_core.shell INFO Creating environment descriptor '/home/jsmoon/yax_jeju/install/interfaces_pkg/share/interfaces_pkg/hook/cmake_prefix_path.dsv'
[2.515s] colcon.colcon_core.shell INFO Creating environment hook '/home/jsmoon/yax_jeju/install/interfaces_pkg/share/interfaces_pkg/hook/cmake_prefix_path.sh'
[2.516s] colcon.colcon_core.environment Level 1 checking '/home/jsmoon/yax_jeju/install/interfaces_pkg/lib'
[2.516s] colcon.colcon_core.shell Level 1 create_environment_hook('interfaces_pkg', 'ld_library_path_lib')
[2.516s] colcon.colcon_core.shell INFO Creating environment hook '/home/jsmoon/yax_jeju/install/interfaces_pkg/share/interfaces_pkg/hook/ld_library_path_lib.ps1'
[2.516s] colcon.colcon_core.shell INFO Creating environment descriptor '/home/jsmoon/yax_jeju/install/interfaces_pkg/share/interfaces_pkg/hook/ld_library_path_lib.dsv'
[2.517s] colcon.colcon_core.shell INFO Creating environment hook '/home/jsmoon/yax_jeju/install/interfaces_pkg/share/interfaces_pkg/hook/ld_library_path_lib.sh'
[2.517s] colcon.colcon_core.environment Level 1 checking '/home/jsmoon/yax_jeju/install/interfaces_pkg/bin'
[2.517s] colcon.colcon_core.environment Level 1 checking '/home/jsmoon/yax_jeju/install/interfaces_pkg/lib/pkgconfig/interfaces_pkg.pc'
[2.517s] colcon.colcon_core.environment Level 1 checking '/home/jsmoon/yax_jeju/install/interfaces_pkg/lib/python3.10/site-packages'
[2.518s] colcon.colcon_core.environment Level 1 checking '/home/jsmoon/yax_jeju/install/interfaces_pkg/bin'
[2.518s] colcon.colcon_core.shell INFO Creating package script '/home/jsmoon/yax_jeju/install/interfaces_pkg/share/interfaces_pkg/package.ps1'
[2.518s] colcon.colcon_core.shell INFO Creating package descriptor '/home/jsmoon/yax_jeju/install/interfaces_pkg/share/interfaces_pkg/package.dsv'
[2.519s] colcon.colcon_core.shell INFO Creating package script '/home/jsmoon/yax_jeju/install/interfaces_pkg/share/interfaces_pkg/package.sh'
[2.519s] colcon.colcon_core.shell INFO Creating package script '/home/jsmoon/yax_jeju/install/interfaces_pkg/share/interfaces_pkg/package.bash'
[2.520s] colcon.colcon_core.shell INFO Creating package script '/home/jsmoon/yax_jeju/install/interfaces_pkg/share/interfaces_pkg/package.zsh'
[2.520s] colcon.colcon_core.environment Level 1 create_file_with_runtime_dependencies(/home/jsmoon/yax_jeju/install/interfaces_pkg/share/colcon-core/packages/interfaces_pkg)
[2.520s] colcon.colcon_core.environment Level 1 create_environment_scripts_only(interfaces_pkg)
[2.521s] colcon.colcon_core.environment Level 1 checking '/home/jsmoon/yax_jeju/install/interfaces_pkg' for CMake module files
[2.521s] colcon.colcon_core.environment Level 1 checking '/home/jsmoon/yax_jeju/install/interfaces_pkg' for CMake config files
[2.523s] colcon.colcon_core.shell Level 1 create_environment_hook('interfaces_pkg', 'cmake_prefix_path')
[2.523s] colcon.colcon_core.shell INFO Creating environment hook '/home/jsmoon/yax_jeju/install/interfaces_pkg/share/interfaces_pkg/hook/cmake_prefix_path.ps1'
[2.524s] colcon.colcon_core.shell INFO Creating environment descriptor '/home/jsmoon/yax_jeju/install/interfaces_pkg/share/interfaces_pkg/hook/cmake_prefix_path.dsv'
[2.524s] colcon.colcon_core.shell INFO Creating environment hook '/home/jsmoon/yax_jeju/install/interfaces_pkg/share/interfaces_pkg/hook/cmake_prefix_path.sh'
[2.525s] colcon.colcon_core.environment Level 1 checking '/home/jsmoon/yax_jeju/install/interfaces_pkg/lib'
[2.525s] colcon.colcon_core.shell Level 1 create_environment_hook('interfaces_pkg', 'ld_library_path_lib')
[2.525s] colcon.colcon_core.shell INFO Creating environment hook '/home/jsmoon/yax_jeju/install/interfaces_pkg/share/interfaces_pkg/hook/ld_library_path_lib.ps1'
[2.526s] colcon.colcon_core.shell INFO Creating environment descriptor '/home/jsmoon/yax_jeju/install/interfaces_pkg/share/interfaces_pkg/hook/ld_library_path_lib.dsv'
[2.526s] colcon.colcon_core.shell INFO Creating environment hook '/home/jsmoon/yax_jeju/install/interfaces_pkg/share/interfaces_pkg/hook/ld_library_path_lib.sh'
[2.526s] colcon.colcon_core.environment Level 1 checking '/home/jsmoon/yax_jeju/install/interfaces_pkg/bin'
[2.526s] colcon.colcon_core.environment Level 1 checking '/home/jsmoon/yax_jeju/install/interfaces_pkg/lib/pkgconfig/interfaces_pkg.pc'
[2.527s] colcon.colcon_core.environment Level 1 checking '/home/jsmoon/yax_jeju/install/interfaces_pkg/lib/python3.10/site-packages'
[2.527s] colcon.colcon_core.environment Level 1 checking '/home/jsmoon/yax_jeju/install/interfaces_pkg/bin'
[2.527s] colcon.colcon_core.shell INFO Creating package script '/home/jsmoon/yax_jeju/install/interfaces_pkg/share/interfaces_pkg/package.ps1'
[2.528s] colcon.colcon_core.shell INFO Creating package descriptor '/home/jsmoon/yax_jeju/install/interfaces_pkg/share/interfaces_pkg/package.dsv'
[2.528s] colcon.colcon_core.shell INFO Creating package script '/home/jsmoon/yax_jeju/install/interfaces_pkg/share/interfaces_pkg/package.sh'
[2.529s] colcon.colcon_core.shell INFO Creating package script '/home/jsmoon/yax_jeju/install/interfaces_pkg/share/interfaces_pkg/package.bash'
[2.529s] colcon.colcon_core.shell INFO Creating package script '/home/jsmoon/yax_jeju/install/interfaces_pkg/share/interfaces_pkg/package.zsh'
[2.529s] colcon.colcon_core.environment Level 1 create_file_with_runtime_dependencies(/home/jsmoon/yax_jeju/install/interfaces_pkg/share/colcon-core/packages/interfaces_pkg)
[2.743s] colcon.colcon_core.event_handler.log_command DEBUG Invoking command in '/home/jsmoon/yax_jeju/build/ntrip_client': PYTHONPATH=/home/jsmoon/yax_jeju/build/ntrip_client/prefix_override:/usr/lib/python3/dist-packages/colcon_core/task/python/colcon_distutils_commands:/home/jsmoon/yax_jeju/install/ntrip_client/lib/python3.10/site-packages:${PYTHONPATH} /usr/bin/python3 -W ignore:setup.py install is deprecated -W ignore:easy_install command is deprecated setup.py develop --editable --build-directory /home/jsmoon/yax_jeju/build/ntrip_client/build --no-deps symlink_data
[2.747s] colcon.colcon_core.event_handler.log_command DEBUG Invoking command in '/home/jsmoon/yax_jeju/build/serial_communication_pkg': PYTHONPATH=/home/jsmoon/yax_jeju/build/serial_communication_pkg/prefix_override:/usr/lib/python3/dist-packages/colcon_core/task/python/colcon_distutils_commands:/home/jsmoon/yax_jeju/install/serial_communication_pkg/lib/python3.10/site-packages:${PYTHONPATH} /usr/bin/python3 -W ignore:setup.py install is deprecated -W ignore:easy_install command is deprecated setup.py develop --editable --build-directory /home/jsmoon/yax_jeju/build/serial_communication_pkg/build --no-deps symlink_data
[2.747s] colcon.colcon_core.event_handler.log_command DEBUG Invoking command in '/home/jsmoon/yax_jeju/build/latlong_utm': PYTHONPATH=/home/jsmoon/yax_jeju/build/latlong_utm/prefix_override:/usr/lib/python3/dist-packages/colcon_core/task/python/colcon_distutils_commands:/home/jsmoon/yax_jeju/install/latlong_utm/lib/python3.10/site-packages:${PYTHONPATH} /usr/bin/python3 -W ignore:setup.py install is deprecated -W ignore:easy_install command is deprecated setup.py develop --editable --build-directory /home/jsmoon/yax_jeju/build/latlong_utm/build --no-deps symlink_data
[2.753s] colcon.colcon_core.event_handler.log_command DEBUG Invoking command in '/home/jsmoon/yax_jeju/build/decision_making_pkg': PYTHONPATH=/home/jsmoon/yax_jeju/build/decision_making_pkg/prefix_override:/usr/lib/python3/dist-packages/colcon_core/task/python/colcon_distutils_commands:/home/jsmoon/yax_jeju/install/decision_making_pkg/lib/python3.10/site-packages:${PYTHONPATH} /usr/bin/python3 -W ignore:setup.py install is deprecated -W ignore:easy_install command is deprecated setup.py develop --editable --build-directory /home/jsmoon/yax_jeju/build/decision_making_pkg/build --no-deps symlink_data
[2.758s] colcon.colcon_core.event_handler.log_command DEBUG Invoking command in '/home/jsmoon/yax_jeju/build/camera_perception_pkg': PYTHONPATH=/home/jsmoon/yax_jeju/build/camera_perception_pkg/prefix_override:/usr/lib/python3/dist-packages/colcon_core/task/python/colcon_distutils_commands:/home/jsmoon/yax_jeju/install/camera_perception_pkg/lib/python3.10/site-packages:${PYTHONPATH} /usr/bin/python3 -W ignore:setup.py install is deprecated -W ignore:easy_install command is deprecated setup.py develop --editable --build-directory /home/jsmoon/yax_jeju/build/camera_perception_pkg/build --no-deps symlink_data
[2.781s] colcon.colcon_core.event_handler.log_command DEBUG Invoking command in '/home/jsmoon/yax_jeju/build/debug_pkg': PYTHONPATH=/home/jsmoon/yax_jeju/build/debug_pkg/prefix_override:/usr/lib/python3/dist-packages/colcon_core/task/python/colcon_distutils_commands:/home/jsmoon/yax_jeju/install/debug_pkg/lib/python3.10/site-packages:${PYTHONPATH} /usr/bin/python3 -W ignore:setup.py install is deprecated -W ignore:easy_install command is deprecated setup.py develop --editable --build-directory /home/jsmoon/yax_jeju/build/debug_pkg/build --no-deps symlink_data
[2.832s] colcon.colcon_core.event_handler.log_command DEBUG Invoking command in '/home/jsmoon/yax_jeju/build/lidar_perception_pkg': PYTHONPATH=/home/jsmoon/yax_jeju/build/lidar_perception_pkg/prefix_override:/usr/lib/python3/dist-packages/colcon_core/task/python/colcon_distutils_commands:/home/jsmoon/yax_jeju/install/lidar_perception_pkg/lib/python3.10/site-packages:${PYTHONPATH} /usr/bin/python3 -W ignore:setup.py install is deprecated -W ignore:easy_install command is deprecated setup.py develop --editable --build-directory /home/jsmoon/yax_jeju/build/lidar_perception_pkg/build --no-deps symlink_data
[2.918s] colcon.colcon_core.event_handler.log_command DEBUG Invoked command in '/home/jsmoon/yax_jeju/build/ublox_msgs' returned '0': CMAKE_PREFIX_PATH=/home/jsmoon/yax_jeju/install/ublox_serialization:/home/jsmoon/yax_jeju/install/launch_pkg:/home/jsmoon/yax_jeju/install/ydlidar_ros2_driver:/home/jsmoon/yax_jeju/install/ublox:/home/jsmoon/yax_jeju/install/ublox_gps:/home/jsmoon/yax_jeju/install/fix2nmea:/home/jsmoon/yax_jeju/install/ublox_msgs:/home/jsmoon/yax_jeju/install/rtcm_msgs:/home/jsmoon/yax_jeju/install/interfaces_pkg:/home/jsmoon/ydlidar_ws/install/ydlidar_ros2_driver:/home/jsmoon/yax_jeju/install/my_custom_pkg:/home/jsmoon/yax_jeju/install/serial_communication_pkg:/home/jsmoon/yax_jeju/install/ntrip_client:/home/jsmoon/yax_jeju/install/lidar_perception_pkg:/home/jsmoon/yax_jeju/install/latlong_utm:/home/jsmoon/yax_jeju/install/decision_making_pkg:/home/jsmoon/yax_jeju/install/debug_pkg:/home/jsmoon/yax_jeju/install/camera_perception_pkg:/opt/ros/humble /usr/bin/cmake --build /home/jsmoon/yax_jeju/build/ublox_msgs -- -j16 -l16
[2.920s] colcon.colcon_core.event_handler.log_command DEBUG Invoking command in '/home/jsmoon/yax_jeju/build/ublox_msgs': CMAKE_PREFIX_PATH=/home/jsmoon/yax_jeju/install/ublox_serialization:/home/jsmoon/yax_jeju/install/launch_pkg:/home/jsmoon/yax_jeju/install/ydlidar_ros2_driver:/home/jsmoon/yax_jeju/install/ublox:/home/jsmoon/yax_jeju/install/ublox_gps:/home/jsmoon/yax_jeju/install/fix2nmea:/home/jsmoon/yax_jeju/install/ublox_msgs:/home/jsmoon/yax_jeju/install/rtcm_msgs:/home/jsmoon/yax_jeju/install/interfaces_pkg:/home/jsmoon/ydlidar_ws/install/ydlidar_ros2_driver:/home/jsmoon/yax_jeju/install/my_custom_pkg:/home/jsmoon/yax_jeju/install/serial_communication_pkg:/home/jsmoon/yax_jeju/install/ntrip_client:/home/jsmoon/yax_jeju/install/lidar_perception_pkg:/home/jsmoon/yax_jeju/install/latlong_utm:/home/jsmoon/yax_jeju/install/decision_making_pkg:/home/jsmoon/yax_jeju/install/debug_pkg:/home/jsmoon/yax_jeju/install/camera_perception_pkg:/opt/ros/humble /usr/bin/cmake --install /home/jsmoon/yax_jeju/build/ublox_msgs
[3.217s] colcon.colcon_core.environment Level 1 create_environment_scripts_only(ublox_msgs)
[3.218s] colcon.colcon_core.environment Level 1 checking '/home/jsmoon/yax_jeju/install/ublox_msgs' for CMake module files
[3.218s] colcon.colcon_core.event_handler.log_command DEBUG Invoked command in '/home/jsmoon/yax_jeju/build/ublox_msgs' returned '0': CMAKE_PREFIX_PATH=/home/jsmoon/yax_jeju/install/ublox_serialization:/home/jsmoon/yax_jeju/install/launch_pkg:/home/jsmoon/yax_jeju/install/ydlidar_ros2_driver:/home/jsmoon/yax_jeju/install/ublox:/home/jsmoon/yax_jeju/install/ublox_gps:/home/jsmoon/yax_jeju/install/fix2nmea:/home/jsmoon/yax_jeju/install/ublox_msgs:/home/jsmoon/yax_jeju/install/rtcm_msgs:/home/jsmoon/yax_jeju/install/interfaces_pkg:/home/jsmoon/ydlidar_ws/install/ydlidar_ros2_driver:/home/jsmoon/yax_jeju/install/my_custom_pkg:/home/jsmoon/yax_jeju/install/serial_communication_pkg:/home/jsmoon/yax_jeju/install/ntrip_client:/home/jsmoon/yax_jeju/install/lidar_perception_pkg:/home/jsmoon/yax_jeju/install/latlong_utm:/home/jsmoon/yax_jeju/install/decision_making_pkg:/home/jsmoon/yax_jeju/install/debug_pkg:/home/jsmoon/yax_jeju/install/camera_perception_pkg:/opt/ros/humble /usr/bin/cmake --install /home/jsmoon/yax_jeju/build/ublox_msgs
[3.219s] colcon.colcon_core.environment Level 1 checking '/home/jsmoon/yax_jeju/install/ublox_msgs' for CMake config files
[3.227s] colcon.colcon_core.shell Level 1 create_environment_hook('ublox_msgs', 'cmake_prefix_path')
[3.228s] colcon.colcon_core.shell INFO Creating environment hook '/home/jsmoon/yax_jeju/install/ublox_msgs/share/ublox_msgs/hook/cmake_prefix_path.ps1'
[3.228s] colcon.colcon_core.shell INFO Creating environment descriptor '/home/jsmoon/yax_jeju/install/ublox_msgs/share/ublox_msgs/hook/cmake_prefix_path.dsv'
[3.229s] colcon.colcon_core.shell INFO Creating environment hook '/home/jsmoon/yax_jeju/install/ublox_msgs/share/ublox_msgs/hook/cmake_prefix_path.sh'
[3.229s] colcon.colcon_core.environment Level 1 checking '/home/jsmoon/yax_jeju/install/ublox_msgs/lib'
[3.229s] colcon.colcon_core.shell Level 1 create_environment_hook('ublox_msgs', 'ld_library_path_lib')
[3.229s] colcon.colcon_core.shell INFO Creating environment hook '/home/jsmoon/yax_jeju/install/ublox_msgs/share/ublox_msgs/hook/ld_library_path_lib.ps1'
[3.230s] colcon.colcon_core.shell INFO Creating environment descriptor '/home/jsmoon/yax_jeju/install/ublox_msgs/share/ublox_msgs/hook/ld_library_path_lib.dsv'
[3.230s] colcon.colcon_core.shell INFO Creating environment hook '/home/jsmoon/yax_jeju/install/ublox_msgs/share/ublox_msgs/hook/ld_library_path_lib.sh'
[3.230s] colcon.colcon_core.environment Level 1 checking '/home/jsmoon/yax_jeju/install/ublox_msgs/bin'
[3.230s] colcon.colcon_core.environment Level 1 checking '/home/jsmoon/yax_jeju/install/ublox_msgs/lib/pkgconfig/ublox_msgs.pc'
[3.231s] colcon.colcon_core.environment Level 1 checking '/home/jsmoon/yax_jeju/install/ublox_msgs/lib/python3.10/site-packages'
[3.231s] colcon.colcon_core.environment Level 1 checking '/home/jsmoon/yax_jeju/install/ublox_msgs/bin'
[3.231s] colcon.colcon_core.shell INFO Creating package script '/home/jsmoon/yax_jeju/install/ublox_msgs/share/ublox_msgs/package.ps1'
[3.232s] colcon.colcon_core.shell INFO Creating package descriptor '/home/jsmoon/yax_jeju/install/ublox_msgs/share/ublox_msgs/package.dsv'
[3.232s] colcon.colcon_core.shell INFO Creating package script '/home/jsmoon/yax_jeju/install/ublox_msgs/share/ublox_msgs/package.sh'
[3.232s] colcon.colcon_core.shell INFO Creating package script '/home/jsmoon/yax_jeju/install/ublox_msgs/share/ublox_msgs/package.bash'
[3.233s] colcon.colcon_core.shell INFO Creating package script '/home/jsmoon/yax_jeju/install/ublox_msgs/share/ublox_msgs/package.zsh'
[3.233s] colcon.colcon_core.environment Level 1 create_file_with_runtime_dependencies(/home/jsmoon/yax_jeju/install/ublox_msgs/share/colcon-core/packages/ublox_msgs)
[3.233s] colcon.colcon_core.environment Level 1 create_environment_scripts_only(ublox_msgs)
[3.234s] colcon.colcon_core.environment Level 1 checking '/home/jsmoon/yax_jeju/install/ublox_msgs' for CMake module files
[3.234s] colcon.colcon_core.environment Level 1 checking '/home/jsmoon/yax_jeju/install/ublox_msgs' for CMake config files
[3.241s] colcon.colcon_core.shell Level 1 create_environment_hook('ublox_msgs', 'cmake_prefix_path')
[3.242s] colcon.colcon_core.shell INFO Creating environment hook '/home/jsmoon/yax_jeju/install/ublox_msgs/share/ublox_msgs/hook/cmake_prefix_path.ps1'
[3.242s] colcon.colcon_core.shell INFO Creating environment descriptor '/home/jsmoon/yax_jeju/install/ublox_msgs/share/ublox_msgs/hook/cmake_prefix_path.dsv'
[3.242s] colcon.colcon_core.shell INFO Creating environment hook '/home/jsmoon/yax_jeju/install/ublox_msgs/share/ublox_msgs/hook/cmake_prefix_path.sh'
[3.243s] colcon.colcon_core.environment Level 1 checking '/home/jsmoon/yax_jeju/install/ublox_msgs/lib'
[3.243s] colcon.colcon_core.shell Level 1 create_environment_hook('ublox_msgs', 'ld_library_path_lib')
[3.243s] colcon.colcon_core.shell INFO Creating environment hook '/home/jsmoon/yax_jeju/install/ublox_msgs/share/ublox_msgs/hook/ld_library_path_lib.ps1'
[3.244s] colcon.colcon_core.shell INFO Creating environment descriptor '/home/jsmoon/yax_jeju/install/ublox_msgs/share/ublox_msgs/hook/ld_library_path_lib.dsv'
[3.244s] colcon.colcon_core.shell INFO Creating environment hook '/home/jsmoon/yax_jeju/install/ublox_msgs/share/ublox_msgs/hook/ld_library_path_lib.sh'
[3.245s] colcon.colcon_core.environment Level 1 checking '/home/jsmoon/yax_jeju/install/ublox_msgs/bin'
[3.245s] colcon.colcon_core.environment Level 1 checking '/home/jsmoon/yax_jeju/install/ublox_msgs/lib/pkgconfig/ublox_msgs.pc'
[3.245s] colcon.colcon_core.environment Level 1 checking '/home/jsmoon/yax_jeju/install/ublox_msgs/lib/python3.10/site-packages'
[3.245s] colcon.colcon_core.environment Level 1 checking '/home/jsmoon/yax_jeju/install/ublox_msgs/bin'
[3.246s] colcon.colcon_core.shell INFO Creating package script '/home/jsmoon/yax_jeju/install/ublox_msgs/share/ublox_msgs/package.ps1'
[3.246s] colcon.colcon_core.shell INFO Creating package descriptor '/home/jsmoon/yax_jeju/install/ublox_msgs/share/ublox_msgs/package.dsv'
[3.247s] colcon.colcon_core.shell INFO Creating package script '/home/jsmoon/yax_jeju/install/ublox_msgs/share/ublox_msgs/package.sh'
[3.247s] colcon.colcon_core.shell INFO Creating package script '/home/jsmoon/yax_jeju/install/ublox_msgs/share/ublox_msgs/package.bash'
[3.248s] colcon.colcon_core.shell INFO Creating package script '/home/jsmoon/yax_jeju/install/ublox_msgs/share/ublox_msgs/package.zsh'
[3.248s] colcon.colcon_core.environment Level 1 create_file_with_runtime_dependencies(/home/jsmoon/yax_jeju/install/ublox_msgs/share/colcon-core/packages/ublox_msgs)
[3.249s] colcon.colcon_ros.task.ament_cmake.build INFO Building ROS package in '/home/jsmoon/yax_jeju/src/RTK_GPS_NTRIP/ublox_gps' with build type 'ament_cmake'
[3.249s] colcon.colcon_cmake.task.cmake.build INFO Building CMake package in '/home/jsmoon/yax_jeju/src/RTK_GPS_NTRIP/ublox_gps'
[3.249s] colcon.colcon_core.shell INFO Skip shell extension 'powershell' for command environment: Not usable outside of PowerShell
[3.249s] colcon.colcon_core.shell DEBUG Skip shell extension 'dsv' for command environment
[3.254s] colcon.colcon_ros.task.ament_cmake.build INFO Building ROS package in '/home/jsmoon/yax_jeju/src/RTK_GPS_NTRIP/fix2nmea' with build type 'ament_cmake'
[3.254s] colcon.colcon_cmake.task.cmake.build INFO Building CMake package in '/home/jsmoon/yax_jeju/src/RTK_GPS_NTRIP/fix2nmea'
[3.255s] colcon.colcon_core.shell INFO Skip shell extension 'powershell' for command environment: Not usable outside of PowerShell
[3.255s] colcon.colcon_core.shell DEBUG Skip shell extension 'dsv' for command environment
[3.260s] colcon.colcon_core.shell Level 1 create_environment_hook('camera_perception_pkg', 'pythonpath_develop')
[3.260s] colcon.colcon_core.shell INFO Creating environment hook '/home/jsmoon/yax_jeju/build/camera_perception_pkg/share/camera_perception_pkg/hook/pythonpath_develop.ps1'
[3.262s] colcon.colcon_core.shell INFO Creating environment descriptor '/home/jsmoon/yax_jeju/build/camera_perception_pkg/share/camera_perception_pkg/hook/pythonpath_develop.dsv'
[3.262s] colcon.colcon_core.event_handler.log_command DEBUG Invoked command in '/home/jsmoon/yax_jeju/build/camera_perception_pkg' returned '0': PYTHONPATH=/home/jsmoon/yax_jeju/build/camera_perception_pkg/prefix_override:/usr/lib/python3/dist-packages/colcon_core/task/python/colcon_distutils_commands:/home/jsmoon/yax_jeju/install/camera_perception_pkg/lib/python3.10/site-packages:${PYTHONPATH} /usr/bin/python3 -W ignore:setup.py install is deprecated -W ignore:easy_install command is deprecated setup.py develop --editable --build-directory /home/jsmoon/yax_jeju/build/camera_perception_pkg/build --no-deps symlink_data
[3.263s] colcon.colcon_core.shell INFO Creating environment hook '/home/jsmoon/yax_jeju/build/camera_perception_pkg/share/camera_perception_pkg/hook/pythonpath_develop.sh'
[3.263s] colcon.colcon_core.environment Level 1 checking '/home/jsmoon/yax_jeju/install/camera_perception_pkg' for CMake module files
[3.264s] colcon.colcon_core.environment Level 1 checking '/home/jsmoon/yax_jeju/install/camera_perception_pkg' for CMake config files
[3.264s] colcon.colcon_core.environment Level 1 checking '/home/jsmoon/yax_jeju/install/camera_perception_pkg/lib'
[3.264s] colcon.colcon_core.environment Level 1 checking '/home/jsmoon/yax_jeju/install/camera_perception_pkg/bin'
[3.264s] colcon.colcon_core.environment Level 1 checking '/home/jsmoon/yax_jeju/install/camera_perception_pkg/lib/pkgconfig/camera_perception_pkg.pc'
[3.264s] colcon.colcon_core.environment Level 1 checking '/home/jsmoon/yax_jeju/install/camera_perception_pkg/lib/python3.10/site-packages'
[3.264s] colcon.colcon_core.shell Level 1 create_environment_hook('camera_perception_pkg', 'pythonpath')
[3.265s] colcon.colcon_core.shell INFO Creating environment hook '/home/jsmoon/yax_jeju/install/camera_perception_pkg/share/camera_perception_pkg/hook/pythonpath.ps1'
[3.265s] colcon.colcon_core.shell INFO Creating environment descriptor '/home/jsmoon/yax_jeju/install/camera_perception_pkg/share/camera_perception_pkg/hook/pythonpath.dsv'
[3.265s] colcon.colcon_core.shell INFO Creating environment hook '/home/jsmoon/yax_jeju/install/camera_perception_pkg/share/camera_perception_pkg/hook/pythonpath.sh'
[3.266s] colcon.colcon_core.environment Level 1 checking '/home/jsmoon/yax_jeju/install/camera_perception_pkg/bin'
[3.266s] colcon.colcon_core.environment Level 1 create_environment_scripts_only(camera_perception_pkg)
[3.266s] colcon.colcon_core.shell INFO Creating package script '/home/jsmoon/yax_jeju/install/camera_perception_pkg/share/camera_perception_pkg/package.ps1'
[3.267s] colcon.colcon_core.shell INFO Creating package descriptor '/home/jsmoon/yax_jeju/install/camera_perception_pkg/share/camera_perception_pkg/package.dsv'
[3.267s] colcon.colcon_core.shell INFO Creating package script '/home/jsmoon/yax_jeju/install/camera_perception_pkg/share/camera_perception_pkg/package.sh'
[3.268s] colcon.colcon_core.shell INFO Creating package script '/home/jsmoon/yax_jeju/install/camera_perception_pkg/share/camera_perception_pkg/package.bash'
[3.268s] colcon.colcon_core.shell INFO Creating package script '/home/jsmoon/yax_jeju/install/camera_perception_pkg/share/camera_perception_pkg/package.zsh'
[3.268s] colcon.colcon_core.environment Level 1 create_file_with_runtime_dependencies(/home/jsmoon/yax_jeju/install/camera_perception_pkg/share/colcon-core/packages/camera_perception_pkg)
[3.269s] colcon.colcon_core.shell Level 1 create_environment_hook('ntrip_client', 'pythonpath_develop')
[3.269s] colcon.colcon_core.shell INFO Creating environment hook '/home/jsmoon/yax_jeju/build/ntrip_client/src/share/ntrip_client/hook/pythonpath_develop.ps1'
[3.270s] colcon.colcon_core.shell INFO Creating environment descriptor '/home/jsmoon/yax_jeju/build/ntrip_client/src/share/ntrip_client/hook/pythonpath_develop.dsv'
[3.270s] colcon.colcon_core.shell INFO Creating environment hook '/home/jsmoon/yax_jeju/build/ntrip_client/src/share/ntrip_client/hook/pythonpath_develop.sh'
[3.271s] colcon.colcon_core.event_handler.log_command DEBUG Invoked command in '/home/jsmoon/yax_jeju/build/ntrip_client' returned '0': PYTHONPATH=/home/jsmoon/yax_jeju/build/ntrip_client/prefix_override:/usr/lib/python3/dist-packages/colcon_core/task/python/colcon_distutils_commands:/home/jsmoon/yax_jeju/install/ntrip_client/lib/python3.10/site-packages:${PYTHONPATH} /usr/bin/python3 -W ignore:setup.py install is deprecated -W ignore:easy_install command is deprecated setup.py develop --editable --build-directory /home/jsmoon/yax_jeju/build/ntrip_client/build --no-deps symlink_data
[3.271s] colcon.colcon_core.environment Level 1 checking '/home/jsmoon/yax_jeju/install/ntrip_client' for CMake module files
[3.272s] colcon.colcon_core.environment Level 1 checking '/home/jsmoon/yax_jeju/install/ntrip_client' for CMake config files
[3.272s] colcon.colcon_core.environment Level 1 checking '/home/jsmoon/yax_jeju/install/ntrip_client/lib'
[3.272s] colcon.colcon_core.environment Level 1 checking '/home/jsmoon/yax_jeju/install/ntrip_client/bin'
[3.272s] colcon.colcon_core.environment Level 1 checking '/home/jsmoon/yax_jeju/install/ntrip_client/lib/pkgconfig/ntrip_client.pc'
[3.272s] colcon.colcon_core.environment Level 1 checking '/home/jsmoon/yax_jeju/install/ntrip_client/lib/python3.10/site-packages'
[3.272s] colcon.colcon_core.shell Level 1 create_environment_hook('ntrip_client', 'pythonpath')
[3.272s] colcon.colcon_core.shell INFO Creating environment hook '/home/jsmoon/yax_jeju/install/ntrip_client/share/ntrip_client/hook/pythonpath.ps1'
[3.273s] colcon.colcon_core.shell INFO Creating environment descriptor '/home/jsmoon/yax_jeju/install/ntrip_client/share/ntrip_client/hook/pythonpath.dsv'
[3.273s] colcon.colcon_core.shell INFO Creating environment hook '/home/jsmoon/yax_jeju/install/ntrip_client/share/ntrip_client/hook/pythonpath.sh'
[3.273s] colcon.colcon_core.environment Level 1 checking '/home/jsmoon/yax_jeju/install/ntrip_client/bin'
[3.274s] colcon.colcon_core.environment Level 1 create_environment_scripts_only(ntrip_client)
[3.274s] colcon.colcon_core.shell INFO Creating package script '/home/jsmoon/yax_jeju/install/ntrip_client/share/ntrip_client/package.ps1'
[3.274s] colcon.colcon_core.shell INFO Creating package descriptor '/home/jsmoon/yax_jeju/install/ntrip_client/share/ntrip_client/package.dsv'
[3.275s] colcon.colcon_core.shell INFO Creating package script '/home/jsmoon/yax_jeju/install/ntrip_client/share/ntrip_client/package.sh'
[3.275s] colcon.colcon_core.shell INFO Creating package script '/home/jsmoon/yax_jeju/install/ntrip_client/share/ntrip_client/package.bash'
[3.275s] colcon.colcon_core.shell INFO Creating package script '/home/jsmoon/yax_jeju/install/ntrip_client/share/ntrip_client/package.zsh'
[3.276s] colcon.colcon_core.environment Level 1 create_file_with_runtime_dependencies(/home/jsmoon/yax_jeju/install/ntrip_client/share/colcon-core/packages/ntrip_client)
[3.281s] colcon.colcon_core.event_handler.log_command DEBUG Invoking command in '/home/jsmoon/yax_jeju/build/ublox_gps': CMAKE_PREFIX_PATH=/home/jsmoon/yax_jeju/install/ublox_msgs:/home/jsmoon/yax_jeju/install/ublox_serialization:/home/jsmoon/yax_jeju/install/rtcm_msgs:/home/jsmoon/yax_jeju/install/launch_pkg:/home/jsmoon/yax_jeju/install/ydlidar_ros2_driver:/home/jsmoon/yax_jeju/install/ublox:/home/jsmoon/yax_jeju/install/ublox_gps:/home/jsmoon/yax_jeju/install/fix2nmea:/home/jsmoon/yax_jeju/install/interfaces_pkg:/home/jsmoon/ydlidar_ws/install/ydlidar_ros2_driver:/home/jsmoon/yax_jeju/install/my_custom_pkg:/home/jsmoon/yax_jeju/install/serial_communication_pkg:/home/jsmoon/yax_jeju/install/ntrip_client:/home/jsmoon/yax_jeju/install/lidar_perception_pkg:/home/jsmoon/yax_jeju/install/latlong_utm:/home/jsmoon/yax_jeju/install/decision_making_pkg:/home/jsmoon/yax_jeju/install/debug_pkg:/home/jsmoon/yax_jeju/install/camera_perception_pkg:/opt/ros/humble LD_LIBRARY_PATH=/home/jsmoon/yax_jeju/install/ublox_msgs/lib:/home/jsmoon/yax_jeju/install/rtcm_msgs/lib:/home/jsmoon/yax_jeju/install/ublox_gps/lib:/home/jsmoon/yax_jeju/install/interfaces_pkg/lib:/opt/ros/humble/opt/rviz_ogre_vendor/lib:/opt/ros/humble/lib/x86_64-linux-gnu:/opt/ros/humble/lib:/home/jsmoon/Desktop/JSMOON/MLCS/project1/Personalized-Adaptive-Cruise/external/acados/lib /usr/bin/cmake --build /home/jsmoon/yax_jeju/build/ublox_gps -- -j16 -l16
[3.284s] colcon.colcon_core.event_handler.log_command DEBUG Invoking command in '/home/jsmoon/yax_jeju/build/fix2nmea': CMAKE_PREFIX_PATH=/home/jsmoon/yax_jeju/install/ublox_msgs:/home/jsmoon/yax_jeju/install/ublox_serialization:/home/jsmoon/yax_jeju/install/launch_pkg:/home/jsmoon/yax_jeju/install/ydlidar_ros2_driver:/home/jsmoon/yax_jeju/install/ublox:/home/jsmoon/yax_jeju/install/ublox_gps:/home/jsmoon/yax_jeju/install/fix2nmea:/home/jsmoon/yax_jeju/install/rtcm_msgs:/home/jsmoon/yax_jeju/install/interfaces_pkg:/home/jsmoon/ydlidar_ws/install/ydlidar_ros2_driver:/home/jsmoon/yax_jeju/install/my_custom_pkg:/home/jsmoon/yax_jeju/install/serial_communication_pkg:/home/jsmoon/yax_jeju/install/ntrip_client:/home/jsmoon/yax_jeju/install/lidar_perception_pkg:/home/jsmoon/yax_jeju/install/latlong_utm:/home/jsmoon/yax_jeju/install/decision_making_pkg:/home/jsmoon/yax_jeju/install/debug_pkg:/home/jsmoon/yax_jeju/install/camera_perception_pkg:/opt/ros/humble LD_LIBRARY_PATH=/home/jsmoon/yax_jeju/install/ublox_msgs/lib:/home/jsmoon/yax_jeju/install/ublox_gps/lib:/home/jsmoon/yax_jeju/install/rtcm_msgs/lib:/home/jsmoon/yax_jeju/install/interfaces_pkg/lib:/opt/ros/humble/opt/rviz_ogre_vendor/lib:/opt/ros/humble/lib/x86_64-linux-gnu:/opt/ros/humble/lib:/home/jsmoon/Desktop/JSMOON/MLCS/project1/Personalized-Adaptive-Cruise/external/acados/lib /usr/bin/cmake --build /home/jsmoon/yax_jeju/build/fix2nmea -- -j16 -l16
[3.301s] colcon.colcon_core.shell Level 1 create_environment_hook('latlong_utm', 'pythonpath_develop')
[3.302s] colcon.colcon_core.shell INFO Creating environment hook '/home/jsmoon/yax_jeju/build/latlong_utm/share/latlong_utm/hook/pythonpath_develop.ps1'
[3.302s] colcon.colcon_core.event_handler.log_command DEBUG Invoked command in '/home/jsmoon/yax_jeju/build/latlong_utm' returned '0': PYTHONPATH=/home/jsmoon/yax_jeju/build/latlong_utm/prefix_override:/usr/lib/python3/dist-packages/colcon_core/task/python/colcon_distutils_commands:/home/jsmoon/yax_jeju/install/latlong_utm/lib/python3.10/site-packages:${PYTHONPATH} /usr/bin/python3 -W ignore:setup.py install is deprecated -W ignore:easy_install command is deprecated setup.py develop --editable --build-directory /home/jsmoon/yax_jeju/build/latlong_utm/build --no-deps symlink_data
[3.302s] colcon.colcon_core.shell INFO Creating environment descriptor '/home/jsmoon/yax_jeju/build/latlong_utm/share/latlong_utm/hook/pythonpath_develop.dsv'
[3.303s] colcon.colcon_core.shell INFO Creating environment hook '/home/jsmoon/yax_jeju/build/latlong_utm/share/latlong_utm/hook/pythonpath_develop.sh'
[3.303s] colcon.colcon_core.environment Level 1 checking '/home/jsmoon/yax_jeju/install/latlong_utm' for CMake module files
[3.303s] colcon.colcon_core.environment Level 1 checking '/home/jsmoon/yax_jeju/install/latlong_utm' for CMake config files
[3.304s] colcon.colcon_core.environment Level 1 checking '/home/jsmoon/yax_jeju/install/latlong_utm/lib'
[3.304s] colcon.colcon_core.environment Level 1 checking '/home/jsmoon/yax_jeju/install/latlong_utm/bin'
[3.304s] colcon.colcon_core.environment Level 1 checking '/home/jsmoon/yax_jeju/install/latlong_utm/lib/pkgconfig/latlong_utm.pc'
[3.304s] colcon.colcon_core.environment Level 1 checking '/home/jsmoon/yax_jeju/install/latlong_utm/lib/python3.10/site-packages'
[3.304s] colcon.colcon_core.shell Level 1 create_environment_hook('latlong_utm', 'pythonpath')
[3.304s] colcon.colcon_core.shell INFO Creating environment hook '/home/jsmoon/yax_jeju/install/latlong_utm/share/latlong_utm/hook/pythonpath.ps1'
[3.304s] colcon.colcon_core.shell INFO Creating environment descriptor '/home/jsmoon/yax_jeju/install/latlong_utm/share/latlong_utm/hook/pythonpath.dsv'
[3.305s] colcon.colcon_core.shell INFO Creating environment hook '/home/jsmoon/yax_jeju/install/latlong_utm/share/latlong_utm/hook/pythonpath.sh'
[3.305s] colcon.colcon_core.environment Level 1 checking '/home/jsmoon/yax_jeju/install/latlong_utm/bin'
[3.305s] colcon.colcon_core.environment Level 1 create_environment_scripts_only(latlong_utm)
[3.305s] colcon.colcon_core.shell INFO Creating package script '/home/jsmoon/yax_jeju/install/latlong_utm/share/latlong_utm/package.ps1'
[3.306s] colcon.colcon_core.shell INFO Creating package descriptor '/home/jsmoon/yax_jeju/install/latlong_utm/share/latlong_utm/package.dsv'
[3.306s] colcon.colcon_core.shell INFO Creating package script '/home/jsmoon/yax_jeju/install/latlong_utm/share/latlong_utm/package.sh'
[3.306s] colcon.colcon_core.shell INFO Creating package script '/home/jsmoon/yax_jeju/install/latlong_utm/share/latlong_utm/package.bash'
[3.307s] colcon.colcon_core.shell INFO Creating package script '/home/jsmoon/yax_jeju/install/latlong_utm/share/latlong_utm/package.zsh'
[3.307s] colcon.colcon_core.environment Level 1 create_file_with_runtime_dependencies(/home/jsmoon/yax_jeju/install/latlong_utm/share/colcon-core/packages/latlong_utm)
[3.307s] colcon.colcon_core.shell Level 1 create_environment_hook('debug_pkg', 'pythonpath_develop')
[3.308s] colcon.colcon_core.shell INFO Creating environment hook '/home/jsmoon/yax_jeju/build/debug_pkg/share/debug_pkg/hook/pythonpath_develop.ps1'
[3.308s] colcon.colcon_core.shell INFO Creating environment descriptor '/home/jsmoon/yax_jeju/build/debug_pkg/share/debug_pkg/hook/pythonpath_develop.dsv'
[3.308s] colcon.colcon_core.event_handler.log_command DEBUG Invoked command in '/home/jsmoon/yax_jeju/build/debug_pkg' returned '0': PYTHONPATH=/home/jsmoon/yax_jeju/build/debug_pkg/prefix_override:/usr/lib/python3/dist-packages/colcon_core/task/python/colcon_distutils_commands:/home/jsmoon/yax_jeju/install/debug_pkg/lib/python3.10/site-packages:${PYTHONPATH} /usr/bin/python3 -W ignore:setup.py install is deprecated -W ignore:easy_install command is deprecated setup.py develop --editable --build-directory /home/jsmoon/yax_jeju/build/debug_pkg/build --no-deps symlink_data
[3.309s] colcon.colcon_core.shell INFO Creating environment hook '/home/jsmoon/yax_jeju/build/debug_pkg/share/debug_pkg/hook/pythonpath_develop.sh'
[3.309s] colcon.colcon_core.environment Level 1 checking '/home/jsmoon/yax_jeju/install/debug_pkg' for CMake module files
[3.309s] colcon.colcon_core.environment Level 1 checking '/home/jsmoon/yax_jeju/install/debug_pkg' for CMake config files
[3.310s] colcon.colcon_core.environment Level 1 checking '/home/jsmoon/yax_jeju/install/debug_pkg/lib'
[3.310s] colcon.colcon_core.environment Level 1 checking '/home/jsmoon/yax_jeju/install/debug_pkg/bin'
[3.310s] colcon.colcon_core.environment Level 1 checking '/home/jsmoon/yax_jeju/install/debug_pkg/lib/pkgconfig/debug_pkg.pc'
[3.310s] colcon.colcon_core.environment Level 1 checking '/home/jsmoon/yax_jeju/install/debug_pkg/lib/python3.10/site-packages'
[3.310s] colcon.colcon_core.shell Level 1 create_environment_hook('debug_pkg', 'pythonpath')
[3.310s] colcon.colcon_core.shell INFO Creating environment hook '/home/jsmoon/yax_jeju/install/debug_pkg/share/debug_pkg/hook/pythonpath.ps1'
[3.310s] colcon.colcon_core.shell INFO Creating environment descriptor '/home/jsmoon/yax_jeju/install/debug_pkg/share/debug_pkg/hook/pythonpath.dsv'
[3.311s] colcon.colcon_core.shell INFO Creating environment hook '/home/jsmoon/yax_jeju/install/debug_pkg/share/debug_pkg/hook/pythonpath.sh'
[3.311s] colcon.colcon_core.environment Level 1 checking '/home/jsmoon/yax_jeju/install/debug_pkg/bin'
[3.311s] colcon.colcon_core.environment Level 1 create_environment_scripts_only(debug_pkg)
[3.311s] colcon.colcon_core.shell INFO Creating package script '/home/jsmoon/yax_jeju/install/debug_pkg/share/debug_pkg/package.ps1'
[3.312s] colcon.colcon_core.shell INFO Creating package descriptor '/home/jsmoon/yax_jeju/install/debug_pkg/share/debug_pkg/package.dsv'
[3.312s] colcon.colcon_core.shell INFO Creating package script '/home/jsmoon/yax_jeju/install/debug_pkg/share/debug_pkg/package.sh'
[3.312s] colcon.colcon_core.shell INFO Creating package script '/home/jsmoon/yax_jeju/install/debug_pkg/share/debug_pkg/package.bash'
[3.313s] colcon.colcon_core.shell INFO Creating package script '/home/jsmoon/yax_jeju/install/debug_pkg/share/debug_pkg/package.zsh'
[3.313s] colcon.colcon_core.environment Level 1 create_file_with_runtime_dependencies(/home/jsmoon/yax_jeju/install/debug_pkg/share/colcon-core/packages/debug_pkg)
[3.343s] colcon.colcon_core.shell Level 1 create_environment_hook('lidar_perception_pkg', 'pythonpath_develop')
[3.344s] colcon.colcon_core.shell INFO Creating environment hook '/home/jsmoon/yax_jeju/build/lidar_perception_pkg/share/lidar_perception_pkg/hook/pythonpath_develop.ps1'
[3.344s] colcon.colcon_core.event_handler.log_command DEBUG Invoked command in '/home/jsmoon/yax_jeju/build/lidar_perception_pkg' returned '0': PYTHONPATH=/home/jsmoon/yax_jeju/build/lidar_perception_pkg/prefix_override:/usr/lib/python3/dist-packages/colcon_core/task/python/colcon_distutils_commands:/home/jsmoon/yax_jeju/install/lidar_perception_pkg/lib/python3.10/site-packages:${PYTHONPATH} /usr/bin/python3 -W ignore:setup.py install is deprecated -W ignore:easy_install command is deprecated setup.py develop --editable --build-directory /home/jsmoon/yax_jeju/build/lidar_perception_pkg/build --no-deps symlink_data
[3.345s] colcon.colcon_core.shell INFO Creating environment descriptor '/home/jsmoon/yax_jeju/build/lidar_perception_pkg/share/lidar_perception_pkg/hook/pythonpath_develop.dsv'
[3.345s] colcon.colcon_core.shell INFO Creating environment hook '/home/jsmoon/yax_jeju/build/lidar_perception_pkg/share/lidar_perception_pkg/hook/pythonpath_develop.sh'
[3.345s] colcon.colcon_core.environment Level 1 checking '/home/jsmoon/yax_jeju/install/lidar_perception_pkg' for CMake module files
[3.345s] colcon.colcon_core.environment Level 1 checking '/home/jsmoon/yax_jeju/install/lidar_perception_pkg' for CMake config files
[3.346s] colcon.colcon_core.environment Level 1 checking '/home/jsmoon/yax_jeju/install/lidar_perception_pkg/lib'
[3.346s] colcon.colcon_core.environment Level 1 checking '/home/jsmoon/yax_jeju/install/lidar_perception_pkg/bin'
[3.346s] colcon.colcon_core.environment Level 1 checking '/home/jsmoon/yax_jeju/install/lidar_perception_pkg/lib/pkgconfig/lidar_perception_pkg.pc'
[3.346s] colcon.colcon_core.environment Level 1 checking '/home/jsmoon/yax_jeju/install/lidar_perception_pkg/lib/python3.10/site-packages'
[3.346s] colcon.colcon_core.shell Level 1 create_environment_hook('lidar_perception_pkg', 'pythonpath')
[3.346s] colcon.colcon_core.shell INFO Creating environment hook '/home/jsmoon/yax_jeju/install/lidar_perception_pkg/share/lidar_perception_pkg/hook/pythonpath.ps1'
[3.346s] colcon.colcon_core.shell INFO Creating environment descriptor '/home/jsmoon/yax_jeju/install/lidar_perception_pkg/share/lidar_perception_pkg/hook/pythonpath.dsv'
[3.347s] colcon.colcon_core.shell INFO Creating environment hook '/home/jsmoon/yax_jeju/install/lidar_perception_pkg/share/lidar_perception_pkg/hook/pythonpath.sh'
[3.347s] colcon.colcon_core.environment Level 1 checking '/home/jsmoon/yax_jeju/install/lidar_perception_pkg/bin'
[3.347s] colcon.colcon_core.environment Level 1 create_environment_scripts_only(lidar_perception_pkg)
[3.347s] colcon.colcon_core.shell INFO Creating package script '/home/jsmoon/yax_jeju/install/lidar_perception_pkg/share/lidar_perception_pkg/package.ps1'
[3.348s] colcon.colcon_core.shell INFO Creating package descriptor '/home/jsmoon/yax_jeju/install/lidar_perception_pkg/share/lidar_perception_pkg/package.dsv'
[3.348s] colcon.colcon_core.shell INFO Creating package script '/home/jsmoon/yax_jeju/install/lidar_perception_pkg/share/lidar_perception_pkg/package.sh'
[3.348s] colcon.colcon_core.shell INFO Creating package script '/home/jsmoon/yax_jeju/install/lidar_perception_pkg/share/lidar_perception_pkg/package.bash'
[3.349s] colcon.colcon_core.shell INFO Creating package script '/home/jsmoon/yax_jeju/install/lidar_perception_pkg/share/lidar_perception_pkg/package.zsh'
[3.349s] colcon.colcon_core.environment Level 1 create_file_with_runtime_dependencies(/home/jsmoon/yax_jeju/install/lidar_perception_pkg/share/colcon-core/packages/lidar_perception_pkg)
[3.354s] colcon.colcon_core.event_handler.log_command DEBUG Invoked command in '/home/jsmoon/yax_jeju/build/fix2nmea' returned '0': CMAKE_PREFIX_PATH=/home/jsmoon/yax_jeju/install/ublox_msgs:/home/jsmoon/yax_jeju/install/ublox_serialization:/home/jsmoon/yax_jeju/install/launch_pkg:/home/jsmoon/yax_jeju/install/ydlidar_ros2_driver:/home/jsmoon/yax_jeju/install/ublox:/home/jsmoon/yax_jeju/install/ublox_gps:/home/jsmoon/yax_jeju/install/fix2nmea:/home/jsmoon/yax_jeju/install/rtcm_msgs:/home/jsmoon/yax_jeju/install/interfaces_pkg:/home/jsmoon/ydlidar_ws/install/ydlidar_ros2_driver:/home/jsmoon/yax_jeju/install/my_custom_pkg:/home/jsmoon/yax_jeju/install/serial_communication_pkg:/home/jsmoon/yax_jeju/install/ntrip_client:/home/jsmoon/yax_jeju/install/lidar_perception_pkg:/home/jsmoon/yax_jeju/install/latlong_utm:/home/jsmoon/yax_jeju/install/decision_making_pkg:/home/jsmoon/yax_jeju/install/debug_pkg:/home/jsmoon/yax_jeju/install/camera_perception_pkg:/opt/ros/humble LD_LIBRARY_PATH=/home/jsmoon/yax_jeju/install/ublox_msgs/lib:/home/jsmoon/yax_jeju/install/ublox_gps/lib:/home/jsmoon/yax_jeju/install/rtcm_msgs/lib:/home/jsmoon/yax_jeju/install/interfaces_pkg/lib:/opt/ros/humble/opt/rviz_ogre_vendor/lib:/opt/ros/humble/lib/x86_64-linux-gnu:/opt/ros/humble/lib:/home/jsmoon/Desktop/JSMOON/MLCS/project1/Personalized-Adaptive-Cruise/external/acados/lib /usr/bin/cmake --build /home/jsmoon/yax_jeju/build/fix2nmea -- -j16 -l16
[3.356s] colcon.colcon_core.event_handler.log_command DEBUG Invoking command in '/home/jsmoon/yax_jeju/build/fix2nmea': CMAKE_PREFIX_PATH=/home/jsmoon/yax_jeju/install/ublox_msgs:/home/jsmoon/yax_jeju/install/ublox_serialization:/home/jsmoon/yax_jeju/install/launch_pkg:/home/jsmoon/yax_jeju/install/ydlidar_ros2_driver:/home/jsmoon/yax_jeju/install/ublox:/home/jsmoon/yax_jeju/install/ublox_gps:/home/jsmoon/yax_jeju/install/fix2nmea:/home/jsmoon/yax_jeju/install/rtcm_msgs:/home/jsmoon/yax_jeju/install/interfaces_pkg:/home/jsmoon/ydlidar_ws/install/ydlidar_ros2_driver:/home/jsmoon/yax_jeju/install/my_custom_pkg:/home/jsmoon/yax_jeju/install/serial_communication_pkg:/home/jsmoon/yax_jeju/install/ntrip_client:/home/jsmoon/yax_jeju/install/lidar_perception_pkg:/home/jsmoon/yax_jeju/install/latlong_utm:/home/jsmoon/yax_jeju/install/decision_making_pkg:/home/jsmoon/yax_jeju/install/debug_pkg:/home/jsmoon/yax_jeju/install/camera_perception_pkg:/opt/ros/humble LD_LIBRARY_PATH=/home/jsmoon/yax_jeju/install/ublox_msgs/lib:/home/jsmoon/yax_jeju/install/ublox_gps/lib:/home/jsmoon/yax_jeju/install/rtcm_msgs/lib:/home/jsmoon/yax_jeju/install/interfaces_pkg/lib:/opt/ros/humble/opt/rviz_ogre_vendor/lib:/opt/ros/humble/lib/x86_64-linux-gnu:/opt/ros/humble/lib:/home/jsmoon/Desktop/JSMOON/MLCS/project1/Personalized-Adaptive-Cruise/external/acados/lib /usr/bin/cmake --install /home/jsmoon/yax_jeju/build/fix2nmea
[3.378s] colcon.colcon_core.environment Level 1 create_environment_scripts_only(fix2nmea)
[3.379s] colcon.colcon_core.environment Level 1 checking '/home/jsmoon/yax_jeju/install/fix2nmea' for CMake module files
[3.379s] colcon.colcon_core.event_handler.log_command DEBUG Invoked command in '/home/jsmoon/yax_jeju/build/fix2nmea' returned '0': CMAKE_PREFIX_PATH=/home/jsmoon/yax_jeju/install/ublox_msgs:/home/jsmoon/yax_jeju/install/ublox_serialization:/home/jsmoon/yax_jeju/install/launch_pkg:/home/jsmoon/yax_jeju/install/ydlidar_ros2_driver:/home/jsmoon/yax_jeju/install/ublox:/home/jsmoon/yax_jeju/install/ublox_gps:/home/jsmoon/yax_jeju/install/fix2nmea:/home/jsmoon/yax_jeju/install/rtcm_msgs:/home/jsmoon/yax_jeju/install/interfaces_pkg:/home/jsmoon/ydlidar_ws/install/ydlidar_ros2_driver:/home/jsmoon/yax_jeju/install/my_custom_pkg:/home/jsmoon/yax_jeju/install/serial_communication_pkg:/home/jsmoon/yax_jeju/install/ntrip_client:/home/jsmoon/yax_jeju/install/lidar_perception_pkg:/home/jsmoon/yax_jeju/install/latlong_utm:/home/jsmoon/yax_jeju/install/decision_making_pkg:/home/jsmoon/yax_jeju/install/debug_pkg:/home/jsmoon/yax_jeju/install/camera_perception_pkg:/opt/ros/humble LD_LIBRARY_PATH=/home/jsmoon/yax_jeju/install/ublox_msgs/lib:/home/jsmoon/yax_jeju/install/ublox_gps/lib:/home/jsmoon/yax_jeju/install/rtcm_msgs/lib:/home/jsmoon/yax_jeju/install/interfaces_pkg/lib:/opt/ros/humble/opt/rviz_ogre_vendor/lib:/opt/ros/humble/lib/x86_64-linux-gnu:/opt/ros/humble/lib:/home/jsmoon/Desktop/JSMOON/MLCS/project1/Personalized-Adaptive-Cruise/external/acados/lib /usr/bin/cmake --install /home/jsmoon/yax_jeju/build/fix2nmea
[3.380s] colcon.colcon_core.environment Level 1 checking '/home/jsmoon/yax_jeju/install/fix2nmea' for CMake config files
[3.380s] colcon.colcon_core.shell Level 1 create_environment_hook('fix2nmea', 'cmake_prefix_path')
[3.380s] colcon.colcon_core.shell INFO Creating environment hook '/home/jsmoon/yax_jeju/install/fix2nmea/share/fix2nmea/hook/cmake_prefix_path.ps1'
[3.380s] colcon.colcon_core.shell INFO Creating environment descriptor '/home/jsmoon/yax_jeju/install/fix2nmea/share/fix2nmea/hook/cmake_prefix_path.dsv'
[3.381s] colcon.colcon_core.shell INFO Creating environment hook '/home/jsmoon/yax_jeju/install/fix2nmea/share/fix2nmea/hook/cmake_prefix_path.sh'
[3.381s] colcon.colcon_core.environment Level 1 checking '/home/jsmoon/yax_jeju/install/fix2nmea/lib'
[3.381s] colcon.colcon_core.environment Level 1 checking '/home/jsmoon/yax_jeju/install/fix2nmea/bin'
[3.381s] colcon.colcon_core.environment Level 1 checking '/home/jsmoon/yax_jeju/install/fix2nmea/lib/pkgconfig/fix2nmea.pc'
[3.381s] colcon.colcon_core.environment Level 1 checking '/home/jsmoon/yax_jeju/install/fix2nmea/lib/python3.10/site-packages'
[3.382s] colcon.colcon_core.environment Level 1 checking '/home/jsmoon/yax_jeju/install/fix2nmea/bin'
[3.382s] colcon.colcon_core.shell INFO Creating package script '/home/jsmoon/yax_jeju/install/fix2nmea/share/fix2nmea/package.ps1'
[3.382s] colcon.colcon_core.shell INFO Creating package descriptor '/home/jsmoon/yax_jeju/install/fix2nmea/share/fix2nmea/package.dsv'
[3.383s] colcon.colcon_core.shell INFO Creating package script '/home/jsmoon/yax_jeju/install/fix2nmea/share/fix2nmea/package.sh'
[3.383s] colcon.colcon_core.shell INFO Creating package script '/home/jsmoon/yax_jeju/install/fix2nmea/share/fix2nmea/package.bash'
[3.383s] colcon.colcon_core.shell INFO Creating package script '/home/jsmoon/yax_jeju/install/fix2nmea/share/fix2nmea/package.zsh'
[3.383s] colcon.colcon_core.environment Level 1 create_file_with_runtime_dependencies(/home/jsmoon/yax_jeju/install/fix2nmea/share/colcon-core/packages/fix2nmea)
[3.384s] colcon.colcon_core.environment Level 1 create_environment_scripts_only(fix2nmea)
[3.384s] colcon.colcon_core.environment Level 1 checking '/home/jsmoon/yax_jeju/install/fix2nmea' for CMake module files
[3.384s] colcon.colcon_core.environment Level 1 checking '/home/jsmoon/yax_jeju/install/fix2nmea' for CMake config files
[3.385s] colcon.colcon_core.shell Level 1 create_environment_hook('fix2nmea', 'cmake_prefix_path')
[3.385s] colcon.colcon_core.shell INFO Creating environment hook '/home/jsmoon/yax_jeju/install/fix2nmea/share/fix2nmea/hook/cmake_prefix_path.ps1'
[3.385s] colcon.colcon_core.shell INFO Creating environment descriptor '/home/jsmoon/yax_jeju/install/fix2nmea/share/fix2nmea/hook/cmake_prefix_path.dsv'
[3.385s] colcon.colcon_core.shell INFO Creating environment hook '/home/jsmoon/yax_jeju/install/fix2nmea/share/fix2nmea/hook/cmake_prefix_path.sh'
[3.386s] colcon.colcon_core.environment Level 1 checking '/home/jsmoon/yax_jeju/install/fix2nmea/lib'
[3.386s] colcon.colcon_core.environment Level 1 checking '/home/jsmoon/yax_jeju/install/fix2nmea/bin'
[3.386s] colcon.colcon_core.environment Level 1 checking '/home/jsmoon/yax_jeju/install/fix2nmea/lib/pkgconfig/fix2nmea.pc'
[3.386s] colcon.colcon_core.environment Level 1 checking '/home/jsmoon/yax_jeju/install/fix2nmea/lib/python3.10/site-packages'
[3.386s] colcon.colcon_core.environment Level 1 checking '/home/jsmoon/yax_jeju/install/fix2nmea/bin'
[3.387s] colcon.colcon_core.shell INFO Creating package script '/home/jsmoon/yax_jeju/install/fix2nmea/share/fix2nmea/package.ps1'
[3.387s] colcon.colcon_core.shell INFO Creating package descriptor '/home/jsmoon/yax_jeju/install/fix2nmea/share/fix2nmea/package.dsv'
[3.387s] colcon.colcon_core.shell INFO Creating package script '/home/jsmoon/yax_jeju/install/fix2nmea/share/fix2nmea/package.sh'
[3.388s] colcon.colcon_core.shell INFO Creating package script '/home/jsmoon/yax_jeju/install/fix2nmea/share/fix2nmea/package.bash'
[3.388s] colcon.colcon_core.shell INFO Creating package script '/home/jsmoon/yax_jeju/install/fix2nmea/share/fix2nmea/package.zsh'
[3.388s] colcon.colcon_core.environment Level 1 create_file_with_runtime_dependencies(/home/jsmoon/yax_jeju/install/fix2nmea/share/colcon-core/packages/fix2nmea)
[3.389s] colcon.colcon_core.shell Level 1 create_environment_hook('serial_communication_pkg', 'pythonpath_develop')
[3.389s] colcon.colcon_core.shell INFO Creating environment hook '/home/jsmoon/yax_jeju/build/serial_communication_pkg/share/serial_communication_pkg/hook/pythonpath_develop.ps1'
[3.389s] colcon.colcon_core.event_handler.log_command DEBUG Invoked command in '/home/jsmoon/yax_jeju/build/serial_communication_pkg' returned '0': PYTHONPATH=/home/jsmoon/yax_jeju/build/serial_communication_pkg/prefix_override:/usr/lib/python3/dist-packages/colcon_core/task/python/colcon_distutils_commands:/home/jsmoon/yax_jeju/install/serial_communication_pkg/lib/python3.10/site-packages:${PYTHONPATH} /usr/bin/python3 -W ignore:setup.py install is deprecated -W ignore:easy_install command is deprecated setup.py develop --editable --build-directory /home/jsmoon/yax_jeju/build/serial_communication_pkg/build --no-deps symlink_data
[3.390s] colcon.colcon_core.shell INFO Creating environment descriptor '/home/jsmoon/yax_jeju/build/serial_communication_pkg/share/serial_communication_pkg/hook/pythonpath_develop.dsv'
[3.390s] colcon.colcon_core.shell INFO Creating environment hook '/home/jsmoon/yax_jeju/build/serial_communication_pkg/share/serial_communication_pkg/hook/pythonpath_develop.sh'
[3.390s] colcon.colcon_core.environment Level 1 checking '/home/jsmoon/yax_jeju/install/serial_communication_pkg' for CMake module files
[3.391s] colcon.colcon_core.environment Level 1 checking '/home/jsmoon/yax_jeju/install/serial_communication_pkg' for CMake config files
[3.391s] colcon.colcon_core.environment Level 1 checking '/home/jsmoon/yax_jeju/install/serial_communication_pkg/lib'
[3.391s] colcon.colcon_core.environment Level 1 checking '/home/jsmoon/yax_jeju/install/serial_communication_pkg/bin'
[3.391s] colcon.colcon_core.environment Level 1 checking '/home/jsmoon/yax_jeju/install/serial_communication_pkg/lib/pkgconfig/serial_communication_pkg.pc'
[3.391s] colcon.colcon_core.environment Level 1 checking '/home/jsmoon/yax_jeju/install/serial_communication_pkg/lib/python3.10/site-packages'
[3.391s] colcon.colcon_core.shell Level 1 create_environment_hook('serial_communication_pkg', 'pythonpath')
[3.391s] colcon.colcon_core.shell INFO Creating environment hook '/home/jsmoon/yax_jeju/install/serial_communication_pkg/share/serial_communication_pkg/hook/pythonpath.ps1'
[3.392s] colcon.colcon_core.shell INFO Creating environment descriptor '/home/jsmoon/yax_jeju/install/serial_communication_pkg/share/serial_communication_pkg/hook/pythonpath.dsv'
[3.392s] colcon.colcon_core.shell INFO Creating environment hook '/home/jsmoon/yax_jeju/install/serial_communication_pkg/share/serial_communication_pkg/hook/pythonpath.sh'
[3.392s] colcon.colcon_core.environment Level 1 checking '/home/jsmoon/yax_jeju/install/serial_communication_pkg/bin'
[3.392s] colcon.colcon_core.environment Level 1 create_environment_scripts_only(serial_communication_pkg)
[3.393s] colcon.colcon_core.shell INFO Creating package script '/home/jsmoon/yax_jeju/install/serial_communication_pkg/share/serial_communication_pkg/package.ps1'
[3.393s] colcon.colcon_core.shell INFO Creating package descriptor '/home/jsmoon/yax_jeju/install/serial_communication_pkg/share/serial_communication_pkg/package.dsv'
[3.393s] colcon.colcon_core.shell INFO Creating package script '/home/jsmoon/yax_jeju/install/serial_communication_pkg/share/serial_communication_pkg/package.sh'
[3.393s] colcon.colcon_core.shell INFO Creating package script '/home/jsmoon/yax_jeju/install/serial_communication_pkg/share/serial_communication_pkg/package.bash'
[3.394s] colcon.colcon_core.shell INFO Creating package script '/home/jsmoon/yax_jeju/install/serial_communication_pkg/share/serial_communication_pkg/package.zsh'
[3.395s] colcon.colcon_core.environment Level 1 create_file_with_runtime_dependencies(/home/jsmoon/yax_jeju/install/serial_communication_pkg/share/colcon-core/packages/serial_communication_pkg)
[3.395s] colcon.colcon_core.shell Level 1 create_environment_hook('decision_making_pkg', 'pythonpath_develop')
[3.395s] colcon.colcon_core.shell INFO Creating environment hook '/home/jsmoon/yax_jeju/build/decision_making_pkg/share/decision_making_pkg/hook/pythonpath_develop.ps1'
[3.396s] colcon.colcon_core.event_handler.log_command DEBUG Invoked command in '/home/jsmoon/yax_jeju/build/decision_making_pkg' returned '0': PYTHONPATH=/home/jsmoon/yax_jeju/build/decision_making_pkg/prefix_override:/usr/lib/python3/dist-packages/colcon_core/task/python/colcon_distutils_commands:/home/jsmoon/yax_jeju/install/decision_making_pkg/lib/python3.10/site-packages:${PYTHONPATH} /usr/bin/python3 -W ignore:setup.py install is deprecated -W ignore:easy_install command is deprecated setup.py develop --editable --build-directory /home/jsmoon/yax_jeju/build/decision_making_pkg/build --no-deps symlink_data
[3.396s] colcon.colcon_core.shell INFO Creating environment descriptor '/home/jsmoon/yax_jeju/build/decision_making_pkg/share/decision_making_pkg/hook/pythonpath_develop.dsv'
[3.396s] colcon.colcon_core.shell INFO Creating environment hook '/home/jsmoon/yax_jeju/build/decision_making_pkg/share/decision_making_pkg/hook/pythonpath_develop.sh'
[3.397s] colcon.colcon_core.environment Level 1 checking '/home/jsmoon/yax_jeju/install/decision_making_pkg' for CMake module files
[3.397s] colcon.colcon_core.environment Level 1 checking '/home/jsmoon/yax_jeju/install/decision_making_pkg' for CMake config files
[3.397s] colcon.colcon_core.environment Level 1 checking '/home/jsmoon/yax_jeju/install/decision_making_pkg/lib'
[3.397s] colcon.colcon_core.environment Level 1 checking '/home/jsmoon/yax_jeju/install/decision_making_pkg/bin'
[3.398s] colcon.colcon_core.environment Level 1 checking '/home/jsmoon/yax_jeju/install/decision_making_pkg/lib/pkgconfig/decision_making_pkg.pc'
[3.398s] colcon.colcon_core.environment Level 1 checking '/home/jsmoon/yax_jeju/install/decision_making_pkg/lib/python3.10/site-packages'
[3.398s] colcon.colcon_core.shell Level 1 create_environment_hook('decision_making_pkg', 'pythonpath')
[3.398s] colcon.colcon_core.shell INFO Creating environment hook '/home/jsmoon/yax_jeju/install/decision_making_pkg/share/decision_making_pkg/hook/pythonpath.ps1'
[3.398s] colcon.colcon_core.shell INFO Creating environment descriptor '/home/jsmoon/yax_jeju/install/decision_making_pkg/share/decision_making_pkg/hook/pythonpath.dsv'
[3.398s] colcon.colcon_core.shell INFO Creating environment hook '/home/jsmoon/yax_jeju/install/decision_making_pkg/share/decision_making_pkg/hook/pythonpath.sh'
[3.399s] colcon.colcon_core.environment Level 1 checking '/home/jsmoon/yax_jeju/install/decision_making_pkg/bin'
[3.399s] colcon.colcon_core.environment Level 1 create_environment_scripts_only(decision_making_pkg)
[3.399s] colcon.colcon_core.shell INFO Creating package script '/home/jsmoon/yax_jeju/install/decision_making_pkg/share/decision_making_pkg/package.ps1'
[3.399s] colcon.colcon_core.shell INFO Creating package descriptor '/home/jsmoon/yax_jeju/install/decision_making_pkg/share/decision_making_pkg/package.dsv'
[3.400s] colcon.colcon_core.shell INFO Creating package script '/home/jsmoon/yax_jeju/install/decision_making_pkg/share/decision_making_pkg/package.sh'
[3.400s] colcon.colcon_core.shell INFO Creating package script '/home/jsmoon/yax_jeju/install/decision_making_pkg/share/decision_making_pkg/package.bash'
[3.400s] colcon.colcon_core.shell INFO Creating package script '/home/jsmoon/yax_jeju/install/decision_making_pkg/share/decision_making_pkg/package.zsh'
[3.400s] colcon.colcon_core.environment Level 1 create_file_with_runtime_dependencies(/home/jsmoon/yax_jeju/install/decision_making_pkg/share/colcon-core/packages/decision_making_pkg)
[3.414s] colcon.colcon_core.event_handler.log_command DEBUG Invoked command in '/home/jsmoon/yax_jeju/build/ublox_gps' returned '0': CMAKE_PREFIX_PATH=/home/jsmoon/yax_jeju/install/ublox_msgs:/home/jsmoon/yax_jeju/install/ublox_serialization:/home/jsmoon/yax_jeju/install/rtcm_msgs:/home/jsmoon/yax_jeju/install/launch_pkg:/home/jsmoon/yax_jeju/install/ydlidar_ros2_driver:/home/jsmoon/yax_jeju/install/ublox:/home/jsmoon/yax_jeju/install/ublox_gps:/home/jsmoon/yax_jeju/install/fix2nmea:/home/jsmoon/yax_jeju/install/interfaces_pkg:/home/jsmoon/ydlidar_ws/install/ydlidar_ros2_driver:/home/jsmoon/yax_jeju/install/my_custom_pkg:/home/jsmoon/yax_jeju/install/serial_communication_pkg:/home/jsmoon/yax_jeju/install/ntrip_client:/home/jsmoon/yax_jeju/install/lidar_perception_pkg:/home/jsmoon/yax_jeju/install/latlong_utm:/home/jsmoon/yax_jeju/install/decision_making_pkg:/home/jsmoon/yax_jeju/install/debug_pkg:/home/jsmoon/yax_jeju/install/camera_perception_pkg:/opt/ros/humble LD_LIBRARY_PATH=/home/jsmoon/yax_jeju/install/ublox_msgs/lib:/home/jsmoon/yax_jeju/install/rtcm_msgs/lib:/home/jsmoon/yax_jeju/install/ublox_gps/lib:/home/jsmoon/yax_jeju/install/interfaces_pkg/lib:/opt/ros/humble/opt/rviz_ogre_vendor/lib:/opt/ros/humble/lib/x86_64-linux-gnu:/opt/ros/humble/lib:/home/jsmoon/Desktop/JSMOON/MLCS/project1/Personalized-Adaptive-Cruise/external/acados/lib /usr/bin/cmake --build /home/jsmoon/yax_jeju/build/ublox_gps -- -j16 -l16
[3.416s] colcon.colcon_core.event_handler.log_command DEBUG Invoking command in '/home/jsmoon/yax_jeju/build/ublox_gps': CMAKE_PREFIX_PATH=/home/jsmoon/yax_jeju/install/ublox_msgs:/home/jsmoon/yax_jeju/install/ublox_serialization:/home/jsmoon/yax_jeju/install/rtcm_msgs:/home/jsmoon/yax_jeju/install/launch_pkg:/home/jsmoon/yax_jeju/install/ydlidar_ros2_driver:/home/jsmoon/yax_jeju/install/ublox:/home/jsmoon/yax_jeju/install/ublox_gps:/home/jsmoon/yax_jeju/install/fix2nmea:/home/jsmoon/yax_jeju/install/interfaces_pkg:/home/jsmoon/ydlidar_ws/install/ydlidar_ros2_driver:/home/jsmoon/yax_jeju/install/my_custom_pkg:/home/jsmoon/yax_jeju/install/serial_communication_pkg:/home/jsmoon/yax_jeju/install/ntrip_client:/home/jsmoon/yax_jeju/install/lidar_perception_pkg:/home/jsmoon/yax_jeju/install/latlong_utm:/home/jsmoon/yax_jeju/install/decision_making_pkg:/home/jsmoon/yax_jeju/install/debug_pkg:/home/jsmoon/yax_jeju/install/camera_perception_pkg:/opt/ros/humble LD_LIBRARY_PATH=/home/jsmoon/yax_jeju/install/ublox_msgs/lib:/home/jsmoon/yax_jeju/install/rtcm_msgs/lib:/home/jsmoon/yax_jeju/install/ublox_gps/lib:/home/jsmoon/yax_jeju/install/interfaces_pkg/lib:/opt/ros/humble/opt/rviz_ogre_vendor/lib:/opt/ros/humble/lib/x86_64-linux-gnu:/opt/ros/humble/lib:/home/jsmoon/Desktop/JSMOON/MLCS/project1/Personalized-Adaptive-Cruise/external/acados/lib /usr/bin/cmake --install /home/jsmoon/yax_jeju/build/ublox_gps
[3.442s] colcon.colcon_core.environment Level 1 create_environment_scripts_only(ublox_gps)
[3.442s] colcon.colcon_core.environment Level 1 checking '/home/jsmoon/yax_jeju/install/ublox_gps' for CMake module files
[3.443s] colcon.colcon_core.event_handler.log_command DEBUG Invoked command in '/home/jsmoon/yax_jeju/build/ublox_gps' returned '0': CMAKE_PREFIX_PATH=/home/jsmoon/yax_jeju/install/ublox_msgs:/home/jsmoon/yax_jeju/install/ublox_serialization:/home/jsmoon/yax_jeju/install/rtcm_msgs:/home/jsmoon/yax_jeju/install/launch_pkg:/home/jsmoon/yax_jeju/install/ydlidar_ros2_driver:/home/jsmoon/yax_jeju/install/ublox:/home/jsmoon/yax_jeju/install/ublox_gps:/home/jsmoon/yax_jeju/install/fix2nmea:/home/jsmoon/yax_jeju/install/interfaces_pkg:/home/jsmoon/ydlidar_ws/install/ydlidar_ros2_driver:/home/jsmoon/yax_jeju/install/my_custom_pkg:/home/jsmoon/yax_jeju/install/serial_communication_pkg:/home/jsmoon/yax_jeju/install/ntrip_client:/home/jsmoon/yax_jeju/install/lidar_perception_pkg:/home/jsmoon/yax_jeju/install/latlong_utm:/home/jsmoon/yax_jeju/install/decision_making_pkg:/home/jsmoon/yax_jeju/install/debug_pkg:/home/jsmoon/yax_jeju/install/camera_perception_pkg:/opt/ros/humble LD_LIBRARY_PATH=/home/jsmoon/yax_jeju/install/ublox_msgs/lib:/home/jsmoon/yax_jeju/install/rtcm_msgs/lib:/home/jsmoon/yax_jeju/install/ublox_gps/lib:/home/jsmoon/yax_jeju/install/interfaces_pkg/lib:/opt/ros/humble/opt/rviz_ogre_vendor/lib:/opt/ros/humble/lib/x86_64-linux-gnu:/opt/ros/humble/lib:/home/jsmoon/Desktop/JSMOON/MLCS/project1/Personalized-Adaptive-Cruise/external/acados/lib /usr/bin/cmake --install /home/jsmoon/yax_jeju/build/ublox_gps
[3.443s] colcon.colcon_core.environment Level 1 checking '/home/jsmoon/yax_jeju/install/ublox_gps' for CMake config files
[3.443s] colcon.colcon_core.shell Level 1 create_environment_hook('ublox_gps', 'cmake_prefix_path')
[3.444s] colcon.colcon_core.shell INFO Creating environment hook '/home/jsmoon/yax_jeju/install/ublox_gps/share/ublox_gps/hook/cmake_prefix_path.ps1'
[3.444s] colcon.colcon_core.shell INFO Creating environment descriptor '/home/jsmoon/yax_jeju/install/ublox_gps/share/ublox_gps/hook/cmake_prefix_path.dsv'
[3.444s] colcon.colcon_core.shell INFO Creating environment hook '/home/jsmoon/yax_jeju/install/ublox_gps/share/ublox_gps/hook/cmake_prefix_path.sh'
[3.445s] colcon.colcon_core.environment Level 1 checking '/home/jsmoon/yax_jeju/install/ublox_gps/lib'
[3.445s] colcon.colcon_core.shell Level 1 create_environment_hook('ublox_gps', 'ld_library_path_lib')
[3.445s] colcon.colcon_core.shell INFO Creating environment hook '/home/jsmoon/yax_jeju/install/ublox_gps/share/ublox_gps/hook/ld_library_path_lib.ps1'
[3.445s] colcon.colcon_core.shell INFO Creating environment descriptor '/home/jsmoon/yax_jeju/install/ublox_gps/share/ublox_gps/hook/ld_library_path_lib.dsv'
[3.445s] colcon.colcon_core.shell INFO Creating environment hook '/home/jsmoon/yax_jeju/install/ublox_gps/share/ublox_gps/hook/ld_library_path_lib.sh'
[3.446s] colcon.colcon_core.environment Level 1 checking '/home/jsmoon/yax_jeju/install/ublox_gps/bin'
[3.446s] colcon.colcon_core.environment Level 1 checking '/home/jsmoon/yax_jeju/install/ublox_gps/lib/pkgconfig/ublox_gps.pc'
[3.446s] colcon.colcon_core.environment Level 1 checking '/home/jsmoon/yax_jeju/install/ublox_gps/lib/python3.10/site-packages'
[3.446s] colcon.colcon_core.environment Level 1 checking '/home/jsmoon/yax_jeju/install/ublox_gps/bin'
[3.446s] colcon.colcon_core.shell INFO Creating package script '/home/jsmoon/yax_jeju/install/ublox_gps/share/ublox_gps/package.ps1'
[3.446s] colcon.colcon_core.shell INFO Creating package descriptor '/home/jsmoon/yax_jeju/install/ublox_gps/share/ublox_gps/package.dsv'
[3.447s] colcon.colcon_core.shell INFO Creating package script '/home/jsmoon/yax_jeju/install/ublox_gps/share/ublox_gps/package.sh'
[3.447s] colcon.colcon_core.shell INFO Creating package script '/home/jsmoon/yax_jeju/install/ublox_gps/share/ublox_gps/package.bash'
[3.447s] colcon.colcon_core.shell INFO Creating package script '/home/jsmoon/yax_jeju/install/ublox_gps/share/ublox_gps/package.zsh'
[3.447s] colcon.colcon_core.environment Level 1 create_file_with_runtime_dependencies(/home/jsmoon/yax_jeju/install/ublox_gps/share/colcon-core/packages/ublox_gps)
[3.448s] colcon.colcon_core.environment Level 1 create_environment_scripts_only(ublox_gps)
[3.448s] colcon.colcon_core.environment Level 1 checking '/home/jsmoon/yax_jeju/install/ublox_gps' for CMake module files
[3.448s] colcon.colcon_core.environment Level 1 checking '/home/jsmoon/yax_jeju/install/ublox_gps' for CMake config files
[3.449s] colcon.colcon_core.shell Level 1 create_environment_hook('ublox_gps', 'cmake_prefix_path')
[3.449s] colcon.colcon_core.shell INFO Creating environment hook '/home/jsmoon/yax_jeju/install/ublox_gps/share/ublox_gps/hook/cmake_prefix_path.ps1'
[3.449s] colcon.colcon_core.shell INFO Creating environment descriptor '/home/jsmoon/yax_jeju/install/ublox_gps/share/ublox_gps/hook/cmake_prefix_path.dsv'
[3.449s] colcon.colcon_core.shell INFO Creating environment hook '/home/jsmoon/yax_jeju/install/ublox_gps/share/ublox_gps/hook/cmake_prefix_path.sh'
[3.449s] colcon.colcon_core.environment Level 1 checking '/home/jsmoon/yax_jeju/install/ublox_gps/lib'
[3.450s] colcon.colcon_core.shell Level 1 create_environment_hook('ublox_gps', 'ld_library_path_lib')
[3.450s] colcon.colcon_core.shell INFO Creating environment hook '/home/jsmoon/yax_jeju/install/ublox_gps/share/ublox_gps/hook/ld_library_path_lib.ps1'
[3.450s] colcon.colcon_core.shell INFO Creating environment descriptor '/home/jsmoon/yax_jeju/install/ublox_gps/share/ublox_gps/hook/ld_library_path_lib.dsv'
[3.450s] colcon.colcon_core.shell INFO Creating environment hook '/home/jsmoon/yax_jeju/install/ublox_gps/share/ublox_gps/hook/ld_library_path_lib.sh'
[3.450s] colcon.colcon_core.environment Level 1 checking '/home/jsmoon/yax_jeju/install/ublox_gps/bin'
[3.450s] colcon.colcon_core.environment Level 1 checking '/home/jsmoon/yax_jeju/install/ublox_gps/lib/pkgconfig/ublox_gps.pc'
[3.450s] colcon.colcon_core.environment Level 1 checking '/home/jsmoon/yax_jeju/install/ublox_gps/lib/python3.10/site-packages'
[3.451s] colcon.colcon_core.environment Level 1 checking '/home/jsmoon/yax_jeju/install/ublox_gps/bin'
[3.451s] colcon.colcon_core.shell INFO Creating package script '/home/jsmoon/yax_jeju/install/ublox_gps/share/ublox_gps/package.ps1'
[3.451s] colcon.colcon_core.shell INFO Creating package descriptor '/home/jsmoon/yax_jeju/install/ublox_gps/share/ublox_gps/package.dsv'
[3.451s] colcon.colcon_core.shell INFO Creating package script '/home/jsmoon/yax_jeju/install/ublox_gps/share/ublox_gps/package.sh'
[3.452s] colcon.colcon_core.shell INFO Creating package script '/home/jsmoon/yax_jeju/install/ublox_gps/share/ublox_gps/package.bash'
[3.452s] colcon.colcon_core.shell INFO Creating package script '/home/jsmoon/yax_jeju/install/ublox_gps/share/ublox_gps/package.zsh'
[3.452s] colcon.colcon_core.environment Level 1 create_file_with_runtime_dependencies(/home/jsmoon/yax_jeju/install/ublox_gps/share/colcon-core/packages/ublox_gps)
[3.453s] colcon.colcon_ros.task.ament_python.build INFO Building ROS package in '/home/jsmoon/yax_jeju/src/my_custom_pkg' with build type 'ament_python'
[3.453s] colcon.colcon_core.shell Level 1 create_environment_hook('my_custom_pkg', 'ament_prefix_path')
[3.453s] colcon.colcon_core.shell INFO Creating environment hook '/home/jsmoon/yax_jeju/install/my_custom_pkg/share/my_custom_pkg/hook/ament_prefix_path.ps1'
[3.453s] colcon.colcon_core.shell INFO Creating environment descriptor '/home/jsmoon/yax_jeju/install/my_custom_pkg/share/my_custom_pkg/hook/ament_prefix_path.dsv'
[3.454s] colcon.colcon_core.shell INFO Creating environment hook '/home/jsmoon/yax_jeju/install/my_custom_pkg/share/my_custom_pkg/hook/ament_prefix_path.sh'
[3.454s] colcon.colcon_core.shell INFO Skip shell extension 'powershell' for command environment: Not usable outside of PowerShell
[3.454s] colcon.colcon_core.shell DEBUG Skip shell extension 'dsv' for command environment
[3.458s] colcon.colcon_ros.task.ament_cmake.build INFO Building ROS package in '/home/jsmoon/yax_jeju/src/RTK_GPS_NTRIP/ublox' with build type 'ament_cmake'
[3.458s] colcon.colcon_cmake.task.cmake.build INFO Building CMake package in '/home/jsmoon/yax_jeju/src/RTK_GPS_NTRIP/ublox'
[3.458s] colcon.colcon_core.shell INFO Skip shell extension 'powershell' for command environment: Not usable outside of PowerShell
[3.458s] colcon.colcon_core.shell DEBUG Skip shell extension 'dsv' for command environment
[3.472s] colcon.colcon_core.event_handler.log_command DEBUG Invoking command in '/home/jsmoon/yax_jeju/build/ublox': CMAKE_PREFIX_PATH=/home/jsmoon/yax_jeju/install/ublox_gps:/home/jsmoon/yax_jeju/install/ublox_msgs:/home/jsmoon/yax_jeju/install/ublox_serialization:/home/jsmoon/yax_jeju/install/rtcm_msgs:/home/jsmoon/yax_jeju/install/launch_pkg:/home/jsmoon/yax_jeju/install/ydlidar_ros2_driver:/home/jsmoon/yax_jeju/install/ublox:/home/jsmoon/yax_jeju/install/fix2nmea:/home/jsmoon/yax_jeju/install/interfaces_pkg:/home/jsmoon/ydlidar_ws/install/ydlidar_ros2_driver:/home/jsmoon/yax_jeju/install/my_custom_pkg:/home/jsmoon/yax_jeju/install/serial_communication_pkg:/home/jsmoon/yax_jeju/install/ntrip_client:/home/jsmoon/yax_jeju/install/lidar_perception_pkg:/home/jsmoon/yax_jeju/install/latlong_utm:/home/jsmoon/yax_jeju/install/decision_making_pkg:/home/jsmoon/yax_jeju/install/debug_pkg:/home/jsmoon/yax_jeju/install/camera_perception_pkg:/opt/ros/humble LD_LIBRARY_PATH=/home/jsmoon/yax_jeju/install/ublox_gps/lib:/home/jsmoon/yax_jeju/install/ublox_msgs/lib:/home/jsmoon/yax_jeju/install/rtcm_msgs/lib:/home/jsmoon/yax_jeju/install/interfaces_pkg/lib:/opt/ros/humble/opt/rviz_ogre_vendor/lib:/opt/ros/humble/lib/x86_64-linux-gnu:/opt/ros/humble/lib:/home/jsmoon/Desktop/JSMOON/MLCS/project1/Personalized-Adaptive-Cruise/external/acados/lib /usr/bin/cmake --build /home/jsmoon/yax_jeju/build/ublox -- -j16 -l16
[3.700s] colcon.colcon_core.task.python.build INFO Building Python package in '/home/jsmoon/yax_jeju/src/my_custom_pkg'
[3.700s] colcon.colcon_core.shell INFO Skip shell extension 'powershell' for command environment: Not usable outside of PowerShell
[3.700s] colcon.colcon_core.shell DEBUG Skip shell extension 'dsv' for command environment
[3.705s] colcon.colcon_core.event_handler.log_command DEBUG Invoked command in '/home/jsmoon/yax_jeju/build/ublox' returned '0': CMAKE_PREFIX_PATH=/home/jsmoon/yax_jeju/install/ublox_gps:/home/jsmoon/yax_jeju/install/ublox_msgs:/home/jsmoon/yax_jeju/install/ublox_serialization:/home/jsmoon/yax_jeju/install/rtcm_msgs:/home/jsmoon/yax_jeju/install/launch_pkg:/home/jsmoon/yax_jeju/install/ydlidar_ros2_driver:/home/jsmoon/yax_jeju/install/ublox:/home/jsmoon/yax_jeju/install/fix2nmea:/home/jsmoon/yax_jeju/install/interfaces_pkg:/home/jsmoon/ydlidar_ws/install/ydlidar_ros2_driver:/home/jsmoon/yax_jeju/install/my_custom_pkg:/home/jsmoon/yax_jeju/install/serial_communication_pkg:/home/jsmoon/yax_jeju/install/ntrip_client:/home/jsmoon/yax_jeju/install/lidar_perception_pkg:/home/jsmoon/yax_jeju/install/latlong_utm:/home/jsmoon/yax_jeju/install/decision_making_pkg:/home/jsmoon/yax_jeju/install/debug_pkg:/home/jsmoon/yax_jeju/install/camera_perception_pkg:/opt/ros/humble LD_LIBRARY_PATH=/home/jsmoon/yax_jeju/install/ublox_gps/lib:/home/jsmoon/yax_jeju/install/ublox_msgs/lib:/home/jsmoon/yax_jeju/install/rtcm_msgs/lib:/home/jsmoon/yax_jeju/install/interfaces_pkg/lib:/opt/ros/humble/opt/rviz_ogre_vendor/lib:/opt/ros/humble/lib/x86_64-linux-gnu:/opt/ros/humble/lib:/home/jsmoon/Desktop/JSMOON/MLCS/project1/Personalized-Adaptive-Cruise/external/acados/lib /usr/bin/cmake --build /home/jsmoon/yax_jeju/build/ublox -- -j16 -l16
[3.706s] colcon.colcon_core.event_handler.log_command DEBUG Invoking command in '/home/jsmoon/yax_jeju/build/ublox': CMAKE_PREFIX_PATH=/home/jsmoon/yax_jeju/install/ublox_gps:/home/jsmoon/yax_jeju/install/ublox_msgs:/home/jsmoon/yax_jeju/install/ublox_serialization:/home/jsmoon/yax_jeju/install/rtcm_msgs:/home/jsmoon/yax_jeju/install/launch_pkg:/home/jsmoon/yax_jeju/install/ydlidar_ros2_driver:/home/jsmoon/yax_jeju/install/ublox:/home/jsmoon/yax_jeju/install/fix2nmea:/home/jsmoon/yax_jeju/install/interfaces_pkg:/home/jsmoon/ydlidar_ws/install/ydlidar_ros2_driver:/home/jsmoon/yax_jeju/install/my_custom_pkg:/home/jsmoon/yax_jeju/install/serial_communication_pkg:/home/jsmoon/yax_jeju/install/ntrip_client:/home/jsmoon/yax_jeju/install/lidar_perception_pkg:/home/jsmoon/yax_jeju/install/latlong_utm:/home/jsmoon/yax_jeju/install/decision_making_pkg:/home/jsmoon/yax_jeju/install/debug_pkg:/home/jsmoon/yax_jeju/install/camera_perception_pkg:/opt/ros/humble LD_LIBRARY_PATH=/home/jsmoon/yax_jeju/install/ublox_gps/lib:/home/jsmoon/yax_jeju/install/ublox_msgs/lib:/home/jsmoon/yax_jeju/install/rtcm_msgs/lib:/home/jsmoon/yax_jeju/install/interfaces_pkg/lib:/opt/ros/humble/opt/rviz_ogre_vendor/lib:/opt/ros/humble/lib/x86_64-linux-gnu:/opt/ros/humble/lib:/home/jsmoon/Desktop/JSMOON/MLCS/project1/Personalized-Adaptive-Cruise/external/acados/lib /usr/bin/cmake --install /home/jsmoon/yax_jeju/build/ublox
[3.725s] colcon.colcon_core.environment Level 1 create_environment_scripts_only(ublox)
[3.726s] colcon.colcon_core.environment Level 1 checking '/home/jsmoon/yax_jeju/install/ublox' for CMake module files
[3.726s] colcon.colcon_core.event_handler.log_command DEBUG Invoked command in '/home/jsmoon/yax_jeju/build/ublox' returned '0': CMAKE_PREFIX_PATH=/home/jsmoon/yax_jeju/install/ublox_gps:/home/jsmoon/yax_jeju/install/ublox_msgs:/home/jsmoon/yax_jeju/install/ublox_serialization:/home/jsmoon/yax_jeju/install/rtcm_msgs:/home/jsmoon/yax_jeju/install/launch_pkg:/home/jsmoon/yax_jeju/install/ydlidar_ros2_driver:/home/jsmoon/yax_jeju/install/ublox:/home/jsmoon/yax_jeju/install/fix2nmea:/home/jsmoon/yax_jeju/install/interfaces_pkg:/home/jsmoon/ydlidar_ws/install/ydlidar_ros2_driver:/home/jsmoon/yax_jeju/install/my_custom_pkg:/home/jsmoon/yax_jeju/install/serial_communication_pkg:/home/jsmoon/yax_jeju/install/ntrip_client:/home/jsmoon/yax_jeju/install/lidar_perception_pkg:/home/jsmoon/yax_jeju/install/latlong_utm:/home/jsmoon/yax_jeju/install/decision_making_pkg:/home/jsmoon/yax_jeju/install/debug_pkg:/home/jsmoon/yax_jeju/install/camera_perception_pkg:/opt/ros/humble LD_LIBRARY_PATH=/home/jsmoon/yax_jeju/install/ublox_gps/lib:/home/jsmoon/yax_jeju/install/ublox_msgs/lib:/home/jsmoon/yax_jeju/install/rtcm_msgs/lib:/home/jsmoon/yax_jeju/install/interfaces_pkg/lib:/opt/ros/humble/opt/rviz_ogre_vendor/lib:/opt/ros/humble/lib/x86_64-linux-gnu:/opt/ros/humble/lib:/home/jsmoon/Desktop/JSMOON/MLCS/project1/Personalized-Adaptive-Cruise/external/acados/lib /usr/bin/cmake --install /home/jsmoon/yax_jeju/build/ublox
[3.726s] colcon.colcon_core.environment Level 1 checking '/home/jsmoon/yax_jeju/install/ublox' for CMake config files
[3.726s] colcon.colcon_core.shell Level 1 create_environment_hook('ublox', 'cmake_prefix_path')
[3.727s] colcon.colcon_core.shell INFO Creating environment hook '/home/jsmoon/yax_jeju/install/ublox/share/ublox/hook/cmake_prefix_path.ps1'
[3.727s] colcon.colcon_core.shell INFO Creating environment descriptor '/home/jsmoon/yax_jeju/install/ublox/share/ublox/hook/cmake_prefix_path.dsv'
[3.727s] colcon.colcon_core.shell INFO Creating environment hook '/home/jsmoon/yax_jeju/install/ublox/share/ublox/hook/cmake_prefix_path.sh'
[3.728s] colcon.colcon_core.environment Level 1 checking '/home/jsmoon/yax_jeju/install/ublox/bin'
[3.728s] colcon.colcon_core.environment Level 1 checking '/home/jsmoon/yax_jeju/install/ublox/lib/pkgconfig/ublox.pc'
[3.728s] colcon.colcon_core.environment Level 1 checking '/home/jsmoon/yax_jeju/install/ublox/lib/python3.10/site-packages'
[3.728s] colcon.colcon_core.environment Level 1 checking '/home/jsmoon/yax_jeju/install/ublox/bin'
[3.728s] colcon.colcon_core.shell INFO Creating package script '/home/jsmoon/yax_jeju/install/ublox/share/ublox/package.ps1'
[3.729s] colcon.colcon_core.shell INFO Creating package descriptor '/home/jsmoon/yax_jeju/install/ublox/share/ublox/package.dsv'
[3.729s] colcon.colcon_core.shell INFO Creating package script '/home/jsmoon/yax_jeju/install/ublox/share/ublox/package.sh'
[3.729s] colcon.colcon_core.shell INFO Creating package script '/home/jsmoon/yax_jeju/install/ublox/share/ublox/package.bash'
[3.729s] colcon.colcon_core.shell INFO Creating package script '/home/jsmoon/yax_jeju/install/ublox/share/ublox/package.zsh'
[3.730s] colcon.colcon_core.environment Level 1 create_file_with_runtime_dependencies(/home/jsmoon/yax_jeju/install/ublox/share/colcon-core/packages/ublox)
[3.730s] colcon.colcon_core.environment Level 1 create_environment_scripts_only(ublox)
[3.730s] colcon.colcon_core.environment Level 1 checking '/home/jsmoon/yax_jeju/install/ublox' for CMake module files
[3.730s] colcon.colcon_core.environment Level 1 checking '/home/jsmoon/yax_jeju/install/ublox' for CMake config files
[3.731s] colcon.colcon_core.shell Level 1 create_environment_hook('ublox', 'cmake_prefix_path')
[3.731s] colcon.colcon_core.shell INFO Creating environment hook '/home/jsmoon/yax_jeju/install/ublox/share/ublox/hook/cmake_prefix_path.ps1'
[3.731s] colcon.colcon_core.shell INFO Creating environment descriptor '/home/jsmoon/yax_jeju/install/ublox/share/ublox/hook/cmake_prefix_path.dsv'
[3.731s] colcon.colcon_core.shell INFO Creating environment hook '/home/jsmoon/yax_jeju/install/ublox/share/ublox/hook/cmake_prefix_path.sh'
[3.732s] colcon.colcon_core.environment Level 1 checking '/home/jsmoon/yax_jeju/install/ublox/bin'
[3.732s] colcon.colcon_core.environment Level 1 checking '/home/jsmoon/yax_jeju/install/ublox/lib/pkgconfig/ublox.pc'
[3.732s] colcon.colcon_core.environment Level 1 checking '/home/jsmoon/yax_jeju/install/ublox/lib/python3.10/site-packages'
[3.732s] colcon.colcon_core.environment Level 1 checking '/home/jsmoon/yax_jeju/install/ublox/bin'
[3.733s] colcon.colcon_core.shell INFO Creating package script '/home/jsmoon/yax_jeju/install/ublox/share/ublox/package.ps1'
[3.733s] colcon.colcon_core.shell INFO Creating package descriptor '/home/jsmoon/yax_jeju/install/ublox/share/ublox/package.dsv'
[3.733s] colcon.colcon_core.shell INFO Creating package script '/home/jsmoon/yax_jeju/install/ublox/share/ublox/package.sh'
[3.734s] colcon.colcon_core.shell INFO Creating package script '/home/jsmoon/yax_jeju/install/ublox/share/ublox/package.bash'
[3.734s] colcon.colcon_core.shell INFO Creating package script '/home/jsmoon/yax_jeju/install/ublox/share/ublox/package.zsh'
[3.734s] colcon.colcon_core.environment Level 1 create_file_with_runtime_dependencies(/home/jsmoon/yax_jeju/install/ublox/share/colcon-core/packages/ublox)
[4.019s] colcon.colcon_core.event_handler.log_command DEBUG Invoking command in '/home/jsmoon/yax_jeju/build/my_custom_pkg': AMENT_PREFIX_PATH=/home/jsmoon/yax_jeju/install/serial_communication_pkg:/home/jsmoon/yax_jeju/install/decision_making_pkg:/home/jsmoon/yax_jeju/install/camera_perception_pkg:/home/jsmoon/yax_jeju/install/launch_pkg:/home/jsmoon/yax_jeju/install/my_custom_pkg:/home/jsmoon/yax_jeju/install/ydlidar_ros2_driver:/home/jsmoon/yax_jeju/install/ublox:/home/jsmoon/yax_jeju/install/ublox_gps:/home/jsmoon/yax_jeju/install/fix2nmea:/home/jsmoon/yax_jeju/install/ublox_msgs:/home/jsmoon/yax_jeju/install/ublox_serialization:/home/jsmoon/yax_jeju/install/rtcm_msgs:/home/jsmoon/yax_jeju/install/ntrip_client:/home/jsmoon/yax_jeju/install/lidar_perception_pkg:/home/jsmoon/yax_jeju/install/latlong_utm:/home/jsmoon/yax_jeju/install/interfaces_pkg:/home/jsmoon/yax_jeju/install/debug_pkg:/home/jsmoon/ydlidar_ws/install/ydlidar_ros2_driver:/opt/ros/humble CMAKE_PREFIX_PATH=/home/jsmoon/yax_jeju/install/ublox_gps:/home/jsmoon/yax_jeju/install/fix2nmea:/home/jsmoon/yax_jeju/install/ublox_msgs:/home/jsmoon/yax_jeju/install/ydlidar_ros2_driver:/home/jsmoon/yax_jeju/install/ublox_serialization:/home/jsmoon/yax_jeju/install/rtcm_msgs:/home/jsmoon/yax_jeju/install/interfaces_pkg:/home/jsmoon/yax_jeju/install/launch_pkg:/home/jsmoon/yax_jeju/install/ublox:/home/jsmoon/ydlidar_ws/install/ydlidar_ros2_driver LD_LIBRARY_PATH=/home/jsmoon/yax_jeju/install/ublox_gps/lib:/home/jsmoon/yax_jeju/install/ublox_msgs/lib:/home/jsmoon/yax_jeju/install/rtcm_msgs/lib:/home/jsmoon/yax_jeju/install/interfaces_pkg/lib:/opt/ros/humble/opt/rviz_ogre_vendor/lib:/opt/ros/humble/lib/x86_64-linux-gnu:/opt/ros/humble/lib:/home/jsmoon/Desktop/JSMOON/MLCS/project1/Personalized-Adaptive-Cruise/external/acados/lib PYTHONPATH=/home/jsmoon/yax_jeju/build/my_custom_pkg/prefix_override:/usr/lib/python3/dist-packages/colcon_core/task/python/colcon_distutils_commands:/home/jsmoon/yax_jeju/install/my_custom_pkg/lib/python3.10/site-packages:/home/jsmoon/yax_jeju/build/serial_communication_pkg:/home/jsmoon/yax_jeju/install/serial_communication_pkg/lib/python3.10/site-packages:/home/jsmoon/yax_jeju/build/decision_making_pkg:/home/jsmoon/yax_jeju/install/decision_making_pkg/lib/python3.10/site-packages:/home/jsmoon/yax_jeju/build/camera_perception_pkg:/home/jsmoon/yax_jeju/install/camera_perception_pkg/lib/python3.10/site-packages:/home/jsmoon/yax_jeju/build/my_custom_pkg:/home/jsmoon/yax_jeju/install/my_custom_pkg/lib/python3.10/site-packages:/home/jsmoon/yax_jeju/install/ublox_msgs/local/lib/python3.10/dist-packages:/home/jsmoon/yax_jeju/install/rtcm_msgs/local/lib/python3.10/dist-packages:/home/jsmoon/yax_jeju/build/ntrip_client/src:/home/jsmoon/yax_jeju/install/ntrip_client/lib/python3.10/site-packages:/home/jsmoon/yax_jeju/build/lidar_perception_pkg:/home/jsmoon/yax_jeju/install/lidar_perception_pkg/lib/python3.10/site-packages:/home/jsmoon/yax_jeju/build/latlong_utm:/home/jsmoon/yax_jeju/install/latlong_utm/lib/python3.10/site-packages:/home/jsmoon/yax_jeju/install/interfaces_pkg/local/lib/python3.10/dist-packages:/home/jsmoon/yax_jeju/build/debug_pkg:/home/jsmoon/yax_jeju/install/debug_pkg/lib/python3.10/site-packages:/opt/ros/humble/lib/python3.10/site-packages:/opt/ros/humble/local/lib/python3.10/dist-packages /usr/bin/python3 -W ignore:setup.py install is deprecated -W ignore:easy_install command is deprecated setup.py develop --editable --build-directory /home/jsmoon/yax_jeju/build/my_custom_pkg/build --no-deps symlink_data
[4.432s] colcon.colcon_core.shell Level 1 create_environment_hook('my_custom_pkg', 'pythonpath_develop')
[4.433s] colcon.colcon_core.shell INFO Creating environment hook '/home/jsmoon/yax_jeju/build/my_custom_pkg/share/my_custom_pkg/hook/pythonpath_develop.ps1'
[4.433s] colcon.colcon_core.event_handler.log_command DEBUG Invoked command in '/home/jsmoon/yax_jeju/build/my_custom_pkg' returned '0': AMENT_PREFIX_PATH=/home/jsmoon/yax_jeju/install/serial_communication_pkg:/home/jsmoon/yax_jeju/install/decision_making_pkg:/home/jsmoon/yax_jeju/install/camera_perception_pkg:/home/jsmoon/yax_jeju/install/launch_pkg:/home/jsmoon/yax_jeju/install/my_custom_pkg:/home/jsmoon/yax_jeju/install/ydlidar_ros2_driver:/home/jsmoon/yax_jeju/install/ublox:/home/jsmoon/yax_jeju/install/ublox_gps:/home/jsmoon/yax_jeju/install/fix2nmea:/home/jsmoon/yax_jeju/install/ublox_msgs:/home/jsmoon/yax_jeju/install/ublox_serialization:/home/jsmoon/yax_jeju/install/rtcm_msgs:/home/jsmoon/yax_jeju/install/ntrip_client:/home/jsmoon/yax_jeju/install/lidar_perception_pkg:/home/jsmoon/yax_jeju/install/latlong_utm:/home/jsmoon/yax_jeju/install/interfaces_pkg:/home/jsmoon/yax_jeju/install/debug_pkg:/home/jsmoon/ydlidar_ws/install/ydlidar_ros2_driver:/opt/ros/humble CMAKE_PREFIX_PATH=/home/jsmoon/yax_jeju/install/ublox_gps:/home/jsmoon/yax_jeju/install/fix2nmea:/home/jsmoon/yax_jeju/install/ublox_msgs:/home/jsmoon/yax_jeju/install/ydlidar_ros2_driver:/home/jsmoon/yax_jeju/install/ublox_serialization:/home/jsmoon/yax_jeju/install/rtcm_msgs:/home/jsmoon/yax_jeju/install/interfaces_pkg:/home/jsmoon/yax_jeju/install/launch_pkg:/home/jsmoon/yax_jeju/install/ublox:/home/jsmoon/ydlidar_ws/install/ydlidar_ros2_driver LD_LIBRARY_PATH=/home/jsmoon/yax_jeju/install/ublox_gps/lib:/home/jsmoon/yax_jeju/install/ublox_msgs/lib:/home/jsmoon/yax_jeju/install/rtcm_msgs/lib:/home/jsmoon/yax_jeju/install/interfaces_pkg/lib:/opt/ros/humble/opt/rviz_ogre_vendor/lib:/opt/ros/humble/lib/x86_64-linux-gnu:/opt/ros/humble/lib:/home/jsmoon/Desktop/JSMOON/MLCS/project1/Personalized-Adaptive-Cruise/external/acados/lib PYTHONPATH=/home/jsmoon/yax_jeju/build/my_custom_pkg/prefix_override:/usr/lib/python3/dist-packages/colcon_core/task/python/colcon_distutils_commands:/home/jsmoon/yax_jeju/install/my_custom_pkg/lib/python3.10/site-packages:/home/jsmoon/yax_jeju/build/serial_communication_pkg:/home/jsmoon/yax_jeju/install/serial_communication_pkg/lib/python3.10/site-packages:/home/jsmoon/yax_jeju/build/decision_making_pkg:/home/jsmoon/yax_jeju/install/decision_making_pkg/lib/python3.10/site-packages:/home/jsmoon/yax_jeju/build/camera_perception_pkg:/home/jsmoon/yax_jeju/install/camera_perception_pkg/lib/python3.10/site-packages:/home/jsmoon/yax_jeju/build/my_custom_pkg:/home/jsmoon/yax_jeju/install/my_custom_pkg/lib/python3.10/site-packages:/home/jsmoon/yax_jeju/install/ublox_msgs/local/lib/python3.10/dist-packages:/home/jsmoon/yax_jeju/install/rtcm_msgs/local/lib/python3.10/dist-packages:/home/jsmoon/yax_jeju/build/ntrip_client/src:/home/jsmoon/yax_jeju/install/ntrip_client/lib/python3.10/site-packages:/home/jsmoon/yax_jeju/build/lidar_perception_pkg:/home/jsmoon/yax_jeju/install/lidar_perception_pkg/lib/python3.10/site-packages:/home/jsmoon/yax_jeju/build/latlong_utm:/home/jsmoon/yax_jeju/install/latlong_utm/lib/python3.10/site-packages:/home/jsmoon/yax_jeju/install/interfaces_pkg/local/lib/python3.10/dist-packages:/home/jsmoon/yax_jeju/build/debug_pkg:/home/jsmoon/yax_jeju/install/debug_pkg/lib/python3.10/site-packages:/opt/ros/humble/lib/python3.10/site-packages:/opt/ros/humble/local/lib/python3.10/dist-packages /usr/bin/python3 -W ignore:setup.py install is deprecated -W ignore:easy_install command is deprecated setup.py develop --editable --build-directory /home/jsmoon/yax_jeju/build/my_custom_pkg/build --no-deps symlink_data
[4.434s] colcon.colcon_core.shell INFO Creating environment descriptor '/home/jsmoon/yax_jeju/build/my_custom_pkg/share/my_custom_pkg/hook/pythonpath_develop.dsv'
[4.434s] colcon.colcon_core.shell INFO Creating environment hook '/home/jsmoon/yax_jeju/build/my_custom_pkg/share/my_custom_pkg/hook/pythonpath_develop.sh'
[4.434s] colcon.colcon_core.environment Level 1 checking '/home/jsmoon/yax_jeju/install/my_custom_pkg' for CMake module files
[4.434s] colcon.colcon_core.environment Level 1 checking '/home/jsmoon/yax_jeju/install/my_custom_pkg' for CMake config files
[4.435s] colcon.colcon_core.environment Level 1 checking '/home/jsmoon/yax_jeju/install/my_custom_pkg/lib'
[4.435s] colcon.colcon_core.environment Level 1 checking '/home/jsmoon/yax_jeju/install/my_custom_pkg/bin'
[4.435s] colcon.colcon_core.environment Level 1 checking '/home/jsmoon/yax_jeju/install/my_custom_pkg/lib/pkgconfig/my_custom_pkg.pc'
[4.435s] colcon.colcon_core.environment Level 1 checking '/home/jsmoon/yax_jeju/install/my_custom_pkg/lib/python3.10/site-packages'
[4.435s] colcon.colcon_core.shell Level 1 create_environment_hook('my_custom_pkg', 'pythonpath')
[4.435s] colcon.colcon_core.shell INFO Creating environment hook '/home/jsmoon/yax_jeju/install/my_custom_pkg/share/my_custom_pkg/hook/pythonpath.ps1'
[4.436s] colcon.colcon_core.shell INFO Creating environment descriptor '/home/jsmoon/yax_jeju/install/my_custom_pkg/share/my_custom_pkg/hook/pythonpath.dsv'
[4.436s] colcon.colcon_core.shell INFO Creating environment hook '/home/jsmoon/yax_jeju/install/my_custom_pkg/share/my_custom_pkg/hook/pythonpath.sh'
[4.436s] colcon.colcon_core.environment Level 1 checking '/home/jsmoon/yax_jeju/install/my_custom_pkg/bin'
[4.436s] colcon.colcon_core.environment Level 1 create_environment_scripts_only(my_custom_pkg)
[4.436s] colcon.colcon_core.shell INFO Creating package script '/home/jsmoon/yax_jeju/install/my_custom_pkg/share/my_custom_pkg/package.ps1'
[4.437s] colcon.colcon_core.shell INFO Creating package descriptor '/home/jsmoon/yax_jeju/install/my_custom_pkg/share/my_custom_pkg/package.dsv'
[4.437s] colcon.colcon_core.shell INFO Creating package script '/home/jsmoon/yax_jeju/install/my_custom_pkg/share/my_custom_pkg/package.sh'
[4.437s] colcon.colcon_core.shell INFO Creating package script '/home/jsmoon/yax_jeju/install/my_custom_pkg/share/my_custom_pkg/package.bash'
[4.437s] colcon.colcon_core.shell INFO Creating package script '/home/jsmoon/yax_jeju/install/my_custom_pkg/share/my_custom_pkg/package.zsh'
[4.438s] colcon.colcon_core.environment Level 1 create_file_with_runtime_dependencies(/home/jsmoon/yax_jeju/install/my_custom_pkg/share/colcon-core/packages/my_custom_pkg)
[4.438s] colcon.colcon_ros.task.ament_cmake.build INFO Building ROS package in '/home/jsmoon/yax_jeju/src/launch_pkg' with build type 'ament_cmake'
[4.438s] colcon.colcon_cmake.task.cmake.build INFO Building CMake package in '/home/jsmoon/yax_jeju/src/launch_pkg'
[4.438s] colcon.colcon_core.shell INFO Skip shell extension 'powershell' for command environment: Not usable outside of PowerShell
[4.438s] colcon.colcon_core.shell DEBUG Skip shell extension 'dsv' for command environment
[4.469s] colcon.colcon_core.event_handler.log_command DEBUG Invoking command in '/home/jsmoon/yax_jeju/build/launch_pkg': AMENT_PREFIX_PATH=/home/jsmoon/yax_jeju/install/my_custom_pkg:/home/jsmoon/yax_jeju/install/serial_communication_pkg:/home/jsmoon/yax_jeju/install/ntrip_client:/home/jsmoon/yax_jeju/install/lidar_perception_pkg:/home/jsmoon/yax_jeju/install/decision_making_pkg:/home/jsmoon/yax_jeju/install/camera_perception_pkg:/home/jsmoon/yax_jeju/install/launch_pkg:/home/jsmoon/yax_jeju/install/ydlidar_ros2_driver:/home/jsmoon/yax_jeju/install/ublox:/home/jsmoon/yax_jeju/install/ublox_gps:/home/jsmoon/yax_jeju/install/fix2nmea:/home/jsmoon/yax_jeju/install/ublox_msgs:/home/jsmoon/yax_jeju/install/ublox_serialization:/home/jsmoon/yax_jeju/install/rtcm_msgs:/home/jsmoon/yax_jeju/install/latlong_utm:/home/jsmoon/yax_jeju/install/interfaces_pkg:/home/jsmoon/yax_jeju/install/debug_pkg:/home/jsmoon/ydlidar_ws/install/ydlidar_ros2_driver:/opt/ros/humble CMAKE_PREFIX_PATH=/home/jsmoon/yax_jeju/install/ublox_gps:/home/jsmoon/yax_jeju/install/fix2nmea:/home/jsmoon/yax_jeju/install/ublox_msgs:/home/jsmoon/yax_jeju/install/ydlidar_ros2_driver:/home/jsmoon/yax_jeju/install/ublox_serialization:/home/jsmoon/yax_jeju/install/rtcm_msgs:/home/jsmoon/yax_jeju/install/interfaces_pkg:/home/jsmoon/yax_jeju/install/launch_pkg:/home/jsmoon/yax_jeju/install/ublox:/home/jsmoon/ydlidar_ws/install/ydlidar_ros2_driver:/home/jsmoon/yax_jeju/install/my_custom_pkg:/home/jsmoon/yax_jeju/install/serial_communication_pkg:/home/jsmoon/yax_jeju/install/ntrip_client:/home/jsmoon/yax_jeju/install/lidar_perception_pkg:/home/jsmoon/yax_jeju/install/latlong_utm:/home/jsmoon/yax_jeju/install/decision_making_pkg:/home/jsmoon/yax_jeju/install/debug_pkg:/home/jsmoon/yax_jeju/install/camera_perception_pkg:/opt/ros/humble LD_LIBRARY_PATH=/home/jsmoon/yax_jeju/install/ublox_gps/lib:/home/jsmoon/yax_jeju/install/ublox_msgs/lib:/home/jsmoon/yax_jeju/install/rtcm_msgs/lib:/home/jsmoon/yax_jeju/install/interfaces_pkg/lib:/opt/ros/humble/opt/rviz_ogre_vendor/lib:/opt/ros/humble/lib/x86_64-linux-gnu:/opt/ros/humble/lib:/home/jsmoon/Desktop/JSMOON/MLCS/project1/Personalized-Adaptive-Cruise/external/acados/lib PYTHONPATH=/home/jsmoon/yax_jeju/build/my_custom_pkg:/home/jsmoon/yax_jeju/install/my_custom_pkg/lib/python3.10/site-packages:/home/jsmoon/yax_jeju/build/serial_communication_pkg:/home/jsmoon/yax_jeju/install/serial_communication_pkg/lib/python3.10/site-packages:/home/jsmoon/yax_jeju/build/ntrip_client/src:/home/jsmoon/yax_jeju/install/ntrip_client/lib/python3.10/site-packages:/home/jsmoon/yax_jeju/build/lidar_perception_pkg:/home/jsmoon/yax_jeju/install/lidar_perception_pkg/lib/python3.10/site-packages:/home/jsmoon/yax_jeju/build/decision_making_pkg:/home/jsmoon/yax_jeju/install/decision_making_pkg/lib/python3.10/site-packages:/home/jsmoon/yax_jeju/build/camera_perception_pkg:/home/jsmoon/yax_jeju/install/camera_perception_pkg/lib/python3.10/site-packages:/home/jsmoon/yax_jeju/install/ublox_msgs/local/lib/python3.10/dist-packages:/home/jsmoon/yax_jeju/install/rtcm_msgs/local/lib/python3.10/dist-packages:/home/jsmoon/yax_jeju/build/latlong_utm:/home/jsmoon/yax_jeju/install/latlong_utm/lib/python3.10/site-packages:/home/jsmoon/yax_jeju/install/interfaces_pkg/local/lib/python3.10/dist-packages:/home/jsmoon/yax_jeju/build/debug_pkg:/home/jsmoon/yax_jeju/install/debug_pkg/lib/python3.10/site-packages:/opt/ros/humble/lib/python3.10/site-packages:/opt/ros/humble/local/lib/python3.10/dist-packages /usr/bin/cmake --build /home/jsmoon/yax_jeju/build/launch_pkg -- -j16 -l16
[4.506s] colcon.colcon_core.event_handler.log_command DEBUG Invoked command in '/home/jsmoon/yax_jeju/build/launch_pkg' returned '0': AMENT_PREFIX_PATH=/home/jsmoon/yax_jeju/install/my_custom_pkg:/home/jsmoon/yax_jeju/install/serial_communication_pkg:/home/jsmoon/yax_jeju/install/ntrip_client:/home/jsmoon/yax_jeju/install/lidar_perception_pkg:/home/jsmoon/yax_jeju/install/decision_making_pkg:/home/jsmoon/yax_jeju/install/camera_perception_pkg:/home/jsmoon/yax_jeju/install/launch_pkg:/home/jsmoon/yax_jeju/install/ydlidar_ros2_driver:/home/jsmoon/yax_jeju/install/ublox:/home/jsmoon/yax_jeju/install/ublox_gps:/home/jsmoon/yax_jeju/install/fix2nmea:/home/jsmoon/yax_jeju/install/ublox_msgs:/home/jsmoon/yax_jeju/install/ublox_serialization:/home/jsmoon/yax_jeju/install/rtcm_msgs:/home/jsmoon/yax_jeju/install/latlong_utm:/home/jsmoon/yax_jeju/install/interfaces_pkg:/home/jsmoon/yax_jeju/install/debug_pkg:/home/jsmoon/ydlidar_ws/install/ydlidar_ros2_driver:/opt/ros/humble CMAKE_PREFIX_PATH=/home/jsmoon/yax_jeju/install/ublox_gps:/home/jsmoon/yax_jeju/install/fix2nmea:/home/jsmoon/yax_jeju/install/ublox_msgs:/home/jsmoon/yax_jeju/install/ydlidar_ros2_driver:/home/jsmoon/yax_jeju/install/ublox_serialization:/home/jsmoon/yax_jeju/install/rtcm_msgs:/home/jsmoon/yax_jeju/install/interfaces_pkg:/home/jsmoon/yax_jeju/install/launch_pkg:/home/jsmoon/yax_jeju/install/ublox:/home/jsmoon/ydlidar_ws/install/ydlidar_ros2_driver:/home/jsmoon/yax_jeju/install/my_custom_pkg:/home/jsmoon/yax_jeju/install/serial_communication_pkg:/home/jsmoon/yax_jeju/install/ntrip_client:/home/jsmoon/yax_jeju/install/lidar_perception_pkg:/home/jsmoon/yax_jeju/install/latlong_utm:/home/jsmoon/yax_jeju/install/decision_making_pkg:/home/jsmoon/yax_jeju/install/debug_pkg:/home/jsmoon/yax_jeju/install/camera_perception_pkg:/opt/ros/humble LD_LIBRARY_PATH=/home/jsmoon/yax_jeju/install/ublox_gps/lib:/home/jsmoon/yax_jeju/install/ublox_msgs/lib:/home/jsmoon/yax_jeju/install/rtcm_msgs/lib:/home/jsmoon/yax_jeju/install/interfaces_pkg/lib:/opt/ros/humble/opt/rviz_ogre_vendor/lib:/opt/ros/humble/lib/x86_64-linux-gnu:/opt/ros/humble/lib:/home/jsmoon/Desktop/JSMOON/MLCS/project1/Personalized-Adaptive-Cruise/external/acados/lib PYTHONPATH=/home/jsmoon/yax_jeju/build/my_custom_pkg:/home/jsmoon/yax_jeju/install/my_custom_pkg/lib/python3.10/site-packages:/home/jsmoon/yax_jeju/build/serial_communication_pkg:/home/jsmoon/yax_jeju/install/serial_communication_pkg/lib/python3.10/site-packages:/home/jsmoon/yax_jeju/build/ntrip_client/src:/home/jsmoon/yax_jeju/install/ntrip_client/lib/python3.10/site-packages:/home/jsmoon/yax_jeju/build/lidar_perception_pkg:/home/jsmoon/yax_jeju/install/lidar_perception_pkg/lib/python3.10/site-packages:/home/jsmoon/yax_jeju/build/decision_making_pkg:/home/jsmoon/yax_jeju/install/decision_making_pkg/lib/python3.10/site-packages:/home/jsmoon/yax_jeju/build/camera_perception_pkg:/home/jsmoon/yax_jeju/install/camera_perception_pkg/lib/python3.10/site-packages:/home/jsmoon/yax_jeju/install/ublox_msgs/local/lib/python3.10/dist-packages:/home/jsmoon/yax_jeju/install/rtcm_msgs/local/lib/python3.10/dist-packages:/home/jsmoon/yax_jeju/build/latlong_utm:/home/jsmoon/yax_jeju/install/latlong_utm/lib/python3.10/site-packages:/home/jsmoon/yax_jeju/install/interfaces_pkg/local/lib/python3.10/dist-packages:/home/jsmoon/yax_jeju/build/debug_pkg:/home/jsmoon/yax_jeju/install/debug_pkg/lib/python3.10/site-packages:/opt/ros/humble/lib/python3.10/site-packages:/opt/ros/humble/local/lib/python3.10/dist-packages /usr/bin/cmake --build /home/jsmoon/yax_jeju/build/launch_pkg -- -j16 -l16
[4.507s] colcon.colcon_core.event_handler.log_command DEBUG Invoking command in '/home/jsmoon/yax_jeju/build/launch_pkg': AMENT_PREFIX_PATH=/home/jsmoon/yax_jeju/install/my_custom_pkg:/home/jsmoon/yax_jeju/install/serial_communication_pkg:/home/jsmoon/yax_jeju/install/ntrip_client:/home/jsmoon/yax_jeju/install/lidar_perception_pkg:/home/jsmoon/yax_jeju/install/decision_making_pkg:/home/jsmoon/yax_jeju/install/camera_perception_pkg:/home/jsmoon/yax_jeju/install/launch_pkg:/home/jsmoon/yax_jeju/install/ydlidar_ros2_driver:/home/jsmoon/yax_jeju/install/ublox:/home/jsmoon/yax_jeju/install/ublox_gps:/home/jsmoon/yax_jeju/install/fix2nmea:/home/jsmoon/yax_jeju/install/ublox_msgs:/home/jsmoon/yax_jeju/install/ublox_serialization:/home/jsmoon/yax_jeju/install/rtcm_msgs:/home/jsmoon/yax_jeju/install/latlong_utm:/home/jsmoon/yax_jeju/install/interfaces_pkg:/home/jsmoon/yax_jeju/install/debug_pkg:/home/jsmoon/ydlidar_ws/install/ydlidar_ros2_driver:/opt/ros/humble CMAKE_PREFIX_PATH=/home/jsmoon/yax_jeju/install/ublox_gps:/home/jsmoon/yax_jeju/install/fix2nmea:/home/jsmoon/yax_jeju/install/ublox_msgs:/home/jsmoon/yax_jeju/install/ydlidar_ros2_driver:/home/jsmoon/yax_jeju/install/ublox_serialization:/home/jsmoon/yax_jeju/install/rtcm_msgs:/home/jsmoon/yax_jeju/install/interfaces_pkg:/home/jsmoon/yax_jeju/install/launch_pkg:/home/jsmoon/yax_jeju/install/ublox:/home/jsmoon/ydlidar_ws/install/ydlidar_ros2_driver:/home/jsmoon/yax_jeju/install/my_custom_pkg:/home/jsmoon/yax_jeju/install/serial_communication_pkg:/home/jsmoon/yax_jeju/install/ntrip_client:/home/jsmoon/yax_jeju/install/lidar_perception_pkg:/home/jsmoon/yax_jeju/install/latlong_utm:/home/jsmoon/yax_jeju/install/decision_making_pkg:/home/jsmoon/yax_jeju/install/debug_pkg:/home/jsmoon/yax_jeju/install/camera_perception_pkg:/opt/ros/humble LD_LIBRARY_PATH=/home/jsmoon/yax_jeju/install/ublox_gps/lib:/home/jsmoon/yax_jeju/install/ublox_msgs/lib:/home/jsmoon/yax_jeju/install/rtcm_msgs/lib:/home/jsmoon/yax_jeju/install/interfaces_pkg/lib:/opt/ros/humble/opt/rviz_ogre_vendor/lib:/opt/ros/humble/lib/x86_64-linux-gnu:/opt/ros/humble/lib:/home/jsmoon/Desktop/JSMOON/MLCS/project1/Personalized-Adaptive-Cruise/external/acados/lib PYTHONPATH=/home/jsmoon/yax_jeju/build/my_custom_pkg:/home/jsmoon/yax_jeju/install/my_custom_pkg/lib/python3.10/site-packages:/home/jsmoon/yax_jeju/build/serial_communication_pkg:/home/jsmoon/yax_jeju/install/serial_communication_pkg/lib/python3.10/site-packages:/home/jsmoon/yax_jeju/build/ntrip_client/src:/home/jsmoon/yax_jeju/install/ntrip_client/lib/python3.10/site-packages:/home/jsmoon/yax_jeju/build/lidar_perception_pkg:/home/jsmoon/yax_jeju/install/lidar_perception_pkg/lib/python3.10/site-packages:/home/jsmoon/yax_jeju/build/decision_making_pkg:/home/jsmoon/yax_jeju/install/decision_making_pkg/lib/python3.10/site-packages:/home/jsmoon/yax_jeju/build/camera_perception_pkg:/home/jsmoon/yax_jeju/install/camera_perception_pkg/lib/python3.10/site-packages:/home/jsmoon/yax_jeju/install/ublox_msgs/local/lib/python3.10/dist-packages:/home/jsmoon/yax_jeju/install/rtcm_msgs/local/lib/python3.10/dist-packages:/home/jsmoon/yax_jeju/build/latlong_utm:/home/jsmoon/yax_jeju/install/latlong_utm/lib/python3.10/site-packages:/home/jsmoon/yax_jeju/install/interfaces_pkg/local/lib/python3.10/dist-packages:/home/jsmoon/yax_jeju/build/debug_pkg:/home/jsmoon/yax_jeju/install/debug_pkg/lib/python3.10/site-packages:/opt/ros/humble/lib/python3.10/site-packages:/opt/ros/humble/local/lib/python3.10/dist-packages /usr/bin/cmake --install /home/jsmoon/yax_jeju/build/launch_pkg
[4.527s] colcon.colcon_core.environment Level 1 create_environment_scripts_only(launch_pkg)
[4.528s] colcon.colcon_core.environment Level 1 checking '/home/jsmoon/yax_jeju/install/launch_pkg' for CMake module files
[4.528s] colcon.colcon_core.event_handler.log_command DEBUG Invoked command in '/home/jsmoon/yax_jeju/build/launch_pkg' returned '0': AMENT_PREFIX_PATH=/home/jsmoon/yax_jeju/install/my_custom_pkg:/home/jsmoon/yax_jeju/install/serial_communication_pkg:/home/jsmoon/yax_jeju/install/ntrip_client:/home/jsmoon/yax_jeju/install/lidar_perception_pkg:/home/jsmoon/yax_jeju/install/decision_making_pkg:/home/jsmoon/yax_jeju/install/camera_perception_pkg:/home/jsmoon/yax_jeju/install/launch_pkg:/home/jsmoon/yax_jeju/install/ydlidar_ros2_driver:/home/jsmoon/yax_jeju/install/ublox:/home/jsmoon/yax_jeju/install/ublox_gps:/home/jsmoon/yax_jeju/install/fix2nmea:/home/jsmoon/yax_jeju/install/ublox_msgs:/home/jsmoon/yax_jeju/install/ublox_serialization:/home/jsmoon/yax_jeju/install/rtcm_msgs:/home/jsmoon/yax_jeju/install/latlong_utm:/home/jsmoon/yax_jeju/install/interfaces_pkg:/home/jsmoon/yax_jeju/install/debug_pkg:/home/jsmoon/ydlidar_ws/install/ydlidar_ros2_driver:/opt/ros/humble CMAKE_PREFIX_PATH=/home/jsmoon/yax_jeju/install/ublox_gps:/home/jsmoon/yax_jeju/install/fix2nmea:/home/jsmoon/yax_jeju/install/ublox_msgs:/home/jsmoon/yax_jeju/install/ydlidar_ros2_driver:/home/jsmoon/yax_jeju/install/ublox_serialization:/home/jsmoon/yax_jeju/install/rtcm_msgs:/home/jsmoon/yax_jeju/install/interfaces_pkg:/home/jsmoon/yax_jeju/install/launch_pkg:/home/jsmoon/yax_jeju/install/ublox:/home/jsmoon/ydlidar_ws/install/ydlidar_ros2_driver:/home/jsmoon/yax_jeju/install/my_custom_pkg:/home/jsmoon/yax_jeju/install/serial_communication_pkg:/home/jsmoon/yax_jeju/install/ntrip_client:/home/jsmoon/yax_jeju/install/lidar_perception_pkg:/home/jsmoon/yax_jeju/install/latlong_utm:/home/jsmoon/yax_jeju/install/decision_making_pkg:/home/jsmoon/yax_jeju/install/debug_pkg:/home/jsmoon/yax_jeju/install/camera_perception_pkg:/opt/ros/humble LD_LIBRARY_PATH=/home/jsmoon/yax_jeju/install/ublox_gps/lib:/home/jsmoon/yax_jeju/install/ublox_msgs/lib:/home/jsmoon/yax_jeju/install/rtcm_msgs/lib:/home/jsmoon/yax_jeju/install/interfaces_pkg/lib:/opt/ros/humble/opt/rviz_ogre_vendor/lib:/opt/ros/humble/lib/x86_64-linux-gnu:/opt/ros/humble/lib:/home/jsmoon/Desktop/JSMOON/MLCS/project1/Personalized-Adaptive-Cruise/external/acados/lib PYTHONPATH=/home/jsmoon/yax_jeju/build/my_custom_pkg:/home/jsmoon/yax_jeju/install/my_custom_pkg/lib/python3.10/site-packages:/home/jsmoon/yax_jeju/build/serial_communication_pkg:/home/jsmoon/yax_jeju/install/serial_communication_pkg/lib/python3.10/site-packages:/home/jsmoon/yax_jeju/build/ntrip_client/src:/home/jsmoon/yax_jeju/install/ntrip_client/lib/python3.10/site-packages:/home/jsmoon/yax_jeju/build/lidar_perception_pkg:/home/jsmoon/yax_jeju/install/lidar_perception_pkg/lib/python3.10/site-packages:/home/jsmoon/yax_jeju/build/decision_making_pkg:/home/jsmoon/yax_jeju/install/decision_making_pkg/lib/python3.10/site-packages:/home/jsmoon/yax_jeju/build/camera_perception_pkg:/home/jsmoon/yax_jeju/install/camera_perception_pkg/lib/python3.10/site-packages:/home/jsmoon/yax_jeju/install/ublox_msgs/local/lib/python3.10/dist-packages:/home/jsmoon/yax_jeju/install/rtcm_msgs/local/lib/python3.10/dist-packages:/home/jsmoon/yax_jeju/build/latlong_utm:/home/jsmoon/yax_jeju/install/latlong_utm/lib/python3.10/site-packages:/home/jsmoon/yax_jeju/install/interfaces_pkg/local/lib/python3.10/dist-packages:/home/jsmoon/yax_jeju/build/debug_pkg:/home/jsmoon/yax_jeju/install/debug_pkg/lib/python3.10/site-packages:/opt/ros/humble/lib/python3.10/site-packages:/opt/ros/humble/local/lib/python3.10/dist-packages /usr/bin/cmake --install /home/jsmoon/yax_jeju/build/launch_pkg
[4.528s] colcon.colcon_core.environment Level 1 checking '/home/jsmoon/yax_jeju/install/launch_pkg' for CMake config files
[4.529s] colcon.colcon_core.shell Level 1 create_environment_hook('launch_pkg', 'cmake_prefix_path')
[4.529s] colcon.colcon_core.shell INFO Creating environment hook '/home/jsmoon/yax_jeju/install/launch_pkg/share/launch_pkg/hook/cmake_prefix_path.ps1'
[4.529s] colcon.colcon_core.shell INFO Creating environment descriptor '/home/jsmoon/yax_jeju/install/launch_pkg/share/launch_pkg/hook/cmake_prefix_path.dsv'
[4.529s] colcon.colcon_core.shell INFO Creating environment hook '/home/jsmoon/yax_jeju/install/launch_pkg/share/launch_pkg/hook/cmake_prefix_path.sh'
[4.530s] colcon.colcon_core.environment Level 1 checking '/home/jsmoon/yax_jeju/install/launch_pkg/bin'
[4.530s] colcon.colcon_core.environment Level 1 checking '/home/jsmoon/yax_jeju/install/launch_pkg/lib/pkgconfig/launch_pkg.pc'
[4.530s] colcon.colcon_core.environment Level 1 checking '/home/jsmoon/yax_jeju/install/launch_pkg/lib/python3.10/site-packages'
[4.530s] colcon.colcon_core.environment Level 1 checking '/home/jsmoon/yax_jeju/install/launch_pkg/bin'
[4.530s] colcon.colcon_core.shell INFO Creating package script '/home/jsmoon/yax_jeju/install/launch_pkg/share/launch_pkg/package.ps1'
[4.530s] colcon.colcon_core.shell INFO Creating package descriptor '/home/jsmoon/yax_jeju/install/launch_pkg/share/launch_pkg/package.dsv'
[4.531s] colcon.colcon_core.shell INFO Creating package script '/home/jsmoon/yax_jeju/install/launch_pkg/share/launch_pkg/package.sh'
[4.531s] colcon.colcon_core.shell INFO Creating package script '/home/jsmoon/yax_jeju/install/launch_pkg/share/launch_pkg/package.bash'
[4.531s] colcon.colcon_core.shell INFO Creating package script '/home/jsmoon/yax_jeju/install/launch_pkg/share/launch_pkg/package.zsh'
[4.531s] colcon.colcon_core.environment Level 1 create_file_with_runtime_dependencies(/home/jsmoon/yax_jeju/install/launch_pkg/share/colcon-core/packages/launch_pkg)
[4.532s] colcon.colcon_core.environment Level 1 create_environment_scripts_only(launch_pkg)
[4.532s] colcon.colcon_core.environment Level 1 checking '/home/jsmoon/yax_jeju/install/launch_pkg' for CMake module files
[4.532s] colcon.colcon_core.environment Level 1 checking '/home/jsmoon/yax_jeju/install/launch_pkg' for CMake config files
[4.532s] colcon.colcon_core.shell Level 1 create_environment_hook('launch_pkg', 'cmake_prefix_path')
[4.532s] colcon.colcon_core.shell INFO Creating environment hook '/home/jsmoon/yax_jeju/install/launch_pkg/share/launch_pkg/hook/cmake_prefix_path.ps1'
[4.533s] colcon.colcon_core.shell INFO Creating environment descriptor '/home/jsmoon/yax_jeju/install/launch_pkg/share/launch_pkg/hook/cmake_prefix_path.dsv'
[4.533s] colcon.colcon_core.shell INFO Creating environment hook '/home/jsmoon/yax_jeju/install/launch_pkg/share/launch_pkg/hook/cmake_prefix_path.sh'
[4.533s] colcon.colcon_core.environment Level 1 checking '/home/jsmoon/yax_jeju/install/launch_pkg/bin'
[4.533s] colcon.colcon_core.environment Level 1 checking '/home/jsmoon/yax_jeju/install/launch_pkg/lib/pkgconfig/launch_pkg.pc'
[4.533s] colcon.colcon_core.environment Level 1 checking '/home/jsmoon/yax_jeju/install/launch_pkg/lib/python3.10/site-packages'
[4.534s] colcon.colcon_core.environment Level 1 checking '/home/jsmoon/yax_jeju/install/launch_pkg/bin'
[4.534s] colcon.colcon_core.shell INFO Creating package script '/home/jsmoon/yax_jeju/install/launch_pkg/share/launch_pkg/package.ps1'
[4.534s] colcon.colcon_core.shell INFO Creating package descriptor '/home/jsmoon/yax_jeju/install/launch_pkg/share/launch_pkg/package.dsv'
[4.534s] colcon.colcon_core.shell INFO Creating package script '/home/jsmoon/yax_jeju/install/launch_pkg/share/launch_pkg/package.sh'
[4.534s] colcon.colcon_core.shell INFO Creating package script '/home/jsmoon/yax_jeju/install/launch_pkg/share/launch_pkg/package.bash'
[4.535s] colcon.colcon_core.shell INFO Creating package script '/home/jsmoon/yax_jeju/install/launch_pkg/share/launch_pkg/package.zsh'
[4.535s] colcon.colcon_core.environment Level 1 create_file_with_runtime_dependencies(/home/jsmoon/yax_jeju/install/launch_pkg/share/colcon-core/packages/launch_pkg)
[4.535s] colcon.colcon_parallel_executor.executor.parallel DEBUG closing loop
[4.535s] colcon.colcon_parallel_executor.executor.parallel DEBUG loop closed
[4.535s] colcon.colcon_parallel_executor.executor.parallel DEBUG run_until_complete finished with '0'
[4.535s] colcon.colcon_core.event_reactor DEBUG joining thread
[4.540s] colcon.colcon_core.plugin_system INFO Skipping extension 'colcon_notification.desktop_notification.terminal_notifier': Not used on non-Darwin systems
[4.540s] colcon.colcon_core.plugin_system INFO Skipping extension 'colcon_notification.desktop_notification.win32': Not used on non-Windows systems
[4.540s] colcon.colcon_notification.desktop_notification INFO Sending desktop notification using 'notify2'
[4.550s] colcon.colcon_core.event_reactor DEBUG joined thread
[4.551s] colcon.colcon_core.shell INFO Creating prefix script '/home/jsmoon/yax_jeju/install/local_setup.ps1'
[4.552s] colcon.colcon_core.shell INFO Creating prefix util module '/home/jsmoon/yax_jeju/install/_local_setup_util_ps1.py'
[4.554s] colcon.colcon_core.shell INFO Creating prefix chain script '/home/jsmoon/yax_jeju/install/setup.ps1'
[4.556s] colcon.colcon_core.shell INFO Creating prefix script '/home/jsmoon/yax_jeju/install/local_setup.sh'
[4.556s] colcon.colcon_core.shell INFO Creating prefix util module '/home/jsmoon/yax_jeju/install/_local_setup_util_sh.py'
[4.557s] colcon.colcon_core.shell INFO Creating prefix chain script '/home/jsmoon/yax_jeju/install/setup.sh'
[4.558s] colcon.colcon_core.shell INFO Creating prefix script '/home/jsmoon/yax_jeju/install/local_setup.bash'
[4.559s] colcon.colcon_core.shell INFO Creating prefix chain script '/home/jsmoon/yax_jeju/install/setup.bash'
[4.560s] colcon.colcon_core.shell INFO Creating prefix script '/home/jsmoon/yax_jeju/install/local_setup.zsh'
[4.560s] colcon.colcon_core.shell INFO Creating prefix chain script '/home/jsmoon/yax_jeju/install/setup.zsh'
